solid OpenSCAD_Model
  facet normal 0 0 1
    outer loop
      vertex -48 0.2999999999999998 3
      vertex -36.66969600663891 -17.383210818105248 3
      vertex -36.50799818519531 -17.325354412468634 3
    endloop
  endfacet
  facet normal 0 0 1
    outer loop
      vertex -48 0.2999999999999998 3
      vertex -36.50799818519531 -17.325354412468634 3
      vertex -36.34140806352823 -17.283625759294345 3
    endloop
  endfacet
  facet normal 0 0 1
    outer loop
      vertex -48 0.2999999999999998 3
      vertex -36.34140806352823 -17.283625759294345 3
      vertex -36.17152999557673 -17.258426728323656 3
    endloop
  endfacet
  facet normal 0 0 1
    outer loop
      vertex -48 0.2999999999999998 3
      vertex -36.17152999557673 -17.258426728323656 3
      vertex -36 -17.25 3
    endloop
  endfacet
  facet normal 0 0 1
    outer loop
      vertex -48 0.2999999999999998 3
      vertex -36 -17.25 3
      vertex -35.82847000442327 -17.258426728323656 3
    endloop
  endfacet
  facet normal 0 0 1
    outer loop
      vertex -48 0.2999999999999998 3
      vertex -35.82847000442327 -17.258426728323656 3
      vertex -35.65859193647177 -17.283625759294345 3
    endloop
  endfacet
  facet normal 0 0 1
    outer loop
      vertex -48 0.2999999999999998 3
      vertex -35.65859193647177 -17.283625759294345 3
      vertex -35.49200181480469 -17.325354412468634 3
    endloop
  endfacet
  facet normal 0 0 1
    outer loop
      vertex -48 0.2999999999999998 3
      vertex -35.49200181480469 -17.325354412468634 3
      vertex -35.33030399336109 -17.383210818105248 3
    endloop
  endfacet
  facet normal 0 0 1
    outer loop
      vertex -48 0.2999999999999998 3
      vertex -37.54336221260962 -18.175055710554503 3
      vertex -37.45507182152945 -18.027752092215696 3
    endloop
  endfacet
  facet normal 0 0 1
    outer loop
      vertex -48 0.2999999999999998 3
      vertex -37.45507182152945 -18.027752092215696 3
      vertex -37.35276829338479 -17.88981175271362 3
    endloop
  endfacet
  facet normal 0 0 1
    outer loop
      vertex -48 0.2999999999999998 3
      vertex -37.23743686707646 -17.762563132923542 3
      vertex -37.11018824728638 -17.64723170661521 3
    endloop
  endfacet
  facet normal 0 0 1
    outer loop
      vertex -48 0.2999999999999998 3
      vertex -37.11018824728638 -17.64723170661521 3
      vertex -36.9722479077843 -17.544928178470546 3
    endloop
  endfacet
  facet normal 0 0 1
    outer loop
      vertex -48 0.2999999999999998 3
      vertex -36.9722479077843 -17.544928178470546 3
      vertex -36.8249442894455 -17.456637787390378 3
    endloop
  endfacet
  facet normal 0 0 1
    outer loop
      vertex -48 0.2999999999999998 3
      vertex -37.35276829338479 -17.88981175271362 3
      vertex -37.23743686707646 -17.762563132923542 3
    endloop
  endfacet
  facet normal 0 0 1
    outer loop
      vertex -48 0.2999999999999998 3
      vertex -37.674645587531366 -18.49200181480469 3
      vertex -37.61678918189475 -18.330303993361092 3
    endloop
  endfacet
  facet normal 0 0 1
    outer loop
      vertex -48 0.2999999999999998 3
      vertex -37.61678918189475 -18.330303993361092 3
      vertex -37.54336221260962 -18.175055710554503 3
    endloop
  endfacet
  facet normal 0 0 1
    outer loop
      vertex -48 0.2999999999999998 3
      vertex -37.716374240705655 -18.658591936471776 3
      vertex -37.674645587531366 -18.49200181480469 3
    endloop
  endfacet
  facet normal 0 0 1
    outer loop
      vertex -48 0.2999999999999998 3
      vertex -37.741573271676344 -18.82847000442327 3
      vertex -37.716374240705655 -18.658591936471776 3
    endloop
  endfacet
  facet normal 0 0 1
    outer loop
      vertex -48 0.2999999999999998 3
      vertex -37.75 -19 3
      vertex -37.741573271676344 -18.82847000442327 3
    endloop
  endfacet
  facet normal 0 0 1
    outer loop
      vertex -48 0.2999999999999998 3
      vertex -36.8249442894455 -17.456637787390378 3
      vertex -36.66969600663891 -17.383210818105248 3
    endloop
  endfacet
  facet normal 0 0 1
    outer loop
      vertex -48 0.2999999999999998 3
      vertex -35.33030399336109 -17.383210818105248 3
      vertex -35.1750557105545 -17.456637787390378 3
    endloop
  endfacet
  facet normal 0 0 1
    outer loop
      vertex -48 0.2999999999999998 3
      vertex -35.1750557105545 -17.456637787390378 3
      vertex -35.0277520922157 -17.544928178470546 3
    endloop
  endfacet
  facet normal 0 0 1
    outer loop
      vertex -48 0.2999999999999998 3
      vertex -35.0277520922157 -17.544928178470546 3
      vertex -34.88981175271362 -17.64723170661521 3
    endloop
  endfacet
  facet normal 0 0 1
    outer loop
      vertex -48 0.2999999999999998 3
      vertex -34.88981175271362 -17.64723170661521 3
      vertex -34.76256313292354 -17.762563132923542 3
    endloop
  endfacet
  facet normal 0 0 1
    outer loop
      vertex -48 0.2999999999999998 3
      vertex -34.76256313292354 -17.762563132923542 3
      vertex -34.64723170661521 -17.88981175271362 3
    endloop
  endfacet
  facet normal 0 0 1
    outer loop
      vertex -48 0.2999999999999998 3
      vertex -34.64723170661521 -17.88981175271362 3
      vertex -34.54492817847055 -18.027752092215696 3
    endloop
  endfacet
  facet normal 0 0 1
    outer loop
      vertex -48 0.2999999999999998 3
      vertex -12.669696006638906 -17.383210818105248 3
      vertex -12.507998185195309 -17.325354412468634 3
    endloop
  endfacet
  facet normal 0 0 1
    outer loop
      vertex -48 0.2999999999999998 3
      vertex -12.507998185195309 -17.325354412468634 3
      vertex -12.341408063528224 -17.283625759294345 3
    endloop
  endfacet
  facet normal 0 0 1
    outer loop
      vertex -48 0.2999999999999998 3
      vertex -12.341408063528224 -17.283625759294345 3
      vertex -12.171529995576732 -17.258426728323656 3
    endloop
  endfacet
  facet normal 0 0 1
    outer loop
      vertex -48 0.2999999999999998 3
      vertex -12.171529995576732 -17.258426728323656 3
      vertex -12 -17.25 3
    endloop
  endfacet
  facet normal 0 0 1
    outer loop
      vertex -48 0.2999999999999998 3
      vertex -13.237436867076458 -17.762563132923542 3
      vertex -13.110188247286379 -17.64723170661521 3
    endloop
  endfacet
  facet normal 0 0 1
    outer loop
      vertex -48 0.2999999999999998 3
      vertex -13.54336221260962 -18.175055710554503 3
      vertex -13.455071821529454 -18.027752092215696 3
    endloop
  endfacet
  facet normal 0 0 1
    outer loop
      vertex -48 0.2999999999999998 3
      vertex -13.35276829338479 -17.88981175271362 3
      vertex -13.237436867076458 -17.762563132923542 3
    endloop
  endfacet
  facet normal 0 0 1
    outer loop
      vertex -48 0.2999999999999998 3
      vertex -13.455071821529454 -18.027752092215696 3
      vertex -13.35276829338479 -17.88981175271362 3
    endloop
  endfacet
  facet normal 0 0 1
    outer loop
      vertex -48 0.2999999999999998 3
      vertex -13.716374240705653 -18.658591936471776 3
      vertex -13.674645587531366 -18.49200181480469 3
    endloop
  endfacet
  facet normal 0 0 1
    outer loop
      vertex -48 0.2999999999999998 3
      vertex -13.741573271676344 -18.82847000442327 3
      vertex -13.716374240705653 -18.658591936471776 3
    endloop
  endfacet
  facet normal 0 0 1
    outer loop
      vertex -48 0.2999999999999998 3
      vertex -13.616789181894752 -18.330303993361092 3
      vertex -13.54336221260962 -18.175055710554503 3
    endloop
  endfacet
  facet normal 0 0 1
    outer loop
      vertex -48 0.2999999999999998 3
      vertex -13.674645587531366 -18.49200181480469 3
      vertex -13.616789181894752 -18.330303993361092 3
    endloop
  endfacet
  facet normal 0 0 1
    outer loop
      vertex -48 0.2999999999999998 3
      vertex -12.972247907784304 -17.544928178470546 3
      vertex -12.824944289445495 -17.456637787390378 3
    endloop
  endfacet
  facet normal 0 0 1
    outer loop
      vertex -48 0.2999999999999998 3
      vertex -13.110188247286379 -17.64723170661521 3
      vertex -12.972247907784304 -17.544928178470546 3
    endloop
  endfacet
  facet normal 0 0 1
    outer loop
      vertex -48 0.2999999999999998 3
      vertex -12.824944289445495 -17.456637787390378 3
      vertex -12.669696006638906 -17.383210818105248 3
    endloop
  endfacet
  facet normal 0 0 1
    outer loop
      vertex -48 0.2999999999999998 3
      vertex -13.75 -19 3
      vertex -13.741573271676344 -18.82847000442327 3
    endloop
  endfacet
  facet normal 0 0 1
    outer loop
      vertex -48 0.2999999999999998 3
      vertex -13.741573271676344 -19.17152999557673 3
      vertex -13.75 -19 3
    endloop
  endfacet
  facet normal 0 0 1
    outer loop
      vertex -48 0.2999999999999998 3
      vertex -13.716374240705653 -19.341408063528224 3
      vertex -13.741573271676344 -19.17152999557673 3
    endloop
  endfacet
  facet normal 0 0 1
    outer loop
      vertex -48 0.2999999999999998 3
      vertex -13.674645587531366 -19.50799818519531 3
      vertex -13.716374240705653 -19.341408063528224 3
    endloop
  endfacet
  facet normal 0 0 1
    outer loop
      vertex -48 0.2999999999999998 3
      vertex -13.616789181894752 -19.669696006638908 3
      vertex -13.674645587531366 -19.50799818519531 3
    endloop
  endfacet
  facet normal 0 0 1
    outer loop
      vertex -48 0.2999999999999998 3
      vertex -13.54336221260962 -19.824944289445497 3
      vertex -13.616789181894752 -19.669696006638908 3
    endloop
  endfacet
  facet normal 0 0 1
    outer loop
      vertex -48 0.2999999999999998 3
      vertex -13.455071821529454 -19.972247907784304 3
      vertex -13.54336221260962 -19.824944289445497 3
    endloop
  endfacet
  facet normal 0 0 1
    outer loop
      vertex -48 0.2999999999999998 3
      vertex -13.35276829338479 -20.11018824728638 3
      vertex -13.455071821529454 -19.972247907784304 3
    endloop
  endfacet
  facet normal 0 0 1
    outer loop
      vertex -48 0.2999999999999998 3
      vertex -13.237436867076458 -20.237436867076458 3
      vertex -13.35276829338479 -20.11018824728638 3
    endloop
  endfacet
  facet normal 0 0 1
    outer loop
      vertex -48 0.2999999999999998 3
      vertex -13.110188247286379 -20.35276829338479 3
      vertex -13.237436867076458 -20.237436867076458 3
    endloop
  endfacet
  facet normal -1 0 0
    outer loop
      vertex -48 0.2999999999999998 3
      vertex -48 0.3 0
      vertex -48 -29 0
    endloop
  endfacet
  facet normal 0 0 -1
    outer loop
      vertex -48 0.3 0
      vertex -37.12169999629259 -9.088959999382496 0
      vertex -37.12169999629259 -9.503959998488426 0
    endloop
  endfacet
  facet normal 0 0 -1
    outer loop
      vertex -48 0.3 0
      vertex -37.12169999629259 -9.503959998488426 0
      vertex -37.010499998927116 -11.828599996864796 0
    endloop
  endfacet
  facet normal 0 0 -1
    outer loop
      vertex -48 0.3 0
      vertex -34.72658000141382 -9.088959999382496 0
      vertex -37.12169999629259 -9.088959999382496 0
    endloop
  endfacet
  facet normal 0 0 -1
    outer loop
      vertex -48 0.3 0
      vertex -37.010499998927116 -11.828599996864796 0
      vertex -37.010499998927116 -12.289719998836517 0
    endloop
  endfacet
  facet normal 0 0 -1
    outer loop
      vertex -48 0.3 0
      vertex -37.010499998927116 -12.289719998836517 0
      vertex -35.1750557105545 -17.456637787390378 0
    endloop
  endfacet
  facet normal 0 0 -1
    outer loop
      vertex -48 0.3 0
      vertex -36.50799818519531 -17.325354412468634 0
      vertex -36.66969600663891 -17.383210818105248 0
    endloop
  endfacet
  facet normal 0 0 -1
    outer loop
      vertex -48 0.3 0
      vertex -36.34140806352823 -17.283625759294345 0
      vertex -36.50799818519531 -17.325354412468634 0
    endloop
  endfacet
  facet normal 0 0 -1
    outer loop
      vertex -48 0.3 0
      vertex -36.17152999557673 -17.258426728323656 0
      vertex -36.34140806352823 -17.283625759294345 0
    endloop
  endfacet
  facet normal 0 0 -1
    outer loop
      vertex -48 0.3 0
      vertex -36 -17.25 0
      vertex -36.17152999557673 -17.258426728323656 0
    endloop
  endfacet
  facet normal 0 0 -1
    outer loop
      vertex -48 0.3 0
      vertex -35.82847000442327 -17.258426728323656 0
      vertex -36 -17.25 0
    endloop
  endfacet
  facet normal 0 0 -1
    outer loop
      vertex -48 0.3 0
      vertex -35.65859193647177 -17.283625759294345 0
      vertex -35.82847000442327 -17.258426728323656 0
    endloop
  endfacet
  facet normal 0 0 -1
    outer loop
      vertex -48 0.3 0
      vertex -35.49200181480469 -17.325354412468634 0
      vertex -35.65859193647177 -17.283625759294345 0
    endloop
  endfacet
  facet normal 0 0 -1
    outer loop
      vertex -48 0.3 0
      vertex -35.33030399336109 -17.383210818105248 0
      vertex -35.49200181480469 -17.325354412468634 0
    endloop
  endfacet
  facet normal 0 0 -1
    outer loop
      vertex -48 0.3 0
      vertex -37.45507182152945 -18.027752092215696 0
      vertex -37.54336221260962 -18.175055710554503 0
    endloop
  endfacet
  facet normal 0 0 -1
    outer loop
      vertex -48 0.3 0
      vertex -37.35276829338479 -17.88981175271362 0
      vertex -37.45507182152945 -18.027752092215696 0
    endloop
  endfacet
  facet normal 0 0 -1
    outer loop
      vertex -48 0.3 0
      vertex -37.11018824728638 -17.64723170661521 0
      vertex -37.23743686707646 -17.762563132923542 0
    endloop
  endfacet
  facet normal 0 0 -1
    outer loop
      vertex -48 0.3 0
      vertex -36.9722479077843 -17.544928178470546 0
      vertex -37.11018824728638 -17.64723170661521 0
    endloop
  endfacet
  facet normal 0 0 -1
    outer loop
      vertex -48 0.3 0
      vertex -36.8249442894455 -17.456637787390378 0
      vertex -36.9722479077843 -17.544928178470546 0
    endloop
  endfacet
  facet normal 0 0 -1
    outer loop
      vertex -48 0.3 0
      vertex -37.23743686707646 -17.762563132923542 0
      vertex -37.35276829338479 -17.88981175271362 0
    endloop
  endfacet
  facet normal 0 0 -1
    outer loop
      vertex -48 0.3 0
      vertex -37.61678918189475 -18.330303993361092 0
      vertex -37.674645587531366 -18.49200181480469 0
    endloop
  endfacet
  facet normal 0 0 -1
    outer loop
      vertex -48 0.3 0
      vertex -37.54336221260962 -18.175055710554503 0
      vertex -37.61678918189475 -18.330303993361092 0
    endloop
  endfacet
  facet normal 0 0 -1
    outer loop
      vertex -48 0.3 0
      vertex -37.674645587531366 -18.49200181480469 0
      vertex -37.716374240705655 -18.658591936471776 0
    endloop
  endfacet
  facet normal 0 0 -1
    outer loop
      vertex -48 0.3 0
      vertex -37.716374240705655 -18.658591936471776 0
      vertex -37.741573271676344 -18.82847000442327 0
    endloop
  endfacet
  facet normal 0 0 -1
    outer loop
      vertex -48 0.3 0
      vertex -37.741573271676344 -18.82847000442327 0
      vertex -37.75 -19 0
    endloop
  endfacet
  facet normal 0 0 -1
    outer loop
      vertex -48 0.3 0
      vertex -36.66969600663891 -17.383210818105248 0
      vertex -36.8249442894455 -17.456637787390378 0
    endloop
  endfacet
  facet normal 0 0 -1
    outer loop
      vertex -48 0.3 0
      vertex -35.1750557105545 -17.456637787390378 0
      vertex -35.33030399336109 -17.383210818105248 0
    endloop
  endfacet
  facet normal 0 0 -1
    outer loop
      vertex -36.1479400023818 -9.503959998488426 0
      vertex -36.1479400023818 -12.444320000708103 0
      vertex -37.12169999629259 -9.503959998488426 0
    endloop
  endfacet
  facet normal 0 0 -1
    outer loop
      vertex -36.1479400023818 -12.444320000708103 0
      vertex -37.010499998927116 -11.828599996864796 0
      vertex -37.12169999629259 -9.503959998488426 0
    endloop
  endfacet
  facet normal 0 0 -1
    outer loop
      vertex -48 0.3 0
      vertex -13.2654599994421 -9.059519998729229 0
      vertex -34.72658000141382 -9.088959999382496 0
    endloop
  endfacet
  facet normal 0 0 -1
    outer loop
      vertex -34.72658000141382 -9.088959999382496 0
      vertex -13.2654599994421 -9.403999999165535 0
      vertex -34.72658000141382 -9.503959998488426 0
    endloop
  endfacet
  facet normal 0 0 -1
    outer loop
      vertex -48 0.3 0
      vertex -10.734700001776218 -9.059519998729229 0
      vertex -13.2654599994421 -9.059519998729229 0
    endloop
  endfacet
  facet normal 0 0 -1
    outer loop
      vertex -35.65693999826908 -9.503959998488426 0
      vertex -34.72658000141382 -9.503959998488426 0
      vertex -13.053904443979263 -9.79399111121893 0
    endloop
  endfacet
  facet normal 0 0 -1
    outer loop
      vertex -35.65693999826908 -9.503959998488426 0
      vertex -13.053904443979263 -9.79399111121893 0
      vertex -35.65693999826908 -12.910879999399185 0
    endloop
  endfacet
  facet normal 0 0 1
    outer loop
      vertex -48 0.2999999999999998 3
      vertex -48 -29 3
      vertex -37.75 -19 3
    endloop
  endfacet
  facet normal 0 0 1
    outer loop
      vertex -48 -29 3
      vertex -37.741573271676344 -19.17152999557673 3
      vertex -37.75 -19 3
    endloop
  endfacet
  facet normal 0 0 1
    outer loop
      vertex -48 -29 3
      vertex -37.716374240705655 -19.341408063528224 3
      vertex -37.741573271676344 -19.17152999557673 3
    endloop
  endfacet
  facet normal 0 0 1
    outer loop
      vertex -48 -29 3
      vertex -37.674645587531366 -19.50799818519531 3
      vertex -37.716374240705655 -19.341408063528224 3
    endloop
  endfacet
  facet normal 0 0 1
    outer loop
      vertex -48 -29 3
      vertex -37.61678918189475 -19.669696006638908 3
      vertex -37.674645587531366 -19.50799818519531 3
    endloop
  endfacet
  facet normal 0 0 1
    outer loop
      vertex -48 -29 3
      vertex -37.54336221260962 -19.824944289445497 3
      vertex -37.61678918189475 -19.669696006638908 3
    endloop
  endfacet
  facet normal 0 0 1
    outer loop
      vertex -48 -29 3
      vertex -37.45507182152945 -19.972247907784304 3
      vertex -37.54336221260962 -19.824944289445497 3
    endloop
  endfacet
  facet normal 0 0 1
    outer loop
      vertex -48 -29 3
      vertex -37.35276829338479 -20.11018824728638 3
      vertex -37.45507182152945 -19.972247907784304 3
    endloop
  endfacet
  facet normal 0 0 1
    outer loop
      vertex -48 -29 3
      vertex -37.23743686707646 -20.237436867076458 3
      vertex -37.35276829338479 -20.11018824728638 3
    endloop
  endfacet
  facet normal 0 0 1
    outer loop
      vertex -48 -29 3
      vertex -37.11018824728638 -20.35276829338479 3
      vertex -37.23743686707646 -20.237436867076458 3
    endloop
  endfacet
  facet normal 0 0 1
    outer loop
      vertex -48 -29 3
      vertex -36.9722479077843 -20.455071821529454 3
      vertex -37.11018824728638 -20.35276829338479 3
    endloop
  endfacet
  facet normal 0 0 1
    outer loop
      vertex -48 -29 3
      vertex -36.8249442894455 -20.543362212609622 3
      vertex -36.9722479077843 -20.455071821529454 3
    endloop
  endfacet
  facet normal 0 0 1
    outer loop
      vertex -48 -29 3
      vertex -36.66969600663891 -20.616789181894752 3
      vertex -36.8249442894455 -20.543362212609622 3
    endloop
  endfacet
  facet normal 0 0 1
    outer loop
      vertex -48 -29 3
      vertex -36.50799818519531 -20.674645587531366 3
      vertex -36.66969600663891 -20.616789181894752 3
    endloop
  endfacet
  facet normal 0 0 1
    outer loop
      vertex -48 0.2999999999999998 3
      vertex -34.54492817847055 -18.027752092215696 3
      vertex -8 -29 3
    endloop
  endfacet
  facet normal 0 0 1
    outer loop
      vertex -48 0.2999999999999998 3
      vertex -12.972247907784304 -20.455071821529454 3
      vertex -13.110188247286379 -20.35276829338479 3
    endloop
  endfacet
  facet normal 0 0 1
    outer loop
      vertex -48 0.2999999999999998 3
      vertex -12.824944289445495 -20.543362212609622 3
      vertex -12.972247907784304 -20.455071821529454 3
    endloop
  endfacet
  facet normal 0 0 1
    outer loop
      vertex -48 -29 3
      vertex -8 -29 3
      vertex -36.50799818519531 -20.674645587531366 3
    endloop
  endfacet
  facet normal 0 0 1
    outer loop
      vertex -8 -29 3
      vertex -34.54492817847055 -18.027752092215696 3
      vertex -34.45663778739038 -18.175055710554503 3
    endloop
  endfacet
  facet normal 0 0 1
    outer loop
      vertex -8 -29 3
      vertex -34.45663778739038 -18.175055710554503 3
      vertex -34.38321081810525 -18.330303993361092 3
    endloop
  endfacet
  facet normal 0 0 1
    outer loop
      vertex -8 -29 3
      vertex -34.38321081810525 -18.330303993361092 3
      vertex -34.325354412468634 -18.49200181480469 3
    endloop
  endfacet
  facet normal 0 0 1
    outer loop
      vertex -8 -29 3
      vertex -34.325354412468634 -18.49200181480469 3
      vertex -34.283625759294345 -18.658591936471776 3
    endloop
  endfacet
  facet normal 0 0 1
    outer loop
      vertex -8 -29 3
      vertex -34.283625759294345 -18.658591936471776 3
      vertex -34.258426728323656 -18.82847000442327 3
    endloop
  endfacet
  facet normal 0 0 1
    outer loop
      vertex -8 -29 3
      vertex -34.258426728323656 -18.82847000442327 3
      vertex -34.25 -19 3
    endloop
  endfacet
  facet normal 0 0 1
    outer loop
      vertex -8 -29 3
      vertex -34.25 -19 3
      vertex -34.258426728323656 -19.17152999557673 3
    endloop
  endfacet
  facet normal 0 0 1
    outer loop
      vertex -8 -29 3
      vertex -34.258426728323656 -19.17152999557673 3
      vertex -34.283625759294345 -19.341408063528224 3
    endloop
  endfacet
  facet normal 0 0 1
    outer loop
      vertex -8 -29 3
      vertex -34.283625759294345 -19.341408063528224 3
      vertex -34.325354412468634 -19.50799818519531 3
    endloop
  endfacet
  facet normal 0 0 1
    outer loop
      vertex -8 -29 3
      vertex -34.325354412468634 -19.50799818519531 3
      vertex -34.38321081810525 -19.669696006638908 3
    endloop
  endfacet
  facet normal 0 0 1
    outer loop
      vertex -8 -29 3
      vertex -34.88981175271362 -20.35276829338479 3
      vertex -35.0277520922157 -20.455071821529454 3
    endloop
  endfacet
  facet normal 0 0 1
    outer loop
      vertex -8 -29 3
      vertex -34.76256313292354 -20.237436867076458 3
      vertex -34.88981175271362 -20.35276829338479 3
    endloop
  endfacet
  facet normal 0 0 1
    outer loop
      vertex -8 -29 3
      vertex -34.54492817847055 -19.972247907784304 3
      vertex -34.64723170661521 -20.11018824728638 3
    endloop
  endfacet
  facet normal 0 0 1
    outer loop
      vertex -8 -29 3
      vertex -34.38321081810525 -19.669696006638908 3
      vertex -34.45663778739038 -19.824944289445497 3
    endloop
  endfacet
  facet normal 0 0 1
    outer loop
      vertex -8 -29 3
      vertex -34.45663778739038 -19.824944289445497 3
      vertex -34.54492817847055 -19.972247907784304 3
    endloop
  endfacet
  facet normal 0 0 1
    outer loop
      vertex -8 -29 3
      vertex -34.64723170661521 -20.11018824728638 3
      vertex -34.76256313292354 -20.237436867076458 3
    endloop
  endfacet
  facet normal 0 0 1
    outer loop
      vertex -8 -29 3
      vertex -36.34140806352823 -20.716374240705655 3
      vertex -36.50799818519531 -20.674645587531366 3
    endloop
  endfacet
  facet normal 0 0 1
    outer loop
      vertex -8 -29 3
      vertex -36.17152999557673 -20.741573271676344 3
      vertex -36.34140806352823 -20.716374240705655 3
    endloop
  endfacet
  facet normal 0 0 1
    outer loop
      vertex -8 -29 3
      vertex -36 -20.75 3
      vertex -36.17152999557673 -20.741573271676344 3
    endloop
  endfacet
  facet normal 0 0 1
    outer loop
      vertex -8 -29 3
      vertex -35.82847000442327 -20.741573271676344 3
      vertex -36 -20.75 3
    endloop
  endfacet
  facet normal 0 0 1
    outer loop
      vertex -8 -29 3
      vertex -35.65859193647177 -20.716374240705655 3
      vertex -35.82847000442327 -20.741573271676344 3
    endloop
  endfacet
  facet normal 0 0 1
    outer loop
      vertex -8 -29 3
      vertex -35.33030399336109 -20.616789181894752 3
      vertex -35.49200181480469 -20.674645587531366 3
    endloop
  endfacet
  facet normal 0 0 1
    outer loop
      vertex -8 -29 3
      vertex -35.49200181480469 -20.674645587531366 3
      vertex -35.65859193647177 -20.716374240705655 3
    endloop
  endfacet
  facet normal 0 0 1
    outer loop
      vertex -8 -29 3
      vertex -35.1750557105545 -20.543362212609622 3
      vertex -35.33030399336109 -20.616789181894752 3
    endloop
  endfacet
  facet normal 0 0 1
    outer loop
      vertex -8 -29 3
      vertex -35.0277520922157 -20.455071821529454 3
      vertex -35.1750557105545 -20.543362212609622 3
    endloop
  endfacet
  facet normal -1 0 0
    outer loop
      vertex -48 0.2999999999999998 3
      vertex -48 -29 0
      vertex -48 -29 3
    endloop
  endfacet
  facet normal 0 0 -1
    outer loop
      vertex -48 0.3 0
      vertex -37.75 -19 0
      vertex -48 -29 0
    endloop
  endfacet
  facet normal 0 0 -1
    outer loop
      vertex -35.1750557105545 -17.456637787390378 0
      vertex -37.010499998927116 -12.289719998836517 0
      vertex -36.107220001518726 -12.910879999399185 0
    endloop
  endfacet
  facet normal 0 0 -1
    outer loop
      vertex -48 -29 0
      vertex -37.75 -19 0
      vertex -37.741573271676344 -19.17152999557673 0
    endloop
  endfacet
  facet normal 0 0 -1
    outer loop
      vertex -48 -29 0
      vertex -37.741573271676344 -19.17152999557673 0
      vertex -37.716374240705655 -19.341408063528224 0
    endloop
  endfacet
  facet normal 0 0 -1
    outer loop
      vertex -48 -29 0
      vertex -37.716374240705655 -19.341408063528224 0
      vertex -37.674645587531366 -19.50799818519531 0
    endloop
  endfacet
  facet normal 0 0 -1
    outer loop
      vertex -48 -29 0
      vertex -37.674645587531366 -19.50799818519531 0
      vertex -37.61678918189475 -19.669696006638908 0
    endloop
  endfacet
  facet normal 0 0 -1
    outer loop
      vertex -48 -29 0
      vertex -37.61678918189475 -19.669696006638908 0
      vertex -37.54336221260962 -19.824944289445497 0
    endloop
  endfacet
  facet normal 0 0 -1
    outer loop
      vertex -48 -29 0
      vertex -37.54336221260962 -19.824944289445497 0
      vertex -37.45507182152945 -19.972247907784304 0
    endloop
  endfacet
  facet normal 0 0 -1
    outer loop
      vertex -48 -29 0
      vertex -37.45507182152945 -19.972247907784304 0
      vertex -37.35276829338479 -20.11018824728638 0
    endloop
  endfacet
  facet normal 0 0 -1
    outer loop
      vertex -48 -29 0
      vertex -37.35276829338479 -20.11018824728638 0
      vertex -37.23743686707646 -20.237436867076458 0
    endloop
  endfacet
  facet normal 0 0 -1
    outer loop
      vertex -48 -29 0
      vertex -37.23743686707646 -20.237436867076458 0
      vertex -37.11018824728638 -20.35276829338479 0
    endloop
  endfacet
  facet normal 0 0 -1
    outer loop
      vertex -48 -29 0
      vertex -37.11018824728638 -20.35276829338479 0
      vertex -36.9722479077843 -20.455071821529454 0
    endloop
  endfacet
  facet normal 0 0 -1
    outer loop
      vertex -48 -29 0
      vertex -36.9722479077843 -20.455071821529454 0
      vertex -36.8249442894455 -20.543362212609622 0
    endloop
  endfacet
  facet normal 0 0 -1
    outer loop
      vertex -48 -29 0
      vertex -36.8249442894455 -20.543362212609622 0
      vertex -36.66969600663891 -20.616789181894752 0
    endloop
  endfacet
  facet normal 0 0 -1
    outer loop
      vertex -48 -29 0
      vertex -36.66969600663891 -20.616789181894752 0
      vertex -36.50799818519531 -20.674645587531366 0
    endloop
  endfacet
  facet normal 0 0 -1
    outer loop
      vertex -48 -29 0
      vertex -36.50799818519531 -20.674645587531366 0
      vertex -36.34140806352823 -20.716374240705655 0
    endloop
  endfacet
  facet normal 0 0 -1
    outer loop
      vertex -48 -29 0
      vertex -36.34140806352823 -20.716374240705655 0
      vertex -36.17152999557673 -20.741573271676344 0
    endloop
  endfacet
  facet normal 0 0 -1
    outer loop
      vertex -48 -29 0
      vertex -36.17152999557673 -20.741573271676344 0
      vertex -36 -20.75 0
    endloop
  endfacet
  facet normal 0 0 -1
    outer loop
      vertex -48 -29 0
      vertex -36 -20.75 0
      vertex -35.82847000442327 -20.741573271676344 0
    endloop
  endfacet
  facet normal 0 0 -1
    outer loop
      vertex -48 -29 0
      vertex -35.82847000442327 -20.741573271676344 0
      vertex -35.65859193647177 -20.716374240705655 0
    endloop
  endfacet
  facet normal 0 0 -1
    outer loop
      vertex -48 -29 0
      vertex -35.49200181480469 -20.674645587531366 0
      vertex -35.33030399336109 -20.616789181894752 0
    endloop
  endfacet
  facet normal 0 0 -1
    outer loop
      vertex -48 -29 0
      vertex -35.65859193647177 -20.716374240705655 0
      vertex -35.49200181480469 -20.674645587531366 0
    endloop
  endfacet
  facet normal 0 0 -1
    outer loop
      vertex -48 -29 0
      vertex -35.33030399336109 -20.616789181894752 0
      vertex -35.1750557105545 -20.543362212609622 0
    endloop
  endfacet
  facet normal 0 0 -1
    outer loop
      vertex -48 -29 0
      vertex -35.1750557105545 -20.543362212609622 0
      vertex -35.0277520922157 -20.455071821529454 0
    endloop
  endfacet
  facet normal 0 0 -1
    outer loop
      vertex -35.1750557105545 -17.456637787390378 0
      vertex -36.107220001518726 -12.910879999399185 0
      vertex -35.65693999826908 -12.910879999399185 0
    endloop
  endfacet
  facet normal 0 0 -1
    outer loop
      vertex -35.1750557105545 -17.456637787390378 0
      vertex -35.65693999826908 -12.910879999399185 0
      vertex -12.507998185195309 -17.325354412468634 0
    endloop
  endfacet
  facet normal 0 0 -1
    outer loop
      vertex -35.0277520922157 -17.544928178470546 0
      vertex -35.1750557105545 -17.456637787390378 0
      vertex -12.972247907784304 -17.544928178470546 0
    endloop
  endfacet
  facet normal 0 0 -1
    outer loop
      vertex -34.88981175271362 -17.64723170661521 0
      vertex -35.0277520922157 -17.544928178470546 0
      vertex -13.110188247286379 -17.64723170661521 0
    endloop
  endfacet
  facet normal 0 0 -1
    outer loop
      vertex -34.76256313292354 -17.762563132923542 0
      vertex -34.88981175271362 -17.64723170661521 0
      vertex -13.237436867076458 -17.762563132923542 0
    endloop
  endfacet
  facet normal 0 0 -1
    outer loop
      vertex -34.76256313292354 -17.762563132923542 0
      vertex -13.35276829338479 -17.88981175271362 0
      vertex -34.64723170661521 -17.88981175271362 0
    endloop
  endfacet
  facet normal 0 0 -1
    outer loop
      vertex -34.64723170661521 -17.88981175271362 0
      vertex -13.455071821529454 -18.027752092215696 0
      vertex -34.54492817847055 -18.027752092215696 0
    endloop
  endfacet
  facet normal 0 0 -1
    outer loop
      vertex -34.54492817847055 -18.027752092215696 0
      vertex -13.54336221260962 -18.175055710554503 0
      vertex -34.45663778739038 -18.175055710554503 0
    endloop
  endfacet
  facet normal 0 0 -1
    outer loop
      vertex -34.45663778739038 -18.175055710554503 0
      vertex -13.616789181894752 -18.330303993361092 0
      vertex -34.38321081810525 -18.330303993361092 0
    endloop
  endfacet
  facet normal 0 0 -1
    outer loop
      vertex -34.38321081810525 -18.330303993361092 0
      vertex -13.674645587531366 -18.49200181480469 0
      vertex -34.325354412468634 -18.49200181480469 0
    endloop
  endfacet
  facet normal 0 0 -1
    outer loop
      vertex -13.716374240705653 -18.658591936471776 0
      vertex -34.283625759294345 -18.658591936471776 0
      vertex -34.325354412468634 -18.49200181480469 0
    endloop
  endfacet
  facet normal 0 0 -1
    outer loop
      vertex -13.716374240705653 -18.658591936471776 0
      vertex -34.258426728323656 -18.82847000442327 0
      vertex -34.283625759294345 -18.658591936471776 0
    endloop
  endfacet
  facet normal 0 0 -1
    outer loop
      vertex -13.716374240705653 -18.658591936471776 0
      vertex -34.25 -19 0
      vertex -34.258426728323656 -18.82847000442327 0
    endloop
  endfacet
  facet normal 0 0 -1
    outer loop
      vertex -13.716374240705653 -18.658591936471776 0
      vertex -34.258426728323656 -19.17152999557673 0
      vertex -34.25 -19 0
    endloop
  endfacet
  facet normal 0 0 -1
    outer loop
      vertex -13.716374240705653 -18.658591936471776 0
      vertex -34.283625759294345 -19.341408063528224 0
      vertex -34.258426728323656 -19.17152999557673 0
    endloop
  endfacet
  facet normal 0 0 -1
    outer loop
      vertex -13.716374240705653 -18.658591936471776 0
      vertex -34.325354412468634 -19.50799818519531 0
      vertex -34.283625759294345 -19.341408063528224 0
    endloop
  endfacet
  facet normal 0 0 -1
    outer loop
      vertex -13.716374240705653 -18.658591936471776 0
      vertex -34.38321081810525 -19.669696006638908 0
      vertex -34.325354412468634 -19.50799818519531 0
    endloop
  endfacet
  facet normal 0 0 -1
    outer loop
      vertex -13.716374240705653 -18.658591936471776 0
      vertex -35.0277520922157 -20.455071821529454 0
      vertex -34.88981175271362 -20.35276829338479 0
    endloop
  endfacet
  facet normal 0 0 -1
    outer loop
      vertex -13.716374240705653 -18.658591936471776 0
      vertex -34.88981175271362 -20.35276829338479 0
      vertex -34.76256313292354 -20.237436867076458 0
    endloop
  endfacet
  facet normal 0 0 -1
    outer loop
      vertex -13.716374240705653 -18.658591936471776 0
      vertex -34.54492817847055 -19.972247907784304 0
      vertex -34.45663778739038 -19.824944289445497 0
    endloop
  endfacet
  facet normal 0 0 -1
    outer loop
      vertex -13.716374240705653 -18.658591936471776 0
      vertex -34.64723170661521 -20.11018824728638 0
      vertex -34.54492817847055 -19.972247907784304 0
    endloop
  endfacet
  facet normal 0 0 -1
    outer loop
      vertex -13.716374240705653 -18.658591936471776 0
      vertex -34.45663778739038 -19.824944289445497 0
      vertex -34.38321081810525 -19.669696006638908 0
    endloop
  endfacet
  facet normal 0 0 -1
    outer loop
      vertex -13.716374240705653 -18.658591936471776 0
      vertex -34.76256313292354 -20.237436867076458 0
      vertex -34.64723170661521 -20.11018824728638 0
    endloop
  endfacet
  facet normal 0 0 -1
    outer loop
      vertex -48 -29 0
      vertex -35.0277520922157 -20.455071821529454 0
      vertex -13.716374240705653 -18.658591936471776 0
    endloop
  endfacet
  facet normal 0 -1 0
    outer loop
      vertex -48 -29 3
      vertex -48 -29 0
      vertex -8 -29 0
    endloop
  endfacet
  facet normal 0 0 -1
    outer loop
      vertex -48 -29 0
      vertex -13.716374240705653 -18.658591936471776 0
      vertex -13.741573271676344 -18.82847000442327 0
    endloop
  endfacet
  facet normal 0 0 -1
    outer loop
      vertex -48 -29 0
      vertex -13.741573271676344 -18.82847000442327 0
      vertex -13.75 -19 0
    endloop
  endfacet
  facet normal 0 0 -1
    outer loop
      vertex -48 -29 0
      vertex -13.75 -19 0
      vertex -13.741573271676344 -19.17152999557673 0
    endloop
  endfacet
  facet normal 0 0 -1
    outer loop
      vertex -48 -29 0
      vertex -13.741573271676344 -19.17152999557673 0
      vertex -13.716374240705653 -19.341408063528224 0
    endloop
  endfacet
  facet normal 0 0 -1
    outer loop
      vertex -48 -29 0
      vertex -13.716374240705653 -19.341408063528224 0
      vertex -13.674645587531366 -19.50799818519531 0
    endloop
  endfacet
  facet normal 0 0 -1
    outer loop
      vertex -48 -29 0
      vertex -13.674645587531366 -19.50799818519531 0
      vertex -13.616789181894752 -19.669696006638908 0
    endloop
  endfacet
  facet normal 0 0 -1
    outer loop
      vertex -48 -29 0
      vertex -13.616789181894752 -19.669696006638908 0
      vertex -13.54336221260962 -19.824944289445497 0
    endloop
  endfacet
  facet normal 0 0 -1
    outer loop
      vertex -48 -29 0
      vertex -13.54336221260962 -19.824944289445497 0
      vertex -13.455071821529454 -19.972247907784304 0
    endloop
  endfacet
  facet normal 0 0 -1
    outer loop
      vertex -48 -29 0
      vertex -13.455071821529454 -19.972247907784304 0
      vertex -13.35276829338479 -20.11018824728638 0
    endloop
  endfacet
  facet normal 0 0 1
    outer loop
      vertex -48 0.2999999999999998 3
      vertex -12 -17.25 3
      vertex -11.828470004423268 -17.258426728323656 3
    endloop
  endfacet
  facet normal 0 0 1
    outer loop
      vertex -48 0.2999999999999998 3
      vertex -11.828470004423268 -17.258426728323656 3
      vertex -11.658591936471776 -17.283625759294345 3
    endloop
  endfacet
  facet normal 0 0 1
    outer loop
      vertex -48 0.2999999999999998 3
      vertex -11.658591936471776 -17.283625759294345 3
      vertex -11.492001814804691 -17.325354412468634 3
    endloop
  endfacet
  facet normal 0 0 1
    outer loop
      vertex -48 0.2999999999999998 3
      vertex -11.492001814804691 -17.325354412468634 3
      vertex -11.330303993361094 -17.383210818105248 3
    endloop
  endfacet
  facet normal 0 0 1
    outer loop
      vertex -48 0.2999999999999998 3
      vertex -11.330303993361094 -17.383210818105248 3
      vertex -11.175055710554505 -17.456637787390378 3
    endloop
  endfacet
  facet normal 0 0 1
    outer loop
      vertex -48 0.2999999999999998 3
      vertex -11.175055710554505 -17.456637787390378 3
      vertex 10.889811752713621 -17.64723170661521 3
    endloop
  endfacet
  facet normal 0 0 1
    outer loop
      vertex -48 0.2999999999999998 3
      vertex 10.889811752713621 -17.64723170661521 3
      vertex 11.027752092215696 -17.544928178470546 3
    endloop
  endfacet
  facet normal 0 0 1
    outer loop
      vertex -48 0.2999999999999998 3
      vertex 11.027752092215696 -17.544928178470546 3
      vertex 11.175055710554505 -17.456637787390378 3
    endloop
  endfacet
  facet normal 0 0 -1
    outer loop
      vertex -34.72658000141382 -9.088959999382496 0
      vertex -13.2654599994421 -9.059519998729229 0
      vertex -13.2654599994421 -9.403999999165535 0
    endloop
  endfacet
  facet normal 0 0 -1
    outer loop
      vertex -34.72658000141382 -9.503959998488426 0
      vertex -13.233968645334244 -9.473603457212448 0
      vertex -13.200970120728016 -9.541364938020706 0
    endloop
  endfacet
  facet normal 0 0 -1
    outer loop
      vertex -34.72658000141382 -9.503959998488426 0
      vertex -13.2654599994421 -9.403999999165535 0
      vertex -13.233968645334244 -9.473603457212448 0
    endloop
  endfacet
  facet normal 0 0 -1
    outer loop
      vertex -34.72658000141382 -9.503959998488426 0
      vertex -13.200970120728016 -9.541364938020706 0
      vertex -13.166464447975159 -9.60728444159031 0
    endloop
  endfacet
  facet normal 0 0 -1
    outer loop
      vertex -34.72658000141382 -9.503959998488426 0
      vertex -13.166464447975159 -9.60728444159031 0
      vertex -13.13045160472393 -9.671361975371838 0
    endloop
  endfacet
  facet normal 0 0 -1
    outer loop
      vertex -34.72658000141382 -9.503959998488426 0
      vertex -13.13045160472393 -9.671361975371838 0
      vertex -13.092931605875492 -9.733597531914711 0
    endloop
  endfacet
  facet normal 0 0 -1
    outer loop
      vertex -34.72658000141382 -9.503959998488426 0
      vertex -13.092931605875492 -9.733597531914711 0
      vertex -13.053904443979263 -9.79399111121893 0
    endloop
  endfacet
  facet normal 0 0 -1
    outer loop
      vertex -35.65693999826908 -12.910879999399185 0
      vertex -13.053904443979263 -9.79399111121893 0
      vertex -13.013370126485825 -9.852542713284492 0
    endloop
  endfacet
  facet normal 0 0 -1
    outer loop
      vertex -35.65693999826908 -12.910879999399185 0
      vertex -13.013370126485825 -9.852542713284492 0
      vertex -12.971328638494015 -9.909252345561981 0
    endloop
  endfacet
  facet normal 0 0 -1
    outer loop
      vertex -35.65693999826908 -12.910879999399185 0
      vertex -12.971328638494015 -9.909252345561981 0
      vertex -12.927780002355576 -9.964120000600815 0
    endloop
  endfacet
  facet normal 0 0 -1
    outer loop
      vertex -35.65693999826908 -12.910879999399185 0
      vertex -12.927780002355576 -9.964120000600815 0
      vertex -12.88321851938963 -10.017505675554276 0
    endloop
  endfacet
  facet normal 0 0 -1
    outer loop
      vertex -35.65693999826908 -12.910879999399185 0
      vertex -12.88321851938963 -10.017505675554276 0
      vertex -12.838156297802925 -10.069751605391502 0
    endloop
  endfacet
  facet normal 0 0 -1
    outer loop
      vertex -35.65693999826908 -12.910879999399185 0
      vertex -12.838156297802925 -10.069751605391502 0
      vertex -12.792593330144882 -10.120857775211334 0
    endloop
  endfacet
  facet normal 0 0 -1
    outer loop
      vertex -35.65693999826908 -12.910879999399185 0
      vertex -12.792593330144882 -10.120857775211334 0
      vertex -12.746529631316662 -10.170824199914932 0
    endloop
  endfacet
  facet normal 0 0 -1
    outer loop
      vertex -35.65693999826908 -12.910879999399185 0
      vertex -12.746529631316662 -10.170824199914932 0
      vertex -12.699965186417103 -10.219650864601135 0
    endloop
  endfacet
  facet normal 0 0 -1
    outer loop
      vertex -35.65693999826908 -12.910879999399185 0
      vertex -12.699965186417103 -10.219650864601135 0
      vertex -12.652900002896786 -10.267337776720524 0
    endloop
  endfacet
  facet normal 0 0 -1
    outer loop
      vertex -35.65693999826908 -12.910879999399185 0
      vertex -12.652900002896786 -10.267337776720524 0
      vertex -12.60533407330513 -10.313884936273098 0
    endloop
  endfacet
  facet normal 0 0 -1
    outer loop
      vertex -35.65693999826908 -12.910879999399185 0
      vertex -12.60533407330513 -10.313884936273098 0
      vertex -12.557267405092716 -10.359292343258858 0
    endloop
  endfacet
  facet normal 0 0 -1
    outer loop
      vertex -35.65693999826908 -12.910879999399185 0
      vertex -12.557267405092716 -10.359292343258858 0
      vertex -12.508699998259544 -10.403559997677803 0
    endloop
  endfacet
  facet normal 0 0 -1
    outer loop
      vertex -35.65693999826908 -12.910879999399185 0
      vertex -12.508699998259544 -10.403559997677803 0
      vertex -12.459923706948757 -10.446914568543434 0
    endloop
  endfacet
  facet normal 0 0 -1
    outer loop
      vertex -35.65693999826908 -12.910879999399185 0
      vertex -12.459923706948757 -10.446914568543434 0
      vertex -12.41124814748764 -10.489564940333366 0
    endloop
  endfacet
  facet normal 0 0 -1
    outer loop
      vertex -35.65693999826908 -12.910879999399185 0
      vertex -12.41124814748764 -10.489564940333366 0
      vertex -12.362673334777355 -10.5315111130476 0
    endloop
  endfacet
  facet normal 0 0 -1
    outer loop
      vertex -35.65693999826908 -12.910879999399185 0
      vertex -12.362673334777355 -10.5315111130476 0
      vertex -12.314199261367321 -10.572753086686134 0
    endloop
  endfacet
  facet normal 0 0 -1
    outer loop
      vertex -35.65693999826908 -12.910879999399185 0
      vertex -12.314199261367321 -10.572753086686134 0
      vertex -12.265825927257538 -10.61329086124897 0
    endloop
  endfacet
  facet normal 0 0 -1
    outer loop
      vertex -35.65693999826908 -12.910879999399185 0
      vertex -12.265825927257538 -10.61329086124897 0
      vertex -12.217553332448006 -10.653124444186687 0
    endloop
  endfacet
  facet normal 0 0 -1
    outer loop
      vertex -35.65693999826908 -12.910879999399185 0
      vertex -12.217553332448006 -10.653124444186687 0
      vertex -12.169381484389305 -10.692253828048706 0
    endloop
  endfacet
  facet normal 0 0 -1
    outer loop
      vertex -35.65693999826908 -12.910879999399185 0
      vertex -12.169381484389305 -10.692253828048706 0
      vertex -12.121310368180275 -10.730679012835026 0
    endloop
  endfacet
  facet normal 0 0 -1
    outer loop
      vertex -35.65693999826908 -12.910879999399185 0
      vertex -12.121310368180275 -10.730679012835026 0
      vertex -12.073339998722076 -10.768399998545647 0
    endloop
  endfacet
  facet normal 0 0 -1
    outer loop
      vertex -35.65693999826908 -12.910879999399185 0
      vertex -13.243780001997948 -11.937480002641678 0
      vertex -13.22826049476862 -12.037036046385765 0
    endloop
  endfacet
  facet normal 0 0 -1
    outer loop
      vertex -35.65693999826908 -12.910879999399185 0
      vertex -13.22826049476862 -12.037036046385765 0
      vertex -13.205808639526367 -12.13197086751461 0
    endloop
  endfacet
  facet normal 0 0 -1
    outer loop
      vertex -35.65693999826908 -12.910879999399185 0
      vertex -13.205808639526367 -12.13197086751461 0
      vertex -13.176424443721771 -12.222284443676472 0
    endloop
  endfacet
  facet normal 0 0 -1
    outer loop
      vertex -35.65693999826908 -12.910879999399185 0
      vertex -12.744659997522831 -11.891359999775887 0
      vertex -13.243780001997948 -11.937480002641678 0
    endloop
  endfacet
  facet normal 0 0 -1
    outer loop
      vertex -35.65693999826908 -12.910879999399185 0
      vertex -12.073339998722076 -10.768399998545647 0
      vertex -12.025939010083675 -10.805768892168999 0
    endloop
  endfacet
  facet normal 0 0 -1
    outer loop
      vertex -35.65693999826908 -12.910879999399185 0
      vertex -12.025939010083675 -10.805768892168999 0
      vertex -11.979576051235199 -10.84313777834177 0
    endloop
  endfacet
  facet normal 0 0 -1
    outer loop
      vertex -35.65693999826908 -12.910879999399185 0
      vertex -11.979576051235199 -10.84313777834177 0
      vertex -11.934251114726067 -10.880506664514542 0
    endloop
  endfacet
  facet normal 0 0 -1
    outer loop
      vertex -35.65693999826908 -12.910879999399185 0
      vertex -11.934251114726067 -10.880506664514542 0
      vertex -11.889964200556278 -10.917875558137894 0
    endloop
  endfacet
  facet normal 0 0 -1
    outer loop
      vertex -35.65693999826908 -12.910879999399185 0
      vertex -11.889964200556278 -10.917875558137894 0
      vertex -11.846715308725834 -10.955244444310665 0
    endloop
  endfacet
  facet normal 0 0 -1
    outer loop
      vertex -35.65693999826908 -12.910879999399185 0
      vertex -11.846715308725834 -10.955244444310665 0
      vertex -11.804504446685314 -10.992613330483437 0
    endloop
  endfacet
  facet normal 0 0 -1
    outer loop
      vertex -35.65693999826908 -12.910879999399185 0
      vertex -11.804504446685314 -10.992613330483437 0
      vertex -11.763331606984138 -11.029982224106789 0
    endloop
  endfacet
  facet normal 0 0 -1
    outer loop
      vertex -35.65693999826908 -12.910879999399185 0
      vertex -11.763331606984138 -11.029982224106789 0
      vertex -11.723196789622307 -11.06735111027956 0
    endloop
  endfacet
  facet normal 0 0 -1
    outer loop
      vertex -35.65693999826908 -12.910879999399185 0
      vertex -11.723196789622307 -11.06735111027956 0
      vertex -11.6841000020504 -11.104719996452332 0
    endloop
  endfacet
  facet normal 0 0 -1
    outer loop
      vertex -35.65693999826908 -12.910879999399185 0
      vertex -11.6841000020504 -11.104719996452332 0
      vertex -11.646342471241951 -11.142298273742199 0
    endloop
  endfacet
  facet normal 0 0 -1
    outer loop
      vertex -35.65693999826908 -12.910879999399185 0
      vertex -11.646342471241951 -11.142298273742199 0
      vertex -11.610225431621075 -11.180277533829212 0
    endloop
  endfacet
  facet normal 0 0 -1
    outer loop
      vertex -35.65693999826908 -12.910879999399185 0
      vertex -11.610225431621075 -11.180277533829212 0
      vertex -11.575748890638351 -11.218657776713371 0
    endloop
  endfacet
  facet normal 0 0 -1
    outer loop
      vertex -35.65693999826908 -12.910879999399185 0
      vertex -11.575748890638351 -11.218657776713371 0
      vertex -11.5429128408432 -11.257439009845257 0
    endloop
  endfacet
  facet normal 0 0 -1
    outer loop
      vertex -35.65693999826908 -12.910879999399185 0
      vertex -11.5429128408432 -11.257439009845257 0
      vertex -11.511717282235622 -11.296621233224869 0
    endloop
  endfacet
  facet normal 0 0 -1
    outer loop
      vertex -35.65693999826908 -12.910879999399185 0
      vertex -11.511717282235622 -11.296621233224869 0
      vertex -11.482162222266197 -11.336204446852207 0
    endloop
  endfacet
  facet normal 0 0 -1
    outer loop
      vertex -35.65693999826908 -12.910879999399185 0
      vertex -11.482162222266197 -11.336204446852207 0
      vertex -11.454247653484344 -11.376188643276691 0
    endloop
  endfacet
  facet normal 0 0 -1
    outer loop
      vertex -35.65693999826908 -12.910879999399185 0
      vertex -11.454247653484344 -11.376188643276691 0
      vertex -11.427973583340645 -11.416573829948902 0
    endloop
  endfacet
  facet normal 0 0 -1
    outer loop
      vertex -35.65693999826908 -12.910879999399185 0
      vertex -11.297502964735031 -11.823850862681866 0
      vertex -12.744659997522831 -11.891359999775887 0
    endloop
  endfacet
  facet normal 0 0 -1
    outer loop
      vertex -35.65693999826908 -12.910879999399185 0
      vertex -13.140107899904251 -12.30797678977251 0
      vertex -13.096859015524387 -12.389047898352146 0
    endloop
  endfacet
  facet normal 0 0 -1
    outer loop
      vertex -35.65693999826908 -12.910879999399185 0
      vertex -13.176424443721771 -12.222284443676472 0
      vertex -13.140107899904251 -12.30797678977251 0
    endloop
  endfacet
  facet normal 0 0 -1
    outer loop
      vertex -35.65693999826908 -12.910879999399185 0
      vertex -13.096859015524387 -12.389047898352146 0
      vertex -13.046677775681019 -12.46549777686596 0
    endloop
  endfacet
  facet normal 0 0 -1
    outer loop
      vertex -35.65693999826908 -12.910879999399185 0
      vertex -13.046677775681019 -12.46549777686596 0
      vertex -12.989564195275307 -12.537326417863369 0
    endloop
  endfacet
  facet normal 0 0 -1
    outer loop
      vertex -35.65693999826908 -12.910879999399185 0
      vertex -12.989564195275307 -12.537326417863369 0
      vertex -12.925518274307251 -12.604533828794956 0
    endloop
  endfacet
  facet normal 0 0 -1
    outer loop
      vertex -35.65693999826908 -12.910879999399185 0
      vertex -12.925518274307251 -12.604533828794956 0
      vertex -12.85453999787569 -12.66712000221014 0
    endloop
  endfacet
  facet normal 0 0 -1
    outer loop
      vertex -35.65693999826908 -12.910879999399185 0
      vertex -12.85453999787569 -12.66712000221014 0
      vertex -12.777734570205212 -12.72405530512333 0
    endloop
  endfacet
  facet normal 0 0 -1
    outer loop
      vertex -35.65693999826908 -12.910879999399185 0
      vertex -12.777734570205212 -12.72405530512333 0
      vertex -12.696207158267498 -12.774292342364788 0
    endloop
  endfacet
  facet normal 0 0 -1
    outer loop
      vertex -35.65693999826908 -12.910879999399185 0
      vertex -12.696207158267498 -12.774292342364788 0
      vertex -12.60995777696371 -12.817831113934517 0
    endloop
  endfacet
  facet normal 0 0 -1
    outer loop
      vertex -35.65693999826908 -12.910879999399185 0
      vertex -12.60995777696371 -12.817831113934517 0
      vertex -12.51898641884327 -12.854671604931355 0
    endloop
  endfacet
  facet normal 0 0 -1
    outer loop
      vertex -35.65693999826908 -12.910879999399185 0
      vertex -12.51898641884327 -12.854671604931355 0
      vertex -12.423293083906174 -12.884813830256462 0
    endloop
  endfacet
  facet normal 0 0 -1
    outer loop
      vertex -35.65693999826908 -12.910879999399185 0
      vertex -12.423293083906174 -12.884813830256462 0
      vertex -12.322877779603004 -12.908257775008678 0
    endloop
  endfacet
  facet normal 0 0 -1
    outer loop
      vertex -35.65693999826908 -12.910879999399185 0
      vertex -12.322877779603004 -12.908257775008678 0
      vertex -12.2177404910326 -12.925003454089165 0
    endloop
  endfacet
  facet normal 0 0 -1
    outer loop
      vertex -35.65693999826908 -12.910879999399185 0
      vertex -11.427973583340645 -11.416573829948902 0
      vertex -11.403339996933937 -11.457359999418259 0
    endloop
  endfacet
  facet normal 0 0 -1
    outer loop
      vertex -35.65693999826908 -12.910879999399185 0
      vertex -11.403339996933937 -11.457359999418259 0
      vertex -11.38084962964058 -11.49895752966404 0
    endloop
  endfacet
  facet normal 0 0 -1
    outer loop
      vertex -35.65693999826908 -12.910879999399185 0
      vertex -11.38084962964058 -11.49895752966404 0
      vertex -11.361005187034607 -11.541759014129639 0
    endloop
  endfacet
  facet normal 0 0 -1
    outer loop
      vertex -35.65693999826908 -12.910879999399185 0
      vertex -11.361005187034607 -11.541759014129639 0
      vertex -11.34380666911602 -11.585764445364475 0
    endloop
  endfacet
  facet normal 0 0 -1
    outer loop
      vertex -35.65693999826908 -12.910879999399185 0
      vertex -11.34380666911602 -11.585764445364475 0
      vertex -11.329254075884819 -11.63097383081913 0
    endloop
  endfacet
  facet normal 0 0 -1
    outer loop
      vertex -35.65693999826908 -12.910879999399185 0
      vertex -11.329254075884819 -11.63097383081913 0
      vertex -11.317347407341003 -11.677387163043022 0
    endloop
  endfacet
  facet normal 0 0 -1
    outer loop
      vertex -35.65693999826908 -12.910879999399185 0
      vertex -11.317347407341003 -11.677387163043022 0
      vertex -11.308086663484573 -11.725004442036152 0
    endloop
  endfacet
  facet normal 0 0 -1
    outer loop
      vertex -35.65693999826908 -12.910879999399185 0
      vertex -11.308086663484573 -11.725004442036152 0
      vertex -11.30147185176611 -11.77382568269968 0
    endloop
  endfacet
  facet normal 0 0 -1
    outer loop
      vertex -35.65693999826908 -12.910879999399185 0
      vertex -11.30147185176611 -11.77382568269968 0
      vertex -11.297502964735031 -11.823850862681866 0
    endloop
  endfacet
  facet normal 0 0 -1
    outer loop
      vertex -48 0.3 0
      vertex 11.431421972811222 -9.114230126142502 0
      vertex -10.734700001776218 -9.059519998729229 0
    endloop
  endfacet
  facet normal 0 0 -1
    outer loop
      vertex -12.728380002081394 -9.47451999783516 0
      vertex -10.734700001776218 -9.47451999783516 0
      vertex -12.709027409553528 -9.51689974963665 0
    endloop
  endfacet
  facet normal 0 0 -1
    outer loop
      vertex -12.709027409553528 -9.51689974963665 0
      vertex -10.734700001776218 -9.47451999783516 0
      vertex -12.687129631638527 -9.559647902846336 0
    endloop
  endfacet
  facet normal 0 0 -1
    outer loop
      vertex -12.687129631638527 -9.559647902846336 0
      vertex -10.734700001776218 -9.47451999783516 0
      vertex -12.662686668336391 -9.602764442563057 0
    endloop
  endfacet
  facet normal 0 0 -1
    outer loop
      vertex -12.662686668336391 -9.602764442563057 0
      vertex -10.734700001776218 -9.47451999783516 0
      vertex -12.635698519647121 -9.646249383687973 0
    endloop
  endfacet
  facet normal 0 0 -1
    outer loop
      vertex -12.744659997522831 -11.891359999775887 0
      vertex -11.297502964735031 -11.823850862681866 0
      vertex -12.734769135713577 -11.957784198224545 0
    endloop
  endfacet
  facet normal 0 0 -1
    outer loop
      vertex -12.720758765935898 -12.020825676620007 0
      vertex -11.297502964735031 -11.823850862681866 0
      vertex -12.702628888189793 -12.080484442412853 0
    endloop
  endfacet
  facet normal 0 0 -1
    outer loop
      vertex -12.734769135713577 -11.957784198224545 0
      vertex -11.297502964735031 -11.823850862681866 0
      vertex -12.720758765935898 -12.020825676620007 0
    endloop
  endfacet
  facet normal 0 0 -1
    outer loop
      vertex -12.702628888189793 -12.080484442412853 0
      vertex -11.297502964735031 -11.823850862681866 0
      vertex -12.680379502475262 -12.136760495603085 0
    endloop
  endfacet
  facet normal 0 0 -1
    outer loop
      vertex -12.654010616242886 -12.18965382874012 0
      vertex -11.297502964735031 -11.823850862681866 0
      vertex -12.623522222042084 -12.23916444182396 0
    endloop
  endfacet
  facet normal 0 0 -1
    outer loop
      vertex -12.680379502475262 -12.136760495603085 0
      vertex -11.297502964735031 -11.823850862681866 0
      vertex -12.654010616242886 -12.18965382874012 0
    endloop
  endfacet
  facet normal 0 0 -1
    outer loop
      vertex -12.588914319872856 -12.285292342305183 0
      vertex -11.297502964735031 -11.823850862681866 0
      vertex -12.550186917185783 -12.328037530183792 0
    endloop
  endfacet
  facet normal 0 0 -1
    outer loop
      vertex -12.623522222042084 -12.23916444182396 0
      vertex -11.297502964735031 -11.823850862681866 0
      vertex -12.588914319872856 -12.285292342305183 0
    endloop
  endfacet
  facet normal 0 0 -1
    outer loop
      vertex -12.550186917185783 -12.328037530183792 0
      vertex -11.297502964735031 -11.823850862681866 0
      vertex -12.507339999079704 -12.367399998009205 0
    endloop
  endfacet
  facet normal 0 0 -1
    outer loop
      vertex -12.46107678860426 -12.40298666805029 0
      vertex -11.297502964735031 -11.823850862681866 0
      vertex -12.412100493907928 -12.434386663138866 0
    endloop
  endfacet
  facet normal 0 0 -1
    outer loop
      vertex -12.507339999079704 -12.367399998009205 0
      vertex -11.297502964735031 -11.823850862681866 0
      vertex -12.46107678860426 -12.40298666805029 0
    endloop
  endfacet
  facet normal 0 0 -1
    outer loop
      vertex -12.412100493907928 -12.434386663138866 0
      vertex -11.297502964735031 -11.823850862681866 0
      vertex -12.36041110754013 -12.461599998176098 0
    endloop
  endfacet
  facet normal 0 0 -1
    outer loop
      vertex -48 0.3 0
      vertex 11.643064446747303 -9.062524445354939 0
      vertex 11.534346416592598 -9.085145682096481 0
    endloop
  endfacet
  facet normal 0 0 -1
    outer loop
      vertex -48 0.3 0
      vertex 11.534346416592598 -9.085145682096481 0
      vertex 11.431421972811222 -9.114230126142502 0
    endloop
  endfacet
  facet normal 0 0 -1
    outer loop
      vertex -48 0.3 0
      vertex 11.757576048374176 -9.046366423368454 0
      vertex 11.643064446747303 -9.062524445354939 0
    endloop
  endfacet
  facet normal 0 0 -1
    outer loop
      vertex -48 0.3 0
      vertex 11.877881236374378 -9.036671601235867 0
      vertex 11.757576048374176 -9.046366423368454 0
    endloop
  endfacet
  facet normal 0 0 -1
    outer loop
      vertex -48 0.3 0
      vertex 12.003980003297329 -9.033440001308918 0
      vertex 11.877881236374378 -9.036671601235867 0
    endloop
  endfacet
  facet normal 0 0 -1
    outer loop
      vertex -48 0.3 0
      vertex 12.139069877564907 -9.037023209035397 0
      vertex 12.003980003297329 -9.033440001308918 0
    endloop
  endfacet
  facet normal 0 0 -1
    outer loop
      vertex -12.635698519647121 -9.646249383687973 0
      vertex -10.734700001776218 -9.47451999783516 0
      vertex -12.606165185570717 -9.690102718770504 0
    endloop
  endfacet
  facet normal 0 0 -1
    outer loop
      vertex -12.606165185570717 -9.690102718770504 0
      vertex -10.734700001776218 -9.47451999783516 0
      vertex -12.574086666107178 -9.73432444781065 0
    endloop
  endfacet
  facet normal 0 0 -1
    outer loop
      vertex -12.574086666107178 -9.73432444781065 0
      vertex -10.734700001776218 -9.47451999783516 0
      vertex -12.539462961256504 -9.77891457080841 0
    endloop
  endfacet
  facet normal 0 0 -1
    outer loop
      vertex -12.539462961256504 -9.77891457080841 0
      vertex -10.734700001776218 -9.47451999783516 0
      vertex -12.502294071018696 -9.823873087763786 0
    endloop
  endfacet
  facet normal 0 0 -1
    outer loop
      vertex -12.502294071018696 -9.823873087763786 0
      vertex -10.734700001776218 -9.47451999783516 0
      vertex -12.462580002844334 -9.869199998676777 0
    endloop
  endfacet
  facet normal 0 0 -1
    outer loop
      vertex -12.462580002844334 -9.869199998676777 0
      vertex -10.734700001776218 -9.47451999783516 0
      vertex -12.420019015669823 -9.91533037275076 0
    endloop
  endfacet
  facet normal 0 0 -1
    outer loop
      vertex -12.420019015669823 -9.91533037275076 0
      vertex -10.734700001776218 -9.47451999783516 0
      vertex -12.37430938333273 -9.962699256837368 0
    endloop
  endfacet
  facet normal 0 0 -1
    outer loop
      vertex -12.37430938333273 -9.962699256837368 0
      vertex -10.734700001776218 -9.47451999783516 0
      vertex -12.325451113283634 -10.011306665837765 0
    endloop
  endfacet
  facet normal 0 0 -1
    outer loop
      vertex -12.325451113283634 -10.011306665837765 0
      vertex -10.734700001776218 -9.47451999783516 0
      vertex -12.273444198071957 -10.061152592301369 0
    endloop
  endfacet
  facet normal 0 0 -1
    outer loop
      vertex -12.273444198071957 -10.061152592301369 0
      vertex -10.734700001776218 -9.47451999783516 0
      vertex -12.218288645148277 -10.11223703622818 0
    endloop
  endfacet
  facet normal 0 0 -1
    outer loop
      vertex -12.218288645148277 -10.11223703622818 0
      vertex -10.734700001776218 -9.47451999783516 0
      vertex -12.159984447062016 -10.164559997618198 0
    endloop
  endfacet
  facet normal 0 0 -1
    outer loop
      vertex -12.159984447062016 -10.164559997618198 0
      vertex -10.734700001776218 -9.47451999783516 0
      vertex -12.098531603813171 -10.218121483922005 0
    endloop
  endfacet
  facet normal 0 0 -1
    outer loop
      vertex -12.098531603813171 -10.218121483922005 0
      vertex -10.734700001776218 -9.47451999783516 0
      vertex -12.033930122852325 -10.272921480238438 0
    endloop
  endfacet
  facet normal 0 0 -1
    outer loop
      vertex -12.033930122852325 -10.272921480238438 0
      vertex -10.734700001776218 -9.47451999783516 0
      vertex -11.966179996728897 -10.328960001468658 0
    endloop
  endfacet
  facet normal 0 0 -1
    outer loop
      vertex -11.966179996728897 -10.328960001468658 0
      vertex -10.734700001776218 -9.47451999783516 0
      vertex -11.844718761742115 -10.428450867533684 0
    endloop
  endfacet
  facet normal 0 0 -1
    outer loop
      vertex -11.844718761742115 -10.428450867533684 0
      vertex -10.734700001776218 -9.47451999783516 0
      vertex -11.732299506664276 -10.521981231868267 0
    endloop
  endfacet
  facet normal 0 0 -1
    outer loop
      vertex -11.732299506664276 -10.521981231868267 0
      vertex -10.734700001776218 -9.47451999783516 0
      vertex -11.6289222240448 -10.60955110937357 0
    endloop
  endfacet
  facet normal 0 0 -1
    outer loop
      vertex -11.6289222240448 -10.60955110937357 0
      vertex -10.734700001776218 -9.47451999783516 0
      vertex -11.534586913883686 -10.69116049259901 0
    endloop
  endfacet
  facet normal 0 0 -1
    outer loop
      vertex -11.534586913883686 -10.69116049259901 0
      vertex -10.734700001776218 -9.47451999783516 0
      vertex -11.449293583631516 -10.76680938154459 0
    endloop
  endfacet
  facet normal 0 0 -1
    outer loop
      vertex -11.449293583631516 -10.76680938154459 0
      vertex -10.734700001776218 -9.47451999783516 0
      vertex -11.373042225837708 -10.836497776210308 0
    endloop
  endfacet
  facet normal 0 0 -1
    outer loop
      vertex -11.373042225837708 -10.836497776210308 0
      vertex -10.734700001776218 -9.47451999783516 0
      vertex -11.305832840502262 -10.900225676596165 0
    endloop
  endfacet
  facet normal 0 0 -1
    outer loop
      vertex -12.248893089592457 -12.503466665744781 0
      vertex -11.297502964735031 -11.823850862681866 0
      vertex -12.18906444311142 -12.518119998276234 0
    endloop
  endfacet
  facet normal 0 0 -1
    outer loop
      vertex -12.306008644402027 -12.484626665711403 0
      vertex -11.297502964735031 -11.823850862681866 0
      vertex -12.248893089592457 -12.503466665744781 0
    endloop
  endfacet
  facet normal 0 0 -1
    outer loop
      vertex -12.36041110754013 -12.461599998176098 0
      vertex -11.297502964735031 -11.823850862681866 0
      vertex -12.306008644402027 -12.484626665711403 0
    endloop
  endfacet
  facet normal 0 0 -1
    outer loop
      vertex -12.18906444311142 -12.518119998276234 0
      vertex -11.297502964735031 -11.823850862681866 0
      vertex -12.126522712409496 -12.52858666330576 0
    endloop
  endfacet
  facet normal 0 0 -1
    outer loop
      vertex -12.126522712409496 -12.52858666330576 0
      vertex -11.297502964735031 -11.823850862681866 0
      vertex -12.061267904937267 -12.53486666828394 0
    endloop
  endfacet
  facet normal 0 0 -1
    outer loop
      vertex -11.296180002391338 -11.87507999688387 0
      vertex -11.92214148491621 -12.534816786646843 0
      vertex -11.99329999834299 -12.536959998309612 0
    endloop
  endfacet
  facet normal 0 0 -1
    outer loop
      vertex -12.061267904937267 -12.53486666828394 0
      vertex -11.297502964735031 -11.823850862681866 0
      vertex -11.99329999834299 -12.536959998309612 0
    endloop
  endfacet
  facet normal 0 0 -1
    outer loop
      vertex -11.298457533121109 -11.943267159163952 0
      vertex -11.790473334491253 -12.51767110824585 0
      vertex -11.854532591998577 -12.528387159109116 0
    endloop
  endfacet
  facet normal 0 0 -1
    outer loop
      vertex -11.298457533121109 -11.943267159163952 0
      vertex -11.854532591998577 -12.528387159109116 0
      vertex -11.92214148491621 -12.534816786646843 0
    endloop
  endfacet
  facet normal 0 0 -1
    outer loop
      vertex -11.296180002391338 -11.87507999688387 0
      vertex -11.99329999834299 -12.536959998309612 0
      vertex -11.297502964735031 -11.823850862681866 0
    endloop
  endfacet
  facet normal 0 0 -1
    outer loop
      vertex -11.305290125310421 -12.007970862090588 0
      vertex -11.790473334491253 -12.51767110824585 0
      vertex -11.298457533121109 -11.943267159163952 0
    endloop
  endfacet
  facet normal 0 0 -1
    outer loop
      vertex -11.298457533121109 -11.943267159163952 0
      vertex -11.92214148491621 -12.534816786646843 0
      vertex -11.296180002391338 -11.87507999688387 0
    endloop
  endfacet
  facet normal 0 0 -1
    outer loop
      vertex -11.316677778959274 -12.069191113114357 0
      vertex -11.729963704943657 -12.502668641507626 0
      vertex -11.305290125310421 -12.007970862090588 0
    endloop
  endfacet
  facet normal 0 0 -1
    outer loop
      vertex -11.353118270635605 -12.181181237101555 0
      vertex -11.480659998953342 -12.36336000263691 0
      vertex -11.332620494067669 -12.12692790478468 0
    endloop
  endfacet
  facet normal 0 0 -1
    outer loop
      vertex -11.332620494067669 -12.12692790478468 0
      vertex -11.480659998953342 -12.36336000263691 0
      vertex -11.316677778959274 -12.069191113114357 0
    endloop
  endfacet
  facet normal 0 0 -1
    outer loop
      vertex -11.316677778959274 -12.069191113114357 0
      vertex -11.61959332972765 -12.459804445505142 0
      vertex -11.67300370335579 -12.483379751443863 0
    endloop
  endfacet
  facet normal 0 0 -1
    outer loop
      vertex -11.316677778959274 -12.069191113114357 0
      vertex -11.67300370335579 -12.483379751443863 0
      vertex -11.729963704943657 -12.502668641507626 0
    endloop
  endfacet
  facet normal 0 0 -1
    outer loop
      vertex -11.305290125310421 -12.007970862090588 0
      vertex -11.729963704943657 -12.502668641507626 0
      vertex -11.790473334491253 -12.51767110824585 0
    endloop
  endfacet
  facet normal 0 0 -1
    outer loop
      vertex -11.523421481251717 -12.399794571101665 0
      vertex -11.316677778959274 -12.069191113114357 0
      vertex -11.480659998953342 -12.36336000263691 0
    endloop
  endfacet
  facet normal 0 0 -1
    outer loop
      vertex -11.407779015600681 -12.279237531125546 0
      vertex -11.441941976547241 -12.32304049283266 0
      vertex -11.480659998953342 -12.36336000263691 0
    endloop
  endfacet
  facet normal 0 0 -1
    outer loop
      vertex -11.316677778959274 -12.069191113114357 0
      vertex -11.523421481251717 -12.399794571101665 0
      vertex -11.569732591509819 -12.431942716240883 0
    endloop
  endfacet
  facet normal 0 0 -1
    outer loop
      vertex -11.316677778959274 -12.069191113114357 0
      vertex -11.569732591509819 -12.431942716240883 0
      vertex -11.61959332972765 -12.459804445505142 0
    endloop
  endfacet
  facet normal 0 0 -1
    outer loop
      vertex -11.407779015600681 -12.279237531125546 0
      vertex -11.480659998953342 -12.36336000263691 0
      vertex -11.378171108663082 -12.231951110064983 0
    endloop
  endfacet
  facet normal 0 0 -1
    outer loop
      vertex -11.378171108663082 -12.231951110064983 0
      vertex -11.480659998953342 -12.36336000263691 0
      vertex -11.353118270635605 -12.181181237101555 0
    endloop
  endfacet
  facet normal 0 0 -1
    outer loop
      vertex -10.734700001776218 -9.059519998729229 0
      vertex 10.878291107714176 -9.497582219541073 0
      vertex -10.734700001776218 -9.47451999783516 0
    endloop
  endfacet
  facet normal 0 0 -1
    outer loop
      vertex -10.734700001776218 -9.47451999783516 0
      vertex 10.66669999808073 -10.069600000977516 0
      vertex -11.305832840502262 -10.900225676596165 0
    endloop
  endfacet
  facet normal 0 0 -1
    outer loop
      vertex -11.305832840502262 -10.900225676596165 0
      vertex 10.66669999808073 -10.069600000977516 0
      vertex -11.24766543507576 -10.95799308270216 0
    endloop
  endfacet
  facet normal 0 0 -1
    outer loop
      vertex -11.24766543507576 -10.95799308270216 0
      vertex 10.66669999808073 -10.069600000977516 0
      vertex -11.19854000210762 -11.009800001978874 0
    endloop
  endfacet
  facet normal 0 0 -1
    outer loop
      vertex -11.19854000210762 -11.009800001978874 0
      vertex 10.66669999808073 -10.069600000977516 0
      vertex -11.155157774686813 -11.058626666665077 0
    endloop
  endfacet
  facet normal 0 0 -1
    outer loop
      vertex -11.155157774686813 -11.058626666665077 0
      vertex 10.66669999808073 -10.069600000977516 0
      vertex -11.11422000080347 -11.10745333135128 0
    endloop
  endfacet
  facet normal 0 0 -1
    outer loop
      vertex -11.11422000080347 -11.10745333135128 0
      vertex 10.66669999808073 -10.069600000977516 0
      vertex -11.07572666555643 -11.156280003488064 0
    endloop
  endfacet
  facet normal 0 0 -1
    outer loop
      vertex -11.07572666555643 -11.156280003488064 0
      vertex 10.66669999808073 -10.069600000977516 0
      vertex -11.039677776396275 -11.205106668174267 0
    endloop
  endfacet
  facet normal 0 0 -1
    outer loop
      vertex -11.039677776396275 -11.205106668174267 0
      vertex 10.66669999808073 -10.069600000977516 0
      vertex -11.006073333323002 -11.25393333286047 0
    endloop
  endfacet
  facet normal 0 0 -1
    outer loop
      vertex -11.006073333323002 -11.25393333286047 0
      vertex 10.66669999808073 -10.069600000977516 0
      vertex -10.974913336336613 -11.302759997546673 0
    endloop
  endfacet
  facet normal 0 0 -1
    outer loop
      vertex -10.974913336336613 -11.302759997546673 0
      vertex 10.66669999808073 -10.069600000977516 0
      vertex -10.946197777986526 -11.351586669683456 0
    endloop
  endfacet
  facet normal 0 0 -1
    outer loop
      vertex -10.946197777986526 -11.351586669683456 0
      vertex 10.66669999808073 -10.069600000977516 0
      vertex -10.919926665723324 -11.40041333436966 0
    endloop
  endfacet
  facet normal 0 0 -1
    outer loop
      vertex -10.919926665723324 -11.40041333436966 0
      vertex 10.66669999808073 -10.069600000977516 0
      vertex -10.896099999547005 -11.449239999055862 0
    endloop
  endfacet
  facet normal 0 0 -1
    outer loop
      vertex -10.896099999547005 -11.449239999055862 0
      vertex 10.66669999808073 -10.069600000977516 0
      vertex -10.87475135922432 -11.498099751770496 0
    endloop
  endfacet
  facet normal 0 0 -1
    outer loop
      vertex -10.87475135922432 -11.498099751770496 0
      vertex 10.66669999808073 -10.069600000977516 0
      vertex -10.855914324522018 -11.547025680541992 0
    endloop
  endfacet
  facet normal 0 0 -1
    outer loop
      vertex -10.855914324522018 -11.547025680541992 0
      vertex 10.66669999808073 -10.069600000977516 0
      vertex -10.839588887989521 -11.59601777791977 0
    endloop
  endfacet
  facet normal 0 0 -1
    outer loop
      vertex -10.839588887989521 -11.59601777791977 0
      vertex 10.66669999808073 -10.069600000977516 0
      vertex -10.825775064527988 -11.645076051354408 0
    endloop
  endfacet
  facet normal 0 0 -1
    outer loop
      vertex -10.825775064527988 -11.645076051354408 0
      vertex 10.66669999808073 -10.069600000977516 0
      vertex -10.81447283923626 -11.694200493395329 0
    endloop
  endfacet
  facet normal 0 0 -1
    outer loop
      vertex -10.81447283923626 -11.694200493395329 0
      vertex 10.66669999808073 -10.069600000977516 0
      vertex -10.805682219564915 -11.74339111149311 0
    endloop
  endfacet
  facet normal 0 0 -1
    outer loop
      vertex -10.805682219564915 -11.74339111149311 0
      vertex 10.66669999808073 -10.069600000977516 0
      vertex -10.799403212964535 -11.792647898197174 0
    endloop
  endfacet
  facet normal 0 0 -1
    outer loop
      vertex -10.799403212964535 -11.792647898197174 0
      vertex 10.66669999808073 -10.069600000977516 0
      vertex -10.795635804533958 -11.8419708609581 0
    endloop
  endfacet
  facet normal 0 0 -1
    outer loop
      vertex -10.795635804533958 -11.8419708609581 0
      vertex 10.66669999808073 -10.069600000977516 0
      vertex -10.794380001723766 -11.891359999775887 0
    endloop
  endfacet
  facet normal 0 0 -1
    outer loop
      vertex -10.794380001723766 -11.891359999775887 0
      vertex 10.66669999808073 -10.069600000977516 0
      vertex -10.798214569687843 -12.000049874186516 0
    endloop
  endfacet
  facet normal 0 0 -1
    outer loop
      vertex -10.809718273580074 -12.103079505264759 0
      vertex 10.66669999808073 -10.069600000977516 0
      vertex -10.82889111340046 -12.200448885560036 0
    endloop
  endfacet
  facet normal 0 0 -1
    outer loop
      vertex -10.798214569687843 -12.000049874186516 0
      vertex 10.66669999808073 -10.069600000977516 0
      vertex -10.809718273580074 -12.103079505264759 0
    endloop
  endfacet
  facet normal 0 0 -1
    outer loop
      vertex -10.982273824512959 -12.53332395106554 0
      vertex 10.66669999808073 -10.069600000977516 0
      vertex -11.039792343974113 -12.602392099797726 0
    endloop
  endfacet
  facet normal 0 0 -1
    outer loop
      vertex -11.341708891093731 -12.817244447767735 0
      vertex 10.66669999808073 -10.069600000977516 0
      vertex -11.433813579380512 -12.854264199733734 0
    endloop
  endfacet
  facet normal 0 0 -1
    outer loop
      vertex -11.256201729178429 -12.773493826389313 0
      vertex 10.66669999808073 -10.069600000977516 0
      vertex -11.341708891093731 -12.817244447767735 0
    endloop
  endfacet
  facet normal 0 0 -1
    outer loop
      vertex -11.104979999363422 -12.665799997746944 0
      vertex 10.66669999808073 -10.069600000977516 0
      vertex -11.177292101085186 -12.72301234304905 0
    endloop
  endfacet
  facet normal 0 0 -1
    outer loop
      vertex -11.177292101085186 -12.72301234304905 0
      vertex 10.66669999808073 -10.069600000977516 0
      vertex -11.256201729178429 -12.773493826389313 0
    endloop
  endfacet
  facet normal 0 0 -1
    outer loop
      vertex -11.039792343974113 -12.602392099797726 0
      vertex 10.66669999808073 -10.069600000977516 0
      vertex -11.104979999363422 -12.665799997746944 0
    endloop
  endfacet
  facet normal 0 0 -1
    outer loop
      vertex -10.82889111340046 -12.200448885560036 0
      vertex 10.66669999808073 -10.069600000977516 0
      vertex -10.855733089148998 -12.292158022522926 0
    endloop
  endfacet
  facet normal 0 0 -1
    outer loop
      vertex -10.855733089148998 -12.292158022522926 0
      vertex 10.66669999808073 -10.069600000977516 0
      vertex -10.890244200825691 -12.378206916153431 0
    endloop
  endfacet
  facet normal 0 0 -1
    outer loop
      vertex -10.890244200825691 -12.378206916153431 0
      vertex 10.66669999808073 -10.069600000977516 0
      vertex -10.932424440979958 -12.458595559000969 0
    endloop
  endfacet
  facet normal 0 0 -1
    outer loop
      vertex -10.932424440979958 -12.458595559000969 0
      vertex 10.66669999808073 -10.069600000977516 0
      vertex -10.982273824512959 -12.53332395106554 0
    endloop
  endfacet
  facet normal 0 0 -1
    outer loop
      vertex -11.658591936471776 -17.283625759294345 0
      vertex -11.433813579380512 -12.854264199733734 0
      vertex 11.171259999275208 -10.115719996392727 0
    endloop
  endfacet
  facet normal 0 0 1
    outer loop
      vertex -48 0.2999999999999998 3
      vertex -7.871418676695286 -29 3
      vertex -12.824944289445495 -20.543362212609622 3
    endloop
  endfacet
  facet normal 0 0 1
    outer loop
      vertex -48 0.2999999999999998 3
      vertex -8 -29 3
      vertex -7.871418676695286 -29 3
    endloop
  endfacet
  facet normal 0 0 1
    outer loop
      vertex 10.889811752713621 -17.64723170661521 3
      vertex -11.175055710554505 -17.456637787390378 3
      vertex -11.027752092215696 -17.544928178470546 3
    endloop
  endfacet
  facet normal 0 0 1
    outer loop
      vertex 10.889811752713621 -17.64723170661521 3
      vertex -11.027752092215696 -17.544928178470546 3
      vertex -10.889811752713621 -17.64723170661521 3
    endloop
  endfacet
  facet normal 0 0 1
    outer loop
      vertex 10.889811752713621 -17.64723170661521 3
      vertex -10.889811752713621 -17.64723170661521 3
      vertex -10.762563132923542 -17.762563132923542 3
    endloop
  endfacet
  facet normal 0 0 1
    outer loop
      vertex -10.762563132923542 -17.762563132923542 3
      vertex -10.64723170661521 -17.88981175271362 3
      vertex 10.762563132923542 -17.762563132923542 3
    endloop
  endfacet
  facet normal 0 0 1
    outer loop
      vertex -10.544928178470546 -18.027752092215696 3
      vertex 10.64723170661521 -17.88981175271362 3
      vertex -10.64723170661521 -17.88981175271362 3
    endloop
  endfacet
  facet normal 0 0 1
    outer loop
      vertex -10.45663778739038 -18.175055710554503 3
      vertex 10.544928178470546 -18.027752092215696 3
      vertex -10.544928178470546 -18.027752092215696 3
    endloop
  endfacet
  facet normal 0 0 1
    outer loop
      vertex -10.383210818105248 -18.330303993361092 3
      vertex 10.45663778739038 -18.175055710554503 3
      vertex -10.45663778739038 -18.175055710554503 3
    endloop
  endfacet
  facet normal 0 0 1
    outer loop
      vertex -10.325354412468634 -18.49200181480469 3
      vertex 10.383210818105248 -18.330303993361092 3
      vertex -10.383210818105248 -18.330303993361092 3
    endloop
  endfacet
  facet normal 0 0 1
    outer loop
      vertex -10.283625759294347 -18.658591936471776 3
      vertex 10.325354412468634 -18.49200181480469 3
      vertex -10.325354412468634 -18.49200181480469 3
    endloop
  endfacet
  facet normal 0 0 1
    outer loop
      vertex -10.258426728323656 -18.82847000442327 3
      vertex 10.283625759294347 -18.658591936471776 3
      vertex -10.283625759294347 -18.658591936471776 3
    endloop
  endfacet
  facet normal 0 0 1
    outer loop
      vertex -10.25 -19 3
      vertex 10.258426728323656 -18.82847000442327 3
      vertex -10.258426728323656 -18.82847000442327 3
    endloop
  endfacet
  facet normal 0 0 1
    outer loop
      vertex -10.258426728323656 -19.17152999557673 3
      vertex 10.25 -19 3
      vertex -10.25 -19 3
    endloop
  endfacet
  facet normal 0 0 1
    outer loop
      vertex -7.871418676695286 -29 3
      vertex -10.64723170661521 -20.11018824728638 3
      vertex -10.762563132923542 -20.237436867076458 3
    endloop
  endfacet
  facet normal 0 0 1
    outer loop
      vertex -7.871418676695286 -29 3
      vertex -10.889811752713621 -20.35276829338479 3
      vertex -11.027752092215696 -20.455071821529454 3
    endloop
  endfacet
  facet normal 0 0 1
    outer loop
      vertex -7.871418676695286 -29 3
      vertex -10.762563132923542 -20.237436867076458 3
      vertex -10.889811752713621 -20.35276829338479 3
    endloop
  endfacet
  facet normal 0 0 1
    outer loop
      vertex -7.871418676695286 -29 3
      vertex -10.325354412468634 -19.50799818519531 3
      vertex -10.383210818105248 -19.669696006638908 3
    endloop
  endfacet
  facet normal 0 0 1
    outer loop
      vertex -7.871418676695286 -29 3
      vertex -10.383210818105248 -19.669696006638908 3
      vertex -10.45663778739038 -19.824944289445497 3
    endloop
  endfacet
  facet normal 0 0 1
    outer loop
      vertex -7.871418676695286 -29 3
      vertex -10.45663778739038 -19.824944289445497 3
      vertex -10.544928178470546 -19.972247907784304 3
    endloop
  endfacet
  facet normal 0 0 1
    outer loop
      vertex -7.871418676695286 -29 3
      vertex -10.544928178470546 -19.972247907784304 3
      vertex -10.64723170661521 -20.11018824728638 3
    endloop
  endfacet
  facet normal 0 0 1
    outer loop
      vertex -7.871418676695286 -29 3
      vertex -12.669696006638906 -20.616789181894752 3
      vertex -12.824944289445495 -20.543362212609622 3
    endloop
  endfacet
  facet normal 0 0 1
    outer loop
      vertex -7.871418676695286 -29 3
      vertex -12.507998185195309 -20.674645587531366 3
      vertex -12.669696006638906 -20.616789181894752 3
    endloop
  endfacet
  facet normal 0 0 1
    outer loop
      vertex -7.871418676695286 -29 3
      vertex -12.341408063528224 -20.716374240705655 3
      vertex -12.507998185195309 -20.674645587531366 3
    endloop
  endfacet
  facet normal 0 0 1
    outer loop
      vertex -7.871418676695286 -29 3
      vertex -12.171529995576732 -20.741573271676344 3
      vertex -12.341408063528224 -20.716374240705655 3
    endloop
  endfacet
  facet normal 0 0 1
    outer loop
      vertex -7.871418676695286 -29 3
      vertex -12 -20.75 3
      vertex -12.171529995576732 -20.741573271676344 3
    endloop
  endfacet
  facet normal 0 0 1
    outer loop
      vertex -7.871418676695286 -29 3
      vertex -11.828470004423268 -20.741573271676344 3
      vertex -12 -20.75 3
    endloop
  endfacet
  facet normal 0 0 1
    outer loop
      vertex -7.871418676695286 -29 3
      vertex -11.658591936471776 -20.716374240705655 3
      vertex -11.828470004423268 -20.741573271676344 3
    endloop
  endfacet
  facet normal 0 0 1
    outer loop
      vertex -7.871418676695286 -29 3
      vertex -11.492001814804691 -20.674645587531366 3
      vertex -11.658591936471776 -20.716374240705655 3
    endloop
  endfacet
  facet normal 0 0 1
    outer loop
      vertex -7.871418676695286 -29 3
      vertex -11.330303993361094 -20.616789181894752 3
      vertex -11.492001814804691 -20.674645587531366 3
    endloop
  endfacet
  facet normal 0 0 1
    outer loop
      vertex -7.871418676695286 -29 3
      vertex -11.175055710554505 -20.543362212609622 3
      vertex -11.330303993361094 -20.616789181894752 3
    endloop
  endfacet
  facet normal 0 0 1
    outer loop
      vertex -7.871418676695286 -29 3
      vertex -11.027752092215696 -20.455071821529454 3
      vertex -11.175055710554505 -20.543362212609622 3
    endloop
  endfacet
  facet normal 0 0 1
    outer loop
      vertex 8 -29 3
      vertex -10.258426728323656 -19.17152999557673 3
      vertex -10.283625759294347 -19.341408063528224 3
    endloop
  endfacet
  facet normal 0 0 1
    outer loop
      vertex 8 -29 3
      vertex -10.283625759294347 -19.341408063528224 3
      vertex -10.325354412468634 -19.50799818519531 3
    endloop
  endfacet
  facet normal 0 0 1
    outer loop
      vertex -7.871418676695286 -29 3
      vertex 8 -29 3
      vertex -10.325354412468634 -19.50799818519531 3
    endloop
  endfacet
  facet normal 0 0 -1
    outer loop
      vertex -12 -17.25 0
      vertex -35.65693999826908 -12.910879999399185 0
      vertex -12.2177404910326 -12.925003454089165 0
    endloop
  endfacet
  facet normal 0 0 -1
    outer loop
      vertex -12.341408063528224 -17.283625759294345 0
      vertex -12.507998185195309 -17.325354412468634 0
      vertex -35.65693999826908 -12.910879999399185 0
    endloop
  endfacet
  facet normal 0 0 -1
    outer loop
      vertex -12.171529995576732 -17.258426728323656 0
      vertex -12.341408063528224 -17.283625759294345 0
      vertex -35.65693999826908 -12.910879999399185 0
    endloop
  endfacet
  facet normal 0 0 -1
    outer loop
      vertex -12 -17.25 0
      vertex -12.171529995576732 -17.258426728323656 0
      vertex -35.65693999826908 -12.910879999399185 0
    endloop
  endfacet
  facet normal 0 0 -1
    outer loop
      vertex -35.1750557105545 -17.456637787390378 0
      vertex -12.507998185195309 -17.325354412468634 0
      vertex -12.669696006638906 -17.383210818105248 0
    endloop
  endfacet
  facet normal 0 0 -1
    outer loop
      vertex -35.1750557105545 -17.456637787390378 0
      vertex -12.824944289445495 -17.456637787390378 0
      vertex -12.972247907784304 -17.544928178470546 0
    endloop
  endfacet
  facet normal 0 0 -1
    outer loop
      vertex -35.0277520922157 -17.544928178470546 0
      vertex -12.972247907784304 -17.544928178470546 0
      vertex -13.110188247286379 -17.64723170661521 0
    endloop
  endfacet
  facet normal 0 0 -1
    outer loop
      vertex -34.76256313292354 -17.762563132923542 0
      vertex -13.237436867076458 -17.762563132923542 0
      vertex -13.35276829338479 -17.88981175271362 0
    endloop
  endfacet
  facet normal 0 0 -1
    outer loop
      vertex -34.88981175271362 -17.64723170661521 0
      vertex -13.110188247286379 -17.64723170661521 0
      vertex -13.237436867076458 -17.762563132923542 0
    endloop
  endfacet
  facet normal 0 0 -1
    outer loop
      vertex -34.64723170661521 -17.88981175271362 0
      vertex -13.35276829338479 -17.88981175271362 0
      vertex -13.455071821529454 -18.027752092215696 0
    endloop
  endfacet
  facet normal 0 0 -1
    outer loop
      vertex -34.54492817847055 -18.027752092215696 0
      vertex -13.455071821529454 -18.027752092215696 0
      vertex -13.54336221260962 -18.175055710554503 0
    endloop
  endfacet
  facet normal 0 0 -1
    outer loop
      vertex -34.45663778739038 -18.175055710554503 0
      vertex -13.54336221260962 -18.175055710554503 0
      vertex -13.616789181894752 -18.330303993361092 0
    endloop
  endfacet
  facet normal 0 0 -1
    outer loop
      vertex -34.38321081810525 -18.330303993361092 0
      vertex -13.616789181894752 -18.330303993361092 0
      vertex -13.674645587531366 -18.49200181480469 0
    endloop
  endfacet
  facet normal 0 0 -1
    outer loop
      vertex -35.1750557105545 -17.456637787390378 0
      vertex -12.669696006638906 -17.383210818105248 0
      vertex -12.824944289445495 -17.456637787390378 0
    endloop
  endfacet
  facet normal 0 0 -1
    outer loop
      vertex -13.716374240705653 -18.658591936471776 0
      vertex -34.325354412468634 -18.49200181480469 0
      vertex -13.674645587531366 -18.49200181480469 0
    endloop
  endfacet
  facet normal 0 0 -1
    outer loop
      vertex -12 -17.25 0
      vertex -12.2177404910326 -12.925003454089165 0
      vertex -12.107881233096123 -12.935050867497921 0
    endloop
  endfacet
  facet normal 0 0 -1
    outer loop
      vertex -12 -17.25 0
      vertex -12.107881233096123 -12.935050867497921 0
      vertex -11.99329999834299 -12.938400000333786 0
    endloop
  endfacet
  facet normal 0 -1 0
    outer loop
      vertex -48 -29 3
      vertex -8 -29 0
      vertex -8 -29 3
    endloop
  endfacet
  facet normal 0 0 -1
    outer loop
      vertex -48 -29 0
      vertex -13.35276829338479 -20.11018824728638 0
      vertex -8 -29 0
    endloop
  endfacet
  facet normal 0 0 -1
    outer loop
      vertex -12 -17.25 0
      vertex -11.99329999834299 -12.938400000333786 0
      vertex -11.868207655847073 -12.935034565627575 0
    endloop
  endfacet
  facet normal 0 0 -1
    outer loop
      vertex -11.828470004423268 -17.258426728323656 0
      vertex -11.868207655847073 -12.935034565627575 0
      vertex -11.749712839722633 -12.924938268959522 0
    endloop
  endfacet
  facet normal 0 0 -1
    outer loop
      vertex -11.637815557420254 -12.908111110329628 0
      vertex -11.658591936471776 -17.283625759294345 0
      vertex -11.749712839722633 -12.924938268959522 0
    endloop
  endfacet
  facet normal 0 0 -1
    outer loop
      vertex -11.433813579380512 -12.854264199733734 0
      vertex -11.658591936471776 -17.283625759294345 0
      vertex -11.532515801489353 -12.884553089737892 0
    endloop
  endfacet
  facet normal 0 0 -1
    outer loop
      vertex -11.532515801489353 -12.884553089737892 0
      vertex -11.658591936471776 -17.283625759294345 0
      vertex -11.637815557420254 -12.908111110329628 0
    endloop
  endfacet
  facet normal 0 0 -1
    outer loop
      vertex -11.828470004423268 -17.258426728323656 0
      vertex -12 -17.25 0
      vertex -11.868207655847073 -12.935034565627575 0
    endloop
  endfacet
  facet normal 0 0 -1
    outer loop
      vertex -11.828470004423268 -17.258426728323656 0
      vertex -11.749712839722633 -12.924938268959522 0
      vertex -11.658591936471776 -17.283625759294345 0
    endloop
  endfacet
  facet normal 0 0 -1
    outer loop
      vertex -11.492001814804691 -17.325354412468634 0
      vertex -11.658591936471776 -17.283625759294345 0
      vertex 12.627184443175793 -9.661887407302856 0
    endloop
  endfacet
  facet normal 0 0 -1
    outer loop
      vertex -11.330303993361094 -17.383210818105248 0
      vertex -11.492001814804691 -17.325354412468634 0
      vertex 12.627184443175793 -9.661887407302856 0
    endloop
  endfacet
  facet normal 0 0 -1
    outer loop
      vertex 12.719213582575321 -10.463426172733307 0
      vertex -11.175055710554505 -17.456637787390378 0
      vertex -11.330303993361094 -17.383210818105248 0
    endloop
  endfacet
  facet normal 0 0 -1
    outer loop
      vertex 12.719213582575321 -10.463426172733307 0
      vertex -11.027752092215696 -17.544928178470546 0
      vertex -11.175055710554505 -17.456637787390378 0
    endloop
  endfacet
  facet normal 0 0 -1
    outer loop
      vertex 12.719213582575321 -10.463426172733307 0
      vertex -10.889811752713621 -17.64723170661521 0
      vertex -11.027752092215696 -17.544928178470546 0
    endloop
  endfacet
  facet normal 0 0 -1
    outer loop
      vertex 12.719213582575321 -10.463426172733307 0
      vertex -10.762563132923542 -17.762563132923542 0
      vertex -10.889811752713621 -17.64723170661521 0
    endloop
  endfacet
  facet normal 0 0 -1
    outer loop
      vertex -10.762563132923542 -17.762563132923542 0
      vertex 10.64723170661521 -17.88981175271362 0
      vertex -10.64723170661521 -17.88981175271362 0
    endloop
  endfacet
  facet normal 0 0 -1
    outer loop
      vertex -10.64723170661521 -17.88981175271362 0
      vertex 10.544928178470546 -18.027752092215696 0
      vertex -10.544928178470546 -18.027752092215696 0
    endloop
  endfacet
  facet normal 0 0 -1
    outer loop
      vertex -10.544928178470546 -18.027752092215696 0
      vertex 10.45663778739038 -18.175055710554503 0
      vertex -10.45663778739038 -18.175055710554503 0
    endloop
  endfacet
  facet normal 0 0 -1
    outer loop
      vertex -10.45663778739038 -18.175055710554503 0
      vertex 10.383210818105248 -18.330303993361092 0
      vertex -10.383210818105248 -18.330303993361092 0
    endloop
  endfacet
  facet normal 0 0 -1
    outer loop
      vertex -10.383210818105248 -18.330303993361092 0
      vertex 10.325354412468634 -18.49200181480469 0
      vertex -10.325354412468634 -18.49200181480469 0
    endloop
  endfacet
  facet normal 0 0 -1
    outer loop
      vertex -10.325354412468634 -18.49200181480469 0
      vertex 10.283625759294347 -18.658591936471776 0
      vertex -10.283625759294347 -18.658591936471776 0
    endloop
  endfacet
  facet normal 0 0 -1
    outer loop
      vertex -10.283625759294347 -18.658591936471776 0
      vertex 10.258426728323656 -18.82847000442327 0
      vertex -10.258426728323656 -18.82847000442327 0
    endloop
  endfacet
  facet normal 0 0 -1
    outer loop
      vertex -10.258426728323656 -18.82847000442327 0
      vertex 10.25 -19 0
      vertex -10.25 -19 0
    endloop
  endfacet
  facet normal 0 0 -1
    outer loop
      vertex -10.25 -19 0
      vertex 10.258426728323656 -19.17152999557673 0
      vertex -10.258426728323656 -19.17152999557673 0
    endloop
  endfacet
  facet normal 0 0 -1
    outer loop
      vertex -10.258426728323656 -19.17152999557673 0
      vertex 10.258426728323656 -19.17152999557673 0
      vertex -10.283625759294347 -19.341408063528224 0
    endloop
  endfacet
  facet normal 0 0 -1
    outer loop
      vertex -10.283625759294347 -19.341408063528224 0
      vertex 10.258426728323656 -19.17152999557673 0
      vertex -10.325354412468634 -19.50799818519531 0
    endloop
  endfacet
  facet normal 0 0 -1
    outer loop
      vertex -11.175055710554505 -20.543362212609622 0
      vertex -11.027752092215696 -20.455071821529454 0
      vertex 10.258426728323656 -19.17152999557673 0
    endloop
  endfacet
  facet normal 0 0 -1
    outer loop
      vertex -10.889811752713621 -20.35276829338479 0
      vertex -10.762563132923542 -20.237436867076458 0
      vertex 10.258426728323656 -19.17152999557673 0
    endloop
  endfacet
  facet normal 0 0 -1
    outer loop
      vertex -11.027752092215696 -20.455071821529454 0
      vertex -10.889811752713621 -20.35276829338479 0
      vertex 10.258426728323656 -19.17152999557673 0
    endloop
  endfacet
  facet normal 0 0 -1
    outer loop
      vertex -10.325354412468634 -19.50799818519531 0
      vertex 10.258426728323656 -19.17152999557673 0
      vertex -10.383210818105248 -19.669696006638908 0
    endloop
  endfacet
  facet normal 0 0 -1
    outer loop
      vertex -10.383210818105248 -19.669696006638908 0
      vertex 10.258426728323656 -19.17152999557673 0
      vertex -10.45663778739038 -19.824944289445497 0
    endloop
  endfacet
  facet normal 0 0 -1
    outer loop
      vertex -10.45663778739038 -19.824944289445497 0
      vertex 10.258426728323656 -19.17152999557673 0
      vertex -10.544928178470546 -19.972247907784304 0
    endloop
  endfacet
  facet normal 0 0 -1
    outer loop
      vertex -10.64723170661521 -20.11018824728638 0
      vertex 10.258426728323656 -19.17152999557673 0
      vertex -10.762563132923542 -20.237436867076458 0
    endloop
  endfacet
  facet normal 0 0 -1
    outer loop
      vertex -10.544928178470546 -19.972247907784304 0
      vertex 10.258426728323656 -19.17152999557673 0
      vertex -10.64723170661521 -20.11018824728638 0
    endloop
  endfacet
  facet normal 0 0 -1
    outer loop
      vertex -8 -29 0
      vertex -13.35276829338479 -20.11018824728638 0
      vertex -13.237436867076458 -20.237436867076458 0
    endloop
  endfacet
  facet normal 0 0 -1
    outer loop
      vertex -8 -29 0
      vertex -13.237436867076458 -20.237436867076458 0
      vertex -13.110188247286379 -20.35276829338479 0
    endloop
  endfacet
  facet normal 0 0 -1
    outer loop
      vertex -8 -29 0
      vertex -13.110188247286379 -20.35276829338479 0
      vertex -12.972247907784304 -20.455071821529454 0
    endloop
  endfacet
  facet normal 0 0 -1
    outer loop
      vertex -8 -29 0
      vertex -12.972247907784304 -20.455071821529454 0
      vertex -12.824944289445495 -20.543362212609622 0
    endloop
  endfacet
  facet normal 0 0 -1
    outer loop
      vertex -8 -29 0
      vertex -12.824944289445495 -20.543362212609622 0
      vertex -12.669696006638906 -20.616789181894752 0
    endloop
  endfacet
  facet normal 0 0 -1
    outer loop
      vertex -8 -29 0
      vertex -12.669696006638906 -20.616789181894752 0
      vertex -12.507998185195309 -20.674645587531366 0
    endloop
  endfacet
  facet normal 0 0 -1
    outer loop
      vertex -8 -29 0
      vertex -12.507998185195309 -20.674645587531366 0
      vertex -12.341408063528224 -20.716374240705655 0
    endloop
  endfacet
  facet normal 0 0 -1
    outer loop
      vertex -8 -29 0
      vertex -12.341408063528224 -20.716374240705655 0
      vertex -12.171529995576732 -20.741573271676344 0
    endloop
  endfacet
  facet normal 0 0 -1
    outer loop
      vertex -8 -29 0
      vertex -12.171529995576732 -20.741573271676344 0
      vertex -12 -20.75 0
    endloop
  endfacet
  facet normal 0 0 -1
    outer loop
      vertex -8 -29 0
      vertex -12 -20.75 0
      vertex -11.828470004423268 -20.741573271676344 0
    endloop
  endfacet
  facet normal 0 0 -1
    outer loop
      vertex -8 -29 0
      vertex -11.828470004423268 -20.741573271676344 0
      vertex -11.658591936471776 -20.716374240705655 0
    endloop
  endfacet
  facet normal 0 0 -1
    outer loop
      vertex -8 -29 0
      vertex -11.658591936471776 -20.716374240705655 0
      vertex -11.492001814804691 -20.674645587531366 0
    endloop
  endfacet
  facet normal 0 0 -1
    outer loop
      vertex -8 -29 0
      vertex -11.492001814804691 -20.674645587531366 0
      vertex -11.330303993361094 -20.616789181894752 0
    endloop
  endfacet
  facet normal 0 0 -1
    outer loop
      vertex -8 -29 0
      vertex -11.330303993361094 -20.616789181894752 0
      vertex -11.175055710554505 -20.543362212609622 0
    endloop
  endfacet
  facet normal 0 0 -1
    outer loop
      vertex -8 -29 0
      vertex -11.175055710554505 -20.543362212609622 0
      vertex 10.258426728323656 -19.17152999557673 0
    endloop
  endfacet
  facet normal 0 0 1
    outer loop
      vertex -48 0.2999999999999998 3
      vertex 11.175055710554505 -17.456637787390378 3
      vertex 48 0.3 3
    endloop
  endfacet
  facet normal 0 0 1
    outer loop
      vertex 48 0.3 3
      vertex 11.330303993361094 -17.383210818105248 3
      vertex 11.492001814804691 -17.325354412468634 3
    endloop
  endfacet
  facet normal 0 0 1
    outer loop
      vertex 48 0.3 3
      vertex 11.492001814804691 -17.325354412468634 3
      vertex 11.658591936471776 -17.283625759294345 3
    endloop
  endfacet
  facet normal 0 0 1
    outer loop
      vertex 48 0.3 3
      vertex 11.658591936471776 -17.283625759294345 3
      vertex 11.828470004423268 -17.258426728323656 3
    endloop
  endfacet
  facet normal 0 0 1
    outer loop
      vertex 48 0.3 3
      vertex 11.828470004423268 -17.258426728323656 3
      vertex 12 -17.25 3
    endloop
  endfacet
  facet normal 0 0 1
    outer loop
      vertex 48 0.3 3
      vertex 11.175055710554505 -17.456637787390378 3
      vertex 11.330303993361094 -17.383210818105248 3
    endloop
  endfacet
  facet normal 0 0 -1
    outer loop
      vertex -48 0.3 0
      vertex 48 0.2999999999999998 0
      vertex 12.139069877564907 -9.037023209035397 0
    endloop
  endfacet
  facet normal 0 0 -1
    outer loop
      vertex -10.734700001776218 -9.059519998729229 0
      vertex 10.937816046178341 -9.423926912248135 0
      vertex 10.878291107714176 -9.497582219541073 0
    endloop
  endfacet
  facet normal 0 0 -1
    outer loop
      vertex -10.734700001776218 -9.059519998729229 0
      vertex 11.004272349178791 -9.356466174125671 0
      vertex 10.937816046178341 -9.423926912248135 0
    endloop
  endfacet
  facet normal 0 0 -1
    outer loop
      vertex -10.734700001776218 -9.47451999783516 0
      vertex 10.878291107714176 -9.497582219541073 0
      vertex 10.825697533786297 -9.577432096004486 0
    endloop
  endfacet
  facet normal 0 0 -1
    outer loop
      vertex -10.734700001776218 -9.059519998729229 0
      vertex 11.157410122454166 -9.24026271700859 0
      vertex 11.077660001814365 -9.295199997723103 0
    endloop
  endfacet
  facet normal 0 0 -1
    outer loop
      vertex -10.734700001776218 -9.059519998729229 0
      vertex 11.077660001814365 -9.295199997723103 0
      vertex 11.004272349178791 -9.356466174125671 0
    endloop
  endfacet
  facet normal 0 0 -1
    outer loop
      vertex -10.734700001776218 -9.059519998729229 0
      vertex 11.242953829467297 -9.191788643598557 0
      vertex 11.157410122454166 -9.24026271700859 0
    endloop
  endfacet
  facet normal 0 0 -1
    outer loop
      vertex -10.734700001776218 -9.059519998729229 0
      vertex 11.334291107952595 -9.149777777493 0
      vertex 11.242953829467297 -9.191788643598557 0
    endloop
  endfacet
  facet normal 0 0 -1
    outer loop
      vertex -10.734700001776218 -9.059519998729229 0
      vertex 11.431421972811222 -9.114230126142502 0
      vertex 11.334291107952595 -9.149777777493 0
    endloop
  endfacet
  facet normal 0 0 -1
    outer loop
      vertex -10.734700001776218 -9.47451999783516 0
      vertex 10.709504939615726 -9.854149132966995 0
      vertex 10.684636786580086 -9.958777286112309 0
    endloop
  endfacet
  facet normal 0 0 -1
    outer loop
      vertex -10.734700001776218 -9.47451999783516 0
      vertex 10.825697533786297 -9.577432096004486 0
      vertex 10.780035309493542 -9.663476541638374 0
    endloop
  endfacet
  facet normal 0 0 -1
    outer loop
      vertex -10.734700001776218 -9.47451999783516 0
      vertex 10.780035309493542 -9.663476541638374 0
      vertex 10.741304442286491 -9.755715556442738 0
    endloop
  endfacet
  facet normal 0 0 -1
    outer loop
      vertex -10.734700001776218 -9.47451999783516 0
      vertex 10.741304442286491 -9.755715556442738 0
      vertex 10.709504939615726 -9.854149132966995 0
    endloop
  endfacet
  facet normal 0 0 -1
    outer loop
      vertex -10.734700001776218 -9.47451999783516 0
      vertex 10.684636786580086 -9.958777286112309 0
      vertex 10.66669999808073 -10.069600000977516 0
    endloop
  endfacet
  facet normal 0 0 -1
    outer loop
      vertex -11.433813579380512 -12.854264199733734 0
      vertex 10.66669999808073 -10.069600000977516 0
      vertex 11.171259999275208 -10.115719996392727 0
    endloop
  endfacet
  facet normal 0 0 -1
    outer loop
      vertex -11.658591936471776 -17.283625759294345 0
      vertex 11.171259999275208 -10.115719996392727 0
      vertex 12.627184443175793 -9.661887407302856 0
    endloop
  endfacet
  facet normal 0 0 -1
    outer loop
      vertex -11.330303993361094 -17.383210818105248 0
      vertex 12.666117779910564 -9.708807408809662 0
      vertex 12.699859999120235 -9.760080002248287 0
    endloop
  endfacet
  facet normal 0 0 -1
    outer loop
      vertex -11.330303993361094 -17.383210818105248 0
      vertex 12.627184443175793 -9.661887407302856 0
      vertex 12.666117779910564 -9.708807408809662 0
    endloop
  endfacet
  facet normal 0 0 -1
    outer loop
      vertex -11.330303993361094 -17.383210818105248 0
      vertex 12.699859999120235 -9.760080002248287 0
      vertex 12.728411108255386 -9.815705187618732 0
    endloop
  endfacet
  facet normal 0 0 -1
    outer loop
      vertex -11.330303993361094 -17.383210818105248 0
      vertex 12.751771114766598 -9.875682964920998 0
      vertex 12.769939996302128 -9.940013334155083 0
    endloop
  endfacet
  facet normal 0 0 -1
    outer loop
      vertex -11.330303993361094 -17.383210818105248 0
      vertex 12.728411108255386 -9.815705187618732 0
      vertex 12.751771114766598 -9.875682964920998 0
    endloop
  endfacet
  facet normal 0 0 -1
    outer loop
      vertex -11.330303993361094 -17.383210818105248 0
      vertex 12.769939996302128 -9.940013334155083 0
      vertex 12.782917775213718 -10.008696295320988 0
    endloop
  endfacet
  facet normal 0 0 -1
    outer loop
      vertex -11.330303993361094 -17.383210818105248 0
      vertex 12.782917775213718 -10.008696295320988 0
      vertex 12.790704444050789 -10.081731848418713 0
    endloop
  endfacet
  facet normal 0 0 -1
    outer loop
      vertex -11.330303993361094 -17.383210818105248 0
      vertex 12.79330000281334 -10.159120000898838 0
      vertex 12.790336541831493 -10.226744689047337 0
    endloop
  endfacet
  facet normal 0 0 -1
    outer loop
      vertex -11.330303993361094 -17.383210818105248 0
      vertex 12.790704444050789 -10.081731848418713 0
      vertex 12.79330000281334 -10.159120000898838 0
    endloop
  endfacet
  facet normal 0 0 -1
    outer loop
      vertex -11.330303993361094 -17.383210818105248 0
      vertex 12.790336541831493 -10.226744689047337 0
      vertex 12.781446173787117 -10.29098765552044 0
    endloop
  endfacet
  facet normal 0 0 -1
    outer loop
      vertex -11.330303993361094 -17.383210818105248 0
      vertex 12.76662889122963 -10.351848885416985 0
      vertex 12.745884694159031 -10.409328393638134 0
    endloop
  endfacet
  facet normal 0 0 -1
    outer loop
      vertex -11.330303993361094 -17.383210818105248 0
      vertex 12.781446173787117 -10.29098765552044 0
      vertex 12.76662889122963 -10.351848885416985 0
    endloop
  endfacet
  facet normal 0 0 -1
    outer loop
      vertex -11.330303993361094 -17.383210818105248 0
      vertex 12.745884694159031 -10.409328393638134 0
      vertex 12.719213582575321 -10.463426172733307 0
    endloop
  endfacet
  facet normal 0 0 -1
    outer loop
      vertex 12.719213582575321 -10.463426172733307 0
      vertex 11.583540000021458 -10.820960000157356 0
      vertex -10.762563132923542 -17.762563132923542 0
    endloop
  endfacet
  facet normal 0 0 -1
    outer loop
      vertex 11.38396518677473 -9.646896295249462 0
      vertex 11.584753334522247 -9.512946665287018 0
      vertex 11.307180002331734 -9.738986663520336 0
    endloop
  endfacet
  facet normal 0 0 -1
    outer loop
      vertex 11.307180002331734 -9.738986663520336 0
      vertex 11.584753334522247 -9.512946665287018 0
      vertex 11.24613407254219 -9.847820743918419 0
    endloop
  endfacet
  facet normal 0 0 -1
    outer loop
      vertex 11.38396518677473 -9.646896295249462 0
      vertex 11.476489633321762 -9.571549631655216 0
      vertex 11.584753334522247 -9.512946665287018 0
    endloop
  endfacet
  facet normal 0 0 -1
    outer loop
      vertex 11.200827404856682 -9.97339852154255 0
      vertex 11.708756297826767 -9.471087411046028 0
      vertex 11.84849851578474 -9.445971854031086 0
    endloop
  endfacet
  facet normal 0 0 -1
    outer loop
      vertex 11.708756297826767 -9.471087411046028 0
      vertex 11.200827404856682 -9.97339852154255 0
      vertex 11.584753334522247 -9.512946665287018 0
    endloop
  endfacet
  facet normal 0 0 -1
    outer loop
      vertex 11.584753334522247 -9.512946665287018 0
      vertex 11.200827404856682 -9.97339852154255 0
      vertex 11.24613407254219 -9.847820743918419 0
    endloop
  endfacet
  facet normal 0 0 -1
    outer loop
      vertex 11.200827404856682 -9.97339852154255 0
      vertex 11.84849851578474 -9.445971854031086 0
      vertex 11.171259999275208 -10.115719996392727 0
    endloop
  endfacet
  facet normal 0 0 -1
    outer loop
      vertex 12.003980003297329 -9.437600001692772 0
      vertex 11.171259999275208 -10.115719996392727 0
      vertex 11.84849851578474 -9.445971854031086 0
    endloop
  endfacet
  facet normal 0 0 -1
    outer loop
      vertex 12.083994321525097 -9.439843453466892 0
      vertex 11.171259999275208 -10.115719996392727 0
      vertex 12.003980003297329 -9.437600001692772 0
    endloop
  endfacet
  facet normal 0 0 -1
    outer loop
      vertex 12.160090617835522 -9.446573823690414 0
      vertex 11.171259999275208 -10.115719996392727 0
      vertex 12.083994321525097 -9.439843453466892 0
    endloop
  endfacet
  facet normal 0 0 -1
    outer loop
      vertex 12.232268892228603 -9.457791112363338 0
      vertex 11.171259999275208 -10.115719996392727 0
      vertex 12.160090617835522 -9.446573823690414 0
    endloop
  endfacet
  facet normal 0 0 -1
    outer loop
      vertex 12.300529137253761 -9.473495312035084 0
      vertex 11.171259999275208 -10.115719996392727 0
      vertex 12.232268892228603 -9.457791112363338 0
    endloop
  endfacet
  facet normal 0 0 -1
    outer loop
      vertex 12.364871360361576 -9.49368642270565 0
      vertex 11.171259999275208 -10.115719996392727 0
      vertex 12.300529137253761 -9.473495312035084 0
    endloop
  endfacet
  facet normal 0 0 -1
    outer loop
      vertex 12.425295554101467 -9.518364444375038 0
      vertex 11.171259999275208 -10.115719996392727 0
      vertex 12.364871360361576 -9.49368642270565 0
    endloop
  endfacet
  facet normal 0 0 -1
    outer loop
      vertex 11.583540000021458 -11.244120001792908 0
      vertex 10.73182000219822 -11.971079997718334 0
      vertex 11.583540000021458 -10.820960000157356 0
    endloop
  endfacet
  facet normal 0 0 -1
    outer loop
      vertex 10.73182000219822 -11.971079997718334 0
      vertex 11.583540000021458 -11.244120001792908 0
      vertex 11.222779996693134 -11.93308000266552 0
    endloop
  endfacet
  facet normal 0 0 -1
    outer loop
      vertex 11.222779996693134 -11.93308000266552 0
      vertex 11.583540000021458 -11.244120001792908 0
      vertex 11.232074812054634 -11.998320490121841 0
    endloop
  endfacet
  facet normal 0 0 -1
    outer loop
      vertex 11.849380001425743 -11.244120001792908 0
      vertex 11.232074812054634 -11.998320490121841 0
      vertex 11.583540000021458 -11.244120001792908 0
    endloop
  endfacet
  facet normal 0 0 -1
    outer loop
      vertex 11.849380001425743 -11.244120001792908 0
      vertex 11.24548814445734 -12.06021086126566 0
      vertex 11.232074812054634 -11.998320490121841 0
    endloop
  endfacet
  facet normal 0 0 -1
    outer loop
      vertex 12.018889136612415 -11.252760000526905 0
      vertex 11.284670367836952 -12.173941232264042 0
      vertex 11.263020001351833 -12.118751108646393 0
    endloop
  endfacet
  facet normal 0 0 -1
    outer loop
      vertex 11.24548814445734 -12.06021086126566 0
      vertex 11.849380001425743 -11.244120001792908 0
      vertex 11.263020001351833 -12.118751108646393 0
    endloop
  endfacet
  facet normal 0 0 -1
    outer loop
      vertex 12.018889136612415 -11.252760000526905 0
      vertex 11.34032666683197 -12.274271108210087 0
      vertex 11.310439258813858 -12.225781232118607 0
    endloop
  endfacet
  facet normal 0 0 -1
    outer loop
      vertex 12.018889136612415 -11.252760000526905 0
      vertex 11.310439258813858 -12.225781232118607 0
      vertex 11.284670367836952 -12.173941232264042 0
    endloop
  endfacet
  facet normal 0 0 -1
    outer loop
      vertex 12.018889136612415 -11.252760000526905 0
      vertex 11.412457033991814 -12.361200496554375 0
      vertex 11.374332591891289 -12.319410860538483 0
    endloop
  endfacet
  facet normal 0 0 -1
    outer loop
      vertex 12.018889136612415 -11.252760000526905 0
      vertex 11.374332591891289 -12.319410860538483 0
      vertex 11.34032666683197 -12.274271108210087 0
    endloop
  endfacet
  facet normal 0 0 -1
    outer loop
      vertex 11.936361730098724 -11.246279999613762 0
      vertex 11.263020001351833 -12.118751108646393 0
      vertex 11.849380001425743 -11.244120001792908 0
    endloop
  endfacet
  facet normal 0 0 -1
    outer loop
      vertex 12.018889136612415 -11.252760000526905 0
      vertex 11.263020001351833 -12.118751108646393 0
      vertex 11.936361730098724 -11.246279999613762 0
    endloop
  endfacet
  facet normal 0 0 -1
    outer loop
      vertex 12.018889136612415 -11.252760000526905 0
      vertex 11.500526174902916 -12.434370368719101 0
      vertex 11.454700000584126 -12.399640001356602 0
    endloop
  endfacet
  facet normal 0 0 -1
    outer loop
      vertex 12.018889136612415 -11.252760000526905 0
      vertex 11.454700000584126 -12.399640001356602 0
      vertex 11.412457033991814 -12.361200496554375 0
    endloop
  endfacet
  facet normal 0 0 -1
    outer loop
      vertex 12.018889136612415 -11.252760000526905 0
      vertex 11.549400247633457 -12.465014815330505 0
      vertex 11.500526174902916 -12.434370368719101 0
    endloop
  endfacet
  facet normal 0 0 -1
    outer loop
      vertex 12.018889136612415 -11.252760000526905 0
      vertex 11.714309878647327 -12.532432593405247 0
      vertex 11.656292095780373 -12.514045923948288 0
    endloop
  endfacet
  facet normal 0 0 -1
    outer loop
      vertex 12.018889136612415 -11.252760000526905 0
      vertex 11.656292095780373 -12.514045923948288 0
      vertex 11.60132221877575 -12.491573333740234 0
    endloop
  endfacet
  facet normal 0 0 -1
    outer loop
      vertex 12.018889136612415 -11.252760000526905 0
      vertex 11.60132221877575 -12.491573333740234 0
      vertex 11.549400247633457 -12.465014815330505 0
    endloop
  endfacet
  facet normal 0 0 -1
    outer loop
      vertex 12.018889136612415 -11.252760000526905 0
      vertex 11.839489132165909 -12.556948147714138 0
      vertex 11.775375552475452 -12.54673333466053 0
    endloop
  endfacet
  facet normal 0 0 -1
    outer loop
      vertex 12.018889136612415 -11.252760000526905 0
      vertex 11.775375552475452 -12.54673333466053 0
      vertex 11.714309878647327 -12.532432593405247 0
    endloop
  endfacet
  facet normal 0 0 -1
    outer loop
      vertex 12.096962220966816 -11.263559997081757 0
      vertex 11.976860001683235 -12.565119996666908 0
      vertex 11.906650617718697 -12.563077040016651 0
    endloop
  endfacet
  facet normal 0 0 -1
    outer loop
      vertex 12.018889136612415 -11.252760000526905 0
      vertex 11.906650617718697 -12.563077040016651 0
      vertex 11.839489132165909 -12.556948147714138 0
    endloop
  endfacet
  facet normal 0 0 -1
    outer loop
      vertex 12.481801725924015 -9.547529384493828 0
      vertex 11.171259999275208 -10.115719996392727 0
      vertex 12.425295554101467 -9.518364444375038 0
    endloop
  endfacet
  facet normal 0 0 -1
    outer loop
      vertex 12.53438987582922 -9.581181235611439 0
      vertex 11.171259999275208 -10.115719996392727 0
      vertex 12.481801725924015 -9.547529384493828 0
    endloop
  endfacet
  facet normal 0 0 -1
    outer loop
      vertex 12.5830599963665 -9.619319997727871 0
      vertex 11.171259999275208 -10.115719996392727 0
      vertex 12.53438987582922 -9.581181235611439 0
    endloop
  endfacet
  facet normal 0 0 -1
    outer loop
      vertex 12.627184443175793 -9.661887407302856 0
      vertex 11.171259999275208 -10.115719996392727 0
      vertex 12.5830599963665 -9.619319997727871 0
    endloop
  endfacet
  facet normal 0 0 -1
    outer loop
      vertex 12.719213582575321 -10.463426172733307 0
      vertex 11.86022000014782 -10.820960000157356 0
      vertex 11.583540000021458 -10.820960000157356 0
    endloop
  endfacet
  facet normal 0 0 -1
    outer loop
      vertex 12.719213582575321 -10.463426172733307 0
      vertex 11.958257533609867 -10.818800002336502 0
      vertex 11.86022000014782 -10.820960000157356 0
    endloop
  endfacet
  facet normal 0 0 -1
    outer loop
      vertex 12.719213582575321 -10.463426172733307 0
      vertex 12.051036790013313 -10.812320001423359 0
      vertex 11.958257533609867 -10.818800002336502 0
    endloop
  endfacet
  facet normal 0 0 -1
    outer loop
      vertex 12.719213582575321 -10.463426172733307 0
      vertex 12.220820493996143 -10.786399997770786 0
      vertex 12.138557776808739 -10.801519997417927 0
    endloop
  endfacet
  facet normal 0 0 -1
    outer loop
      vertex 12.719213582575321 -10.463426172733307 0
      vertex 12.138557776808739 -10.801519997417927 0
      vertex 12.051036790013313 -10.812320001423359 0
    endloop
  endfacet
  facet normal 0 0 -1
    outer loop
      vertex 12.719213582575321 -10.463426172733307 0
      vertex 12.297824941575527 -10.766960002481937 0
      vertex 12.220820493996143 -10.786399997770786 0
    endloop
  endfacet
  facet normal 0 0 -1
    outer loop
      vertex 12.6866155564785 -10.514142222702503 0
      vertex 12.36957111209631 -10.743199996650219 0
      vertex 12.297824941575527 -10.766960002481937 0
    endloop
  endfacet
  facet normal 0 0 -1
    outer loop
      vertex 12.36957111209631 -10.743199996650219 0
      vertex 12.648090615868568 -10.561476543545723 0
      vertex 12.436059013009071 -10.715120002627373 0
    endloop
  endfacet
  facet normal 0 0 -1
    outer loop
      vertex 12.436059013009071 -10.715120002627373 0
      vertex 12.603638768196106 -10.605429135262966 0
      vertex 12.497288644313812 -10.682719998061657 0
    endloop
  endfacet
  facet normal 0 0 -1
    outer loop
      vertex 12.497288644313812 -10.682719998061657 0
      vertex 12.603638768196106 -10.605429135262966 0
      vertex 12.553259998559952 -10.645999997854233 0
    endloop
  endfacet
  facet normal 0 0 -1
    outer loop
      vertex 12.719213582575321 -10.463426172733307 0
      vertex 12.6866155564785 -10.514142222702503 0
      vertex 12.297824941575527 -10.766960002481937 0
    endloop
  endfacet
  facet normal 0 0 -1
    outer loop
      vertex 12.6866155564785 -10.514142222702503 0
      vertex 12.648090615868568 -10.561476543545723 0
      vertex 12.36957111209631 -10.743199996650219 0
    endloop
  endfacet
  facet normal 0 0 -1
    outer loop
      vertex 12.603638768196106 -10.605429135262966 0
      vertex 12.436059013009071 -10.715120002627373 0
      vertex 12.648090615868568 -10.561476543545723 0
    endloop
  endfacet
  facet normal 0 0 -1
    outer loop
      vertex 12.487471356987953 -11.02530024945736 0
      vertex 12.394579999148846 -11.048799999058247 0
      vertex 12.394579999148846 -11.03796000033617 0
    endloop
  endfacet
  facet normal 0 0 -1
    outer loop
      vertex 12.487471356987953 -11.02530024945736 0
      vertex 12.479086175560951 -11.068713583052158 0
      vertex 12.394579999148846 -11.048799999058247 0
    endloop
  endfacet
  facet normal 0 0 -1
    outer loop
      vertex 12.479086175560951 -11.068713583052158 0
      vertex 12.487471356987953 -11.02530024945736 0
      vertex 12.575674317777157 -11.007818765938282 0
    endloop
  endfacet
  facet normal 0 0 -1
    outer loop
      vertex 12.479086175560951 -11.068713583052158 0
      vertex 12.575674317777157 -11.007818765938282 0
      vertex 12.559004694223404 -11.09227654337883 0
    endloop
  endfacet
  facet normal 0 0 -1
    outer loop
      vertex 12.659188888967037 -10.985515557229519 0
      vertex 12.559004694223404 -11.09227654337883 0
      vertex 12.575674317777157 -11.007818765938282 0
    endloop
  endfacet
  facet normal 0 0 -1
    outer loop
      vertex 12.659188888967037 -10.985515557229519 0
      vertex 12.634335555136204 -11.119488887488842 0
      vertex 12.559004694223404 -11.09227654337883 0
    endloop
  endfacet
  facet normal 0 0 -1
    outer loop
      vertex 12.634335555136204 -11.119488887488842 0
      vertex 12.659188888967037 -10.985515557229519 0
      vertex 12.738015063107014 -10.95839061588049 0
    endloop
  endfacet
  facet normal 0 0 -1
    outer loop
      vertex 12.634335555136204 -11.119488887488842 0
      vertex 12.738015063107014 -10.95839061588049 0
      vertex 12.705078765749931 -11.150350615382195 0
    endloop
  endfacet
  facet normal 0 0 -1
    outer loop
      vertex 12.471859999001026 -11.41907999664545 0
      vertex 12.649269878864288 -11.65491209924221 0
      vertex 12.420512840151787 -11.382359996438026 0
    endloop
  endfacet
  facet normal 0 0 -1
    outer loop
      vertex 13.006435804069042 -10.801673583686352 0
      vertex 12.942175060510635 -11.310291357338428 0
      vertex 12.9463632106781 -10.848085433244705 0
    endloop
  endfacet
  facet normal 0 0 -1
    outer loop
      vertex 13.06182000041008 -10.750440001487732 0
      vertex 12.98997999727726 -11.359399996697903 0
      vertex 13.006435804069042 -10.801673583686352 0
    endloop
  endfacet
  facet normal 0 0 -1
    outer loop
      vertex 13.111921727657318 -10.695254817605019 0
      vertex 13.032962717115879 -11.412024691700935 0
      vertex 13.06182000041008 -10.750440001487732 0
    endloop
  endfacet
  facet normal 0 0 -1
    outer loop
      vertex 12.812152840197086 -10.926443949341774 0
      vertex 12.705078765749931 -11.150350615382195 0
      vertex 12.738015063107014 -10.95839061588049 0
    endloop
  endfacet
  facet normal 0 0 -1
    outer loop
      vertex 12.881602220237255 -10.889675557613373 0
      vertex 12.832802221179008 -11.223022222518921 0
      vertex 12.812152840197086 -10.926443949341774 0
    endloop
  endfacet
  facet normal 0 0 -1
    outer loop
      vertex 12.812152840197086 -10.926443949341774 0
      vertex 12.771234318614006 -11.184861727058887 0
      vertex 12.705078765749931 -11.150350615382195 0
    endloop
  endfacet
  facet normal 0 0 -1
    outer loop
      vertex 12.771234318614006 -11.184861727058887 0
      vertex 12.812152840197086 -10.926443949341774 0
      vertex 12.832802221179008 -11.223022222518921 0
    endloop
  endfacet
  facet normal 0 0 -1
    outer loop
      vertex 12.9463632106781 -10.848085433244705 0
      vertex 12.889782465994358 -11.264832101762295 0
      vertex 12.881602220237255 -10.889675557613373 0
    endloop
  endfacet
  facet normal 0 0 -1
    outer loop
      vertex 12.832802221179008 -11.223022222518921 0
      vertex 12.881602220237255 -10.889675557613373 0
      vertex 12.889782465994358 -11.264832101762295 0
    endloop
  endfacet
  facet normal 0 0 -1
    outer loop
      vertex 12.889782465994358 -11.264832101762295 0
      vertex 12.9463632106781 -10.848085433244705 0
      vertex 12.942175060510635 -11.310291357338428 0
    endloop
  endfacet
  facet normal 0 0 -1
    outer loop
      vertex 12.942175060510635 -11.310291357338428 0
      vertex 13.006435804069042 -10.801673583686352 0
      vertex 12.98997999727726 -11.359399996697903 0
    endloop
  endfacet
  facet normal 0 0 -1
    outer loop
      vertex 12.98997999727726 -11.359399996697903 0
      vertex 13.06182000041008 -10.750440001487732 0
      vertex 13.032962717115879 -11.412024691700935 0
    endloop
  endfacet
  facet normal 0 0 -1
    outer loop
      vertex 13.032962717115879 -11.412024691700935 0
      vertex 13.111921727657318 -10.695254817605019 0
      vertex 13.070888638496399 -11.468032099306583 0
    endloop
  endfacet
  facet normal 0 0 -1
    outer loop
      vertex 12.096962220966816 -11.263559997081757 0
      vertex 11.906650617718697 -12.563077040016651 0
      vertex 12.018889136612415 -11.252760000526905 0
    endloop
  endfacet
  facet normal 0 0 -1
    outer loop
      vertex 12.239745430648327 -11.298119999468327 0
      vertex 12.68403135985136 -12.03310864418745 0
      vertex 12.170580990612507 -11.278679996728897 0
    endloop
  endfacet
  facet normal 0 0 -1
    outer loop
      vertex 12.170580990612507 -11.278679996728897 0
      vertex 12.672895558178425 -12.093271113932133 0
      vertex 12.096962220966816 -11.263559997081757 0
    endloop
  endfacet
  facet normal 0 0 -1
    outer loop
      vertex 12.364711359143257 -11.349959999322891 0
      vertex 12.69293999671936 -11.903240002691746 0
      vertex 12.304455555975437 -11.321879997849464 0
    endloop
  endfacet
  facet normal 0 0 -1
    outer loop
      vertex 12.304455555975437 -11.321879997849464 0
      vertex 12.690712839365005 -11.969764940440655 0
      vertex 12.239745430648327 -11.298119999468327 0
    endloop
  endfacet
  facet normal 0 0 -1
    outer loop
      vertex 12.51825950294733 -11.459617286920547 0
      vertex 12.649269878864288 -11.65491209924221 0
      vertex 12.471859999001026 -11.41907999664545 0
    endloop
  endfacet
  facet normal 0 0 -1
    outer loop
      vertex 12.420512840151787 -11.382359996438026 0
      vertex 12.690210618078709 -11.836186170578003 0
      vertex 12.364711359143257 -11.349959999322891 0
    endloop
  endfacet
  facet normal 0 0 -1
    outer loop
      vertex 12.559200249612331 -11.50346913933754 0
      vertex 12.649269878864288 -11.65491209924221 0
      vertex 12.51825950294733 -11.459617286920547 0
    endloop
  endfacet
  facet normal 0 0 -1
    outer loop
      vertex 12.594682224094868 -11.550635553896427 0
      vertex 12.62470543384552 -11.601116545498371 0
      vertex 12.649269878864288 -11.65491209924221 0
    endloop
  endfacet
  facet normal 0 0 -1
    outer loop
      vertex 12.594682224094868 -11.550635553896427 0
      vertex 12.649269878864288 -11.65491209924221 0
      vertex 12.559200249612331 -11.50346913933754 0
    endloop
  endfacet
  facet normal 0 0 -1
    outer loop
      vertex 12.420512840151787 -11.382359996438026 0
      vertex 12.649269878864288 -11.65491209924221 0
      vertex 12.668375559151173 -11.712022222578526 0
    endloop
  endfacet
  facet normal 0 0 -1
    outer loop
      vertex 12.420512840151787 -11.382359996438026 0
      vertex 12.668375559151173 -11.712022222578526 0
      vertex 12.682022467255592 -11.772446915507317 0
    endloop
  endfacet
  facet normal 0 0 -1
    outer loop
      vertex 12.420512840151787 -11.382359996438026 0
      vertex 12.682022467255592 -11.772446915507317 0
      vertex 12.690210618078709 -11.836186170578003 0
    endloop
  endfacet
  facet normal 0 0 -1
    outer loop
      vertex 12.364711359143257 -11.349959999322891 0
      vertex 12.690210618078709 -11.836186170578003 0
      vertex 12.69293999671936 -11.903240002691746 0
    endloop
  endfacet
  facet normal 0 0 -1
    outer loop
      vertex 12.304455555975437 -11.321879997849464 0
      vertex 12.69293999671936 -11.903240002691746 0
      vertex 12.690712839365005 -11.969764940440655 0
    endloop
  endfacet
  facet normal 0 0 -1
    outer loop
      vertex 12.239745430648327 -11.298119999468327 0
      vertex 12.690712839365005 -11.969764940440655 0
      vertex 12.68403135985136 -12.03310864418745 0
    endloop
  endfacet
  facet normal 0 0 -1
    outer loop
      vertex 12.170580990612507 -11.278679996728897 0
      vertex 12.68403135985136 -12.03310864418745 0
      vertex 12.672895558178425 -12.093271113932133 0
    endloop
  endfacet
  facet normal 0 0 -1
    outer loop
      vertex 12.096962220966816 -11.263559997081757 0
      vertex 12.672895558178425 -12.093271113932133 0
      vertex 12.657305434346199 -12.150252342224121 0
    endloop
  endfacet
  facet normal 0 0 -1
    outer loop
      vertex 12.096962220966816 -11.263559997081757 0
      vertex 12.657305434346199 -12.150252342224121 0
      vertex 12.637260988354683 -12.204052343964577 0
    endloop
  endfacet
  facet normal 0 0 -1
    outer loop
      vertex 12.096962220966816 -11.263559997081757 0
      vertex 12.637260988354683 -12.204052343964577 0
      vertex 12.612762220203876 -12.254671111702919 0
    endloop
  endfacet
  facet normal 0 0 -1
    outer loop
      vertex 12.096962220966816 -11.263559997081757 0
      vertex 12.612762220203876 -12.254671111702919 0
      vertex 12.58380913734436 -12.302108645439148 0
    endloop
  endfacet
  facet normal 0 0 -1
    outer loop
      vertex 12.096962220966816 -11.263559997081757 0
      vertex 12.58380913734436 -12.302108645439148 0
      vertex 12.550401724874973 -12.346364937722683 0
    endloop
  endfacet
  facet normal 0 0 -1
    outer loop
      vertex 12.096962220966816 -11.263559997081757 0
      vertex 12.126139998435974 -12.55634567886591 0
      vertex 12.053659997880459 -12.562926419079304 0
    endloop
  endfacet
  facet normal 0 0 -1
    outer loop
      vertex 12.096962220966816 -11.263559997081757 0
      vertex 12.053659997880459 -12.562926419079304 0
      vertex 11.976860001683235 -12.565119996666908 0
    endloop
  endfacet
  facet normal 0 0 -1
    outer loop
      vertex 12.096962220966816 -11.263559997081757 0
      vertex 12.258139997720718 -12.530022718012333 0
      vertex 12.194300003349781 -12.545377776026726 0
    endloop
  endfacet
  facet normal 0 0 -1
    outer loop
      vertex 12.096962220966816 -11.263559997081757 0
      vertex 12.194300003349781 -12.545377776026726 0
      vertex 12.126139998435974 -12.55634567886591 0
    endloop
  endfacet
  facet normal 0 0 -1
    outer loop
      vertex 12.096962220966816 -11.263559997081757 0
      vertex 12.372859999537468 -12.486151114106178 0
      vertex 12.317659996449947 -12.51028049737215 0
    endloop
  endfacet
  facet normal 0 0 -1
    outer loop
      vertex 12.096962220966816 -11.263559997081757 0
      vertex 12.317659996449947 -12.51028049737215 0
      vertex 12.258139997720718 -12.530022718012333 0
    endloop
  endfacet
  facet normal 0 0 -1
    outer loop
      vertex 12.096962220966816 -11.263559997081757 0
      vertex 12.512539997696877 -12.387440003454685 0
      vertex 12.470299996435642 -12.424730867147446 0
    endloop
  endfacet
  facet normal 0 0 -1
    outer loop
      vertex 12.096962220966816 -11.263559997081757 0
      vertex 12.470299996435642 -12.424730867147446 0
      vertex 12.4237399995327 -12.457634568214417 0
    endloop
  endfacet
  facet normal 0 0 -1
    outer loop
      vertex 12.096962220966816 -11.263559997081757 0
      vertex 12.4237399995327 -12.457634568214417 0
      vertex 12.372859999537468 -12.486151114106178 0
    endloop
  endfacet
  facet normal 0 0 -1
    outer loop
      vertex 12.096962220966816 -11.263559997081757 0
      vertex 12.550401724874973 -12.346364937722683 0
      vertex 12.512539997696877 -12.387440003454685 0
    endloop
  endfacet
  facet normal 0 0 1
    outer loop
      vertex -10.762563132923542 -17.762563132923542 3
      vertex 10.762563132923542 -17.762563132923542 3
      vertex 10.889811752713621 -17.64723170661521 3
    endloop
  endfacet
  facet normal 0 0 1
    outer loop
      vertex -10.64723170661521 -17.88981175271362 3
      vertex 10.64723170661521 -17.88981175271362 3
      vertex 10.762563132923542 -17.762563132923542 3
    endloop
  endfacet
  facet normal 0 0 1
    outer loop
      vertex -10.544928178470546 -18.027752092215696 3
      vertex 10.544928178470546 -18.027752092215696 3
      vertex 10.64723170661521 -17.88981175271362 3
    endloop
  endfacet
  facet normal 0 0 1
    outer loop
      vertex -10.45663778739038 -18.175055710554503 3
      vertex 10.45663778739038 -18.175055710554503 3
      vertex 10.544928178470546 -18.027752092215696 3
    endloop
  endfacet
  facet normal 0 0 1
    outer loop
      vertex -10.383210818105248 -18.330303993361092 3
      vertex 10.383210818105248 -18.330303993361092 3
      vertex 10.45663778739038 -18.175055710554503 3
    endloop
  endfacet
  facet normal 0 0 1
    outer loop
      vertex -10.325354412468634 -18.49200181480469 3
      vertex 10.325354412468634 -18.49200181480469 3
      vertex 10.383210818105248 -18.330303993361092 3
    endloop
  endfacet
  facet normal 0 0 1
    outer loop
      vertex -10.283625759294347 -18.658591936471776 3
      vertex 10.283625759294347 -18.658591936471776 3
      vertex 10.325354412468634 -18.49200181480469 3
    endloop
  endfacet
  facet normal 0 0 1
    outer loop
      vertex -10.258426728323656 -18.82847000442327 3
      vertex 10.258426728323656 -18.82847000442327 3
      vertex 10.283625759294347 -18.658591936471776 3
    endloop
  endfacet
  facet normal 0 0 1
    outer loop
      vertex -10.25 -19 3
      vertex 10.25 -19 3
      vertex 10.258426728323656 -18.82847000442327 3
    endloop
  endfacet
  facet normal 0 0 1
    outer loop
      vertex -10.258426728323656 -19.17152999557673 3
      vertex 10.258426728323656 -19.17152999557673 3
      vertex 10.25 -19 3
    endloop
  endfacet
  facet normal 0 0 1
    outer loop
      vertex -10.258426728323656 -19.17152999557673 3
      vertex 10.283625759294347 -19.341408063528224 3
      vertex 10.258426728323656 -19.17152999557673 3
    endloop
  endfacet
  facet normal 0 0 1
    outer loop
      vertex -10.258426728323656 -19.17152999557673 3
      vertex 10.325354412468634 -19.50799818519531 3
      vertex 10.283625759294347 -19.341408063528224 3
    endloop
  endfacet
  facet normal 0 0 1
    outer loop
      vertex -10.258426728323656 -19.17152999557673 3
      vertex 10.383210818105248 -19.669696006638908 3
      vertex 10.325354412468634 -19.50799818519531 3
    endloop
  endfacet
  facet normal 0 0 1
    outer loop
      vertex -10.258426728323656 -19.17152999557673 3
      vertex 10.45663778739038 -19.824944289445497 3
      vertex 10.383210818105248 -19.669696006638908 3
    endloop
  endfacet
  facet normal 0 0 1
    outer loop
      vertex -10.258426728323656 -19.17152999557673 3
      vertex 10.544928178470546 -19.972247907784304 3
      vertex 10.45663778739038 -19.824944289445497 3
    endloop
  endfacet
  facet normal 0 0 1
    outer loop
      vertex -10.258426728323656 -19.17152999557673 3
      vertex 10.64723170661521 -20.11018824728638 3
      vertex 10.544928178470546 -19.972247907784304 3
    endloop
  endfacet
  facet normal 0 0 1
    outer loop
      vertex -10.258426728323656 -19.17152999557673 3
      vertex 10.762563132923542 -20.237436867076458 3
      vertex 10.64723170661521 -20.11018824728638 3
    endloop
  endfacet
  facet normal 0 0 1
    outer loop
      vertex -10.258426728323656 -19.17152999557673 3
      vertex 10.889811752713621 -20.35276829338479 3
      vertex 10.762563132923542 -20.237436867076458 3
    endloop
  endfacet
  facet normal 0 0 1
    outer loop
      vertex -10.258426728323656 -19.17152999557673 3
      vertex 11.027752092215696 -20.455071821529454 3
      vertex 10.889811752713621 -20.35276829338479 3
    endloop
  endfacet
  facet normal 0 0 1
    outer loop
      vertex -10.258426728323656 -19.17152999557673 3
      vertex 11.175055710554505 -20.543362212609622 3
      vertex 11.027752092215696 -20.455071821529454 3
    endloop
  endfacet
  facet normal 0 0 1
    outer loop
      vertex 8 -29 3
      vertex 11.175055710554505 -20.543362212609622 3
      vertex -10.258426728323656 -19.17152999557673 3
    endloop
  endfacet
  facet normal 0 0 1
    outer loop
      vertex 8 -29 3
      vertex 13.110188247286379 -20.35276829338479 3
      vertex 12.972247907784304 -20.455071821529454 3
    endloop
  endfacet
  facet normal 0 0 1
    outer loop
      vertex 8 -29 3
      vertex 13.35276829338479 -20.11018824728638 3
      vertex 13.237436867076458 -20.237436867076458 3
    endloop
  endfacet
  facet normal 0 0 1
    outer loop
      vertex 8 -29 3
      vertex 13.237436867076458 -20.237436867076458 3
      vertex 13.110188247286379 -20.35276829338479 3
    endloop
  endfacet
  facet normal 0 0 1
    outer loop
      vertex 8 -29 3
      vertex 11.330303993361094 -20.616789181894752 3
      vertex 11.175055710554505 -20.543362212609622 3
    endloop
  endfacet
  facet normal 0 0 1
    outer loop
      vertex 8 -29 3
      vertex 11.492001814804691 -20.674645587531366 3
      vertex 11.330303993361094 -20.616789181894752 3
    endloop
  endfacet
  facet normal 0 0 1
    outer loop
      vertex 8 -29 3
      vertex 11.658591936471776 -20.716374240705655 3
      vertex 11.492001814804691 -20.674645587531366 3
    endloop
  endfacet
  facet normal 0 0 1
    outer loop
      vertex 8 -29 3
      vertex 11.828470004423268 -20.741573271676344 3
      vertex 11.658591936471776 -20.716374240705655 3
    endloop
  endfacet
  facet normal 0 0 1
    outer loop
      vertex 8 -29 3
      vertex 12 -20.75 3
      vertex 11.828470004423268 -20.741573271676344 3
    endloop
  endfacet
  facet normal 0 0 1
    outer loop
      vertex 8 -29 3
      vertex 12.171529995576732 -20.741573271676344 3
      vertex 12 -20.75 3
    endloop
  endfacet
  facet normal 0 0 1
    outer loop
      vertex 8 -29 3
      vertex 12.341408063528224 -20.716374240705655 3
      vertex 12.171529995576732 -20.741573271676344 3
    endloop
  endfacet
  facet normal 0 0 1
    outer loop
      vertex 8 -29 3
      vertex 12.669696006638906 -20.616789181894752 3
      vertex 12.507998185195309 -20.674645587531366 3
    endloop
  endfacet
  facet normal 0 0 1
    outer loop
      vertex 8 -29 3
      vertex 12.507998185195309 -20.674645587531366 3
      vertex 12.341408063528224 -20.716374240705655 3
    endloop
  endfacet
  facet normal 0 0 1
    outer loop
      vertex 8 -29 3
      vertex 12.824944289445495 -20.543362212609622 3
      vertex 12.669696006638906 -20.616789181894752 3
    endloop
  endfacet
  facet normal 0 0 1
    outer loop
      vertex 8 -29 3
      vertex 12.972247907784304 -20.455071821529454 3
      vertex 12.824944289445495 -20.543362212609622 3
    endloop
  endfacet
  facet normal 0 0 1
    outer loop
      vertex 13.110188247286379 -17.64723170661521 3
      vertex 13.237436867076458 -17.762563132923542 3
      vertex 34.88981175271362 -17.64723170661521 3
    endloop
  endfacet
  facet normal 0 0 1
    outer loop
      vertex 13.237436867076458 -17.762563132923542 3
      vertex 13.35276829338479 -17.88981175271362 3
      vertex 34.76256313292354 -17.762563132923542 3
    endloop
  endfacet
  facet normal 0 0 1
    outer loop
      vertex 13.455071821529454 -18.027752092215696 3
      vertex 34.64723170661521 -17.88981175271362 3
      vertex 13.35276829338479 -17.88981175271362 3
    endloop
  endfacet
  facet normal 0 0 1
    outer loop
      vertex 13.54336221260962 -18.175055710554503 3
      vertex 34.54492817847055 -18.027752092215696 3
      vertex 13.455071821529454 -18.027752092215696 3
    endloop
  endfacet
  facet normal 0 0 1
    outer loop
      vertex 13.616789181894752 -18.330303993361092 3
      vertex 34.45663778739038 -18.175055710554503 3
      vertex 13.54336221260962 -18.175055710554503 3
    endloop
  endfacet
  facet normal 0 0 1
    outer loop
      vertex 13.674645587531366 -18.49200181480469 3
      vertex 34.38321081810525 -18.330303993361092 3
      vertex 13.616789181894752 -18.330303993361092 3
    endloop
  endfacet
  facet normal 0 0 1
    outer loop
      vertex 13.716374240705653 -18.658591936471776 3
      vertex 34.325354412468634 -18.49200181480469 3
      vertex 13.674645587531366 -18.49200181480469 3
    endloop
  endfacet
  facet normal 0 0 1
    outer loop
      vertex 8 -29 3
      vertex 48 -29 3
      vertex 13.35276829338479 -20.11018824728638 3
    endloop
  endfacet
  facet normal 0 0 -1
    outer loop
      vertex -10.762563132923542 -17.762563132923542 0
      vertex 10.73182000219822 -11.971079997718334 0
      vertex 10.747339509427547 -12.072810865938663 0
    endloop
  endfacet
  facet normal 0 0 -1
    outer loop
      vertex -10.762563132923542 -17.762563132923542 0
      vertex 10.747339509427547 -12.072810865938663 0
      vertex 10.76979135721922 -12.169452346861362 0
    endloop
  endfacet
  facet normal 0 0 -1
    outer loop
      vertex -10.762563132923542 -17.762563132923542 0
      vertex 10.76979135721922 -12.169452346861362 0
      vertex 10.799175553023815 -12.261004447937012 0
    endloop
  endfacet
  facet normal 0 0 -1
    outer loop
      vertex -10.762563132923542 -17.762563132923542 0
      vertex 10.799175553023815 -12.261004447937012 0
      vertex 10.835492096841335 -12.34746716171503 0
    endloop
  endfacet
  facet normal 0 0 -1
    outer loop
      vertex -10.762563132923542 -17.762563132923542 0
      vertex 10.835492096841335 -12.34746716171503 0
      vertex 10.87874098867178 -12.428840495646 0
    endloop
  endfacet
  facet normal 0 0 -1
    outer loop
      vertex -10.762563132923542 -17.762563132923542 0
      vertex 10.87874098867178 -12.428840495646 0
      vertex 10.928922221064568 -12.505124442279339 0
    endloop
  endfacet
  facet normal 0 0 -1
    outer loop
      vertex -10.762563132923542 -17.762563132923542 0
      vertex 10.928922221064568 -12.505124442279339 0
      vertex 10.98603580147028 -12.576319009065628 0
    endloop
  endfacet
  facet normal 0 0 -1
    outer loop
      vertex -10.762563132923542 -17.762563132923542 0
      vertex 11.583540000021458 -10.820960000157356 0
      vertex 10.73182000219822 -11.971079997718334 0
    endloop
  endfacet
  facet normal 0 0 -1
    outer loop
      vertex -10.762563132923542 -17.762563132923542 0
      vertex 11.050081729888916 -12.642424196004868 0
      vertex 11.121059998869896 -12.703440003097057 0
    endloop
  endfacet
  facet normal 0 0 -1
    outer loop
      vertex -10.762563132923542 -17.762563132923542 0
      vertex 10.98603580147028 -12.576319009065628 0
      vertex 11.050081729888916 -12.642424196004868 0
    endloop
  endfacet
  facet normal 0 0 -1
    outer loop
      vertex -10.762563132923542 -17.762563132923542 0
      vertex 11.121059998869896 -12.703440003097057 0
      vertex 11.197864934802055 -12.758662715554237 0
    endloop
  endfacet
  facet normal 0 0 -1
    outer loop
      vertex -10.762563132923542 -17.762563132923542 0
      vertex 11.197864934802055 -12.758662715554237 0
      vertex 11.027752092215696 -17.544928178470546 0
    endloop
  endfacet
  facet normal 0 0 -1
    outer loop
      vertex -10.762563132923542 -17.762563132923542 0
      vertex 10.762563132923542 -17.762563132923542 0
      vertex 10.64723170661521 -17.88981175271362 0
    endloop
  endfacet
  facet normal 0 0 -1
    outer loop
      vertex -10.762563132923542 -17.762563132923542 0
      vertex 10.889811752713621 -17.64723170661521 0
      vertex 10.762563132923542 -17.762563132923542 0
    endloop
  endfacet
  facet normal 0 0 -1
    outer loop
      vertex -10.762563132923542 -17.762563132923542 0
      vertex 11.027752092215696 -17.544928178470546 0
      vertex 10.889811752713621 -17.64723170661521 0
    endloop
  endfacet
  facet normal 0 0 -1
    outer loop
      vertex -10.64723170661521 -17.88981175271362 0
      vertex 10.64723170661521 -17.88981175271362 0
      vertex 10.544928178470546 -18.027752092215696 0
    endloop
  endfacet
  facet normal 0 0 -1
    outer loop
      vertex -10.544928178470546 -18.027752092215696 0
      vertex 10.544928178470546 -18.027752092215696 0
      vertex 10.45663778739038 -18.175055710554503 0
    endloop
  endfacet
  facet normal 0 0 -1
    outer loop
      vertex -10.45663778739038 -18.175055710554503 0
      vertex 10.45663778739038 -18.175055710554503 0
      vertex 10.383210818105248 -18.330303993361092 0
    endloop
  endfacet
  facet normal 0 0 -1
    outer loop
      vertex -10.383210818105248 -18.330303993361092 0
      vertex 10.383210818105248 -18.330303993361092 0
      vertex 10.325354412468634 -18.49200181480469 0
    endloop
  endfacet
  facet normal 0 0 -1
    outer loop
      vertex -10.325354412468634 -18.49200181480469 0
      vertex 10.325354412468634 -18.49200181480469 0
      vertex 10.283625759294347 -18.658591936471776 0
    endloop
  endfacet
  facet normal 0 0 -1
    outer loop
      vertex -10.283625759294347 -18.658591936471776 0
      vertex 10.283625759294347 -18.658591936471776 0
      vertex 10.258426728323656 -18.82847000442327 0
    endloop
  endfacet
  facet normal 0 0 -1
    outer loop
      vertex -10.258426728323656 -18.82847000442327 0
      vertex 10.258426728323656 -18.82847000442327 0
      vertex 10.25 -19 0
    endloop
  endfacet
  facet normal 0 0 -1
    outer loop
      vertex -10.25 -19 0
      vertex 10.25 -19 0
      vertex 10.258426728323656 -19.17152999557673 0
    endloop
  endfacet
  facet normal 0 0 -1
    outer loop
      vertex 11.175055710554505 -17.456637787390378 0
      vertex 11.197864934802055 -12.758662715554237 0
      vertex 11.27939086407423 -12.80738864094019 0
    endloop
  endfacet
  facet normal 0 0 -1
    outer loop
      vertex 11.36563777923584 -12.849617779254913 0
      vertex 11.175055710554505 -17.456637787390378 0
      vertex 11.27939086407423 -12.80738864094019 0
    endloop
  endfacet
  facet normal 0 0 -1
    outer loop
      vertex 11.330303993361094 -17.383210818105248 0
      vertex 11.36563777923584 -12.849617779254913 0
      vertex 11.456605680286884 -12.885350123047829 0
    endloop
  endfacet
  facet normal 0 0 -1
    outer loop
      vertex 11.492001814804691 -17.325354412468634 0
      vertex 11.456605680286884 -12.885350123047829 0
      vertex 11.552294567227364 -12.914585679769516 0
    endloop
  endfacet
  facet normal 0 0 -1
    outer loop
      vertex 11.658591936471776 -17.283625759294345 0
      vertex 11.552294567227364 -12.914585679769516 0
      vertex 11.652704447507858 -12.937324441969395 0
    endloop
  endfacet
  facet normal 0 0 -1
    outer loop
      vertex 11.658591936471776 -17.283625759294345 0
      vertex 11.652704447507858 -12.937324441969395 0
      vertex 11.757835306227207 -12.953566417098045 0
    endloop
  endfacet
  facet normal 0 0 -1
    outer loop
      vertex 11.982260003685951 -12.966559998691082 0
      vertex 11.828470004423268 -17.258426728323656 0
      vertex 11.867687158286572 -12.963311605155468 0
    endloop
  endfacet
  facet normal 0 0 -1
    outer loop
      vertex 11.828470004423268 -17.258426728323656 0
      vertex 11.757835306227207 -12.953566417098045 0
      vertex 11.867687158286572 -12.963311605155468 0
    endloop
  endfacet
  facet normal 0 0 -1
    outer loop
      vertex 11.175055710554505 -17.456637787390378 0
      vertex 11.027752092215696 -17.544928178470546 0
      vertex 11.197864934802055 -12.758662715554237 0
    endloop
  endfacet
  facet normal 0 0 -1
    outer loop
      vertex 11.330303993361094 -17.383210818105248 0
      vertex 11.175055710554505 -17.456637787390378 0
      vertex 11.36563777923584 -12.849617779254913 0
    endloop
  endfacet
  facet normal 0 0 -1
    outer loop
      vertex 11.492001814804691 -17.325354412468634 0
      vertex 11.330303993361094 -17.383210818105248 0
      vertex 11.456605680286884 -12.885350123047829 0
    endloop
  endfacet
  facet normal 0 0 -1
    outer loop
      vertex 11.658591936471776 -17.283625759294345 0
      vertex 11.492001814804691 -17.325354412468634 0
      vertex 11.552294567227364 -12.914585679769516 0
    endloop
  endfacet
  facet normal 0 0 -1
    outer loop
      vertex 11.828470004423268 -17.258426728323656 0
      vertex 11.658591936471776 -17.283625759294345 0
      vertex 11.757835306227207 -12.953566417098045 0
    endloop
  endfacet
  facet normal 0 0 -1
    outer loop
      vertex 12 -17.25 0
      vertex 11.828470004423268 -17.258426728323656 0
      vertex 11.982260003685951 -12.966559998691082 0
    endloop
  endfacet
  facet normal 0 0 -1
    outer loop
      vertex -8 -29 0
      vertex 10.258426728323656 -19.17152999557673 0
      vertex 10.283625759294347 -19.341408063528224 0
    endloop
  endfacet
  facet normal 0 0 -1
    outer loop
      vertex -8 -29 0
      vertex 10.283625759294347 -19.341408063528224 0
      vertex 10.325354412468634 -19.50799818519531 0
    endloop
  endfacet
  facet normal 0 0 -1
    outer loop
      vertex -8 -29 0
      vertex 10.325354412468634 -19.50799818519531 0
      vertex 8 -29 0
    endloop
  endfacet
  facet normal 0 0 -1
    outer loop
      vertex 8 -29 0
      vertex 10.325354412468634 -19.50799818519531 0
      vertex 10.383210818105248 -19.669696006638908 0
    endloop
  endfacet
  facet normal 0 0 -1
    outer loop
      vertex 8 -29 0
      vertex 10.383210818105248 -19.669696006638908 0
      vertex 10.45663778739038 -19.824944289445497 0
    endloop
  endfacet
  facet normal 0 0 -1
    outer loop
      vertex 8 -29 0
      vertex 10.45663778739038 -19.824944289445497 0
      vertex 10.544928178470546 -19.972247907784304 0
    endloop
  endfacet
  facet normal 0 0 -1
    outer loop
      vertex 8 -29 0
      vertex 10.544928178470546 -19.972247907784304 0
      vertex 10.64723170661521 -20.11018824728638 0
    endloop
  endfacet
  facet normal 0 0 -1
    outer loop
      vertex 8 -29 0
      vertex 10.64723170661521 -20.11018824728638 0
      vertex 10.762563132923542 -20.237436867076458 0
    endloop
  endfacet
  facet normal 0 0 -1
    outer loop
      vertex 8 -29 0
      vertex 10.762563132923542 -20.237436867076458 0
      vertex 10.889811752713621 -20.35276829338479 0
    endloop
  endfacet
  facet normal 0 0 -1
    outer loop
      vertex 8 -29 0
      vertex 10.889811752713621 -20.35276829338479 0
      vertex 11.027752092215696 -20.455071821529454 0
    endloop
  endfacet
  facet normal 0 0 -1
    outer loop
      vertex 8 -29 0
      vertex 11.027752092215696 -20.455071821529454 0
      vertex 11.175055710554505 -20.543362212609622 0
    endloop
  endfacet
  facet normal 0 0 -1
    outer loop
      vertex 8 -29 0
      vertex 11.175055710554505 -20.543362212609622 0
      vertex 11.330303993361094 -20.616789181894752 0
    endloop
  endfacet
  facet normal 0 0 -1
    outer loop
      vertex 8 -29 0
      vertex 11.330303993361094 -20.616789181894752 0
      vertex 11.492001814804691 -20.674645587531366 0
    endloop
  endfacet
  facet normal 0 0 -1
    outer loop
      vertex 8 -29 0
      vertex 11.492001814804691 -20.674645587531366 0
      vertex 11.658591936471776 -20.716374240705655 0
    endloop
  endfacet
  facet normal 0 0 -1
    outer loop
      vertex 8 -29 0
      vertex 11.658591936471776 -20.716374240705655 0
      vertex 11.828470004423268 -20.741573271676344 0
    endloop
  endfacet
  facet normal 0 0 -1
    outer loop
      vertex 8 -29 0
      vertex 11.828470004423268 -20.741573271676344 0
      vertex 12 -20.75 0
    endloop
  endfacet
  facet normal 0 0 -1
    outer loop
      vertex 8 -29 0
      vertex 12 -20.75 0
      vertex 12.171529995576732 -20.741573271676344 0
    endloop
  endfacet
  facet normal 0 0 -1
    outer loop
      vertex 8 -29 0
      vertex 12.171529995576732 -20.741573271676344 0
      vertex 12.341408063528224 -20.716374240705655 0
    endloop
  endfacet
  facet normal 0 0 -1
    outer loop
      vertex 8 -29 0
      vertex 12.507998185195309 -20.674645587531366 0
      vertex 12.669696006638906 -20.616789181894752 0
    endloop
  endfacet
  facet normal 0 0 -1
    outer loop
      vertex 8 -29 0
      vertex 12.341408063528224 -20.716374240705655 0
      vertex 12.507998185195309 -20.674645587531366 0
    endloop
  endfacet
  facet normal 0 0 -1
    outer loop
      vertex 8 -29 0
      vertex 12.669696006638906 -20.616789181894752 0
      vertex 12.824944289445495 -20.543362212609622 0
    endloop
  endfacet
  facet normal 0 0 -1
    outer loop
      vertex 12 -17.25 0
      vertex 11.982260003685951 -12.966559998691082 0
      vertex 12.106890618801117 -12.963261231780052 0
    endloop
  endfacet
  facet normal 0 0 -1
    outer loop
      vertex 12.171529995576732 -17.258426728323656 0
      vertex 12.106890618801117 -12.963261231780052 0
      vertex 12.225191354751587 -12.953364938497543 0
    endloop
  endfacet
  facet normal 0 0 -1
    outer loop
      vertex 12.171529995576732 -17.258426728323656 0
      vertex 12.225191354751587 -12.953364938497543 0
      vertex 12.337162218987942 -12.936871111392975 0
    endloop
  endfacet
  facet normal 0 0 -1
    outer loop
      vertex 12.341408063528224 -17.283625759294345 0
      vertex 12.337162218987942 -12.936871111392975 0
      vertex 12.442803211510181 -12.913779750466347 0
    endloop
  endfacet
  facet normal 0 0 -1
    outer loop
      vertex 12.341408063528224 -17.283625759294345 0
      vertex 12.442803211510181 -12.913779750466347 0
      vertex 12.542114317417145 -12.88409086316824 0
    endloop
  endfacet
  facet normal 0 0 -1
    outer loop
      vertex 12.341408063528224 -17.283625759294345 0
      vertex 12.542114317417145 -12.88409086316824 0
      vertex 12.635095559060574 -12.847804442048073 0
    endloop
  endfacet
  facet normal 0 0 -1
    outer loop
      vertex 12.341408063528224 -17.283625759294345 0
      vertex 12.721746914088726 -12.804920494556427 0
      vertex 12.802068397402763 -12.755439013242722 0
    endloop
  endfacet
  facet normal 0 0 -1
    outer loop
      vertex 12.341408063528224 -17.283625759294345 0
      vertex 12.635095559060574 -12.847804442048073 0
      vertex 12.721746914088726 -12.804920494556427 0
    endloop
  endfacet
  facet normal 0 0 -1
    outer loop
      vertex 12.341408063528224 -17.283625759294345 0
      vertex 12.876060001552105 -12.699359998106956 0
      vertex 12.94295185059309 -12.637395553290844 0
    endloop
  endfacet
  facet normal 0 0 -1
    outer loop
      vertex 12.341408063528224 -17.283625759294345 0
      vertex 12.802068397402763 -12.755439013242722 0
      vertex 12.876060001552105 -12.699359998106956 0
    endloop
  endfacet
  facet normal 0 0 -1
    outer loop
      vertex 12.341408063528224 -17.283625759294345 0
      vertex 13.15936666727066 -12.249706663191319 0
      vertex 13.179040737450123 -12.156595557928085 0
    endloop
  endfacet
  facet normal 0 0 -1
    outer loop
      vertex 12.341408063528224 -17.283625759294345 0
      vertex 13.05312666296959 -12.497893333435059 0
      vertex 13.096409626305103 -12.420355558395386 0
    endloop
  endfacet
  facet normal 0 0 -1
    outer loop
      vertex 12.341408063528224 -17.283625759294345 0
      vertex 13.13182296603918 -12.337626665830612 0
      vertex 13.15936666727066 -12.249706663191319 0
    endloop
  endfacet
  facet normal 0 0 -1
    outer loop
      vertex 12.341408063528224 -17.283625759294345 0
      vertex 13.096409626305103 -12.420355558395386 0
      vertex 13.13182296603918 -12.337626665830612 0
    endloop
  endfacet
  facet normal 0 0 -1
    outer loop
      vertex 12.341408063528224 -17.283625759294345 0
      vertex 13.001974076032639 -12.570239998400211 0
      vertex 13.05312666296959 -12.497893333435059 0
    endloop
  endfacet
  facet normal 0 0 -1
    outer loop
      vertex 12.341408063528224 -17.283625759294345 0
      vertex 12.94295185059309 -12.637395553290844 0
      vertex 13.001974076032639 -12.570239998400211 0
    endloop
  endfacet
  facet normal 0 0 -1
    outer loop
      vertex 12.171529995576732 -17.258426728323656 0
      vertex 12 -17.25 0
      vertex 12.106890618801117 -12.963261231780052 0
    endloop
  endfacet
  facet normal 0 0 -1
    outer loop
      vertex 12.341408063528224 -17.283625759294345 0
      vertex 12.171529995576732 -17.258426728323656 0
      vertex 12.337162218987942 -12.936871111392975 0
    endloop
  endfacet
  facet normal 0 0 -1
    outer loop
      vertex 8 -29 0
      vertex 12.824944289445495 -20.543362212609622 0
      vertex 48 0.2999999999999998 0
    endloop
  endfacet
  facet normal 0 -1 0
    outer loop
      vertex 8 -29 3
      vertex 8 -29 0
      vertex 48 -29 0
    endloop
  endfacet
  facet normal 0 0 1
    outer loop
      vertex 48 0.3 3
      vertex 12 -17.25 3
      vertex 12.171529995576732 -17.258426728323656 3
    endloop
  endfacet
  facet normal 0 0 1
    outer loop
      vertex 48 0.3 3
      vertex 12.171529995576732 -17.258426728323656 3
      vertex 12.341408063528224 -17.283625759294345 3
    endloop
  endfacet
  facet normal 0 0 1
    outer loop
      vertex 48 0.3 3
      vertex 12.341408063528224 -17.283625759294345 3
      vertex 12.507998185195309 -17.325354412468634 3
    endloop
  endfacet
  facet normal 0 0 1
    outer loop
      vertex 48 0.3 3
      vertex 12.507998185195309 -17.325354412468634 3
      vertex 12.669696006638906 -17.383210818105248 3
    endloop
  endfacet
  facet normal 0 0 1
    outer loop
      vertex 48 0.3 3
      vertex 12.669696006638906 -17.383210818105248 3
      vertex 12.824944289445495 -17.456637787390378 3
    endloop
  endfacet
  facet normal 0 0 1
    outer loop
      vertex 48 0.3 3
      vertex 12.824944289445495 -17.456637787390378 3
      vertex 12.972247907784304 -17.544928178470546 3
    endloop
  endfacet
  facet normal 0 0 1
    outer loop
      vertex 48 0.3 3
      vertex 12.972247907784304 -17.544928178470546 3
      vertex 13.110188247286379 -17.64723170661521 3
    endloop
  endfacet
  facet normal 0 0 1
    outer loop
      vertex 48 0.3 3
      vertex 13.110188247286379 -17.64723170661521 3
      vertex 34.88981175271362 -17.64723170661521 3
    endloop
  endfacet
  facet normal 0 0 1
    outer loop
      vertex 48 0.3 3
      vertex 35.33030399336109 -17.383210818105248 3
      vertex 35.49200181480469 -17.325354412468634 3
    endloop
  endfacet
  facet normal 0 0 1
    outer loop
      vertex 48 0.3 3
      vertex 35.49200181480469 -17.325354412468634 3
      vertex 35.65859193647177 -17.283625759294345 3
    endloop
  endfacet
  facet normal 0 0 1
    outer loop
      vertex 48 0.3 3
      vertex 35.65859193647177 -17.283625759294345 3
      vertex 35.82847000442327 -17.258426728323656 3
    endloop
  endfacet
  facet normal 0 0 1
    outer loop
      vertex 48 0.3 3
      vertex 35.82847000442327 -17.258426728323656 3
      vertex 36 -17.25 3
    endloop
  endfacet
  facet normal 0 0 1
    outer loop
      vertex 48 0.3 3
      vertex 36 -17.25 3
      vertex 36.17152999557673 -17.258426728323656 3
    endloop
  endfacet
  facet normal 0 0 1
    outer loop
      vertex 48 0.3 3
      vertex 36.17152999557673 -17.258426728323656 3
      vertex 36.34140806352823 -17.283625759294345 3
    endloop
  endfacet
  facet normal 0 0 1
    outer loop
      vertex 48 0.3 3
      vertex 36.34140806352823 -17.283625759294345 3
      vertex 36.50799818519531 -17.325354412468634 3
    endloop
  endfacet
  facet normal 0 0 1
    outer loop
      vertex 48 0.3 3
      vertex 36.50799818519531 -17.325354412468634 3
      vertex 36.66969600663891 -17.383210818105248 3
    endloop
  endfacet
  facet normal 0 0 1
    outer loop
      vertex 48 0.3 3
      vertex 34.88981175271362 -17.64723170661521 3
      vertex 35.0277520922157 -17.544928178470546 3
    endloop
  endfacet
  facet normal 0 0 1
    outer loop
      vertex 48 0.3 3
      vertex 35.0277520922157 -17.544928178470546 3
      vertex 35.1750557105545 -17.456637787390378 3
    endloop
  endfacet
  facet normal 0 0 1
    outer loop
      vertex 48 0.3 3
      vertex 35.1750557105545 -17.456637787390378 3
      vertex 35.33030399336109 -17.383210818105248 3
    endloop
  endfacet
  facet normal 0 0 1
    outer loop
      vertex 48 0.3 3
      vertex 36.66969600663891 -17.383210818105248 3
      vertex 36.8249442894455 -17.456637787390378 3
    endloop
  endfacet
  facet normal 0 0 1
    outer loop
      vertex 48 0.3 3
      vertex 36.8249442894455 -17.456637787390378 3
      vertex 36.9722479077843 -17.544928178470546 3
    endloop
  endfacet
  facet normal 0 0 1
    outer loop
      vertex 48 0.3 3
      vertex 36.9722479077843 -17.544928178470546 3
      vertex 37.11018824728638 -17.64723170661521 3
    endloop
  endfacet
  facet normal 0 0 1
    outer loop
      vertex 48 0.3 3
      vertex 37.11018824728638 -17.64723170661521 3
      vertex 37.23743686707646 -17.762563132923542 3
    endloop
  endfacet
  facet normal 0 0 1
    outer loop
      vertex 48 0.3 3
      vertex 37.23743686707646 -17.762563132923542 3
      vertex 37.35276829338479 -17.88981175271362 3
    endloop
  endfacet
  facet normal 0 0 -1
    outer loop
      vertex 48 0.2999999999999998 0
      vertex 12.26705950498581 -9.047772839665413 0
      vertex 12.139069877564907 -9.037023209035397 0
    endloop
  endfacet
  facet normal 0 0 -1
    outer loop
      vertex 48 0.2999999999999998 0
      vertex 12.387948885560036 -9.065688885748386 0
      vertex 12.26705950498581 -9.047772839665413 0
    endloop
  endfacet
  facet normal 0 0 -1
    outer loop
      vertex 48 0.2999999999999998 0
      vertex 12.608426913619041 -9.123020246624947 0
      vertex 12.501738026738167 -9.090771354734898 0
    endloop
  endfacet
  facet normal 0 0 -1
    outer loop
      vertex 48 0.2999999999999998 0
      vertex 12.501738026738167 -9.090771354734898 0
      vertex 12.387948885560036 -9.065688885748386 0
    endloop
  endfacet
  facet normal 0 0 -1
    outer loop
      vertex 48 0.2999999999999998 0
      vertex 12.70801555365324 -9.162435553967953 0
      vertex 12.608426913619041 -9.123020246624947 0
    endloop
  endfacet
  facet normal 0 0 -1
    outer loop
      vertex 48 0.2999999999999998 0
      vertex 12.88589210063219 -9.262765429913998 0
      vertex 12.800503954291344 -9.209017284214497 0
    endloop
  endfacet
  facet normal 0 0 -1
    outer loop
      vertex 48 0.2999999999999998 0
      vertex 12.800503954291344 -9.209017284214497 0
      vertex 12.70801555365324 -9.162435553967953 0
    endloop
  endfacet
  facet normal 0 0 -1
    outer loop
      vertex 48 0.2999999999999998 0
      vertex 12.964180000126362 -9.323679998517036 0
      vertex 12.88589210063219 -9.262765429913998 0
    endloop
  endfacet
  facet normal 0 0 -1
    outer loop
      vertex 48 0.2999999999999998 0
      vertex 13.097062960267067 -9.464462220668793 0
      vertex 13.03477407246828 -9.391124442219734 0
    endloop
  endfacet
  facet normal 0 0 -1
    outer loop
      vertex 48 0.2999999999999998 0
      vertex 13.03477407246828 -9.391124442219734 0
      vertex 12.964180000126362 -9.323679998517036 0
    endloop
  endfacet
  facet normal 0 0 -1
    outer loop
      vertex 48 0.2999999999999998 0
      vertex 13.15104666352272 -9.543693333864212 0
      vertex 13.097062960267067 -9.464462220668793 0
    endloop
  endfacet
  facet normal 0 0 -1
    outer loop
      vertex 48 0.2999999999999998 0
      vertex 13.196725182235241 -9.628817774355412 0
      vertex 13.15104666352272 -9.543693333864212 0
    endloop
  endfacet
  facet normal 0 0 -1
    outer loop
      vertex 48 0.2999999999999998 0
      vertex 13.234098516404629 -9.719835557043552 0
      vertex 13.196725182235241 -9.628817774355412 0
    endloop
  endfacet
  facet normal 0 0 -1
    outer loop
      vertex 48 0.2999999999999998 0
      vertex 13.263166666030884 -9.816746667027473 0
      vertex 13.234098516404629 -9.719835557043552 0
    endloop
  endfacet
  facet normal 0 0 -1
    outer loop
      vertex 48 0.2999999999999998 0
      vertex 13.283929631114006 -9.919551111757755 0
      vertex 13.263166666030884 -9.816746667027473 0
    endloop
  endfacet
  facet normal 0 0 -1
    outer loop
      vertex 48 0.2999999999999998 0
      vertex 13.296387404203415 -10.028248891234398 0
      vertex 13.283929631114006 -9.919551111757755 0
    endloop
  endfacet
  facet normal 0 0 -1
    outer loop
      vertex 48 0.2999999999999998 0
      vertex 13.070888638496399 -11.468032099306583 0
      vertex 13.111921727657318 -10.695254817605019 0
    endloop
  endfacet
  facet normal 0 0 -1
    outer loop
      vertex 48 0.2999999999999998 0
      vertex 13.300540000200272 -10.14283999800682 0
      vertex 13.296387404203415 -10.028248891234398 0
    endloop
  endfacet
  facet normal 0 0 -1
    outer loop
      vertex 48 0.2999999999999998 0
      vertex 13.297592841088772 -10.222677037119865 0
      vertex 13.300540000200272 -10.14283999800682 0
    endloop
  endfacet
  facet normal 0 0 -1
    outer loop
      vertex 48 0.2999999999999998 0
      vertex 13.288751356303692 -10.299432590603828 0
      vertex 13.297592841088772 -10.222677037119865 0
    endloop
  endfacet
  facet normal 0 0 -1
    outer loop
      vertex 48 0.2999999999999998 0
      vertex 13.274015553295612 -10.37310666590929 0
      vertex 13.288751356303692 -10.299432590603828 0
    endloop
  endfacet
  facet normal 0 0 -1
    outer loop
      vertex 48 0.2999999999999998 0
      vertex 13.253385432064533 -10.44369925558567 0
      vertex 13.274015553295612 -10.37310666590929 0
    endloop
  endfacet
  facet normal 0 0 -1
    outer loop
      vertex 48 0.2999999999999998 0
      vertex 13.226860985159874 -10.51121036708355 0
      vertex 13.253385432064533 -10.44369925558567 0
    endloop
  endfacet
  facet normal 0 0 -1
    outer loop
      vertex 48 0.2999999999999998 0
      vertex 13.194442220032215 -10.575640000402927 0
      vertex 13.226860985159874 -10.51121036708355 0
    endloop
  endfacet
  facet normal 0 0 -1
    outer loop
      vertex 48 0.2999999999999998 0
      vertex 13.156129136681557 -10.636988148093224 0
      vertex 13.194442220032215 -10.575640000402927 0
    endloop
  endfacet
  facet normal 0 0 -1
    outer loop
      vertex 48 0.2999999999999998 0
      vertex 13.111921727657318 -10.695254817605019 0
      vertex 13.156129136681557 -10.636988148093224 0
    endloop
  endfacet
  facet normal 0 0 -1
    outer loop
      vertex 48 0.2999999999999998 0
      vertex 13.10375777631998 -11.527422219514847 0
      vertex 13.070888638496399 -11.468032099306583 0
    endloop
  endfacet
  facet normal 0 0 -1
    outer loop
      vertex 48 0.2999999999999998 0
      vertex 13.131570123136044 -11.590195059776306 0
      vertex 13.10375777631998 -11.527422219514847 0
    endloop
  endfacet
  facet normal 0 0 -1
    outer loop
      vertex 48 0.2999999999999998 0
      vertex 13.154325678944588 -11.656350620090961 0
      vertex 13.131570123136044 -11.590195059776306 0
    endloop
  endfacet
  facet normal 0 0 -1
    outer loop
      vertex 48 0.2999999999999998 0
      vertex 13.172024443745613 -11.725888885557652 0
      vertex 13.154325678944588 -11.656350620090961 0
    endloop
  endfacet
  facet normal 0 0 -1
    outer loop
      vertex 48 0.2999999999999998 0
      vertex 13.18466641753912 -11.798809878528118 0
      vertex 13.172024443745613 -11.725888885557652 0
    endloop
  endfacet
  facet normal 0 0 -1
    outer loop
      vertex 48 0.2999999999999998 0
      vertex 13.192251607775688 -11.87511357665062 0
      vertex 13.18466641753912 -11.798809878528118 0
    endloop
  endfacet
  facet normal 0 0 -1
    outer loop
      vertex 48 0.2999999999999998 0
      vertex 13.194779999554157 -11.954800002276897 0
      vertex 13.192251607775688 -11.87511357665062 0
    endloop
  endfacet
  facet normal 0 0 -1
    outer loop
      vertex 48 0.2999999999999998 0
      vertex 13.190845184028149 -12.058293335139751 0
      vertex 13.194779999554157 -11.954800002276897 0
    endloop
  endfacet
  facet normal 0 0 -1
    outer loop
      vertex 48 0.2999999999999998 0
      vertex 13.179040737450123 -12.156595557928085 0
      vertex 13.190845184028149 -12.058293335139751 0
    endloop
  endfacet
  facet normal 0 0 -1
    outer loop
      vertex 48 0.2999999999999998 0
      vertex 12.341408063528224 -17.283625759294345 0
      vertex 13.179040737450123 -12.156595557928085 0
    endloop
  endfacet
  facet normal 0 0 -1
    outer loop
      vertex 48 0.2999999999999998 0
      vertex 12.507998185195309 -17.325354412468634 0
      vertex 12.341408063528224 -17.283625759294345 0
    endloop
  endfacet
  facet normal 0 0 -1
    outer loop
      vertex 48 0.2999999999999998 0
      vertex 12.669696006638906 -17.383210818105248 0
      vertex 12.507998185195309 -17.325354412468634 0
    endloop
  endfacet
  facet normal 0 0 -1
    outer loop
      vertex 48 0.2999999999999998 0
      vertex 12.824944289445495 -17.456637787390378 0
      vertex 12.669696006638906 -17.383210818105248 0
    endloop
  endfacet
  facet normal 0 0 -1
    outer loop
      vertex 48 0.2999999999999998 0
      vertex 12.972247907784304 -17.544928178470546 0
      vertex 12.824944289445495 -17.456637787390378 0
    endloop
  endfacet
  facet normal 0 0 -1
    outer loop
      vertex 48 0.2999999999999998 0
      vertex 13.110188247286379 -17.64723170661521 0
      vertex 12.972247907784304 -17.544928178470546 0
    endloop
  endfacet
  facet normal 0 0 -1
    outer loop
      vertex 48 0.2999999999999998 0
      vertex 13.237436867076458 -17.762563132923542 0
      vertex 13.110188247286379 -17.64723170661521 0
    endloop
  endfacet
  facet normal 0 0 -1
    outer loop
      vertex 48 0.2999999999999998 0
      vertex 13.35276829338479 -17.88981175271362 0
      vertex 13.237436867076458 -17.762563132923542 0
    endloop
  endfacet
  facet normal 0 0 -1
    outer loop
      vertex 48 0.2999999999999998 0
      vertex 13.455071821529454 -18.027752092215696 0
      vertex 13.35276829338479 -17.88981175271362 0
    endloop
  endfacet
  facet normal 0 0 -1
    outer loop
      vertex 48 0.2999999999999998 0
      vertex 13.54336221260962 -18.175055710554503 0
      vertex 13.455071821529454 -18.027752092215696 0
    endloop
  endfacet
  facet normal 0 0 -1
    outer loop
      vertex 48 0.2999999999999998 0
      vertex 13.616789181894752 -18.330303993361092 0
      vertex 13.54336221260962 -18.175055710554503 0
    endloop
  endfacet
  facet normal 0 0 -1
    outer loop
      vertex 48 0.2999999999999998 0
      vertex 13.674645587531366 -18.49200181480469 0
      vertex 13.616789181894752 -18.330303993361092 0
    endloop
  endfacet
  facet normal 0 0 -1
    outer loop
      vertex 48 0.2999999999999998 0
      vertex 13.716374240705653 -18.658591936471776 0
      vertex 13.674645587531366 -18.49200181480469 0
    endloop
  endfacet
  facet normal 0 0 -1
    outer loop
      vertex 48 0.2999999999999998 0
      vertex 13.741573271676344 -18.82847000442327 0
      vertex 13.716374240705653 -18.658591936471776 0
    endloop
  endfacet
  facet normal 0 0 -1
    outer loop
      vertex 48 0.2999999999999998 0
      vertex 13.616789181894752 -19.669696006638908 0
      vertex 13.674645587531366 -19.50799818519531 0
    endloop
  endfacet
  facet normal 0 0 -1
    outer loop
      vertex 48 0.2999999999999998 0
      vertex 13.75 -19 0
      vertex 13.741573271676344 -18.82847000442327 0
    endloop
  endfacet
  facet normal 0 0 -1
    outer loop
      vertex 48 0.2999999999999998 0
      vertex 13.741573271676344 -19.17152999557673 0
      vertex 13.75 -19 0
    endloop
  endfacet
  facet normal 0 0 -1
    outer loop
      vertex 48 0.2999999999999998 0
      vertex 13.716374240705653 -19.341408063528224 0
      vertex 13.741573271676344 -19.17152999557673 0
    endloop
  endfacet
  facet normal 0 0 -1
    outer loop
      vertex 48 0.2999999999999998 0
      vertex 13.674645587531366 -19.50799818519531 0
      vertex 13.716374240705653 -19.341408063528224 0
    endloop
  endfacet
  facet normal 0 0 -1
    outer loop
      vertex 48 0.2999999999999998 0
      vertex 13.54336221260962 -19.824944289445497 0
      vertex 13.616789181894752 -19.669696006638908 0
    endloop
  endfacet
  facet normal 0 0 -1
    outer loop
      vertex 48 0.2999999999999998 0
      vertex 13.455071821529454 -19.972247907784304 0
      vertex 13.54336221260962 -19.824944289445497 0
    endloop
  endfacet
  facet normal 0 0 -1
    outer loop
      vertex 48 0.2999999999999998 0
      vertex 13.35276829338479 -20.11018824728638 0
      vertex 13.455071821529454 -19.972247907784304 0
    endloop
  endfacet
  facet normal 0 0 -1
    outer loop
      vertex 48 0.2999999999999998 0
      vertex 13.110188247286379 -20.35276829338479 0
      vertex 13.237436867076458 -20.237436867076458 0
    endloop
  endfacet
  facet normal 0 0 -1
    outer loop
      vertex 48 0.2999999999999998 0
      vertex 13.237436867076458 -20.237436867076458 0
      vertex 13.35276829338479 -20.11018824728638 0
    endloop
  endfacet
  facet normal 0 0 -1
    outer loop
      vertex 8 -29 0
      vertex 48 0.2999999999999998 0
      vertex 34.58262000232935 -9.954240001738071 0
    endloop
  endfacet
  facet normal 0 0 -1
    outer loop
      vertex 34.58262000232935 -9.954240001738071 0
      vertex 36.38374000042677 -9.088959999382496 0
      vertex 36.38374000042677 -9.954240001738071 0
    endloop
  endfacet
  facet normal 0 0 -1
    outer loop
      vertex 35.076300002634525 -10.39367999881506 0
      vertex 35.032899998128414 -10.339440003037453 0
      vertex 36.38374000042677 -10.339440003037453 0
    endloop
  endfacet
  facet normal 0 0 -1
    outer loop
      vertex 35.222779996693134 -10.594400003552437 0
      vertex 35.076300002634525 -10.39367999881506 0
      vertex 36.38374000042677 -10.339440003037453 0
    endloop
  endfacet
  facet normal 0 0 -1
    outer loop
      vertex 36.201980002224445 -12.037440001964569 0
      vertex 35.222779996693134 -10.594400003552437 0
      vertex 36.38374000042677 -10.339440003037453 0
    endloop
  endfacet
  facet normal 1 0 0
    outer loop
      vertex 48 0.3 3
      vertex 48 -29 3
      vertex 48 0.2999999999999998 0
    endloop
  endfacet
  facet normal 0 0 -1
    outer loop
      vertex 48 0.2999999999999998 0
      vertex 36.38374000042677 -9.088959999382496 0
      vertex 34.58262000232935 -9.954240001738071 0
    endloop
  endfacet
  facet normal 0 0 -1
    outer loop
      vertex 48 0.2999999999999998 0
      vertex 36.84486000239849 -9.088959999382496 0
      vertex 36.38374000042677 -9.088959999382496 0
    endloop
  endfacet
  facet normal 0 0 -1
    outer loop
      vertex 48 0.2999999999999998 0
      vertex 37.3819399997592 -9.954240001738071 0
      vertex 36.84486000239849 -9.088959999382496 0
    endloop
  endfacet
  facet normal 0 0 -1
    outer loop
      vertex 48 0.2999999999999998 0
      vertex 37.3819399997592 -10.339440003037453 0
      vertex 37.3819399997592 -9.954240001738071 0
    endloop
  endfacet
  facet normal 0 0 -1
    outer loop
      vertex 48 0.2999999999999998 0
      vertex 36.84486000239849 -12.910879999399185 0
      vertex 37.3819399997592 -10.339440003037453 0
    endloop
  endfacet
  facet normal 0 0 -1
    outer loop
      vertex 36.84486000239849 -9.088959999382496 0
      vertex 37.3819399997592 -9.954240001738071 0
      vertex 36.84486000239849 -9.954240001738071 0
    endloop
  endfacet
  facet normal 0 0 -1
    outer loop
      vertex 36.2194002494216 -12.064104691147804 0
      vertex 36.210255064070225 -12.049835063517094 0
      vertex 36.38374000042677 -10.339440003037453 0
    endloop
  endfacet
  facet normal 0 0 -1
    outer loop
      vertex 36.210255064070225 -12.049835063517094 0
      vertex 36.201980002224445 -12.037440001964569 0
      vertex 36.38374000042677 -10.339440003037453 0
    endloop
  endfacet
  facet normal 0 0 -1
    outer loop
      vertex 36.84486000239849 -10.339440003037453 0
      vertex 37.3819399997592 -10.339440003037453 0
      vertex 36.84486000239849 -12.910879999399185 0
    endloop
  endfacet
  facet normal 0 0 -1
    outer loop
      vertex 36.22941555827856 -12.080248892307281 0
      vertex 36.2194002494216 -12.064104691147804 0
      vertex 36.38374000042677 -10.339440003037453 0
    endloop
  endfacet
  facet normal 0 0 -1
    outer loop
      vertex 36.27817802131176 -12.16357135772705 0
      vertex 36.26468222588301 -12.13992889225483 0
      vertex 36.38374000042677 -10.339440003037453 0
    endloop
  endfacet
  facet normal 0 0 -1
    outer loop
      vertex 36.26468222588301 -12.13992889225483 0
      vertex 36.252056546509266 -12.118160985410213 0
      vertex 36.38374000042677 -10.339440003037453 0
    endloop
  endfacet
  facet normal 0 0 -1
    outer loop
      vertex 36.252056546509266 -12.118160985410213 0
      vertex 36.24030099064112 -12.098267652094364 0
      vertex 36.38374000042677 -10.339440003037453 0
    endloop
  endfacet
  facet normal 0 0 -1
    outer loop
      vertex 36.24030099064112 -12.098267652094364 0
      vertex 36.22941555827856 -12.080248892307281 0
      vertex 36.38374000042677 -10.339440003037453 0
    endloop
  endfacet
  facet normal 0 0 -1
    outer loop
      vertex 36.32264765352011 -12.24343604594469 0
      vertex 36.307779997587204 -12.216480001807213 0
      vertex 36.38374000042677 -10.339440003037453 0
    endloop
  endfacet
  facet normal 0 0 -1
    outer loop
      vertex 36.307779997587204 -12.216480001807213 0
      vertex 36.292543947696686 -12.189088396728039 0
      vertex 36.38374000042677 -10.339440003037453 0
    endloop
  endfacet
  facet normal 0 0 -1
    outer loop
      vertex 36.292543947696686 -12.189088396728039 0
      vertex 36.27817802131176 -12.16357135772705 0
      vertex 36.38374000042677 -10.339440003037453 0
    endloop
  endfacet
  facet normal 0 0 -1
    outer loop
      vertex 36.37288222461939 -12.337031111121178 0
      vertex 36.36604913324118 -12.323803454637527 0
      vertex 36.38374000042677 -10.339440003037453 0
    endloop
  endfacet
  facet normal 0 0 -1
    outer loop
      vertex 36.36604913324118 -12.323803454637527 0
      vertex 36.35760913789272 -12.30783012509346 0
      vertex 36.38374000042677 -10.339440003037453 0
    endloop
  endfacet
  facet normal 0 0 -1
    outer loop
      vertex 36.35760913789272 -12.30783012509346 0
      vertex 36.34756222367287 -12.289111107587814 0
      vertex 36.38374000042677 -10.339440003037453 0
    endloop
  endfacet
  facet normal 0 0 -1
    outer loop
      vertex 36.34756222367287 -12.289111107587814 0
      vertex 36.33590839803219 -12.267646417021751 0
      vertex 36.38374000042677 -10.339440003037453 0
    endloop
  endfacet
  facet normal 0 0 -1
    outer loop
      vertex 36.33590839803219 -12.267646417021751 0
      vertex 36.32264765352011 -12.24343604594469 0
      vertex 36.38374000042677 -10.339440003037453 0
    endloop
  endfacet
  facet normal 0 0 -1
    outer loop
      vertex 36.3781083971262 -12.34751308709383 0
      vertex 36.37288222461939 -12.337031111121178 0
      vertex 36.38374000042677 -10.339440003037453 0
    endloop
  endfacet
  facet normal 0 0 -1
    outer loop
      vertex 36.38374000042677 -12.360239997506142 0
      vertex 36.381727650761604 -12.355249382555485 0
      vertex 36.38374000042677 -10.339440003037453 0
    endloop
  endfacet
  facet normal 0 0 -1
    outer loop
      vertex 36.381727650761604 -12.355249382555485 0
      vertex 36.3781083971262 -12.34751308709383 0
      vertex 36.38374000042677 -10.339440003037453 0
    endloop
  endfacet
  facet normal 0 0 -1
    outer loop
      vertex 48 0.2999999999999998 0
      vertex 35.1750557105545 -17.456637787390378 0
      vertex 36.84486000239849 -12.910879999399185 0
    endloop
  endfacet
  facet normal 0 0 -1
    outer loop
      vertex 48 0.2999999999999998 0
      vertex 35.49200181480469 -17.325354412468634 0
      vertex 35.33030399336109 -17.383210818105248 0
    endloop
  endfacet
  facet normal 0 0 -1
    outer loop
      vertex 48 0.2999999999999998 0
      vertex 35.65859193647177 -17.283625759294345 0
      vertex 35.49200181480469 -17.325354412468634 0
    endloop
  endfacet
  facet normal 0 0 -1
    outer loop
      vertex 48 0.2999999999999998 0
      vertex 35.82847000442327 -17.258426728323656 0
      vertex 35.65859193647177 -17.283625759294345 0
    endloop
  endfacet
  facet normal 0 0 -1
    outer loop
      vertex 48 0.2999999999999998 0
      vertex 36 -17.25 0
      vertex 35.82847000442327 -17.258426728323656 0
    endloop
  endfacet
  facet normal 0 0 -1
    outer loop
      vertex 48 0.2999999999999998 0
      vertex 36.17152999557673 -17.258426728323656 0
      vertex 36 -17.25 0
    endloop
  endfacet
  facet normal 0 0 -1
    outer loop
      vertex 48 0.2999999999999998 0
      vertex 36.34140806352823 -17.283625759294345 0
      vertex 36.17152999557673 -17.258426728323656 0
    endloop
  endfacet
  facet normal 0 0 -1
    outer loop
      vertex 48 0.2999999999999998 0
      vertex 36.50799818519531 -17.325354412468634 0
      vertex 36.34140806352823 -17.283625759294345 0
    endloop
  endfacet
  facet normal 0 0 -1
    outer loop
      vertex 48 0.2999999999999998 0
      vertex 36.66969600663891 -17.383210818105248 0
      vertex 36.50799818519531 -17.325354412468634 0
    endloop
  endfacet
  facet normal 0 0 -1
    outer loop
      vertex 48 0.2999999999999998 0
      vertex 35.33030399336109 -17.383210818105248 0
      vertex 35.1750557105545 -17.456637787390378 0
    endloop
  endfacet
  facet normal 0 0 -1
    outer loop
      vertex 48 0.2999999999999998 0
      vertex 36.8249442894455 -17.456637787390378 0
      vertex 36.66969600663891 -17.383210818105248 0
    endloop
  endfacet
  facet normal 0 0 -1
    outer loop
      vertex 48 0.2999999999999998 0
      vertex 36.9722479077843 -17.544928178470546 0
      vertex 36.8249442894455 -17.456637787390378 0
    endloop
  endfacet
  facet normal 0 0 -1
    outer loop
      vertex 48 0.2999999999999998 0
      vertex 37.11018824728638 -17.64723170661521 0
      vertex 36.9722479077843 -17.544928178470546 0
    endloop
  endfacet
  facet normal 0 0 -1
    outer loop
      vertex 48 0.2999999999999998 0
      vertex 37.23743686707646 -17.762563132923542 0
      vertex 37.11018824728638 -17.64723170661521 0
    endloop
  endfacet
  facet normal 0 0 -1
    outer loop
      vertex 48 0.2999999999999998 0
      vertex 37.35276829338479 -17.88981175271362 0
      vertex 37.23743686707646 -17.762563132923542 0
    endloop
  endfacet
  facet normal 0 0 -1
    outer loop
      vertex 48 0.2999999999999998 0
      vertex 37.45507182152945 -18.027752092215696 0
      vertex 37.35276829338479 -17.88981175271362 0
    endloop
  endfacet
  facet normal 0 0 -1
    outer loop
      vertex 48 0.2999999999999998 0
      vertex 37.54336221260962 -18.175055710554503 0
      vertex 37.45507182152945 -18.027752092215696 0
    endloop
  endfacet
  facet normal 0 0 -1
    outer loop
      vertex 48 0.2999999999999998 0
      vertex 37.61678918189475 -18.330303993361092 0
      vertex 37.54336221260962 -18.175055710554503 0
    endloop
  endfacet
  facet normal 0 0 -1
    outer loop
      vertex 48 0.2999999999999998 0
      vertex 37.674645587531366 -18.49200181480469 0
      vertex 37.61678918189475 -18.330303993361092 0
    endloop
  endfacet
  facet normal 0 0 -1
    outer loop
      vertex 48 0.2999999999999998 0
      vertex 37.716374240705655 -18.658591936471776 0
      vertex 37.674645587531366 -18.49200181480469 0
    endloop
  endfacet
  facet normal 0 0 -1
    outer loop
      vertex 48 0.2999999999999998 0
      vertex 37.741573271676344 -18.82847000442327 0
      vertex 37.716374240705655 -18.658591936471776 0
    endloop
  endfacet
  facet normal 0 0 1
    outer loop
      vertex 13.237436867076458 -17.762563132923542 3
      vertex 34.76256313292354 -17.762563132923542 3
      vertex 34.88981175271362 -17.64723170661521 3
    endloop
  endfacet
  facet normal 0 0 1
    outer loop
      vertex 13.35276829338479 -17.88981175271362 3
      vertex 34.64723170661521 -17.88981175271362 3
      vertex 34.76256313292354 -17.762563132923542 3
    endloop
  endfacet
  facet normal 0 0 1
    outer loop
      vertex 34.64723170661521 -17.88981175271362 3
      vertex 13.455071821529454 -18.027752092215696 3
      vertex 34.54492817847055 -18.027752092215696 3
    endloop
  endfacet
  facet normal 0 0 1
    outer loop
      vertex 34.54492817847055 -18.027752092215696 3
      vertex 13.54336221260962 -18.175055710554503 3
      vertex 34.45663778739038 -18.175055710554503 3
    endloop
  endfacet
  facet normal 0 0 1
    outer loop
      vertex 34.45663778739038 -18.175055710554503 3
      vertex 13.616789181894752 -18.330303993361092 3
      vertex 34.38321081810525 -18.330303993361092 3
    endloop
  endfacet
  facet normal 0 0 1
    outer loop
      vertex 34.38321081810525 -18.330303993361092 3
      vertex 13.674645587531366 -18.49200181480469 3
      vertex 34.325354412468634 -18.49200181480469 3
    endloop
  endfacet
  facet normal 0 0 1
    outer loop
      vertex 13.716374240705653 -18.658591936471776 3
      vertex 34.283625759294345 -18.658591936471776 3
      vertex 34.325354412468634 -18.49200181480469 3
    endloop
  endfacet
  facet normal 0 0 1
    outer loop
      vertex 13.716374240705653 -18.658591936471776 3
      vertex 34.258426728323656 -18.82847000442327 3
      vertex 34.283625759294345 -18.658591936471776 3
    endloop
  endfacet
  facet normal 0 0 1
    outer loop
      vertex 13.716374240705653 -18.658591936471776 3
      vertex 34.25 -19 3
      vertex 34.258426728323656 -18.82847000442327 3
    endloop
  endfacet
  facet normal 0 0 1
    outer loop
      vertex 13.716374240705653 -18.658591936471776 3
      vertex 34.258426728323656 -19.17152999557673 3
      vertex 34.25 -19 3
    endloop
  endfacet
  facet normal 0 0 1
    outer loop
      vertex 13.716374240705653 -18.658591936471776 3
      vertex 34.283625759294345 -19.341408063528224 3
      vertex 34.258426728323656 -19.17152999557673 3
    endloop
  endfacet
  facet normal 0 0 1
    outer loop
      vertex 13.716374240705653 -18.658591936471776 3
      vertex 34.325354412468634 -19.50799818519531 3
      vertex 34.283625759294345 -19.341408063528224 3
    endloop
  endfacet
  facet normal 0 0 1
    outer loop
      vertex 13.716374240705653 -18.658591936471776 3
      vertex 34.38321081810525 -19.669696006638908 3
      vertex 34.325354412468634 -19.50799818519531 3
    endloop
  endfacet
  facet normal 0 0 1
    outer loop
      vertex 13.716374240705653 -18.658591936471776 3
      vertex 34.45663778739038 -19.824944289445497 3
      vertex 34.38321081810525 -19.669696006638908 3
    endloop
  endfacet
  facet normal 0 0 1
    outer loop
      vertex 13.716374240705653 -18.658591936471776 3
      vertex 34.54492817847055 -19.972247907784304 3
      vertex 34.45663778739038 -19.824944289445497 3
    endloop
  endfacet
  facet normal 0 0 1
    outer loop
      vertex 13.716374240705653 -18.658591936471776 3
      vertex 34.64723170661521 -20.11018824728638 3
      vertex 34.54492817847055 -19.972247907784304 3
    endloop
  endfacet
  facet normal 0 0 1
    outer loop
      vertex 13.716374240705653 -18.658591936471776 3
      vertex 34.76256313292354 -20.237436867076458 3
      vertex 34.64723170661521 -20.11018824728638 3
    endloop
  endfacet
  facet normal 0 0 1
    outer loop
      vertex 13.716374240705653 -18.658591936471776 3
      vertex 34.88981175271362 -20.35276829338479 3
      vertex 34.76256313292354 -20.237436867076458 3
    endloop
  endfacet
  facet normal 0 0 1
    outer loop
      vertex 13.716374240705653 -18.658591936471776 3
      vertex 35.0277520922157 -20.455071821529454 3
      vertex 34.88981175271362 -20.35276829338479 3
    endloop
  endfacet
  facet normal 0 0 1
    outer loop
      vertex 13.716374240705653 -18.658591936471776 3
      vertex 35.1750557105545 -20.543362212609622 3
      vertex 35.0277520922157 -20.455071821529454 3
    endloop
  endfacet
  facet normal 0 0 1
    outer loop
      vertex 13.716374240705653 -18.658591936471776 3
      vertex 35.33030399336109 -20.616789181894752 3
      vertex 35.1750557105545 -20.543362212609622 3
    endloop
  endfacet
  facet normal 0 0 1
    outer loop
      vertex 13.716374240705653 -18.658591936471776 3
      vertex 35.49200181480469 -20.674645587531366 3
      vertex 35.33030399336109 -20.616789181894752 3
    endloop
  endfacet
  facet normal 0 0 1
    outer loop
      vertex 13.716374240705653 -18.658591936471776 3
      vertex 35.65859193647177 -20.716374240705655 3
      vertex 35.49200181480469 -20.674645587531366 3
    endloop
  endfacet
  facet normal 0 0 1
    outer loop
      vertex 13.716374240705653 -18.658591936471776 3
      vertex 35.82847000442327 -20.741573271676344 3
      vertex 35.65859193647177 -20.716374240705655 3
    endloop
  endfacet
  facet normal 0 0 1
    outer loop
      vertex 48 -29 3
      vertex 13.716374240705653 -18.658591936471776 3
      vertex 13.741573271676344 -18.82847000442327 3
    endloop
  endfacet
  facet normal 0 0 1
    outer loop
      vertex 48 -29 3
      vertex 13.741573271676344 -18.82847000442327 3
      vertex 13.75 -19 3
    endloop
  endfacet
  facet normal 0 0 1
    outer loop
      vertex 48 -29 3
      vertex 13.674645587531366 -19.50799818519531 3
      vertex 13.616789181894752 -19.669696006638908 3
    endloop
  endfacet
  facet normal 0 0 1
    outer loop
      vertex 48 -29 3
      vertex 13.75 -19 3
      vertex 13.741573271676344 -19.17152999557673 3
    endloop
  endfacet
  facet normal 0 0 1
    outer loop
      vertex 48 -29 3
      vertex 13.741573271676344 -19.17152999557673 3
      vertex 13.716374240705653 -19.341408063528224 3
    endloop
  endfacet
  facet normal 0 0 1
    outer loop
      vertex 48 -29 3
      vertex 13.716374240705653 -19.341408063528224 3
      vertex 13.674645587531366 -19.50799818519531 3
    endloop
  endfacet
  facet normal 0 0 1
    outer loop
      vertex 48 -29 3
      vertex 13.455071821529454 -19.972247907784304 3
      vertex 13.35276829338479 -20.11018824728638 3
    endloop
  endfacet
  facet normal 0 0 1
    outer loop
      vertex 48 -29 3
      vertex 13.54336221260962 -19.824944289445497 3
      vertex 13.455071821529454 -19.972247907784304 3
    endloop
  endfacet
  facet normal 0 0 1
    outer loop
      vertex 48 -29 3
      vertex 13.616789181894752 -19.669696006638908 3
      vertex 13.54336221260962 -19.824944289445497 3
    endloop
  endfacet
  facet normal 0 0 1
    outer loop
      vertex 48 -29 3
      vertex 35.82847000442327 -20.741573271676344 3
      vertex 13.716374240705653 -18.658591936471776 3
    endloop
  endfacet
  facet normal 0 0 1
    outer loop
      vertex 48 0.3 3
      vertex 37.35276829338479 -17.88981175271362 3
      vertex 48 -29 3
    endloop
  endfacet
  facet normal 0 0 1
    outer loop
      vertex 48 -29 3
      vertex 37.35276829338479 -17.88981175271362 3
      vertex 37.45507182152945 -18.027752092215696 3
    endloop
  endfacet
  facet normal 0 0 1
    outer loop
      vertex 48 -29 3
      vertex 37.45507182152945 -18.027752092215696 3
      vertex 37.54336221260962 -18.175055710554503 3
    endloop
  endfacet
  facet normal 0 0 1
    outer loop
      vertex 48 -29 3
      vertex 37.54336221260962 -18.175055710554503 3
      vertex 37.61678918189475 -18.330303993361092 3
    endloop
  endfacet
  facet normal 0 0 1
    outer loop
      vertex 48 -29 3
      vertex 37.61678918189475 -18.330303993361092 3
      vertex 37.674645587531366 -18.49200181480469 3
    endloop
  endfacet
  facet normal 0 0 1
    outer loop
      vertex 48 -29 3
      vertex 37.674645587531366 -18.49200181480469 3
      vertex 37.716374240705655 -18.658591936471776 3
    endloop
  endfacet
  facet normal 0 0 1
    outer loop
      vertex 48 -29 3
      vertex 37.716374240705655 -18.658591936471776 3
      vertex 37.741573271676344 -18.82847000442327 3
    endloop
  endfacet
  facet normal 0 0 1
    outer loop
      vertex 48 -29 3
      vertex 37.741573271676344 -18.82847000442327 3
      vertex 37.75 -19 3
    endloop
  endfacet
  facet normal 0 0 1
    outer loop
      vertex 48 -29 3
      vertex 37.75 -19 3
      vertex 37.741573271676344 -19.17152999557673 3
    endloop
  endfacet
  facet normal 0 0 1
    outer loop
      vertex 48 -29 3
      vertex 37.741573271676344 -19.17152999557673 3
      vertex 37.716374240705655 -19.341408063528224 3
    endloop
  endfacet
  facet normal 0 0 1
    outer loop
      vertex 48 -29 3
      vertex 37.716374240705655 -19.341408063528224 3
      vertex 37.674645587531366 -19.50799818519531 3
    endloop
  endfacet
  facet normal 0 0 1
    outer loop
      vertex 48 -29 3
      vertex 37.674645587531366 -19.50799818519531 3
      vertex 37.61678918189475 -19.669696006638908 3
    endloop
  endfacet
  facet normal 0 0 1
    outer loop
      vertex 48 -29 3
      vertex 37.35276829338479 -20.11018824728638 3
      vertex 37.23743686707646 -20.237436867076458 3
    endloop
  endfacet
  facet normal 0 0 1
    outer loop
      vertex 48 -29 3
      vertex 37.11018824728638 -20.35276829338479 3
      vertex 36.9722479077843 -20.455071821529454 3
    endloop
  endfacet
  facet normal 0 0 1
    outer loop
      vertex 48 -29 3
      vertex 37.23743686707646 -20.237436867076458 3
      vertex 37.11018824728638 -20.35276829338479 3
    endloop
  endfacet
  facet normal 0 0 1
    outer loop
      vertex 48 -29 3
      vertex 37.61678918189475 -19.669696006638908 3
      vertex 37.54336221260962 -19.824944289445497 3
    endloop
  endfacet
  facet normal 0 0 1
    outer loop
      vertex 48 -29 3
      vertex 37.54336221260962 -19.824944289445497 3
      vertex 37.45507182152945 -19.972247907784304 3
    endloop
  endfacet
  facet normal 0 0 1
    outer loop
      vertex 48 -29 3
      vertex 37.45507182152945 -19.972247907784304 3
      vertex 37.35276829338479 -20.11018824728638 3
    endloop
  endfacet
  facet normal 0 0 1
    outer loop
      vertex 48 -29 3
      vertex 36 -20.75 3
      vertex 35.82847000442327 -20.741573271676344 3
    endloop
  endfacet
  facet normal 0 0 1
    outer loop
      vertex 48 -29 3
      vertex 36.17152999557673 -20.741573271676344 3
      vertex 36 -20.75 3
    endloop
  endfacet
  facet normal 0 0 1
    outer loop
      vertex 48 -29 3
      vertex 36.34140806352823 -20.716374240705655 3
      vertex 36.17152999557673 -20.741573271676344 3
    endloop
  endfacet
  facet normal 0 0 1
    outer loop
      vertex 48 -29 3
      vertex 36.50799818519531 -20.674645587531366 3
      vertex 36.34140806352823 -20.716374240705655 3
    endloop
  endfacet
  facet normal 0 0 1
    outer loop
      vertex 48 -29 3
      vertex 36.66969600663891 -20.616789181894752 3
      vertex 36.50799818519531 -20.674645587531366 3
    endloop
  endfacet
  facet normal 0 0 1
    outer loop
      vertex 48 -29 3
      vertex 36.8249442894455 -20.543362212609622 3
      vertex 36.66969600663891 -20.616789181894752 3
    endloop
  endfacet
  facet normal 0 0 1
    outer loop
      vertex 48 -29 3
      vertex 36.9722479077843 -20.455071821529454 3
      vertex 36.8249442894455 -20.543362212609622 3
    endloop
  endfacet
  facet normal 0 0 -1
    outer loop
      vertex 48 0.2999999999999998 0
      vertex 12.824944289445495 -20.543362212609622 0
      vertex 12.972247907784304 -20.455071821529454 0
    endloop
  endfacet
  facet normal 0 0 -1
    outer loop
      vertex 48 0.2999999999999998 0
      vertex 12.972247907784304 -20.455071821529454 0
      vertex 13.110188247286379 -20.35276829338479 0
    endloop
  endfacet
  facet normal 0 0 -1
    outer loop
      vertex 8 -29 0
      vertex 34.58262000232935 -9.954240001738071 0
      vertex 34.58262000232935 -10.333999998867512 0
    endloop
  endfacet
  facet normal 0 0 -1
    outer loop
      vertex 8 -29 0
      vertex 34.58262000232935 -10.333999998867512 0
      vertex 34.64723170661521 -17.88981175271362 0
    endloop
  endfacet
  facet normal 0 0 -1
    outer loop
      vertex 34.88981175271362 -17.64723170661521 0
      vertex 34.58262000232935 -10.333999998867512 0
      vertex 36.33218000084162 -12.910879999399185 0
    endloop
  endfacet
  facet normal 0 0 -1
    outer loop
      vertex 34.64723170661521 -17.88981175271362 0
      vertex 34.58262000232935 -10.333999998867512 0
      vertex 34.76256313292354 -17.762563132923542 0
    endloop
  endfacet
  facet normal 0 0 -1
    outer loop
      vertex 34.88981175271362 -17.64723170661521 0
      vertex 34.76256313292354 -17.762563132923542 0
      vertex 34.58262000232935 -10.333999998867512 0
    endloop
  endfacet
  facet normal 0 0 -1
    outer loop
      vertex 35.0277520922157 -17.544928178470546 0
      vertex 34.88981175271362 -17.64723170661521 0
      vertex 36.33218000084162 -12.910879999399185 0
    endloop
  endfacet
  facet normal 0 0 -1
    outer loop
      vertex 35.1750557105545 -17.456637787390378 0
      vertex 35.0277520922157 -17.544928178470546 0
      vertex 36.33218000084162 -12.910879999399185 0
    endloop
  endfacet
  facet normal 0 -1 0
    outer loop
      vertex 8 -29 3
      vertex 48 -29 0
      vertex 48 -29 3
    endloop
  endfacet
  facet normal 0 0 -1
    outer loop
      vertex 8 -29 0
      vertex 34.54492817847055 -18.027752092215696 0
      vertex 34.45663778739038 -18.175055710554503 0
    endloop
  endfacet
  facet normal 0 0 -1
    outer loop
      vertex 8 -29 0
      vertex 34.45663778739038 -18.175055710554503 0
      vertex 34.38321081810525 -18.330303993361092 0
    endloop
  endfacet
  facet normal 0 0 -1
    outer loop
      vertex 8 -29 0
      vertex 34.64723170661521 -17.88981175271362 0
      vertex 34.54492817847055 -18.027752092215696 0
    endloop
  endfacet
  facet normal 0 0 -1
    outer loop
      vertex 8 -29 0
      vertex 34.38321081810525 -18.330303993361092 0
      vertex 34.325354412468634 -18.49200181480469 0
    endloop
  endfacet
  facet normal 0 0 -1
    outer loop
      vertex 8 -29 0
      vertex 34.325354412468634 -18.49200181480469 0
      vertex 34.283625759294345 -18.658591936471776 0
    endloop
  endfacet
  facet normal 0 0 -1
    outer loop
      vertex 8 -29 0
      vertex 34.283625759294345 -18.658591936471776 0
      vertex 34.258426728323656 -18.82847000442327 0
    endloop
  endfacet
  facet normal 0 0 -1
    outer loop
      vertex 8 -29 0
      vertex 34.258426728323656 -18.82847000442327 0
      vertex 34.25 -19 0
    endloop
  endfacet
  facet normal 0 0 -1
    outer loop
      vertex 8 -29 0
      vertex 34.25 -19 0
      vertex 34.258426728323656 -19.17152999557673 0
    endloop
  endfacet
  facet normal 0 0 -1
    outer loop
      vertex 8 -29 0
      vertex 34.258426728323656 -19.17152999557673 0
      vertex 34.283625759294345 -19.341408063528224 0
    endloop
  endfacet
  facet normal 0 0 -1
    outer loop
      vertex 8 -29 0
      vertex 34.283625759294345 -19.341408063528224 0
      vertex 34.325354412468634 -19.50799818519531 0
    endloop
  endfacet
  facet normal 0 0 -1
    outer loop
      vertex 8 -29 0
      vertex 34.325354412468634 -19.50799818519531 0
      vertex 34.38321081810525 -19.669696006638908 0
    endloop
  endfacet
  facet normal 0 0 -1
    outer loop
      vertex 8 -29 0
      vertex 34.38321081810525 -19.669696006638908 0
      vertex 34.45663778739038 -19.824944289445497 0
    endloop
  endfacet
  facet normal 0 0 -1
    outer loop
      vertex 8 -29 0
      vertex 34.45663778739038 -19.824944289445497 0
      vertex 34.54492817847055 -19.972247907784304 0
    endloop
  endfacet
  facet normal 0 0 -1
    outer loop
      vertex 8 -29 0
      vertex 34.54492817847055 -19.972247907784304 0
      vertex 34.64723170661521 -20.11018824728638 0
    endloop
  endfacet
  facet normal 0 0 -1
    outer loop
      vertex 8 -29 0
      vertex 34.64723170661521 -20.11018824728638 0
      vertex 34.76256313292354 -20.237436867076458 0
    endloop
  endfacet
  facet normal 0 0 -1
    outer loop
      vertex 8 -29 0
      vertex 34.76256313292354 -20.237436867076458 0
      vertex 34.88981175271362 -20.35276829338479 0
    endloop
  endfacet
  facet normal 0 0 -1
    outer loop
      vertex 8 -29 0
      vertex 34.88981175271362 -20.35276829338479 0
      vertex 35.0277520922157 -20.455071821529454 0
    endloop
  endfacet
  facet normal 0 0 -1
    outer loop
      vertex 8 -29 0
      vertex 35.0277520922157 -20.455071821529454 0
      vertex 35.1750557105545 -20.543362212609622 0
    endloop
  endfacet
  facet normal 0 0 -1
    outer loop
      vertex 8 -29 0
      vertex 35.1750557105545 -20.543362212609622 0
      vertex 35.33030399336109 -20.616789181894752 0
    endloop
  endfacet
  facet normal 0 0 -1
    outer loop
      vertex 8 -29 0
      vertex 35.33030399336109 -20.616789181894752 0
      vertex 35.49200181480469 -20.674645587531366 0
    endloop
  endfacet
  facet normal 0 0 -1
    outer loop
      vertex 8 -29 0
      vertex 35.49200181480469 -20.674645587531366 0
      vertex 35.65859193647177 -20.716374240705655 0
    endloop
  endfacet
  facet normal 0 0 -1
    outer loop
      vertex 8 -29 0
      vertex 35.65859193647177 -20.716374240705655 0
      vertex 35.82847000442327 -20.741573271676344 0
    endloop
  endfacet
  facet normal 0 0 -1
    outer loop
      vertex 8 -29 0
      vertex 35.82847000442327 -20.741573271676344 0
      vertex 36 -20.75 0
    endloop
  endfacet
  facet normal 0 0 -1
    outer loop
      vertex 8 -29 0
      vertex 36 -20.75 0
      vertex 36.17152999557673 -20.741573271676344 0
    endloop
  endfacet
  facet normal 0 0 -1
    outer loop
      vertex 8 -29 0
      vertex 36.17152999557673 -20.741573271676344 0
      vertex 36.34140806352823 -20.716374240705655 0
    endloop
  endfacet
  facet normal 0 0 -1
    outer loop
      vertex 8 -29 0
      vertex 36.34140806352823 -20.716374240705655 0
      vertex 36.50799818519531 -20.674645587531366 0
    endloop
  endfacet
  facet normal 0 0 -1
    outer loop
      vertex 8 -29 0
      vertex 36.50799818519531 -20.674645587531366 0
      vertex 48 -29 0
    endloop
  endfacet
  facet normal 0 0 -1
    outer loop
      vertex 35.1750557105545 -17.456637787390378 0
      vertex 36.33218000084162 -12.910879999399185 0
      vertex 36.84486000239849 -12.910879999399185 0
    endloop
  endfacet
  facet normal 0 0 -1
    outer loop
      vertex 48 0.2999999999999998 0
      vertex 48 -29 0
      vertex 37.741573271676344 -18.82847000442327 0
    endloop
  endfacet
  facet normal 1 0 0
    outer loop
      vertex 48 0.2999999999999998 0
      vertex 48 -29 3
      vertex 48 -29 0
    endloop
  endfacet
  facet normal 0 0 -1
    outer loop
      vertex 48 -29 0
      vertex 37.75 -19 0
      vertex 37.741573271676344 -18.82847000442327 0
    endloop
  endfacet
  facet normal 0 0 -1
    outer loop
      vertex 48 -29 0
      vertex 37.741573271676344 -19.17152999557673 0
      vertex 37.75 -19 0
    endloop
  endfacet
  facet normal 0 0 -1
    outer loop
      vertex 48 -29 0
      vertex 37.716374240705655 -19.341408063528224 0
      vertex 37.741573271676344 -19.17152999557673 0
    endloop
  endfacet
  facet normal 0 0 -1
    outer loop
      vertex 48 -29 0
      vertex 37.674645587531366 -19.50799818519531 0
      vertex 37.716374240705655 -19.341408063528224 0
    endloop
  endfacet
  facet normal 0 0 -1
    outer loop
      vertex 48 -29 0
      vertex 37.61678918189475 -19.669696006638908 0
      vertex 37.674645587531366 -19.50799818519531 0
    endloop
  endfacet
  facet normal 0 0 -1
    outer loop
      vertex 48 -29 0
      vertex 37.23743686707646 -20.237436867076458 0
      vertex 37.35276829338479 -20.11018824728638 0
    endloop
  endfacet
  facet normal 0 0 -1
    outer loop
      vertex 48 -29 0
      vertex 36.9722479077843 -20.455071821529454 0
      vertex 37.11018824728638 -20.35276829338479 0
    endloop
  endfacet
  facet normal 0 0 -1
    outer loop
      vertex 48 -29 0
      vertex 37.11018824728638 -20.35276829338479 0
      vertex 37.23743686707646 -20.237436867076458 0
    endloop
  endfacet
  facet normal 0 0 -1
    outer loop
      vertex 48 -29 0
      vertex 37.54336221260962 -19.824944289445497 0
      vertex 37.61678918189475 -19.669696006638908 0
    endloop
  endfacet
  facet normal 0 0 -1
    outer loop
      vertex 48 -29 0
      vertex 37.45507182152945 -19.972247907784304 0
      vertex 37.54336221260962 -19.824944289445497 0
    endloop
  endfacet
  facet normal 0 0 -1
    outer loop
      vertex 48 -29 0
      vertex 37.35276829338479 -20.11018824728638 0
      vertex 37.45507182152945 -19.972247907784304 0
    endloop
  endfacet
  facet normal 0 0 -1
    outer loop
      vertex 48 -29 0
      vertex 36.50799818519531 -20.674645587531366 0
      vertex 36.66969600663891 -20.616789181894752 0
    endloop
  endfacet
  facet normal 0 0 -1
    outer loop
      vertex 48 -29 0
      vertex 36.66969600663891 -20.616789181894752 0
      vertex 36.8249442894455 -20.543362212609622 0
    endloop
  endfacet
  facet normal 0 0 -1
    outer loop
      vertex 48 -29 0
      vertex 36.8249442894455 -20.543362212609622 0
      vertex 36.9722479077843 -20.455071821529454 0
    endloop
  endfacet
  facet normal 0 0 1
    outer loop
      vertex -8 -29 3
      vertex -8 -42.838391750041474 3
      vertex -7.871418676695286 -29 3
    endloop
  endfacet
  facet normal 0 0 1
    outer loop
      vertex -7.871418676695286 -29 3
      vertex -8 -42.838391750041474 3
      vertex -7.601397897755386 -50 3
    endloop
  endfacet
  facet normal 0 0 1
    outer loop
      vertex -7.871418676695286 -29 3
      vertex -5.612419883042181 -46.249900927117686 3
      vertex -5.217820560198475 -45.71784533189539 3
    endloop
  endfacet
  facet normal 0 0 1
    outer loop
      vertex -7.871418676695286 -29 3
      vertex -5.952968534351396 -46.81807202642452 3
      vertex -5.612419883042181 -46.249900927117686 3
    endloop
  endfacet
  facet normal 0 0 1
    outer loop
      vertex -7.871418676695286 -29 3
      vertex -6.45934726619241 -48.04057842853238 3
      vertex -6.236186844451185 -47.41688683153564 3
    endloop
  endfacet
  facet normal 0 0 1
    outer loop
      vertex -7.871418676695286 -29 3
      vertex -6.620300642721805 -48.68314032639113 3
      vertex -6.45934726619241 -48.04057842853238 3
    endloop
  endfacet
  facet normal 0 0 1
    outer loop
      vertex -7.871418676695286 -29 3
      vertex -6.236186844451185 -47.41688683153564 3
      vertex -5.952968534351396 -46.81807202642452 3
    endloop
  endfacet
  facet normal 0 0 1
    outer loop
      vertex -7.871418676695286 -29 3
      vertex -6.717496905037329 -49.33838430277547 3
      vertex -6.620300642721805 -48.68314032639113 3
    endloop
  endfacet
  facet normal 0 0 1
    outer loop
      vertex -7.871418676695286 -29 3
      vertex -7.601397897755386 -50 3
      vertex -6.717496905037329 -49.33838430277547 3
    endloop
  endfacet
  facet normal 0 0 1
    outer loop
      vertex -7.871418676695286 -29 3
      vertex -3.181927973575484 -44.0470314656486 3
      vertex -2.5831131684643562 -43.76381315554882 3
    endloop
  endfacet
  facet normal 0 0 1
    outer loop
      vertex -7.871418676695286 -29 3
      vertex -2.5831131684643562 -43.76381315554882 3
      vertex -1.9594215714676206 -43.54065273380759 3
    endloop
  endfacet
  facet normal 0 0 1
    outer loop
      vertex -7.871418676695286 -29 3
      vertex -1.3168596736088656 -43.3796993572782 3
      vertex -0.6616156972245341 -43.28250309496267 3
    endloop
  endfacet
  facet normal 0 0 1
    outer loop
      vertex -7.871418676695286 -29 3
      vertex -1.9594215714676206 -43.54065273380759 3
      vertex -1.3168596736088656 -43.3796993572782 3
    endloop
  endfacet
  facet normal 0 0 1
    outer loop
      vertex -7.871418676695286 -29 3
      vertex -4.282154668104607 -44.782179439801524 3
      vertex -3.750099072882315 -44.38758011695782 3
    endloop
  endfacet
  facet normal 0 0 1
    outer loop
      vertex -7.871418676695286 -29 3
      vertex -4.772970773009196 -45.2270292269908 3
      vertex -4.282154668104607 -44.782179439801524 3
    endloop
  endfacet
  facet normal 0 0 1
    outer loop
      vertex -7.871418676695286 -29 3
      vertex -5.217820560198475 -45.71784533189539 3
      vertex -4.772970773009196 -45.2270292269908 3
    endloop
  endfacet
  facet normal 0 0 1
    outer loop
      vertex -7.871418676695286 -29 3
      vertex -3.750099072882315 -44.38758011695782 3
      vertex -3.181927973575484 -44.0470314656486 3
    endloop
  endfacet
  facet normal 0 0 1
    outer loop
      vertex -7.871418676695286 -29 3
      vertex -0.6616156972245341 -43.28250309496267 3
      vertex 0 -43.25 3
    endloop
  endfacet
  facet normal 0 0 1
    outer loop
      vertex -7.871418676695286 -29 3
      vertex 0 -43.25 3
      vertex 0.6616156972245341 -43.28250309496267 3
    endloop
  endfacet
  facet normal 0 0 1
    outer loop
      vertex -7.871418676695286 -29 3
      vertex 0.6616156972245341 -43.28250309496267 3
      vertex 1.3168596736088656 -43.3796993572782 3
    endloop
  endfacet
  facet normal 0 0 1
    outer loop
      vertex -7.871418676695286 -29 3
      vertex 1.3168596736088656 -43.3796993572782 3
      vertex 1.9594215714676206 -43.54065273380759 3
    endloop
  endfacet
  facet normal 0 0 1
    outer loop
      vertex -7.871418676695286 -29 3
      vertex 1.9594215714676206 -43.54065273380759 3
      vertex 2.5831131684643562 -43.76381315554882 3
    endloop
  endfacet
  facet normal 0 0 1
    outer loop
      vertex -7.871418676695286 -29 3
      vertex 2.5831131684643562 -43.76381315554882 3
      vertex 3.181927973575484 -44.0470314656486 3
    endloop
  endfacet
  facet normal 0 0 1
    outer loop
      vertex -7.871418676695286 -29 3
      vertex 3.181927973575484 -44.0470314656486 3
      vertex 3.750099072882315 -44.38758011695782 3
    endloop
  endfacet
  facet normal -1 0 0
    outer loop
      vertex -8 -29 3
      vertex -8 -29 0
      vertex -8 -42.838391750041474 3
    endloop
  endfacet
  facet normal 0 0 -1
    outer loop
      vertex -8 -29 0
      vertex 8 -29 0
      vertex -2.626673076948307 -39.58917908658734 0
    endloop
  endfacet
  facet normal -1 0 0
    outer loop
      vertex -8 -29 0
      vertex -8 -42.838391750041474 0
      vertex -8 -42.838391750041474 3
    endloop
  endfacet
  facet normal 0 0 -1
    outer loop
      vertex -8 -29 0
      vertex -2.626673076948307 -39.58917908658734 0
      vertex -8 -42.838391750041474 0
    endloop
  endfacet
  facet normal 0 0 -1
    outer loop
      vertex -8 -42.838391750041474 0
      vertex -2.626673076948307 -39.58917908658734 0
      vertex -7.972182908550582 -49.94610438531675 0
    endloop
  endfacet
  facet normal 0 0 -1
    outer loop
      vertex -2.626673076948307 -39.58917908658734 0
      vertex -2.5831131684643562 -43.76381315554882 0
      vertex -2.62204697649569 -43.78222747533895 0
    endloop
  endfacet
  facet normal 0 0 -1
    outer loop
      vertex -2.626673076948307 -39.58917908658734 0
      vertex -1.9594215714676206 -43.54065273380759 0
      vertex -2.5831131684643562 -43.76381315554882 0
    endloop
  endfacet
  facet normal 0 0 -1
    outer loop
      vertex -2.626673076948307 -39.58917908658734 0
      vertex -1.3168596736088656 -43.3796993572782 0
      vertex -1.9594215714676206 -43.54065273380759 0
    endloop
  endfacet
  facet normal 0 0 -1
    outer loop
      vertex -2.626673076948307 -39.58917908658734 0
      vertex -0.6616156972245341 -43.28250309496267 0
      vertex -1.3168596736088656 -43.3796993572782 0
    endloop
  endfacet
  facet normal 0 0 -1
    outer loop
      vertex -2.626673076948307 -39.58917908658734 0
      vertex 0 -43.25 0
      vertex -0.6616156972245341 -43.28250309496267 0
    endloop
  endfacet
  facet normal 0 0 -1
    outer loop
      vertex -2.626673076948307 -39.58917908658734 0
      vertex 0.6616156972245341 -43.28250309496267 0
      vertex 0 -43.25 0
    endloop
  endfacet
  facet normal 0 0 -1
    outer loop
      vertex -2.626673076948307 -39.58917908658734 0
      vertex 1.3168596736088656 -43.3796993572782 0
      vertex 0.6616156972245341 -43.28250309496267 0
    endloop
  endfacet
  facet normal 0 0 1
    outer loop
      vertex -7.601397897755386 -50 3
      vertex -6.75 -50 3
      vertex -6.717496905037329 -49.33838430277547 3
    endloop
  endfacet
  facet normal 0 0 1
    outer loop
      vertex -7.871418676695286 -29 3
      vertex 8 -42.838391750041474 3
      vertex 8 -29 3
    endloop
  endfacet
  facet normal 0 0 1
    outer loop
      vertex -7.871418676695286 -29 3
      vertex 4.282154668104607 -44.782179439801524 3
      vertex 8 -42.838391750041474 3
    endloop
  endfacet
  facet normal 0 0 1
    outer loop
      vertex -7.871418676695286 -29 3
      vertex 3.750099072882315 -44.38758011695782 3
      vertex 4.282154668104607 -44.782179439801524 3
    endloop
  endfacet
  facet normal 0 0 1
    outer loop
      vertex 8 -42.838391750041474 3
      vertex 4.282154668104607 -44.782179439801524 3
      vertex 4.772970773009196 -45.2270292269908 3
    endloop
  endfacet
  facet normal 0 0 1
    outer loop
      vertex 8 -42.838391750041474 3
      vertex 4.772970773009196 -45.2270292269908 3
      vertex 5.217820560198475 -45.71784533189539 3
    endloop
  endfacet
  facet normal 0 0 1
    outer loop
      vertex 8 -42.838391750041474 3
      vertex 5.217820560198475 -45.71784533189539 3
      vertex 5.612419883042181 -46.249900927117686 3
    endloop
  endfacet
  facet normal 1 0 0
    outer loop
      vertex 8 -29 3
      vertex 8 -42.838391750041474 0
      vertex 8 -29 0
    endloop
  endfacet
  facet normal 1 0 0
    outer loop
      vertex 8 -29 3
      vertex 8 -42.838391750041474 3
      vertex 8 -42.838391750041474 0
    endloop
  endfacet
  facet normal 0 0 -1
    outer loop
      vertex -2.626673076948307 -39.58917908658734 0
      vertex 8 -29 0
      vertex 8 -42.838391750041474 0
    endloop
  endfacet
  facet normal 0 0 -1
    outer loop
      vertex -2.626673076948307 -39.58917908658734 0
      vertex 1.9594215714676206 -43.54065273380759 0
      vertex 1.3168596736088656 -43.3796993572782 0
    endloop
  endfacet
  facet normal 0 0 -1
    outer loop
      vertex -2.626673076948307 -39.58917908658734 0
      vertex 2.5831131684643562 -43.76381315554882 0
      vertex 1.9594215714676206 -43.54065273380759 0
    endloop
  endfacet
  facet normal 0 0 -1
    outer loop
      vertex -2.626673076948307 -39.58917908658734 0
      vertex 8 -42.838391750041474 0
      vertex 2.5831131684643562 -43.76381315554882 0
    endloop
  endfacet
  facet normal 0 0 -1
    outer loop
      vertex 8 -42.838391750041474 0
      vertex 3.181927973575484 -44.0470314656486 0
      vertex 2.5831131684643562 -43.76381315554882 0
    endloop
  endfacet
  facet normal 0 0 -1
    outer loop
      vertex 8 -42.838391750041474 0
      vertex 3.750099072882315 -44.38758011695782 0
      vertex 3.181927973575484 -44.0470314656486 0
    endloop
  endfacet
  facet normal 0 0 -1
    outer loop
      vertex 8 -42.838391750041474 0
      vertex 4.282154668104607 -44.782179439801524 0
      vertex 3.750099072882315 -44.38758011695782 0
    endloop
  endfacet
  facet normal 0 0 -1
    outer loop
      vertex 8 -42.838391750041474 0
      vertex 4.772970773009196 -45.2270292269908 0
      vertex 4.282154668104607 -44.782179439801524 0
    endloop
  endfacet
  facet normal 0 0 -1
    outer loop
      vertex 8 -42.838391750041474 0
      vertex 5.217820560198475 -45.71784533189539 0
      vertex 4.772970773009196 -45.2270292269908 0
    endloop
  endfacet
  facet normal 0 0 -1
    outer loop
      vertex 8 -42.838391750041474 0
      vertex 5.612419883042181 -46.249900927117686 0
      vertex 5.217820560198475 -45.71784533189539 0
    endloop
  endfacet
  facet normal 0 0 1
    outer loop
      vertex 8 -42.838391750041474 3
      vertex 5.612419883042181 -46.249900927117686 3
      vertex 5.952968534351396 -46.81807202642452 3
    endloop
  endfacet
  facet normal 0 0 1
    outer loop
      vertex 8 -42.838391750041474 3
      vertex 5.952968534351396 -46.81807202642452 3
      vertex 6.236186844451185 -47.41688683153564 3
    endloop
  endfacet
  facet normal 0 0 1
    outer loop
      vertex 8 -42.838391750041474 3
      vertex 6.236186844451185 -47.41688683153564 3
      vertex 6.45934726619241 -48.04057842853238 3
    endloop
  endfacet
  facet normal 0 0 1
    outer loop
      vertex 8 -42.838391750041474 3
      vertex 6.45934726619241 -48.04057842853238 3
      vertex 7.972182908550582 -49.94610438531675 3
    endloop
  endfacet
  facet normal 0 0 1
    outer loop
      vertex 7.972182908550582 -49.94610438531675 3
      vertex 6.45934726619241 -48.04057842853238 3
      vertex 6.620300642721805 -48.68314032639113 3
    endloop
  endfacet
  facet normal 0 0 1
    outer loop
      vertex 7.972182908550582 -49.94610438531675 3
      vertex 6.620300642721805 -48.68314032639113 3
      vertex 6.717496905037329 -49.33838430277547 3
    endloop
  endfacet
  facet normal 0 0 1
    outer loop
      vertex 7.972182908550582 -49.94610438531675 3
      vertex 6.717496905037329 -49.33838430277547 3
      vertex 6.75 -50 3
    endloop
  endfacet
  facet normal 0 0 1
    outer loop
      vertex 7.972182908550582 -49.94610438531675 3
      vertex 6.75 -50 3
      vertex 7.97483063031636 -50 3
    endloop
  endfacet
  facet normal 0 0 -1
    outer loop
      vertex 8 -42.838391750041474 0
      vertex 5.952968534351396 -46.81807202642452 0
      vertex 5.612419883042181 -46.249900927117686 0
    endloop
  endfacet
  facet normal 0 0 -1
    outer loop
      vertex 8 -42.838391750041474 0
      vertex 6.236186844451185 -47.41688683153564 0
      vertex 5.952968534351396 -46.81807202642452 0
    endloop
  endfacet
  facet normal 0 0 -1
    outer loop
      vertex 8 -42.838391750041474 0
      vertex 6.45934726619241 -48.04057842853238 0
      vertex 6.236186844451185 -47.41688683153564 0
    endloop
  endfacet
  facet normal 0 0 -1
    outer loop
      vertex 8 -42.838391750041474 0
      vertex 6.620300642721805 -48.68314032639113 0
      vertex 6.45934726619241 -48.04057842853238 0
    endloop
  endfacet
  facet normal 0 0 -1
    outer loop
      vertex 8 -42.838391750041474 0
      vertex 7.601397897755386 -50 0
      vertex 6.620300642721805 -48.68314032639113 0
    endloop
  endfacet
  facet normal 0 0 -1
    outer loop
      vertex 7.601397897755386 -50 0
      vertex 6.717496905037329 -49.33838430277547 0
      vertex 6.620300642721805 -48.68314032639113 0
    endloop
  endfacet
  facet normal 0 0 -1
    outer loop
      vertex 7.601397897755386 -50 0
      vertex 6.75 -50 0
      vertex 6.717496905037329 -49.33838430277547 0
    endloop
  endfacet
  facet normal -0.8577286100002728 0.5141027441932204 0
    outer loop
      vertex -9.480653591744817 -44.932485079120525 3
      vertex -8.938298332252362 -44.027619995039274 3
      vertex -9.480653591744817 -44.932485079120525 0
    endloop
  endfacet
  facet normal -0.7409511253549603 0.6715589548470169 0
    outer loop
      vertex -8 -42.838391750041474 3
      vertex -8 -42.838391750041474 0
      vertex -8.309862373649423 -43.18027219524081 3
    endloop
  endfacet
  facet normal -0.8032075314806443 0.5956993044924342 0
    outer loop
      vertex -8.309862373649423 -43.18027219524081 3
      vertex -8.938298332252362 -44.027619995039274 0
      vertex -8.938298332252362 -44.027619995039274 3
    endloop
  endfacet
  facet normal -0.8577286100002728 0.5141027441932204 0
    outer loop
      vertex -8.938298332252362 -44.027619995039274 3
      vertex -8.938298332252362 -44.027619995039274 0
      vertex -9.480653591744817 -44.932485079120525 0
    endloop
  endfacet
  facet normal -0.8032075314806443 0.5956993044924342 0
    outer loop
      vertex -8.309862373649423 -43.18027219524081 3
      vertex -8.309862373649423 -43.18027219524081 0
      vertex -8.938298332252362 -44.027619995039274 0
    endloop
  endfacet
  facet normal -0.7409511253549603 0.6715589548470169 0
    outer loop
      vertex -8.309862373649423 -43.18027219524081 3
      vertex -8 -42.838391750041474 0
      vertex -8.309862373649423 -43.18027219524081 0
    endloop
  endfacet
  facet normal 0 0 -1
    outer loop
      vertex -2.626673076948307 -39.58917908658734 0
      vertex -3.750099072882315 -44.38758011695782 0
      vertex -4.282154668104607 -44.782179439801524 0
    endloop
  endfacet
  facet normal 0 0 -1
    outer loop
      vertex -2.626673076948307 -39.58917908658734 0
      vertex -3.181927973575484 -44.0470314656486 0
      vertex -3.750099072882315 -44.38758011695782 0
    endloop
  endfacet
  facet normal 0 0 -1
    outer loop
      vertex -2.626673076948307 -39.58917908658734 0
      vertex -5.612419883042181 -46.249900927117686 0
      vertex -5.952968534351396 -46.81807202642452 0
    endloop
  endfacet
  facet normal 0 0 -1
    outer loop
      vertex -2.626673076948307 -39.58917908658734 0
      vertex -5.952968534351396 -46.81807202642452 0
      vertex -6.236186844451185 -47.41688683153564 0
    endloop
  endfacet
  facet normal 0 0 -1
    outer loop
      vertex -2.626673076948307 -39.58917908658734 0
      vertex -4.282154668104607 -44.782179439801524 0
      vertex -4.772970773009196 -45.2270292269908 0
    endloop
  endfacet
  facet normal 0 0 -1
    outer loop
      vertex -2.626673076948307 -39.58917908658734 0
      vertex -4.772970773009196 -45.2270292269908 0
      vertex -5.217820560198475 -45.71784533189539 0
    endloop
  endfacet
  facet normal 0 0 -1
    outer loop
      vertex -2.626673076948307 -39.58917908658734 0
      vertex -5.217820560198475 -45.71784533189539 0
      vertex -5.612419883042181 -46.249900927117686 0
    endloop
  endfacet
  facet normal 0 0 -1
    outer loop
      vertex -2.626673076948307 -39.58917908658734 0
      vertex -2.62204697649569 -43.78222747533895 0
      vertex -3.181927973575484 -44.0470314656486 0
    endloop
  endfacet
  facet normal 0 0 1
    outer loop
      vertex -9.480653591744817 -44.932485079120525 3
      vertex -8.938298332252362 -55.972380004960726 3
      vertex -8.938298332252362 -44.027619995039274 3
    endloop
  endfacet
  facet normal 0 0 1
    outer loop
      vertex -9.480653591744817 -44.932485079120525 3
      vertex -9.931704974496332 -45.88615310207528 3
      vertex -9.480653591744817 -55.067514920879475 3
    endloop
  endfacet
  facet normal 0 0 1
    outer loop
      vertex -8 -42.838391750041474 3
      vertex -8.309862373649423 -43.18027219524081 3
      vertex -7.601397897755386 -50 3
    endloop
  endfacet
  facet normal 0 0 1
    outer loop
      vertex -8.309862373649423 -43.18027219524081 3
      vertex -8.938298332252362 -44.027619995039274 3
      vertex -8.309862373649423 -56.81972780475919 3
    endloop
  endfacet
  facet normal 0 0 1
    outer loop
      vertex -10.543441764334727 -47.90277903832662 3
      vertex -10.698235811726118 -48.94631574145723 3
      vertex -10.543441764334727 -52.09722096167338 3
    endloop
  endfacet
  facet normal 0 0 1
    outer loop
      vertex -10.698235811726118 -48.94631574145723 3
      vertex -10.75 -50 3
      vertex -10.698235811726118 -51.05368425854277 3
    endloop
  endfacet
  facet normal 0 0 1
    outer loop
      vertex -10.698235811726118 -48.94631574145723 3
      vertex -10.698235811726118 -51.05368425854277 3
      vertex -10.543441764334727 -52.09722096167338 3
    endloop
  endfacet
  facet normal 0 0 1
    outer loop
      vertex -10.287108609121244 -46.87943971951453 3
      vertex -10.543441764334727 -47.90277903832662 3
      vertex -10.287108609121244 -53.12056028048547 3
    endloop
  endfacet
  facet normal 0 0 1
    outer loop
      vertex -9.931704974496332 -45.88615310207528 3
      vertex -10.287108609121244 -46.87943971951453 3
      vertex -9.931704974496332 -54.11384689792472 3
    endloop
  endfacet
  facet normal 0 0 1
    outer loop
      vertex -10.543441764334727 -47.90277903832662 3
      vertex -10.543441764334727 -52.09722096167338 3
      vertex -10.287108609121244 -53.12056028048547 3
    endloop
  endfacet
  facet normal 0 0 1
    outer loop
      vertex -10.287108609121244 -46.87943971951453 3
      vertex -10.287108609121244 -53.12056028048547 3
      vertex -9.931704974496332 -54.11384689792472 3
    endloop
  endfacet
  facet normal 0 0 1
    outer loop
      vertex -9.931704974496332 -45.88615310207528 3
      vertex -9.931704974496332 -54.11384689792472 3
      vertex -9.480653591744817 -55.067514920879475 3
    endloop
  endfacet
  facet normal 0 0 1
    outer loop
      vertex -9.480653591744817 -44.932485079120525 3
      vertex -9.480653591744817 -55.067514920879475 3
      vertex -8.938298332252362 -55.972380004960726 3
    endloop
  endfacet
  facet normal 0 0 1
    outer loop
      vertex -8.309862373649423 -43.18027219524081 3
      vertex -7.601397897755386 -57.60139789775538 3
      vertex -7.601397897755386 -50 3
    endloop
  endfacet
  facet normal 0 0 1
    outer loop
      vertex -7.601397897755386 -50 3
      vertex -6.717496905037329 -50.66161569722453 3
      vertex -6.75 -50 3
    endloop
  endfacet
  facet normal 0 0 1
    outer loop
      vertex -7.601397897755386 -50 3
      vertex -6.620300642721805 -51.31685967360887 3
      vertex -6.717496905037329 -50.66161569722453 3
    endloop
  endfacet
  facet normal 0 0 1
    outer loop
      vertex -8.938298332252362 -44.027619995039274 3
      vertex -8.938298332252362 -55.972380004960726 3
      vertex -8.309862373649423 -56.81972780475919 3
    endloop
  endfacet
  facet normal 0 0 1
    outer loop
      vertex -8.309862373649423 -43.18027219524081 3
      vertex -8.309862373649423 -56.81972780475919 3
      vertex -7.601397897755386 -57.60139789775538 3
    endloop
  endfacet
  facet normal 0 0 1
    outer loop
      vertex -7.601397897755386 -50 3
      vertex -6.45934726619241 -51.95942157146762 3
      vertex -6.620300642721805 -51.31685967360887 3
    endloop
  endfacet
  facet normal 0 0 1
    outer loop
      vertex -7.601397897755386 -50 3
      vertex -6.236186844451185 -52.58311316846436 3
      vertex -6.45934726619241 -51.95942157146762 3
    endloop
  endfacet
  facet normal 0 0 1
    outer loop
      vertex -7.601397897755386 -50 3
      vertex -7.601397897755386 -57.60139789775538 3
      vertex -6.819727804759189 -58.30986237364942 3
    endloop
  endfacet
  facet normal 0 0 1
    outer loop
      vertex -7.601397897755386 -50 3
      vertex -6.819727804759189 -58.30986237364942 3
      vertex -5.972380004960724 -58.93829833225236 3
    endloop
  endfacet
  facet normal 0 0 1
    outer loop
      vertex -7.601397897755386 -50 3
      vertex -5.972380004960724 -58.93829833225236 3
      vertex -5.067514920879475 -59.48065359174482 3
    endloop
  endfacet
  facet normal 0 0 1
    outer loop
      vertex -7.601397897755386 -50 3
      vertex -3.12056028048547 -60.28710860912125 3
      vertex -6.236186844451185 -52.58311316846436 3
    endloop
  endfacet
  facet normal 0 0 1
    outer loop
      vertex -3.12056028048547 -60.28710860912125 3
      vertex -5.952968534351396 -53.18192797357548 3
      vertex -6.236186844451185 -52.58311316846436 3
    endloop
  endfacet
  facet normal 0 0 1
    outer loop
      vertex -7.601397897755386 -50 3
      vertex -5.067514920879475 -59.48065359174482 3
      vertex -4.113846897924716 -59.931704974496334 3
    endloop
  endfacet
  facet normal 0 0 1
    outer loop
      vertex -2.097220961673379 -60.54344176433473 3
      vertex -5.612419883042181 -53.750099072882314 3
      vertex -5.952968534351396 -53.18192797357548 3
    endloop
  endfacet
  facet normal 0 0 1
    outer loop
      vertex -7.601397897755386 -50 3
      vertex -4.113846897924716 -59.931704974496334 3
      vertex -3.12056028048547 -60.28710860912125 3
    endloop
  endfacet
  facet normal 0 0 1
    outer loop
      vertex -2.097220961673379 -60.54344176433473 3
      vertex -5.217820560198475 -54.28215466810461 3
      vertex -5.612419883042181 -53.750099072882314 3
    endloop
  endfacet
  facet normal 0 0 1
    outer loop
      vertex -2.097220961673379 -60.54344176433473 3
      vertex -4.772970773009196 -54.7729707730092 3
      vertex -5.217820560198475 -54.28215466810461 3
    endloop
  endfacet
  facet normal 0 0 1
    outer loop
      vertex -1.0536842585427766 -60.69823581172612 3
      vertex -4.282154668104607 -55.217820560198476 3
      vertex -4.772970773009196 -54.7729707730092 3
    endloop
  endfacet
  facet normal 0 0 1
    outer loop
      vertex -1.0536842585427766 -60.69823581172612 3
      vertex -3.750099072882315 -55.61241988304218 3
      vertex -4.282154668104607 -55.217820560198476 3
    endloop
  endfacet
  facet normal 0 0 1
    outer loop
      vertex -3.12056028048547 -60.28710860912125 3
      vertex -2.097220961673379 -60.54344176433473 3
      vertex -5.952968534351396 -53.18192797357548 3
    endloop
  endfacet
  facet normal 0 0 1
    outer loop
      vertex 0 -60.75 3
      vertex -3.181927973575484 -55.9529685343514 3
      vertex -3.750099072882315 -55.61241988304218 3
    endloop
  endfacet
  facet normal 0 0 1
    outer loop
      vertex 0 -60.75 3
      vertex -2.5831131684643562 -56.23618684445118 3
      vertex -3.181927973575484 -55.9529685343514 3
    endloop
  endfacet
  facet normal 0 0 1
    outer loop
      vertex -2.097220961673379 -60.54344176433473 3
      vertex -1.0536842585427766 -60.69823581172612 3
      vertex -4.772970773009196 -54.7729707730092 3
    endloop
  endfacet
  facet normal 0 0 1
    outer loop
      vertex 1.0536842585427766 -60.69823581172612 3
      vertex -1.9594215714676206 -56.45934726619241 3
      vertex -2.5831131684643562 -56.23618684445118 3
    endloop
  endfacet
  facet normal 0 0 1
    outer loop
      vertex 2.097220961673379 -60.54344176433473 3
      vertex -1.3168596736088656 -56.6203006427218 3
      vertex -1.9594215714676206 -56.45934726619241 3
    endloop
  endfacet
  facet normal 0 0 1
    outer loop
      vertex -1.0536842585427766 -60.69823581172612 3
      vertex 0 -60.75 3
      vertex -3.750099072882315 -55.61241988304218 3
    endloop
  endfacet
  facet normal 0 0 1
    outer loop
      vertex 0 -60.75 3
      vertex 1.0536842585427766 -60.69823581172612 3
      vertex -2.5831131684643562 -56.23618684445118 3
    endloop
  endfacet
  facet normal -0.9039892931234432 0.42755509343028203 0
    outer loop
      vertex -9.480653591744817 -44.932485079120525 3
      vertex -9.931704974496332 -45.88615310207528 0
      vertex -9.931704974496332 -45.88615310207528 3
    endloop
  endfacet
  facet normal -0.9415440651830211 0.3368898533922188 0
    outer loop
      vertex -9.931704974496332 -45.88615310207528 3
      vertex -10.287108609121244 -46.87943971951453 0
      vertex -10.287108609121244 -46.87943971951453 3
    endloop
  endfacet
  facet normal -0.9891765099647808 0.14673047445536308 0
    outer loop
      vertex -10.543441764334727 -47.90277903832662 3
      vertex -10.698235811726118 -48.94631574145723 0
      vertex -10.698235811726118 -48.94631574145723 3
    endloop
  endfacet
  facet normal -0.9700312531945439 0.24298017990326448 0
    outer loop
      vertex -10.287108609121244 -46.87943971951453 3
      vertex -10.543441764334727 -47.90277903832662 0
      vertex -10.543441764334727 -47.90277903832662 3
    endloop
  endfacet
  facet normal -0.9987954562051724 0.04906767432741693 0
    outer loop
      vertex -10.698235811726118 -48.94631574145723 3
      vertex -10.75 -50 0
      vertex -10.75 -50 3
    endloop
  endfacet
  facet normal -0.9987954562051724 -0.04906767432741693 0
    outer loop
      vertex -10.75 -50 3
      vertex -10.698235811726118 -51.05368425854277 0
      vertex -10.698235811726118 -51.05368425854277 3
    endloop
  endfacet
  facet normal -0.9891765099647808 -0.14673047445536308 0
    outer loop
      vertex -10.698235811726118 -51.05368425854277 3
      vertex -10.543441764334727 -52.09722096167338 0
      vertex -10.543441764334727 -52.09722096167338 3
    endloop
  endfacet
  facet normal -0.9700312531945439 -0.24298017990326448 0
    outer loop
      vertex -10.543441764334727 -52.09722096167338 3
      vertex -10.287108609121244 -53.12056028048547 0
      vertex -10.287108609121244 -53.12056028048547 3
    endloop
  endfacet
  facet normal -0.9039892931234432 0.42755509343028203 0
    outer loop
      vertex -9.480653591744817 -44.932485079120525 3
      vertex -9.480653591744817 -44.932485079120525 0
      vertex -9.931704974496332 -45.88615310207528 0
    endloop
  endfacet
  facet normal -0.9415440651830211 0.3368898533922188 0
    outer loop
      vertex -9.931704974496332 -45.88615310207528 3
      vertex -9.931704974496332 -45.88615310207528 0
      vertex -10.287108609121244 -46.87943971951453 0
    endloop
  endfacet
  facet normal -0.9891765099647808 0.14673047445536308 0
    outer loop
      vertex -10.543441764334727 -47.90277903832662 3
      vertex -10.543441764334727 -47.90277903832662 0
      vertex -10.698235811726118 -48.94631574145723 0
    endloop
  endfacet
  facet normal -0.9700312531945439 0.24298017990326448 0
    outer loop
      vertex -10.287108609121244 -46.87943971951453 3
      vertex -10.287108609121244 -46.87943971951453 0
      vertex -10.543441764334727 -47.90277903832662 0
    endloop
  endfacet
  facet normal 0 0 -1
    outer loop
      vertex -9.480653591744817 -44.932485079120525 0
      vertex -9.931704974496332 -54.11384689792472 0
      vertex -9.931704974496332 -45.88615310207528 0
    endloop
  endfacet
  facet normal 0 0 -1
    outer loop
      vertex -9.931704974496332 -45.88615310207528 0
      vertex -10.287108609121244 -53.12056028048547 0
      vertex -10.287108609121244 -46.87943971951453 0
    endloop
  endfacet
  facet normal 0 0 -1
    outer loop
      vertex -9.480653591744817 -44.932485079120525 0
      vertex -8.938298332252362 -44.027619995039274 0
      vertex -9.480653591744817 -55.067514920879475 0
    endloop
  endfacet
  facet normal 0 0 -1
    outer loop
      vertex -8 -42.838391750041474 0
      vertex -7.972182908550582 -49.94610438531675 0
      vertex -8.309862373649423 -43.18027219524081 0
    endloop
  endfacet
  facet normal 0 0 -1
    outer loop
      vertex -8.309862373649423 -43.18027219524081 0
      vertex -8.938298332252362 -55.972380004960726 0
      vertex -8.938298332252362 -44.027619995039274 0
    endloop
  endfacet
  facet normal 0 0 -1
    outer loop
      vertex -7.972182908550582 -49.94610438531675 0
      vertex -6.236186844451185 -47.41688683153564 0
      vertex -6.45934726619241 -48.04057842853238 0
    endloop
  endfacet
  facet normal 0 0 -1
    outer loop
      vertex -7.972182908550582 -49.94610438531675 0
      vertex -6.45934726619241 -48.04057842853238 0
      vertex -6.620300642721805 -48.68314032639113 0
    endloop
  endfacet
  facet normal -0.9987954562051724 0.04906767432741693 0
    outer loop
      vertex -10.698235811726118 -48.94631574145723 3
      vertex -10.698235811726118 -48.94631574145723 0
      vertex -10.75 -50 0
    endloop
  endfacet
  facet normal -0.9987954562051724 -0.04906767432741693 0
    outer loop
      vertex -10.75 -50 3
      vertex -10.75 -50 0
      vertex -10.698235811726118 -51.05368425854277 0
    endloop
  endfacet
  facet normal -0.9891765099647808 -0.14673047445536308 0
    outer loop
      vertex -10.698235811726118 -51.05368425854277 3
      vertex -10.698235811726118 -51.05368425854277 0
      vertex -10.543441764334727 -52.09722096167338 0
    endloop
  endfacet
  facet normal -0.9700312531945439 -0.24298017990326448 0
    outer loop
      vertex -10.543441764334727 -52.09722096167338 3
      vertex -10.543441764334727 -52.09722096167338 0
      vertex -10.287108609121244 -53.12056028048547 0
    endloop
  endfacet
  facet normal 0 0 -1
    outer loop
      vertex -10.543441764334727 -47.90277903832662 0
      vertex -10.698235811726118 -51.05368425854277 0
      vertex -10.698235811726118 -48.94631574145723 0
    endloop
  endfacet
  facet normal 0 0 -1
    outer loop
      vertex -10.698235811726118 -48.94631574145723 0
      vertex -10.698235811726118 -51.05368425854277 0
      vertex -10.75 -50 0
    endloop
  endfacet
  facet normal 0 0 -1
    outer loop
      vertex -10.543441764334727 -47.90277903832662 0
      vertex -10.543441764334727 -52.09722096167338 0
      vertex -10.698235811726118 -51.05368425854277 0
    endloop
  endfacet
  facet normal 0 0 -1
    outer loop
      vertex -10.287108609121244 -46.87943971951453 0
      vertex -10.543441764334727 -52.09722096167338 0
      vertex -10.543441764334727 -47.90277903832662 0
    endloop
  endfacet
  facet normal 0 0 -1
    outer loop
      vertex -10.287108609121244 -46.87943971951453 0
      vertex -10.287108609121244 -53.12056028048547 0
      vertex -10.543441764334727 -52.09722096167338 0
    endloop
  endfacet
  facet normal 0 0 -1
    outer loop
      vertex -9.931704974496332 -45.88615310207528 0
      vertex -9.931704974496332 -54.11384689792472 0
      vertex -10.287108609121244 -53.12056028048547 0
    endloop
  endfacet
  facet normal 0 0 -1
    outer loop
      vertex -9.480653591744817 -44.932485079120525 0
      vertex -9.480653591744817 -55.067514920879475 0
      vertex -9.931704974496332 -54.11384689792472 0
    endloop
  endfacet
  facet normal 0 0 -1
    outer loop
      vertex -8.938298332252362 -44.027619995039274 0
      vertex -8.938298332252362 -55.972380004960726 0
      vertex -9.480653591744817 -55.067514920879475 0
    endloop
  endfacet
  facet normal 0 0 -1
    outer loop
      vertex -8.309862373649423 -43.18027219524081 0
      vertex -7.972182908550582 -49.94610438531675 0
      vertex -8.309862373649423 -56.81972780475919 0
    endloop
  endfacet
  facet normal 0 0 -1
    outer loop
      vertex -7.972182908550582 -49.94610438531675 0
      vertex -6.620300642721805 -48.68314032639113 0
      vertex -6.717496905037329 -49.33838430277547 0
    endloop
  endfacet
  facet normal 0 0 -1
    outer loop
      vertex -7.972182908550582 -49.94610438531675 0
      vertex -6.717496905037329 -49.33838430277547 0
      vertex -6.75 -50 0
    endloop
  endfacet
  facet normal 0 0 -1
    outer loop
      vertex -7.972182908550582 -49.94610438531675 0
      vertex -6.75 -50 0
      vertex -6.717496905037329 -50.66161569722453 0
    endloop
  endfacet
  facet normal 0 0 -1
    outer loop
      vertex -7.972182908550582 -49.94610438531675 0
      vertex -6.717496905037329 -50.66161569722453 0
      vertex -6.620300642721805 -51.31685967360887 0
    endloop
  endfacet
  facet normal 0 0 -1
    outer loop
      vertex -8.309862373649423 -43.18027219524081 0
      vertex -8.309862373649423 -56.81972780475919 0
      vertex -8.938298332252362 -55.972380004960726 0
    endloop
  endfacet
  facet normal 0 0 -1
    outer loop
      vertex -7.972182908550582 -49.94610438531675 0
      vertex -6.620300642721805 -51.31685967360887 0
      vertex -6.45934726619241 -51.95942157146762 0
    endloop
  endfacet
  facet normal 0 0 -1
    outer loop
      vertex -2.626673076948307 -39.58917908658734 0
      vertex -6.236186844451185 -47.41688683153564 0
      vertex -7.972182908550582 -49.94610438531675 0
    endloop
  endfacet
  facet normal -0.9415440651830211 -0.3368898533922188 0
    outer loop
      vertex -10.287108609121244 -53.12056028048547 3
      vertex -9.931704974496332 -54.11384689792472 0
      vertex -9.931704974496332 -54.11384689792472 3
    endloop
  endfacet
  facet normal -0.9039892931234432 -0.42755509343028203 0
    outer loop
      vertex -9.931704974496332 -54.11384689792472 3
      vertex -9.480653591744817 -55.067514920879475 0
      vertex -9.480653591744817 -55.067514920879475 3
    endloop
  endfacet
  facet normal -0.8577286100002728 -0.5141027441932204 0
    outer loop
      vertex -9.480653591744817 -55.067514920879475 3
      vertex -8.938298332252362 -55.972380004960726 0
      vertex -8.938298332252362 -55.972380004960726 3
    endloop
  endfacet
  facet normal -0.8032075314806443 -0.5956993044924342 0
    outer loop
      vertex -8.938298332252362 -55.972380004960726 3
      vertex -8.309862373649423 -56.81972780475919 0
      vertex -8.309862373649423 -56.81972780475919 3
    endloop
  endfacet
  facet normal -0.7409511253549574 -0.6715589548470201 0
    outer loop
      vertex -8.309862373649423 -56.81972780475919 3
      vertex -7.601397897755386 -57.60139789775538 0
      vertex -7.601397897755386 -57.60139789775538 3
    endloop
  endfacet
  facet normal -0.6715589548470203 -0.7409511253549573 0
    outer loop
      vertex -7.601397897755386 -57.60139789775538 3
      vertex -7.601397897755386 -57.60139789775538 0
      vertex -6.819727804759189 -58.30986237364942 3
    endloop
  endfacet
  facet normal -0.5956993044924309 -0.8032075314806468 0
    outer loop
      vertex -6.819727804759189 -58.30986237364942 3
      vertex -6.819727804759189 -58.30986237364942 0
      vertex -5.972380004960724 -58.93829833225236 3
    endloop
  endfacet
  facet normal -0.5141027441932253 -0.8577286100002699 0
    outer loop
      vertex -5.972380004960724 -58.93829833225236 3
      vertex -5.972380004960724 -58.93829833225236 0
      vertex -5.067514920879475 -59.48065359174482 3
    endloop
  endfacet
  facet normal -0.4275550934302817 -0.9039892931234434 0
    outer loop
      vertex -5.067514920879475 -59.48065359174482 3
      vertex -5.067514920879475 -59.48065359174482 0
      vertex -4.113846897924716 -59.931704974496334 3
    endloop
  endfacet
  facet normal -0.33688985339222044 -0.9415440651830206 0
    outer loop
      vertex -4.113846897924716 -59.931704974496334 3
      vertex -4.113846897924716 -59.931704974496334 0
      vertex -3.12056028048547 -60.28710860912125 3
    endloop
  endfacet
  facet normal -0.24298017990326448 -0.9700312531945439 0
    outer loop
      vertex -3.12056028048547 -60.28710860912125 3
      vertex -3.12056028048547 -60.28710860912125 0
      vertex -2.097220961673379 -60.54344176433473 3
    endloop
  endfacet
  facet normal -0.14673047445536355 -0.9891765099647807 0
    outer loop
      vertex -2.097220961673379 -60.54344176433473 3
      vertex -2.097220961673379 -60.54344176433473 0
      vertex -1.0536842585427766 -60.69823581172612 3
    endloop
  endfacet
  facet normal -0.04906767432741343 -0.9987954562051726 0
    outer loop
      vertex -1.0536842585427766 -60.69823581172612 3
      vertex -1.0536842585427766 -60.69823581172612 0
      vertex 0 -60.75 3
    endloop
  endfacet
  facet normal -0.9415440651830211 -0.3368898533922188 0
    outer loop
      vertex -10.287108609121244 -53.12056028048547 3
      vertex -10.287108609121244 -53.12056028048547 0
      vertex -9.931704974496332 -54.11384689792472 0
    endloop
  endfacet
  facet normal -0.9039892931234432 -0.42755509343028203 0
    outer loop
      vertex -9.931704974496332 -54.11384689792472 3
      vertex -9.931704974496332 -54.11384689792472 0
      vertex -9.480653591744817 -55.067514920879475 0
    endloop
  endfacet
  facet normal -0.8577286100002728 -0.5141027441932204 0
    outer loop
      vertex -9.480653591744817 -55.067514920879475 3
      vertex -9.480653591744817 -55.067514920879475 0
      vertex -8.938298332252362 -55.972380004960726 0
    endloop
  endfacet
  facet normal -0.8032075314806443 -0.5956993044924342 0
    outer loop
      vertex -8.938298332252362 -55.972380004960726 3
      vertex -8.938298332252362 -55.972380004960726 0
      vertex -8.309862373649423 -56.81972780475919 0
    endloop
  endfacet
  facet normal 0 0 -1
    outer loop
      vertex -7.972182908550582 -49.94610438531675 0
      vertex -6.45934726619241 -51.95942157146762 0
      vertex -8.309862373649423 -56.81972780475919 0
    endloop
  endfacet
  facet normal 0 0 -1
    outer loop
      vertex -8.309862373649423 -56.81972780475919 0
      vertex -6.45934726619241 -51.95942157146762 0
      vertex -6.236186844451185 -52.58311316846436 0
    endloop
  endfacet
  facet normal 0 0 -1
    outer loop
      vertex -8.309862373649423 -56.81972780475919 0
      vertex -6.236186844451185 -52.58311316846436 0
      vertex -5.952968534351396 -53.18192797357548 0
    endloop
  endfacet
  facet normal 0 0 -1
    outer loop
      vertex -7.601397897755386 -57.60139789775538 0
      vertex -5.952968534351396 -53.18192797357548 0
      vertex -5.612419883042181 -53.750099072882314 0
    endloop
  endfacet
  facet normal 0 0 -1
    outer loop
      vertex -8.309862373649423 -56.81972780475919 0
      vertex -5.952968534351396 -53.18192797357548 0
      vertex -7.601397897755386 -57.60139789775538 0
    endloop
  endfacet
  facet normal 0 0 -1
    outer loop
      vertex -7.601397897755386 -57.60139789775538 0
      vertex -5.612419883042181 -53.750099072882314 0
      vertex -6.819727804759189 -58.30986237364942 0
    endloop
  endfacet
  facet normal -0.7409511253549574 -0.6715589548470201 0
    outer loop
      vertex -8.309862373649423 -56.81972780475919 3
      vertex -8.309862373649423 -56.81972780475919 0
      vertex -7.601397897755386 -57.60139789775538 0
    endloop
  endfacet
  facet normal -0.6715589548470203 -0.7409511253549573 0
    outer loop
      vertex -6.819727804759189 -58.30986237364942 3
      vertex -7.601397897755386 -57.60139789775538 0
      vertex -6.819727804759189 -58.30986237364942 0
    endloop
  endfacet
  facet normal -0.5956993044924309 -0.8032075314806468 0
    outer loop
      vertex -5.972380004960724 -58.93829833225236 3
      vertex -6.819727804759189 -58.30986237364942 0
      vertex -5.972380004960724 -58.93829833225236 0
    endloop
  endfacet
  facet normal 0 0 -1
    outer loop
      vertex -6.819727804759189 -58.30986237364942 0
      vertex -5.612419883042181 -53.750099072882314 0
      vertex -5.217820560198475 -54.28215466810461 0
    endloop
  endfacet
  facet normal 0 0 -1
    outer loop
      vertex -6.819727804759189 -58.30986237364942 0
      vertex -5.217820560198475 -54.28215466810461 0
      vertex -4.772970773009196 -54.7729707730092 0
    endloop
  endfacet
  facet normal 0 0 -1
    outer loop
      vertex -5.972380004960724 -58.93829833225236 0
      vertex -4.772970773009196 -54.7729707730092 0
      vertex -4.282154668104607 -55.217820560198476 0
    endloop
  endfacet
  facet normal 0 0 -1
    outer loop
      vertex -5.067514920879475 -59.48065359174482 0
      vertex -4.282154668104607 -55.217820560198476 0
      vertex -3.750099072882315 -55.61241988304218 0
    endloop
  endfacet
  facet normal -0.5141027441932253 -0.8577286100002699 0
    outer loop
      vertex -5.067514920879475 -59.48065359174482 3
      vertex -5.972380004960724 -58.93829833225236 0
      vertex -5.067514920879475 -59.48065359174482 0
    endloop
  endfacet
  facet normal -0.4275550934302817 -0.9039892931234434 0
    outer loop
      vertex -4.113846897924716 -59.931704974496334 3
      vertex -5.067514920879475 -59.48065359174482 0
      vertex -4.113846897924716 -59.931704974496334 0
    endloop
  endfacet
  facet normal -0.33688985339222044 -0.9415440651830206 0
    outer loop
      vertex -3.12056028048547 -60.28710860912125 3
      vertex -4.113846897924716 -59.931704974496334 0
      vertex -3.12056028048547 -60.28710860912125 0
    endloop
  endfacet
  facet normal -0.24298017990326448 -0.9700312531945439 0
    outer loop
      vertex -2.097220961673379 -60.54344176433473 3
      vertex -3.12056028048547 -60.28710860912125 0
      vertex -2.097220961673379 -60.54344176433473 0
    endloop
  endfacet
  facet normal -0.14673047445536355 -0.9891765099647807 0
    outer loop
      vertex -1.0536842585427766 -60.69823581172612 3
      vertex -2.097220961673379 -60.54344176433473 0
      vertex -1.0536842585427766 -60.69823581172612 0
    endloop
  endfacet
  facet normal -0.04906767432741343 -0.9987954562051726 0
    outer loop
      vertex -1.0536842585427766 -60.69823581172612 0
      vertex 0 -60.75 0
      vertex 0 -60.75 3
    endloop
  endfacet
  facet normal 0 0 -1
    outer loop
      vertex -6.819727804759189 -58.30986237364942 0
      vertex -4.772970773009196 -54.7729707730092 0
      vertex -5.972380004960724 -58.93829833225236 0
    endloop
  endfacet
  facet normal 0 0 -1
    outer loop
      vertex -5.972380004960724 -58.93829833225236 0
      vertex -4.282154668104607 -55.217820560198476 0
      vertex -5.067514920879475 -59.48065359174482 0
    endloop
  endfacet
  facet normal 0 0 -1
    outer loop
      vertex -4.113846897924716 -59.931704974496334 0
      vertex -3.750099072882315 -55.61241988304218 0
      vertex -3.181927973575484 -55.9529685343514 0
    endloop
  endfacet
  facet normal 0 0 -1
    outer loop
      vertex -4.113846897924716 -59.931704974496334 0
      vertex -3.181927973575484 -55.9529685343514 0
      vertex -2.5831131684643562 -56.23618684445118 0
    endloop
  endfacet
  facet normal 0 0 -1
    outer loop
      vertex -5.067514920879475 -59.48065359174482 0
      vertex -3.750099072882315 -55.61241988304218 0
      vertex -4.113846897924716 -59.931704974496334 0
    endloop
  endfacet
  facet normal 0 0 -1
    outer loop
      vertex -4.113846897924716 -59.931704974496334 0
      vertex -2.5831131684643562 -56.23618684445118 0
      vertex -3.12056028048547 -60.28710860912125 0
    endloop
  endfacet
  facet normal 0 0 -1
    outer loop
      vertex -3.12056028048547 -60.28710860912125 0
      vertex -2.5831131684643562 -56.23618684445118 0
      vertex -1.9594215714676206 -56.45934726619241 0
    endloop
  endfacet
  facet normal 0 0 -1
    outer loop
      vertex -3.12056028048547 -60.28710860912125 0
      vertex -1.9594215714676206 -56.45934726619241 0
      vertex -1.3168596736088656 -56.6203006427218 0
    endloop
  endfacet
  facet normal 0 0 -1
    outer loop
      vertex -3.12056028048547 -60.28710860912125 0
      vertex -1.3168596736088656 -56.6203006427218 0
      vertex -0.6616156972245341 -56.71749690503733 0
    endloop
  endfacet
  facet normal 0 0 -1
    outer loop
      vertex -3.12056028048547 -60.28710860912125 0
      vertex -0.6616156972245341 -56.71749690503733 0
      vertex 0 -56.75 0
    endloop
  endfacet
  facet normal 0 0 -1
    outer loop
      vertex -3.12056028048547 -60.28710860912125 0
      vertex 0 -56.75 0
      vertex 0.6616156972245341 -56.71749690503733 0
    endloop
  endfacet
  facet normal 0 0 -1
    outer loop
      vertex -2.097220961673379 -60.54344176433473 0
      vertex 0.6616156972245341 -56.71749690503733 0
      vertex 1.3168596736088656 -56.6203006427218 0
    endloop
  endfacet
  facet normal 0 0 -1
    outer loop
      vertex -3.12056028048547 -60.28710860912125 0
      vertex 0.6616156972245341 -56.71749690503733 0
      vertex -2.097220961673379 -60.54344176433473 0
    endloop
  endfacet
  facet normal 0 0 -1
    outer loop
      vertex -2.097220961673379 -60.54344176433473 0
      vertex 1.9594215714676206 -56.45934726619241 0
      vertex -1.0536842585427766 -60.69823581172612 0
    endloop
  endfacet
  facet normal 0.7409511253549603 0.6715589548470169 0
    outer loop
      vertex 8 -42.838391750041474 3
      vertex 8.309862373649423 -43.18027219524081 3
      vertex 8.309862373649423 -43.18027219524081 0
    endloop
  endfacet
  facet normal 0.8032075314806443 0.5956993044924342 0
    outer loop
      vertex 8.309862373649423 -43.18027219524081 3
      vertex 8.938298332252362 -44.027619995039274 3
      vertex 8.309862373649423 -43.18027219524081 0
    endloop
  endfacet
  facet normal 0.8577286100002728 0.5141027441932204 0
    outer loop
      vertex 8.938298332252362 -44.027619995039274 3
      vertex 9.480653591744817 -44.932485079120525 3
      vertex 8.938298332252362 -44.027619995039274 0
    endloop
  endfacet
  facet normal 0.7409511253549603 0.6715589548470169 0
    outer loop
      vertex 8 -42.838391750041474 3
      vertex 8.309862373649423 -43.18027219524081 0
      vertex 8 -42.838391750041474 0
    endloop
  endfacet
  facet normal 0.8032075314806443 0.5956993044924342 0
    outer loop
      vertex 8.938298332252362 -44.027619995039274 3
      vertex 8.938298332252362 -44.027619995039274 0
      vertex 8.309862373649423 -43.18027219524081 0
    endloop
  endfacet
  facet normal 0.8577286100002728 0.5141027441932204 0
    outer loop
      vertex 9.480653591744817 -44.932485079120525 3
      vertex 9.480653591744817 -44.932485079120525 0
      vertex 8.938298332252362 -44.027619995039274 0
    endloop
  endfacet
  facet normal 0 0 1
    outer loop
      vertex 8 -42.838391750041474 3
      vertex 7.972182908550582 -49.94610438531675 3
      vertex 8.309862373649423 -43.18027219524081 3
    endloop
  endfacet
  facet normal 0 0 1
    outer loop
      vertex 8.309862373649423 -43.18027219524081 3
      vertex 7.972182908550582 -49.94610438531675 3
      vertex 7.97483063031636 -50 3
    endloop
  endfacet
  facet normal 0 0 1
    outer loop
      vertex 8.309862373649423 -43.18027219524081 3
      vertex 8.938298332252362 -55.972380004960726 3
      vertex 8.938298332252362 -44.027619995039274 3
    endloop
  endfacet
  facet normal 0 0 1
    outer loop
      vertex 8.938298332252362 -44.027619995039274 3
      vertex 9.480653591744817 -55.067514920879475 3
      vertex 9.480653591744817 -44.932485079120525 3
    endloop
  endfacet
  facet normal 0 0 1
    outer loop
      vertex 9.480653591744817 -44.932485079120525 3
      vertex 9.931704974496332 -54.11384689792472 3
      vertex 9.931704974496332 -45.88615310207528 3
    endloop
  endfacet
  facet normal 0 0 1
    outer loop
      vertex 9.931704974496332 -45.88615310207528 3
      vertex 10.287108609121244 -53.12056028048547 3
      vertex 10.287108609121244 -46.87943971951453 3
    endloop
  endfacet
  facet normal 0 0 1
    outer loop
      vertex 7.97483063031636 -50 3
      vertex 6.75 -50 3
      vertex 6.717496905037329 -50.66161569722453 3
    endloop
  endfacet
  facet normal 0 0 1
    outer loop
      vertex 7.97483063031636 -50 3
      vertex 6.717496905037329 -50.66161569722453 3
      vertex 6.620300642721805 -51.31685967360887 3
    endloop
  endfacet
  facet normal 0 0 1
    outer loop
      vertex 8.309862373649423 -43.18027219524081 3
      vertex 7.97483063031636 -50 3
      vertex 8.309862373649423 -56.81972780475919 3
    endloop
  endfacet
  facet normal 0 0 1
    outer loop
      vertex 7.97483063031636 -50 3
      vertex 6.620300642721805 -51.31685967360887 3
      vertex 8.309862373649423 -56.81972780475919 3
    endloop
  endfacet
  facet normal 0 0 1
    outer loop
      vertex 8.309862373649423 -43.18027219524081 3
      vertex 8.309862373649423 -56.81972780475919 3
      vertex 8.938298332252362 -55.972380004960726 3
    endloop
  endfacet
  facet normal 0 0 1
    outer loop
      vertex 10.287108609121244 -46.87943971951453 3
      vertex 10.543441764334727 -52.09722096167338 3
      vertex 10.543441764334727 -47.90277903832662 3
    endloop
  endfacet
  facet normal 0 0 1
    outer loop
      vertex 10.287108609121244 -46.87943971951453 3
      vertex 10.287108609121244 -53.12056028048547 3
      vertex 10.543441764334727 -52.09722096167338 3
    endloop
  endfacet
  facet normal 0 0 1
    outer loop
      vertex 10.543441764334727 -47.90277903832662 3
      vertex 10.698235811726118 -51.05368425854277 3
      vertex 10.698235811726118 -48.94631574145723 3
    endloop
  endfacet
  facet normal 0 0 1
    outer loop
      vertex 10.698235811726118 -48.94631574145723 3
      vertex 10.698235811726118 -51.05368425854277 3
      vertex 10.75 -50 3
    endloop
  endfacet
  facet normal 0 0 1
    outer loop
      vertex 10.543441764334727 -47.90277903832662 3
      vertex 10.543441764334727 -52.09722096167338 3
      vertex 10.698235811726118 -51.05368425854277 3
    endloop
  endfacet
  facet normal 0 0 1
    outer loop
      vertex 9.480653591744817 -44.932485079120525 3
      vertex 9.480653591744817 -55.067514920879475 3
      vertex 9.931704974496332 -54.11384689792472 3
    endloop
  endfacet
  facet normal 0 0 1
    outer loop
      vertex 8.938298332252362 -44.027619995039274 3
      vertex 8.938298332252362 -55.972380004960726 3
      vertex 9.480653591744817 -55.067514920879475 3
    endloop
  endfacet
  facet normal 0 0 1
    outer loop
      vertex 9.931704974496332 -45.88615310207528 3
      vertex 9.931704974496332 -54.11384689792472 3
      vertex 10.287108609121244 -53.12056028048547 3
    endloop
  endfacet
  facet normal 0 0 1
    outer loop
      vertex 8.309862373649423 -56.81972780475919 3
      vertex 4.772970773009196 -54.7729707730092 3
      vertex 4.282154668104607 -55.217820560198476 3
    endloop
  endfacet
  facet normal 0 0 1
    outer loop
      vertex 7.601397897755386 -57.60139789775538 3
      vertex 4.282154668104607 -55.217820560198476 3
      vertex 3.750099072882315 -55.61241988304218 3
    endloop
  endfacet
  facet normal 0 0 1
    outer loop
      vertex 7.601397897755386 -57.60139789775538 3
      vertex 3.750099072882315 -55.61241988304218 3
      vertex 3.181927973575484 -55.9529685343514 3
    endloop
  endfacet
  facet normal 0 0 1
    outer loop
      vertex 2.097220961673379 -60.54344176433473 3
      vertex -0.6616156972245341 -56.71749690503733 3
      vertex -1.3168596736088656 -56.6203006427218 3
    endloop
  endfacet
  facet normal 0 0 1
    outer loop
      vertex 3.12056028048547 -60.28710860912125 3
      vertex 0 -56.75 3
      vertex -0.6616156972245341 -56.71749690503733 3
    endloop
  endfacet
  facet normal 0 0 1
    outer loop
      vertex 5.067514920879475 -59.48065359174482 3
      vertex 1.3168596736088656 -56.6203006427218 3
      vertex 0.6616156972245341 -56.71749690503733 3
    endloop
  endfacet
  facet normal 0 0 1
    outer loop
      vertex 5.067514920879475 -59.48065359174482 3
      vertex 1.9594215714676206 -56.45934726619241 3
      vertex 1.3168596736088656 -56.6203006427218 3
    endloop
  endfacet
  facet normal 0 0 1
    outer loop
      vertex 4.113846897924716 -59.931704974496334 3
      vertex 0.6616156972245341 -56.71749690503733 3
      vertex 0 -56.75 3
    endloop
  endfacet
  facet normal 0 0 1
    outer loop
      vertex 1.0536842585427766 -60.69823581172612 3
      vertex 2.097220961673379 -60.54344176433473 3
      vertex -1.9594215714676206 -56.45934726619241 3
    endloop
  endfacet
  facet normal 0 0 1
    outer loop
      vertex 2.097220961673379 -60.54344176433473 3
      vertex 3.12056028048547 -60.28710860912125 3
      vertex -0.6616156972245341 -56.71749690503733 3
    endloop
  endfacet
  facet normal 0 0 1
    outer loop
      vertex 3.12056028048547 -60.28710860912125 3
      vertex 4.113846897924716 -59.931704974496334 3
      vertex 0 -56.75 3
    endloop
  endfacet
  facet normal 0 0 1
    outer loop
      vertex 5.972380004960724 -58.93829833225236 3
      vertex 2.5831131684643562 -56.23618684445118 3
      vertex 1.9594215714676206 -56.45934726619241 3
    endloop
  endfacet
  facet normal 0 0 1
    outer loop
      vertex 6.819727804759189 -58.30986237364942 3
      vertex 3.181927973575484 -55.9529685343514 3
      vertex 2.5831131684643562 -56.23618684445118 3
    endloop
  endfacet
  facet normal 0 0 1
    outer loop
      vertex 4.113846897924716 -59.931704974496334 3
      vertex 5.067514920879475 -59.48065359174482 3
      vertex 0.6616156972245341 -56.71749690503733 3
    endloop
  endfacet
  facet normal 0 0 1
    outer loop
      vertex 5.067514920879475 -59.48065359174482 3
      vertex 5.972380004960724 -58.93829833225236 3
      vertex 1.9594215714676206 -56.45934726619241 3
    endloop
  endfacet
  facet normal 0 0 1
    outer loop
      vertex 6.819727804759189 -58.30986237364942 3
      vertex 7.601397897755386 -57.60139789775538 3
      vertex 3.181927973575484 -55.9529685343514 3
    endloop
  endfacet
  facet normal 0 0 1
    outer loop
      vertex 5.972380004960724 -58.93829833225236 3
      vertex 6.819727804759189 -58.30986237364942 3
      vertex 2.5831131684643562 -56.23618684445118 3
    endloop
  endfacet
  facet normal 0 0 1
    outer loop
      vertex 8.309862373649423 -56.81972780475919 3
      vertex 6.45934726619241 -51.95942157146762 3
      vertex 6.236186844451185 -52.58311316846436 3
    endloop
  endfacet
  facet normal 0 0 1
    outer loop
      vertex 8.309862373649423 -56.81972780475919 3
      vertex 6.620300642721805 -51.31685967360887 3
      vertex 6.45934726619241 -51.95942157146762 3
    endloop
  endfacet
  facet normal 0 0 1
    outer loop
      vertex 8.309862373649423 -56.81972780475919 3
      vertex 5.952968534351396 -53.18192797357548 3
      vertex 5.612419883042181 -53.750099072882314 3
    endloop
  endfacet
  facet normal 0 0 1
    outer loop
      vertex 8.309862373649423 -56.81972780475919 3
      vertex 6.236186844451185 -52.58311316846436 3
      vertex 5.952968534351396 -53.18192797357548 3
    endloop
  endfacet
  facet normal 0 0 1
    outer loop
      vertex 8.309862373649423 -56.81972780475919 3
      vertex 5.217820560198475 -54.28215466810461 3
      vertex 4.772970773009196 -54.7729707730092 3
    endloop
  endfacet
  facet normal 0 0 1
    outer loop
      vertex 8.309862373649423 -56.81972780475919 3
      vertex 5.612419883042181 -53.750099072882314 3
      vertex 5.217820560198475 -54.28215466810461 3
    endloop
  endfacet
  facet normal 0 0 1
    outer loop
      vertex 7.601397897755386 -57.60139789775538 3
      vertex 8.309862373649423 -56.81972780475919 3
      vertex 4.282154668104607 -55.217820560198476 3
    endloop
  endfacet
  facet normal 0.9039892931234432 0.42755509343028203 0
    outer loop
      vertex 9.480653591744817 -44.932485079120525 3
      vertex 9.931704974496332 -45.88615310207528 3
      vertex 9.480653591744817 -44.932485079120525 0
    endloop
  endfacet
  facet normal 0.9415440651830211 0.3368898533922188 0
    outer loop
      vertex 9.931704974496332 -45.88615310207528 3
      vertex 10.287108609121244 -46.87943971951453 3
      vertex 9.931704974496332 -45.88615310207528 0
    endloop
  endfacet
  facet normal 0.9700312531945439 0.24298017990326448 0
    outer loop
      vertex 10.287108609121244 -46.87943971951453 3
      vertex 10.543441764334727 -47.90277903832662 3
      vertex 10.287108609121244 -46.87943971951453 0
    endloop
  endfacet
  facet normal 0.9891765099647808 0.14673047445536308 0
    outer loop
      vertex 10.543441764334727 -47.90277903832662 3
      vertex 10.698235811726118 -48.94631574145723 3
      vertex 10.543441764334727 -47.90277903832662 0
    endloop
  endfacet
  facet normal 0.9987954562051724 0.04906767432741693 0
    outer loop
      vertex 10.698235811726118 -48.94631574145723 3
      vertex 10.75 -50 3
      vertex 10.698235811726118 -48.94631574145723 0
    endloop
  endfacet
  facet normal 0.9987954562051724 -0.04906767432741693 0
    outer loop
      vertex 10.75 -50 3
      vertex 10.698235811726118 -51.05368425854277 3
      vertex 10.75 -50 0
    endloop
  endfacet
  facet normal 0.9700312531945439 -0.24298017990326448 0
    outer loop
      vertex 10.543441764334727 -52.09722096167338 3
      vertex 10.287108609121244 -53.12056028048547 3
      vertex 10.543441764334727 -52.09722096167338 0
    endloop
  endfacet
  facet normal 0.9891765099647808 -0.14673047445536308 0
    outer loop
      vertex 10.698235811726118 -51.05368425854277 3
      vertex 10.543441764334727 -52.09722096167338 3
      vertex 10.698235811726118 -51.05368425854277 0
    endloop
  endfacet
  facet normal 0.9039892931234432 0.42755509343028203 0
    outer loop
      vertex 9.480653591744817 -44.932485079120525 0
      vertex 9.931704974496332 -45.88615310207528 3
      vertex 9.931704974496332 -45.88615310207528 0
    endloop
  endfacet
  facet normal 0.9415440651830211 0.3368898533922188 0
    outer loop
      vertex 10.287108609121244 -46.87943971951453 3
      vertex 10.287108609121244 -46.87943971951453 0
      vertex 9.931704974496332 -45.88615310207528 0
    endloop
  endfacet
  facet normal 0.9700312531945439 0.24298017990326448 0
    outer loop
      vertex 10.543441764334727 -47.90277903832662 3
      vertex 10.543441764334727 -47.90277903832662 0
      vertex 10.287108609121244 -46.87943971951453 0
    endloop
  endfacet
  facet normal 0.9891765099647808 0.14673047445536308 0
    outer loop
      vertex 10.698235811726118 -48.94631574145723 3
      vertex 10.698235811726118 -48.94631574145723 0
      vertex 10.543441764334727 -47.90277903832662 0
    endloop
  endfacet
  facet normal 0 0 -1
    outer loop
      vertex 8 -42.838391750041474 0
      vertex 8.309862373649423 -43.18027219524081 0
      vertex 7.601397897755386 -50 0
    endloop
  endfacet
  facet normal 0 0 -1
    outer loop
      vertex 8.309862373649423 -43.18027219524081 0
      vertex 8.938298332252362 -44.027619995039274 0
      vertex 8.309862373649423 -56.81972780475919 0
    endloop
  endfacet
  facet normal 0 0 -1
    outer loop
      vertex 8.938298332252362 -44.027619995039274 0
      vertex 9.480653591744817 -44.932485079120525 0
      vertex 8.938298332252362 -55.972380004960726 0
    endloop
  endfacet
  facet normal 0 0 -1
    outer loop
      vertex 9.480653591744817 -44.932485079120525 0
      vertex 9.931704974496332 -45.88615310207528 0
      vertex 9.480653591744817 -55.067514920879475 0
    endloop
  endfacet
  facet normal 0.9987954562051724 0.04906767432741693 0
    outer loop
      vertex 10.75 -50 3
      vertex 10.75 -50 0
      vertex 10.698235811726118 -48.94631574145723 0
    endloop
  endfacet
  facet normal 0.9987954562051724 -0.04906767432741693 0
    outer loop
      vertex 10.698235811726118 -51.05368425854277 3
      vertex 10.698235811726118 -51.05368425854277 0
      vertex 10.75 -50 0
    endloop
  endfacet
  facet normal 0.9700312531945439 -0.24298017990326448 0
    outer loop
      vertex 10.287108609121244 -53.12056028048547 3
      vertex 10.287108609121244 -53.12056028048547 0
      vertex 10.543441764334727 -52.09722096167338 0
    endloop
  endfacet
  facet normal 0.9891765099647808 -0.14673047445536308 0
    outer loop
      vertex 10.543441764334727 -52.09722096167338 3
      vertex 10.543441764334727 -52.09722096167338 0
      vertex 10.698235811726118 -51.05368425854277 0
    endloop
  endfacet
  facet normal 0 0 -1
    outer loop
      vertex 7.601397897755386 -50 0
      vertex 6.717496905037329 -50.66161569722453 0
      vertex 6.75 -50 0
    endloop
  endfacet
  facet normal 0 0 -1
    outer loop
      vertex 7.601397897755386 -50 0
      vertex 6.620300642721805 -51.31685967360887 0
      vertex 6.717496905037329 -50.66161569722453 0
    endloop
  endfacet
  facet normal 0 0 -1
    outer loop
      vertex 8.309862373649423 -43.18027219524081 0
      vertex 7.601397897755386 -57.60139789775538 0
      vertex 7.601397897755386 -50 0
    endloop
  endfacet
  facet normal 0 0 -1
    outer loop
      vertex 7.601397897755386 -50 0
      vertex 6.45934726619241 -51.95942157146762 0
      vertex 6.620300642721805 -51.31685967360887 0
    endloop
  endfacet
  facet normal 0 0 -1
    outer loop
      vertex 7.601397897755386 -50 0
      vertex 6.236186844451185 -52.58311316846436 0
      vertex 6.45934726619241 -51.95942157146762 0
    endloop
  endfacet
  facet normal 0 0 -1
    outer loop
      vertex 8.309862373649423 -43.18027219524081 0
      vertex 8.309862373649423 -56.81972780475919 0
      vertex 7.601397897755386 -57.60139789775538 0
    endloop
  endfacet
  facet normal 0 0 -1
    outer loop
      vertex 8.938298332252362 -44.027619995039274 0
      vertex 8.938298332252362 -55.972380004960726 0
      vertex 8.309862373649423 -56.81972780475919 0
    endloop
  endfacet
  facet normal 0 0 -1
    outer loop
      vertex 9.931704974496332 -45.88615310207528 0
      vertex 10.287108609121244 -46.87943971951453 0
      vertex 9.931704974496332 -54.11384689792472 0
    endloop
  endfacet
  facet normal 0 0 -1
    outer loop
      vertex 10.287108609121244 -46.87943971951453 0
      vertex 10.543441764334727 -47.90277903832662 0
      vertex 10.287108609121244 -53.12056028048547 0
    endloop
  endfacet
  facet normal 0 0 -1
    outer loop
      vertex 10.543441764334727 -47.90277903832662 0
      vertex 10.698235811726118 -48.94631574145723 0
      vertex 10.543441764334727 -52.09722096167338 0
    endloop
  endfacet
  facet normal 0 0 -1
    outer loop
      vertex 10.698235811726118 -48.94631574145723 0
      vertex 10.75 -50 0
      vertex 10.698235811726118 -51.05368425854277 0
    endloop
  endfacet
  facet normal 0 0 -1
    outer loop
      vertex 10.698235811726118 -48.94631574145723 0
      vertex 10.698235811726118 -51.05368425854277 0
      vertex 10.543441764334727 -52.09722096167338 0
    endloop
  endfacet
  facet normal 0 0 -1
    outer loop
      vertex 10.543441764334727 -47.90277903832662 0
      vertex 10.543441764334727 -52.09722096167338 0
      vertex 10.287108609121244 -53.12056028048547 0
    endloop
  endfacet
  facet normal 0 0 -1
    outer loop
      vertex 10.287108609121244 -46.87943971951453 0
      vertex 10.287108609121244 -53.12056028048547 0
      vertex 9.931704974496332 -54.11384689792472 0
    endloop
  endfacet
  facet normal 0 0 -1
    outer loop
      vertex 9.931704974496332 -45.88615310207528 0
      vertex 9.931704974496332 -54.11384689792472 0
      vertex 9.480653591744817 -55.067514920879475 0
    endloop
  endfacet
  facet normal 0 0 -1
    outer loop
      vertex 9.480653591744817 -44.932485079120525 0
      vertex 9.480653591744817 -55.067514920879475 0
      vertex 8.938298332252362 -55.972380004960726 0
    endloop
  endfacet
  facet normal 0.04906767432741343 -0.9987954562051726 0
    outer loop
      vertex 0 -60.75 3
      vertex 0 -60.75 0
      vertex 1.0536842585427766 -60.69823581172612 3
    endloop
  endfacet
  facet normal 0.14673047445536355 -0.9891765099647807 0
    outer loop
      vertex 1.0536842585427766 -60.69823581172612 3
      vertex 1.0536842585427766 -60.69823581172612 0
      vertex 2.097220961673379 -60.54344176433473 3
    endloop
  endfacet
  facet normal 0.24298017990326448 -0.9700312531945439 0
    outer loop
      vertex 2.097220961673379 -60.54344176433473 3
      vertex 2.097220961673379 -60.54344176433473 0
      vertex 3.12056028048547 -60.28710860912125 3
    endloop
  endfacet
  facet normal 0.33688985339222044 -0.9415440651830206 0
    outer loop
      vertex 3.12056028048547 -60.28710860912125 3
      vertex 3.12056028048547 -60.28710860912125 0
      vertex 4.113846897924716 -59.931704974496334 3
    endloop
  endfacet
  facet normal 0.4275550934302817 -0.9039892931234434 0
    outer loop
      vertex 4.113846897924716 -59.931704974496334 3
      vertex 4.113846897924716 -59.931704974496334 0
      vertex 5.067514920879475 -59.48065359174482 3
    endloop
  endfacet
  facet normal 0.5141027441932253 -0.8577286100002699 0
    outer loop
      vertex 5.067514920879475 -59.48065359174482 3
      vertex 5.067514920879475 -59.48065359174482 0
      vertex 5.972380004960724 -58.93829833225236 3
    endloop
  endfacet
  facet normal 0.8032075314806443 -0.5956993044924342 0
    outer loop
      vertex 8.938298332252362 -55.972380004960726 3
      vertex 8.309862373649423 -56.81972780475919 3
      vertex 8.938298332252362 -55.972380004960726 0
    endloop
  endfacet
  facet normal 0.9415440651830211 -0.3368898533922188 0
    outer loop
      vertex 10.287108609121244 -53.12056028048547 3
      vertex 9.931704974496332 -54.11384689792472 3
      vertex 10.287108609121244 -53.12056028048547 0
    endloop
  endfacet
  facet normal 0.9039892931234432 -0.42755509343028203 0
    outer loop
      vertex 9.931704974496332 -54.11384689792472 3
      vertex 9.480653591744817 -55.067514920879475 3
      vertex 9.931704974496332 -54.11384689792472 0
    endloop
  endfacet
  facet normal 0.8577286100002728 -0.5141027441932204 0
    outer loop
      vertex 8.938298332252362 -55.972380004960726 3
      vertex 9.480653591744817 -55.067514920879475 0
      vertex 9.480653591744817 -55.067514920879475 3
    endloop
  endfacet
  facet normal 0.5956993044924309 -0.8032075314806468 0
    outer loop
      vertex 5.972380004960724 -58.93829833225236 3
      vertex 5.972380004960724 -58.93829833225236 0
      vertex 6.819727804759189 -58.30986237364942 3
    endloop
  endfacet
  facet normal 0.6715589548470203 -0.7409511253549573 0
    outer loop
      vertex 6.819727804759189 -58.30986237364942 3
      vertex 6.819727804759189 -58.30986237364942 0
      vertex 7.601397897755386 -57.60139789775538 3
    endloop
  endfacet
  facet normal 0.7409511253549574 -0.6715589548470201 0
    outer loop
      vertex 7.601397897755386 -57.60139789775538 3
      vertex 8.309862373649423 -56.81972780475919 0
      vertex 8.309862373649423 -56.81972780475919 3
    endloop
  endfacet
  facet normal 0 0 -1
    outer loop
      vertex 7.601397897755386 -50 0
      vertex 3.12056028048547 -60.28710860912125 0
      vertex 6.236186844451185 -52.58311316846436 0
    endloop
  endfacet
  facet normal 0 0 -1
    outer loop
      vertex 2.097220961673379 -60.54344176433473 0
      vertex 5.217820560198475 -54.28215466810461 0
      vertex 5.612419883042181 -53.750099072882314 0
    endloop
  endfacet
  facet normal 0 0 -1
    outer loop
      vertex 2.097220961673379 -60.54344176433473 0
      vertex 4.772970773009196 -54.7729707730092 0
      vertex 5.217820560198475 -54.28215466810461 0
    endloop
  endfacet
  facet normal 0 0 -1
    outer loop
      vertex 3.12056028048547 -60.28710860912125 0
      vertex 5.952968534351396 -53.18192797357548 0
      vertex 6.236186844451185 -52.58311316846436 0
    endloop
  endfacet
  facet normal 0 0 -1
    outer loop
      vertex 2.097220961673379 -60.54344176433473 0
      vertex 5.612419883042181 -53.750099072882314 0
      vertex 5.952968534351396 -53.18192797357548 0
    endloop
  endfacet
  facet normal 0 0 -1
    outer loop
      vertex 7.601397897755386 -50 0
      vertex 4.113846897924716 -59.931704974496334 0
      vertex 3.12056028048547 -60.28710860912125 0
    endloop
  endfacet
  facet normal 0 0 -1
    outer loop
      vertex 7.601397897755386 -50 0
      vertex 5.067514920879475 -59.48065359174482 0
      vertex 4.113846897924716 -59.931704974496334 0
    endloop
  endfacet
  facet normal 0.04906767432741343 -0.9987954562051726 0
    outer loop
      vertex 1.0536842585427766 -60.69823581172612 3
      vertex 0 -60.75 0
      vertex 1.0536842585427766 -60.69823581172612 0
    endloop
  endfacet
  facet normal 0.14673047445536355 -0.9891765099647807 0
    outer loop
      vertex 2.097220961673379 -60.54344176433473 3
      vertex 1.0536842585427766 -60.69823581172612 0
      vertex 2.097220961673379 -60.54344176433473 0
    endloop
  endfacet
  facet normal 0.24298017990326448 -0.9700312531945439 0
    outer loop
      vertex 3.12056028048547 -60.28710860912125 3
      vertex 2.097220961673379 -60.54344176433473 0
      vertex 3.12056028048547 -60.28710860912125 0
    endloop
  endfacet
  facet normal 0.33688985339222044 -0.9415440651830206 0
    outer loop
      vertex 4.113846897924716 -59.931704974496334 3
      vertex 3.12056028048547 -60.28710860912125 0
      vertex 4.113846897924716 -59.931704974496334 0
    endloop
  endfacet
  facet normal 0.4275550934302817 -0.9039892931234434 0
    outer loop
      vertex 5.067514920879475 -59.48065359174482 3
      vertex 4.113846897924716 -59.931704974496334 0
      vertex 5.067514920879475 -59.48065359174482 0
    endloop
  endfacet
  facet normal 0.5141027441932253 -0.8577286100002699 0
    outer loop
      vertex 5.972380004960724 -58.93829833225236 3
      vertex 5.067514920879475 -59.48065359174482 0
      vertex 5.972380004960724 -58.93829833225236 0
    endloop
  endfacet
  facet normal 0 0 -1
    outer loop
      vertex -2.097220961673379 -60.54344176433473 0
      vertex 1.3168596736088656 -56.6203006427218 0
      vertex 1.9594215714676206 -56.45934726619241 0
    endloop
  endfacet
  facet normal 0 0 -1
    outer loop
      vertex -1.0536842585427766 -60.69823581172612 0
      vertex 1.9594215714676206 -56.45934726619241 0
      vertex 2.5831131684643562 -56.23618684445118 0
    endloop
  endfacet
  facet normal 0 0 -1
    outer loop
      vertex 0 -60.75 0
      vertex 2.5831131684643562 -56.23618684445118 0
      vertex 3.181927973575484 -55.9529685343514 0
    endloop
  endfacet
  facet normal 0 0 -1
    outer loop
      vertex 0 -60.75 0
      vertex 3.181927973575484 -55.9529685343514 0
      vertex 3.750099072882315 -55.61241988304218 0
    endloop
  endfacet
  facet normal 0 0 -1
    outer loop
      vertex 1.0536842585427766 -60.69823581172612 0
      vertex 4.772970773009196 -54.7729707730092 0
      vertex 2.097220961673379 -60.54344176433473 0
    endloop
  endfacet
  facet normal 0 0 -1
    outer loop
      vertex -1.0536842585427766 -60.69823581172612 0
      vertex 2.5831131684643562 -56.23618684445118 0
      vertex 0 -60.75 0
    endloop
  endfacet
  facet normal 0 0 -1
    outer loop
      vertex 0 -60.75 0
      vertex 3.750099072882315 -55.61241988304218 0
      vertex 1.0536842585427766 -60.69823581172612 0
    endloop
  endfacet
  facet normal 0 0 -1
    outer loop
      vertex 1.0536842585427766 -60.69823581172612 0
      vertex 4.282154668104607 -55.217820560198476 0
      vertex 4.772970773009196 -54.7729707730092 0
    endloop
  endfacet
  facet normal 0 0 -1
    outer loop
      vertex 1.0536842585427766 -60.69823581172612 0
      vertex 3.750099072882315 -55.61241988304218 0
      vertex 4.282154668104607 -55.217820560198476 0
    endloop
  endfacet
  facet normal 0 0 -1
    outer loop
      vertex 2.097220961673379 -60.54344176433473 0
      vertex 5.952968534351396 -53.18192797357548 0
      vertex 3.12056028048547 -60.28710860912125 0
    endloop
  endfacet
  facet normal 0.8032075314806443 -0.5956993044924342 0
    outer loop
      vertex 8.309862373649423 -56.81972780475919 3
      vertex 8.309862373649423 -56.81972780475919 0
      vertex 8.938298332252362 -55.972380004960726 0
    endloop
  endfacet
  facet normal 0.9415440651830211 -0.3368898533922188 0
    outer loop
      vertex 9.931704974496332 -54.11384689792472 3
      vertex 9.931704974496332 -54.11384689792472 0
      vertex 10.287108609121244 -53.12056028048547 0
    endloop
  endfacet
  facet normal 0.9039892931234432 -0.42755509343028203 0
    outer loop
      vertex 9.480653591744817 -55.067514920879475 3
      vertex 9.480653591744817 -55.067514920879475 0
      vertex 9.931704974496332 -54.11384689792472 0
    endloop
  endfacet
  facet normal 0.8577286100002728 -0.5141027441932204 0
    outer loop
      vertex 8.938298332252362 -55.972380004960726 3
      vertex 8.938298332252362 -55.972380004960726 0
      vertex 9.480653591744817 -55.067514920879475 0
    endloop
  endfacet
  facet normal 0 0 -1
    outer loop
      vertex 7.601397897755386 -50 0
      vertex 7.601397897755386 -57.60139789775538 0
      vertex 6.819727804759189 -58.30986237364942 0
    endloop
  endfacet
  facet normal 0 0 -1
    outer loop
      vertex 7.601397897755386 -50 0
      vertex 6.819727804759189 -58.30986237364942 0
      vertex 5.972380004960724 -58.93829833225236 0
    endloop
  endfacet
  facet normal 0 0 -1
    outer loop
      vertex 7.601397897755386 -50 0
      vertex 5.972380004960724 -58.93829833225236 0
      vertex 5.067514920879475 -59.48065359174482 0
    endloop
  endfacet
  facet normal 0.5956993044924309 -0.8032075314806468 0
    outer loop
      vertex 6.819727804759189 -58.30986237364942 3
      vertex 5.972380004960724 -58.93829833225236 0
      vertex 6.819727804759189 -58.30986237364942 0
    endloop
  endfacet
  facet normal 0.6715589548470203 -0.7409511253549573 0
    outer loop
      vertex 7.601397897755386 -57.60139789775538 3
      vertex 6.819727804759189 -58.30986237364942 0
      vertex 7.601397897755386 -57.60139789775538 0
    endloop
  endfacet
  facet normal 0.7409511253549574 -0.6715589548470201 0
    outer loop
      vertex 7.601397897755386 -57.60139789775538 3
      vertex 7.601397897755386 -57.60139789775538 0
      vertex 8.309862373649423 -56.81972780475919 0
    endloop
  endfacet
  facet normal -1 0 0
    outer loop
      vertex -48 2.3 11
      vertex -48 0.2999999999999998 3
      vertex -48 0.2999999999999998 11
    endloop
  endfacet
  facet normal 0 0 1
    outer loop
      vertex -48 2.3 11
      vertex -48 0.2999999999999998 11
      vertex 48 0.2999999999999998 11
    endloop
  endfacet
  facet normal 1.734723475976807e-18 -1 0
    outer loop
      vertex -48 0.2999999999999998 11
      vertex -48 0.2999999999999998 3
      vertex 48 0.3 3
    endloop
  endfacet
  facet normal -1 0 0
    outer loop
      vertex -48 2.3 11
      vertex -48 0.3 0
      vertex -48 0.2999999999999998 3
    endloop
  endfacet
  facet normal -1 0 0
    outer loop
      vertex -48 2.3 11
      vertex -48 2.3 0
      vertex -48 0.3 0
    endloop
  endfacet
  facet normal 0 1 0
    outer loop
      vertex -48 2.3 11
      vertex 48 2.3 0
      vertex -48 2.3 0
    endloop
  endfacet
  facet normal 0 0 -1
    outer loop
      vertex -48 2.3 0
      vertex 48 2.3 0
      vertex -48 0.3 0
    endloop
  endfacet
  facet normal 0 0 1
    outer loop
      vertex -48 2.3 11
      vertex 48 0.2999999999999998 11
      vertex 48 2.3 11
    endloop
  endfacet
  facet normal 0 -1 -2.0816681711721685e-17
    outer loop
      vertex -48 0.2999999999999998 11
      vertex 48 0.3 3
      vertex 48 0.2999999999999998 11
    endloop
  endfacet
  facet normal 0 1 0
    outer loop
      vertex -48 2.3 11
      vertex 48 2.3 11
      vertex 48 2.3 0
    endloop
  endfacet
  facet normal 1 0 0
    outer loop
      vertex 48 2.3 11
      vertex 48 0.2999999999999998 11
      vertex 48 2.3 0
    endloop
  endfacet
  facet normal 0 0 -1
    outer loop
      vertex -48 0.3 0
      vertex 48 2.3 0
      vertex 48 0.2999999999999998 0
    endloop
  endfacet
  facet normal 1 0 0
    outer loop
      vertex 48 0.2999999999999998 11
      vertex 48 0.3 3
      vertex 48 2.3 0
    endloop
  endfacet
  facet normal 1 0 0
    outer loop
      vertex 48 0.3 3
      vertex 48 0.2999999999999998 0
      vertex 48 2.3 0
    endloop
  endfacet
  facet normal 0.3368898533922217 -0.9415440651830203 0
    outer loop
      vertex -36.66969600663891 -17.383210818105248 3
      vertex -36.66969600663891 -17.383210818105248 0
      vertex -36.50799818519531 -17.325354412468634 3
    endloop
  endfacet
  facet normal 0.2429801799032699 -0.9700312531945424 0
    outer loop
      vertex -36.50799818519531 -17.325354412468634 3
      vertex -36.50799818519531 -17.325354412468634 0
      vertex -36.34140806352823 -17.283625759294345 3
    endloop
  endfacet
  facet normal 0.14673047445535276 -0.9891765099647825 0
    outer loop
      vertex -36.34140806352823 -17.283625759294345 3
      vertex -36.34140806352823 -17.283625759294345 0
      vertex -36.17152999557673 -17.258426728323656 3
    endloop
  endfacet
  facet normal 0.04906767432741848 -0.9987954562051723 0
    outer loop
      vertex -36.17152999557673 -17.258426728323656 3
      vertex -36.17152999557673 -17.258426728323656 0
      vertex -36 -17.25 3
    endloop
  endfacet
  facet normal 0.8577286100002589 -0.5141027441932439 0
    outer loop
      vertex -37.45507182152945 -18.027752092215696 3
      vertex -37.54336221260962 -18.175055710554503 3
      vertex -37.54336221260962 -18.175055710554503 0
    endloop
  endfacet
  facet normal 0.9039892931234449 -0.42755509343027853 0
    outer loop
      vertex -37.54336221260962 -18.175055710554503 3
      vertex -37.61678918189475 -18.330303993361092 3
      vertex -37.61678918189475 -18.330303993361092 0
    endloop
  endfacet
  facet normal 0.9700312531945424 -0.2429801799032699 0
    outer loop
      vertex -37.674645587531366 -18.49200181480469 3
      vertex -37.716374240705655 -18.658591936471776 3
      vertex -37.716374240705655 -18.658591936471776 0
    endloop
  endfacet
  facet normal 0.9415440651830225 -0.3368898533922151 0
    outer loop
      vertex -37.61678918189475 -18.330303993361092 3
      vertex -37.674645587531366 -18.49200181480469 3
      vertex -37.674645587531366 -18.49200181480469 0
    endloop
  endfacet
  facet normal 0.9891765099647825 -0.14673047445535276 0
    outer loop
      vertex -37.716374240705655 -18.658591936471776 3
      vertex -37.741573271676344 -18.82847000442327 3
      vertex -37.741573271676344 -18.82847000442327 0
    endloop
  endfacet
  facet normal 0.9987954562051722 -0.04906767432741949 0
    outer loop
      vertex -37.741573271676344 -18.82847000442327 3
      vertex -37.75 -19 3
      vertex -37.75 -19 0
    endloop
  endfacet
  facet normal 0.9987954562051722 0.04906767432741949 0
    outer loop
      vertex -37.75 -19 3
      vertex -37.741573271676344 -19.17152999557673 3
      vertex -37.741573271676344 -19.17152999557673 0
    endloop
  endfacet
  facet normal 0.9891765099647825 0.14673047445535276 0
    outer loop
      vertex -37.741573271676344 -19.17152999557673 3
      vertex -37.716374240705655 -19.341408063528224 3
      vertex -37.716374240705655 -19.341408063528224 0
    endloop
  endfacet
  facet normal 0.7409511253549583 -0.6715589548470194 0
    outer loop
      vertex -37.23743686707646 -17.762563132923542 3
      vertex -37.35276829338479 -17.88981175271362 3
      vertex -37.35276829338479 -17.88981175271362 0
    endloop
  endfacet
  facet normal 0.6715589548470204 -0.7409511253549572 0
    outer loop
      vertex -37.11018824728638 -17.64723170661521 3
      vertex -37.23743686707646 -17.762563132923542 3
      vertex -37.23743686707646 -17.762563132923542 0
    endloop
  endfacet
  facet normal 0.5956993044924159 -0.8032075314806578 0
    outer loop
      vertex -37.11018824728638 -17.64723170661521 3
      vertex -37.11018824728638 -17.64723170661521 0
      vertex -36.9722479077843 -17.544928178470546 3
    endloop
  endfacet
  facet normal 0.5141027441932378 -0.8577286100002626 0
    outer loop
      vertex -36.9722479077843 -17.544928178470546 3
      vertex -36.9722479077843 -17.544928178470546 0
      vertex -36.8249442894455 -17.456637787390378 3
    endloop
  endfacet
  facet normal 0.42755509343027853 -0.9039892931234449 0
    outer loop
      vertex -36.8249442894455 -17.456637787390378 3
      vertex -36.8249442894455 -17.456637787390378 0
      vertex -36.66969600663891 -17.383210818105248 3
    endloop
  endfacet
  facet normal 0.8032075314806604 -0.5956993044924125 0
    outer loop
      vertex -37.35276829338479 -17.88981175271362 3
      vertex -37.45507182152945 -18.027752092215696 3
      vertex -37.45507182152945 -18.027752092215696 0
    endloop
  endfacet
  facet normal 0.9700312531945424 0.2429801799032699 0
    outer loop
      vertex -37.716374240705655 -19.341408063528224 3
      vertex -37.674645587531366 -19.50799818519531 3
      vertex -37.674645587531366 -19.50799818519531 0
    endloop
  endfacet
  facet normal 0.9415440651830225 0.3368898533922151 0
    outer loop
      vertex -37.674645587531366 -19.50799818519531 3
      vertex -37.61678918189475 -19.669696006638908 3
      vertex -37.61678918189475 -19.669696006638908 0
    endloop
  endfacet
  facet normal 0.9039892931234449 0.42755509343027853 0
    outer loop
      vertex -37.61678918189475 -19.669696006638908 3
      vertex -37.54336221260962 -19.824944289445497 3
      vertex -37.54336221260962 -19.824944289445497 0
    endloop
  endfacet
  facet normal 0.8577286100002589 0.5141027441932439 0
    outer loop
      vertex -37.54336221260962 -19.824944289445497 3
      vertex -37.45507182152945 -19.972247907784304 3
      vertex -37.45507182152945 -19.972247907784304 0
    endloop
  endfacet
  facet normal 0.8032075314806604 0.5956993044924125 0
    outer loop
      vertex -37.45507182152945 -19.972247907784304 3
      vertex -37.35276829338479 -20.11018824728638 3
      vertex -37.35276829338479 -20.11018824728638 0
    endloop
  endfacet
  facet normal 0.7409511253549583 0.6715589548470194 0
    outer loop
      vertex -37.35276829338479 -20.11018824728638 3
      vertex -37.23743686707646 -20.237436867076458 3
      vertex -37.23743686707646 -20.237436867076458 0
    endloop
  endfacet
  facet normal 0.6715589548470204 0.7409511253549572 0
    outer loop
      vertex -37.11018824728638 -20.35276829338479 3
      vertex -37.11018824728638 -20.35276829338479 0
      vertex -37.23743686707646 -20.237436867076458 3
    endloop
  endfacet
  facet normal 0.5956993044924159 0.8032075314806578 0
    outer loop
      vertex -36.9722479077843 -20.455071821529454 3
      vertex -36.9722479077843 -20.455071821529454 0
      vertex -37.11018824728638 -20.35276829338479 3
    endloop
  endfacet
  facet normal 0.5141027441932378 0.8577286100002626 0
    outer loop
      vertex -36.8249442894455 -20.543362212609622 3
      vertex -36.8249442894455 -20.543362212609622 0
      vertex -36.9722479077843 -20.455071821529454 3
    endloop
  endfacet
  facet normal 0.42755509343027853 0.9039892931234449 0
    outer loop
      vertex -36.66969600663891 -20.616789181894752 3
      vertex -36.66969600663891 -20.616789181894752 0
      vertex -36.8249442894455 -20.543362212609622 3
    endloop
  endfacet
  facet normal 0.3368898533922217 0.9415440651830203 0
    outer loop
      vertex -36.50799818519531 -20.674645587531366 3
      vertex -36.50799818519531 -20.674645587531366 0
      vertex -36.66969600663891 -20.616789181894752 3
    endloop
  endfacet
  facet normal 0.2429801799032699 0.9700312531945424 0
    outer loop
      vertex -36.34140806352823 -20.716374240705655 3
      vertex -36.34140806352823 -20.716374240705655 0
      vertex -36.50799818519531 -20.674645587531366 3
    endloop
  endfacet
  facet normal 0.14673047445535276 0.9891765099647825 0
    outer loop
      vertex -36.17152999557673 -20.741573271676344 3
      vertex -36.17152999557673 -20.741573271676344 0
      vertex -36.34140806352823 -20.716374240705655 3
    endloop
  endfacet
  facet normal 0.04906767432741848 0.9987954562051723 0
    outer loop
      vertex -36 -20.75 3
      vertex -36 -20.75 0
      vertex -36.17152999557673 -20.741573271676344 3
    endloop
  endfacet
  facet normal 0.3368898533922217 -0.9415440651830203 0
    outer loop
      vertex -36.50799818519531 -17.325354412468634 3
      vertex -36.66969600663891 -17.383210818105248 0
      vertex -36.50799818519531 -17.325354412468634 0
    endloop
  endfacet
  facet normal 0.2429801799032699 -0.9700312531945424 0
    outer loop
      vertex -36.34140806352823 -17.283625759294345 3
      vertex -36.50799818519531 -17.325354412468634 0
      vertex -36.34140806352823 -17.283625759294345 0
    endloop
  endfacet
  facet normal 0.14673047445535276 -0.9891765099647825 0
    outer loop
      vertex -36.17152999557673 -17.258426728323656 3
      vertex -36.34140806352823 -17.283625759294345 0
      vertex -36.17152999557673 -17.258426728323656 0
    endloop
  endfacet
  facet normal 0.04906767432741848 -0.9987954562051723 0
    outer loop
      vertex -36 -17.25 3
      vertex -36.17152999557673 -17.258426728323656 0
      vertex -36 -17.25 0
    endloop
  endfacet
  facet normal 0.9039892931234449 -0.42755509343027853 0
    outer loop
      vertex -37.54336221260962 -18.175055710554503 3
      vertex -37.61678918189475 -18.330303993361092 0
      vertex -37.54336221260962 -18.175055710554503 0
    endloop
  endfacet
  facet normal 0.9415440651830225 -0.3368898533922151 0
    outer loop
      vertex -37.61678918189475 -18.330303993361092 3
      vertex -37.674645587531366 -18.49200181480469 0
      vertex -37.61678918189475 -18.330303993361092 0
    endloop
  endfacet
  facet normal 0.9700312531945424 -0.2429801799032699 0
    outer loop
      vertex -37.674645587531366 -18.49200181480469 3
      vertex -37.716374240705655 -18.658591936471776 0
      vertex -37.674645587531366 -18.49200181480469 0
    endloop
  endfacet
  facet normal 0.9891765099647825 -0.14673047445535276 0
    outer loop
      vertex -37.716374240705655 -18.658591936471776 3
      vertex -37.741573271676344 -18.82847000442327 0
      vertex -37.716374240705655 -18.658591936471776 0
    endloop
  endfacet
  facet normal 0.9987954562051722 -0.04906767432741949 0
    outer loop
      vertex -37.741573271676344 -18.82847000442327 3
      vertex -37.75 -19 0
      vertex -37.741573271676344 -18.82847000442327 0
    endloop
  endfacet
  facet normal 0.9987954562051722 0.04906767432741949 0
    outer loop
      vertex -37.75 -19 3
      vertex -37.741573271676344 -19.17152999557673 0
      vertex -37.75 -19 0
    endloop
  endfacet
  facet normal 0.9891765099647825 0.14673047445535276 0
    outer loop
      vertex -37.741573271676344 -19.17152999557673 3
      vertex -37.716374240705655 -19.341408063528224 0
      vertex -37.741573271676344 -19.17152999557673 0
    endloop
  endfacet
  facet normal 0.6715589548470204 -0.7409511253549572 0
    outer loop
      vertex -37.11018824728638 -17.64723170661521 3
      vertex -37.23743686707646 -17.762563132923542 0
      vertex -37.11018824728638 -17.64723170661521 0
    endloop
  endfacet
  facet normal 0.7409511253549583 -0.6715589548470194 0
    outer loop
      vertex -37.23743686707646 -17.762563132923542 3
      vertex -37.35276829338479 -17.88981175271362 0
      vertex -37.23743686707646 -17.762563132923542 0
    endloop
  endfacet
  facet normal 0.5956993044924159 -0.8032075314806578 0
    outer loop
      vertex -36.9722479077843 -17.544928178470546 3
      vertex -37.11018824728638 -17.64723170661521 0
      vertex -36.9722479077843 -17.544928178470546 0
    endloop
  endfacet
  facet normal 0.5141027441932378 -0.8577286100002626 0
    outer loop
      vertex -36.8249442894455 -17.456637787390378 3
      vertex -36.9722479077843 -17.544928178470546 0
      vertex -36.8249442894455 -17.456637787390378 0
    endloop
  endfacet
  facet normal 0.8032075314806604 -0.5956993044924125 0
    outer loop
      vertex -37.35276829338479 -17.88981175271362 3
      vertex -37.45507182152945 -18.027752092215696 0
      vertex -37.35276829338479 -17.88981175271362 0
    endloop
  endfacet
  facet normal 0.8577286100002589 -0.5141027441932439 0
    outer loop
      vertex -37.45507182152945 -18.027752092215696 3
      vertex -37.54336221260962 -18.175055710554503 0
      vertex -37.45507182152945 -18.027752092215696 0
    endloop
  endfacet
  facet normal 0.42755509343027853 -0.9039892931234449 0
    outer loop
      vertex -36.66969600663891 -17.383210818105248 3
      vertex -36.8249442894455 -17.456637787390378 0
      vertex -36.66969600663891 -17.383210818105248 0
    endloop
  endfacet
  facet normal 0.9700312531945424 0.2429801799032699 0
    outer loop
      vertex -37.716374240705655 -19.341408063528224 3
      vertex -37.674645587531366 -19.50799818519531 0
      vertex -37.716374240705655 -19.341408063528224 0
    endloop
  endfacet
  facet normal 0.9415440651830225 0.3368898533922151 0
    outer loop
      vertex -37.674645587531366 -19.50799818519531 3
      vertex -37.61678918189475 -19.669696006638908 0
      vertex -37.674645587531366 -19.50799818519531 0
    endloop
  endfacet
  facet normal 0.9039892931234449 0.42755509343027853 0
    outer loop
      vertex -37.61678918189475 -19.669696006638908 3
      vertex -37.54336221260962 -19.824944289445497 0
      vertex -37.61678918189475 -19.669696006638908 0
    endloop
  endfacet
  facet normal 0.8577286100002589 0.5141027441932439 0
    outer loop
      vertex -37.54336221260962 -19.824944289445497 3
      vertex -37.45507182152945 -19.972247907784304 0
      vertex -37.54336221260962 -19.824944289445497 0
    endloop
  endfacet
  facet normal 0.8032075314806604 0.5956993044924125 0
    outer loop
      vertex -37.45507182152945 -19.972247907784304 3
      vertex -37.35276829338479 -20.11018824728638 0
      vertex -37.45507182152945 -19.972247907784304 0
    endloop
  endfacet
  facet normal 0.7409511253549583 0.6715589548470194 0
    outer loop
      vertex -37.35276829338479 -20.11018824728638 3
      vertex -37.23743686707646 -20.237436867076458 0
      vertex -37.35276829338479 -20.11018824728638 0
    endloop
  endfacet
  facet normal 0.6715589548470204 0.7409511253549572 0
    outer loop
      vertex -37.23743686707646 -20.237436867076458 3
      vertex -37.11018824728638 -20.35276829338479 0
      vertex -37.23743686707646 -20.237436867076458 0
    endloop
  endfacet
  facet normal 0.5956993044924159 0.8032075314806578 0
    outer loop
      vertex -37.11018824728638 -20.35276829338479 3
      vertex -36.9722479077843 -20.455071821529454 0
      vertex -37.11018824728638 -20.35276829338479 0
    endloop
  endfacet
  facet normal 0.5141027441932378 0.8577286100002626 0
    outer loop
      vertex -36.9722479077843 -20.455071821529454 3
      vertex -36.8249442894455 -20.543362212609622 0
      vertex -36.9722479077843 -20.455071821529454 0
    endloop
  endfacet
  facet normal 0.42755509343027853 0.9039892931234449 0
    outer loop
      vertex -36.8249442894455 -20.543362212609622 3
      vertex -36.66969600663891 -20.616789181894752 0
      vertex -36.8249442894455 -20.543362212609622 0
    endloop
  endfacet
  facet normal 0.3368898533922217 0.9415440651830203 0
    outer loop
      vertex -36.66969600663891 -20.616789181894752 3
      vertex -36.50799818519531 -20.674645587531366 0
      vertex -36.66969600663891 -20.616789181894752 0
    endloop
  endfacet
  facet normal 0.2429801799032699 0.9700312531945424 0
    outer loop
      vertex -36.50799818519531 -20.674645587531366 3
      vertex -36.34140806352823 -20.716374240705655 0
      vertex -36.50799818519531 -20.674645587531366 0
    endloop
  endfacet
  facet normal 0.14673047445535276 0.9891765099647825 0
    outer loop
      vertex -36.34140806352823 -20.716374240705655 3
      vertex -36.17152999557673 -20.741573271676344 0
      vertex -36.34140806352823 -20.716374240705655 0
    endloop
  endfacet
  facet normal 0.04906767432741848 0.9987954562051723 0
    outer loop
      vertex -36.17152999557673 -20.741573271676344 3
      vertex -36 -20.75 0
      vertex -36.17152999557673 -20.741573271676344 0
    endloop
  endfacet
  facet normal -0.04906767432741848 -0.9987954562051723 0
    outer loop
      vertex -36 -17.25 3
      vertex -36 -17.25 0
      vertex -35.82847000442327 -17.258426728323656 3
    endloop
  endfacet
  facet normal -0.14673047445535276 -0.9891765099647825 0
    outer loop
      vertex -35.82847000442327 -17.258426728323656 3
      vertex -35.82847000442327 -17.258426728323656 0
      vertex -35.65859193647177 -17.283625759294345 3
    endloop
  endfacet
  facet normal -0.2429801799032699 -0.9700312531945424 0
    outer loop
      vertex -35.65859193647177 -17.283625759294345 3
      vertex -35.65859193647177 -17.283625759294345 0
      vertex -35.49200181480469 -17.325354412468634 3
    endloop
  endfacet
  facet normal -0.3368898533922217 -0.9415440651830203 0
    outer loop
      vertex -35.49200181480469 -17.325354412468634 3
      vertex -35.49200181480469 -17.325354412468634 0
      vertex -35.33030399336109 -17.383210818105248 3
    endloop
  endfacet
  facet normal -0.42755509343027853 -0.9039892931234449 0
    outer loop
      vertex -35.33030399336109 -17.383210818105248 3
      vertex -35.33030399336109 -17.383210818105248 0
      vertex -35.1750557105545 -17.456637787390378 3
    endloop
  endfacet
  facet normal -0.5141027441932378 -0.8577286100002626 0
    outer loop
      vertex -35.1750557105545 -17.456637787390378 3
      vertex -35.1750557105545 -17.456637787390378 0
      vertex -35.0277520922157 -17.544928178470546 3
    endloop
  endfacet
  facet normal -0.5956993044924159 -0.8032075314806578 0
    outer loop
      vertex -35.0277520922157 -17.544928178470546 3
      vertex -35.0277520922157 -17.544928178470546 0
      vertex -34.88981175271362 -17.64723170661521 3
    endloop
  endfacet
  facet normal -0.6715589548470204 -0.7409511253549572 0
    outer loop
      vertex -34.88981175271362 -17.64723170661521 3
      vertex -34.88981175271362 -17.64723170661521 0
      vertex -34.76256313292354 -17.762563132923542 3
    endloop
  endfacet
  facet normal -0.7409511253549583 -0.6715589548470194 0
    outer loop
      vertex -34.76256313292354 -17.762563132923542 3
      vertex -34.76256313292354 -17.762563132923542 0
      vertex -34.64723170661521 -17.88981175271362 3
    endloop
  endfacet
  facet normal -0.8032075314806604 -0.5956993044924125 0
    outer loop
      vertex -34.54492817847055 -18.027752092215696 3
      vertex -34.64723170661521 -17.88981175271362 3
      vertex -34.64723170661521 -17.88981175271362 0
    endloop
  endfacet
  facet normal -0.8577286100002589 -0.5141027441932439 0
    outer loop
      vertex -34.45663778739038 -18.175055710554503 3
      vertex -34.54492817847055 -18.027752092215696 3
      vertex -34.54492817847055 -18.027752092215696 0
    endloop
  endfacet
  facet normal -0.9039892931234449 -0.42755509343027853 0
    outer loop
      vertex -34.38321081810525 -18.330303993361092 3
      vertex -34.45663778739038 -18.175055710554503 3
      vertex -34.45663778739038 -18.175055710554503 0
    endloop
  endfacet
  facet normal -0.9415440651830225 -0.3368898533922151 0
    outer loop
      vertex -34.325354412468634 -18.49200181480469 3
      vertex -34.38321081810525 -18.330303993361092 3
      vertex -34.38321081810525 -18.330303993361092 0
    endloop
  endfacet
  facet normal -0.9700312531945424 -0.2429801799032699 0
    outer loop
      vertex -34.283625759294345 -18.658591936471776 3
      vertex -34.325354412468634 -18.49200181480469 3
      vertex -34.325354412468634 -18.49200181480469 0
    endloop
  endfacet
  facet normal -0.9891765099647825 -0.14673047445535276 0
    outer loop
      vertex -34.258426728323656 -18.82847000442327 3
      vertex -34.283625759294345 -18.658591936471776 3
      vertex -34.283625759294345 -18.658591936471776 0
    endloop
  endfacet
  facet normal -0.9987954562051722 -0.04906767432741949 0
    outer loop
      vertex -34.25 -19 3
      vertex -34.258426728323656 -18.82847000442327 3
      vertex -34.258426728323656 -18.82847000442327 0
    endloop
  endfacet
  facet normal -0.9987954562051722 0.04906767432741949 0
    outer loop
      vertex -34.258426728323656 -19.17152999557673 3
      vertex -34.25 -19 3
      vertex -34.25 -19 0
    endloop
  endfacet
  facet normal -0.9891765099647825 0.14673047445535276 0
    outer loop
      vertex -34.283625759294345 -19.341408063528224 3
      vertex -34.258426728323656 -19.17152999557673 3
      vertex -34.258426728323656 -19.17152999557673 0
    endloop
  endfacet
  facet normal -0.8032075314806604 0.5956993044924125 0
    outer loop
      vertex -34.64723170661521 -20.11018824728638 3
      vertex -34.54492817847055 -19.972247907784304 3
      vertex -34.54492817847055 -19.972247907784304 0
    endloop
  endfacet
  facet normal -0.6715589548470204 0.7409511253549572 0
    outer loop
      vertex -34.76256313292354 -20.237436867076458 3
      vertex -34.76256313292354 -20.237436867076458 0
      vertex -34.88981175271362 -20.35276829338479 3
    endloop
  endfacet
  facet normal -0.7409511253549583 0.6715589548470194 0
    outer loop
      vertex -34.76256313292354 -20.237436867076458 3
      vertex -34.64723170661521 -20.11018824728638 3
      vertex -34.64723170661521 -20.11018824728638 0
    endloop
  endfacet
  facet normal -0.04906767432741848 0.9987954562051723 0
    outer loop
      vertex -35.82847000442327 -20.741573271676344 3
      vertex -35.82847000442327 -20.741573271676344 0
      vertex -36 -20.75 3
    endloop
  endfacet
  facet normal -0.14673047445535276 0.9891765099647825 0
    outer loop
      vertex -35.65859193647177 -20.716374240705655 3
      vertex -35.65859193647177 -20.716374240705655 0
      vertex -35.82847000442327 -20.741573271676344 3
    endloop
  endfacet
  facet normal -0.2429801799032699 0.9700312531945424 0
    outer loop
      vertex -35.49200181480469 -20.674645587531366 3
      vertex -35.49200181480469 -20.674645587531366 0
      vertex -35.65859193647177 -20.716374240705655 3
    endloop
  endfacet
  facet normal -0.3368898533922217 0.9415440651830203 0
    outer loop
      vertex -35.33030399336109 -20.616789181894752 3
      vertex -35.33030399336109 -20.616789181894752 0
      vertex -35.49200181480469 -20.674645587531366 3
    endloop
  endfacet
  facet normal -0.42755509343027853 0.9039892931234449 0
    outer loop
      vertex -35.1750557105545 -20.543362212609622 3
      vertex -35.1750557105545 -20.543362212609622 0
      vertex -35.33030399336109 -20.616789181894752 3
    endloop
  endfacet
  facet normal -0.5141027441932378 0.8577286100002626 0
    outer loop
      vertex -35.0277520922157 -20.455071821529454 3
      vertex -35.0277520922157 -20.455071821529454 0
      vertex -35.1750557105545 -20.543362212609622 3
    endloop
  endfacet
  facet normal -0.5956993044924159 0.8032075314806578 0
    outer loop
      vertex -34.88981175271362 -20.35276829338479 3
      vertex -34.88981175271362 -20.35276829338479 0
      vertex -35.0277520922157 -20.455071821529454 3
    endloop
  endfacet
  facet normal -0.9415440651830225 0.3368898533922151 0
    outer loop
      vertex -34.38321081810525 -19.669696006638908 3
      vertex -34.325354412468634 -19.50799818519531 3
      vertex -34.325354412468634 -19.50799818519531 0
    endloop
  endfacet
  facet normal -0.9700312531945424 0.2429801799032699 0
    outer loop
      vertex -34.325354412468634 -19.50799818519531 3
      vertex -34.283625759294345 -19.341408063528224 3
      vertex -34.283625759294345 -19.341408063528224 0
    endloop
  endfacet
  facet normal -0.9039892931234449 0.42755509343027853 0
    outer loop
      vertex -34.45663778739038 -19.824944289445497 3
      vertex -34.38321081810525 -19.669696006638908 3
      vertex -34.38321081810525 -19.669696006638908 0
    endloop
  endfacet
  facet normal -0.8577286100002589 0.5141027441932439 0
    outer loop
      vertex -34.54492817847055 -19.972247907784304 3
      vertex -34.45663778739038 -19.824944289445497 3
      vertex -34.45663778739038 -19.824944289445497 0
    endloop
  endfacet
  facet normal -0.04906767432741848 -0.9987954562051723 0
    outer loop
      vertex -35.82847000442327 -17.258426728323656 3
      vertex -36 -17.25 0
      vertex -35.82847000442327 -17.258426728323656 0
    endloop
  endfacet
  facet normal -0.14673047445535276 -0.9891765099647825 0
    outer loop
      vertex -35.65859193647177 -17.283625759294345 3
      vertex -35.82847000442327 -17.258426728323656 0
      vertex -35.65859193647177 -17.283625759294345 0
    endloop
  endfacet
  facet normal -0.2429801799032699 -0.9700312531945424 0
    outer loop
      vertex -35.49200181480469 -17.325354412468634 3
      vertex -35.65859193647177 -17.283625759294345 0
      vertex -35.49200181480469 -17.325354412468634 0
    endloop
  endfacet
  facet normal -0.3368898533922217 -0.9415440651830203 0
    outer loop
      vertex -35.33030399336109 -17.383210818105248 3
      vertex -35.49200181480469 -17.325354412468634 0
      vertex -35.33030399336109 -17.383210818105248 0
    endloop
  endfacet
  facet normal -0.42755509343027853 -0.9039892931234449 0
    outer loop
      vertex -35.1750557105545 -17.456637787390378 3
      vertex -35.33030399336109 -17.383210818105248 0
      vertex -35.1750557105545 -17.456637787390378 0
    endloop
  endfacet
  facet normal -0.5141027441932378 -0.8577286100002626 0
    outer loop
      vertex -35.0277520922157 -17.544928178470546 3
      vertex -35.1750557105545 -17.456637787390378 0
      vertex -35.0277520922157 -17.544928178470546 0
    endloop
  endfacet
  facet normal -0.5956993044924159 -0.8032075314806578 0
    outer loop
      vertex -34.88981175271362 -17.64723170661521 3
      vertex -35.0277520922157 -17.544928178470546 0
      vertex -34.88981175271362 -17.64723170661521 0
    endloop
  endfacet
  facet normal -0.6715589548470204 -0.7409511253549572 0
    outer loop
      vertex -34.76256313292354 -17.762563132923542 3
      vertex -34.88981175271362 -17.64723170661521 0
      vertex -34.76256313292354 -17.762563132923542 0
    endloop
  endfacet
  facet normal -0.7409511253549583 -0.6715589548470194 0
    outer loop
      vertex -34.64723170661521 -17.88981175271362 3
      vertex -34.76256313292354 -17.762563132923542 0
      vertex -34.64723170661521 -17.88981175271362 0
    endloop
  endfacet
  facet normal -0.8032075314806604 -0.5956993044924125 0
    outer loop
      vertex -34.54492817847055 -18.027752092215696 3
      vertex -34.64723170661521 -17.88981175271362 0
      vertex -34.54492817847055 -18.027752092215696 0
    endloop
  endfacet
  facet normal -0.8577286100002589 -0.5141027441932439 0
    outer loop
      vertex -34.45663778739038 -18.175055710554503 3
      vertex -34.54492817847055 -18.027752092215696 0
      vertex -34.45663778739038 -18.175055710554503 0
    endloop
  endfacet
  facet normal -0.9039892931234449 -0.42755509343027853 0
    outer loop
      vertex -34.38321081810525 -18.330303993361092 3
      vertex -34.45663778739038 -18.175055710554503 0
      vertex -34.38321081810525 -18.330303993361092 0
    endloop
  endfacet
  facet normal -0.9415440651830225 -0.3368898533922151 0
    outer loop
      vertex -34.325354412468634 -18.49200181480469 3
      vertex -34.38321081810525 -18.330303993361092 0
      vertex -34.325354412468634 -18.49200181480469 0
    endloop
  endfacet
  facet normal -0.9700312531945424 -0.2429801799032699 0
    outer loop
      vertex -34.283625759294345 -18.658591936471776 3
      vertex -34.325354412468634 -18.49200181480469 0
      vertex -34.283625759294345 -18.658591936471776 0
    endloop
  endfacet
  facet normal -0.9891765099647825 -0.14673047445535276 0
    outer loop
      vertex -34.258426728323656 -18.82847000442327 3
      vertex -34.283625759294345 -18.658591936471776 0
      vertex -34.258426728323656 -18.82847000442327 0
    endloop
  endfacet
  facet normal -0.9987954562051722 -0.04906767432741949 0
    outer loop
      vertex -34.25 -19 3
      vertex -34.258426728323656 -18.82847000442327 0
      vertex -34.25 -19 0
    endloop
  endfacet
  facet normal -0.9987954562051722 0.04906767432741949 0
    outer loop
      vertex -34.258426728323656 -19.17152999557673 3
      vertex -34.25 -19 0
      vertex -34.258426728323656 -19.17152999557673 0
    endloop
  endfacet
  facet normal -0.9891765099647825 0.14673047445535276 0
    outer loop
      vertex -34.283625759294345 -19.341408063528224 3
      vertex -34.258426728323656 -19.17152999557673 0
      vertex -34.283625759294345 -19.341408063528224 0
    endloop
  endfacet
  facet normal -0.8577286100002589 0.5141027441932439 0
    outer loop
      vertex -34.54492817847055 -19.972247907784304 3
      vertex -34.45663778739038 -19.824944289445497 0
      vertex -34.54492817847055 -19.972247907784304 0
    endloop
  endfacet
  facet normal -0.8032075314806604 0.5956993044924125 0
    outer loop
      vertex -34.64723170661521 -20.11018824728638 3
      vertex -34.54492817847055 -19.972247907784304 0
      vertex -34.64723170661521 -20.11018824728638 0
    endloop
  endfacet
  facet normal -0.7409511253549583 0.6715589548470194 0
    outer loop
      vertex -34.76256313292354 -20.237436867076458 3
      vertex -34.64723170661521 -20.11018824728638 0
      vertex -34.76256313292354 -20.237436867076458 0
    endloop
  endfacet
  facet normal -0.6715589548470204 0.7409511253549572 0
    outer loop
      vertex -34.88981175271362 -20.35276829338479 3
      vertex -34.76256313292354 -20.237436867076458 0
      vertex -34.88981175271362 -20.35276829338479 0
    endloop
  endfacet
  facet normal -0.04906767432741848 0.9987954562051723 0
    outer loop
      vertex -36 -20.75 3
      vertex -35.82847000442327 -20.741573271676344 0
      vertex -36 -20.75 0
    endloop
  endfacet
  facet normal -0.14673047445535276 0.9891765099647825 0
    outer loop
      vertex -35.82847000442327 -20.741573271676344 3
      vertex -35.65859193647177 -20.716374240705655 0
      vertex -35.82847000442327 -20.741573271676344 0
    endloop
  endfacet
  facet normal -0.42755509343027853 0.9039892931234449 0
    outer loop
      vertex -35.33030399336109 -20.616789181894752 3
      vertex -35.1750557105545 -20.543362212609622 0
      vertex -35.33030399336109 -20.616789181894752 0
    endloop
  endfacet
  facet normal -0.2429801799032699 0.9700312531945424 0
    outer loop
      vertex -35.65859193647177 -20.716374240705655 3
      vertex -35.49200181480469 -20.674645587531366 0
      vertex -35.65859193647177 -20.716374240705655 0
    endloop
  endfacet
  facet normal -0.3368898533922217 0.9415440651830203 0
    outer loop
      vertex -35.49200181480469 -20.674645587531366 3
      vertex -35.33030399336109 -20.616789181894752 0
      vertex -35.49200181480469 -20.674645587531366 0
    endloop
  endfacet
  facet normal -0.5141027441932378 0.8577286100002626 0
    outer loop
      vertex -35.1750557105545 -20.543362212609622 3
      vertex -35.0277520922157 -20.455071821529454 0
      vertex -35.1750557105545 -20.543362212609622 0
    endloop
  endfacet
  facet normal -0.5956993044924159 0.8032075314806578 0
    outer loop
      vertex -35.0277520922157 -20.455071821529454 3
      vertex -34.88981175271362 -20.35276829338479 0
      vertex -35.0277520922157 -20.455071821529454 0
    endloop
  endfacet
  facet normal -0.9415440651830225 0.3368898533922151 0
    outer loop
      vertex -34.38321081810525 -19.669696006638908 3
      vertex -34.325354412468634 -19.50799818519531 0
      vertex -34.38321081810525 -19.669696006638908 0
    endloop
  endfacet
  facet normal -0.9700312531945424 0.2429801799032699 0
    outer loop
      vertex -34.325354412468634 -19.50799818519531 3
      vertex -34.283625759294345 -19.341408063528224 0
      vertex -34.325354412468634 -19.50799818519531 0
    endloop
  endfacet
  facet normal -0.9039892931234449 0.42755509343027853 0
    outer loop
      vertex -34.45663778739038 -19.824944289445497 3
      vertex -34.38321081810525 -19.669696006638908 0
      vertex -34.45663778739038 -19.824944289445497 0
    endloop
  endfacet
  facet normal 0.33688985339221844 -0.9415440651830215 0
    outer loop
      vertex -12.669696006638906 -17.383210818105248 0
      vertex -12.507998185195309 -17.325354412468634 3
      vertex -12.669696006638906 -17.383210818105248 3
    endloop
  endfacet
  facet normal 0.2429801799032699 -0.9700312531945424 0
    outer loop
      vertex -12.507998185195309 -17.325354412468634 0
      vertex -12.341408063528224 -17.283625759294345 3
      vertex -12.507998185195309 -17.325354412468634 3
    endloop
  endfacet
  facet normal 0.14673047445535423 -0.9891765099647821 0
    outer loop
      vertex -12.341408063528224 -17.283625759294345 0
      vertex -12.171529995576732 -17.258426728323656 3
      vertex -12.341408063528224 -17.283625759294345 3
    endloop
  endfacet
  facet normal 0.049067674327418986 -0.9987954562051723 0
    outer loop
      vertex -12.171529995576732 -17.258426728323656 0
      vertex -12 -17.25 3
      vertex -12.171529995576732 -17.258426728323656 3
    endloop
  endfacet
  facet normal 0.8577286100002726 -0.514102744193221 0
    outer loop
      vertex -13.54336221260962 -18.175055710554503 0
      vertex -13.455071821529454 -18.027752092215696 3
      vertex -13.54336221260962 -18.175055710554503 3
    endloop
  endfacet
  facet normal 0.903989293123441 -0.4275550934302871 0
    outer loop
      vertex -13.616789181894752 -18.330303993361092 0
      vertex -13.54336221260962 -18.175055710554503 3
      vertex -13.616789181894752 -18.330303993361092 3
    endloop
  endfacet
  facet normal 0.9700312531945449 -0.24298017990326018 0
    outer loop
      vertex -13.674645587531366 -18.49200181480469 3
      vertex -13.716374240705653 -18.658591936471776 3
      vertex -13.716374240705653 -18.658591936471776 0
    endloop
  endfacet
  facet normal 0.9415440651830225 -0.3368898533922151 0
    outer loop
      vertex -13.674645587531366 -18.49200181480469 0
      vertex -13.616789181894752 -18.330303993361092 3
      vertex -13.674645587531366 -18.49200181480469 3
    endloop
  endfacet
  facet normal 0.9891765099647808 -0.14673047445536283 0
    outer loop
      vertex -13.716374240705653 -18.658591936471776 3
      vertex -13.741573271676344 -18.82847000442327 3
      vertex -13.741573271676344 -18.82847000442327 0
    endloop
  endfacet
  facet normal 0.9987954562051722 -0.04906767432741949 0
    outer loop
      vertex -13.741573271676344 -18.82847000442327 3
      vertex -13.75 -19 3
      vertex -13.75 -19 0
    endloop
  endfacet
  facet normal 0.9987954562051722 0.04906767432741949 0
    outer loop
      vertex -13.75 -19 3
      vertex -13.741573271676344 -19.17152999557673 3
      vertex -13.741573271676344 -19.17152999557673 0
    endloop
  endfacet
  facet normal 0.9891765099647808 0.14673047445536283 0
    outer loop
      vertex -13.741573271676344 -19.17152999557673 3
      vertex -13.716374240705653 -19.341408063528224 3
      vertex -13.716374240705653 -19.341408063528224 0
    endloop
  endfacet
  facet normal 0.7409511253549532 -0.6715589548470251 0
    outer loop
      vertex -13.237436867076458 -17.762563132923542 3
      vertex -13.35276829338479 -17.88981175271362 3
      vertex -13.35276829338479 -17.88981175271362 0
    endloop
  endfacet
  facet normal 0.6715589548470255 -0.7409511253549527 0
    outer loop
      vertex -13.237436867076458 -17.762563132923542 0
      vertex -13.110188247286379 -17.64723170661521 3
      vertex -13.237436867076458 -17.762563132923542 3
    endloop
  endfacet
  facet normal 0.5956993044924308 -0.8032075314806469 0
    outer loop
      vertex -13.110188247286379 -17.64723170661521 0
      vertex -12.972247907784304 -17.544928178470546 3
      vertex -13.110188247286379 -17.64723170661521 3
    endloop
  endfacet
  facet normal 0.514102744193224 -0.8577286100002707 0
    outer loop
      vertex -12.972247907784304 -17.544928178470546 0
      vertex -12.824944289445495 -17.456637787390378 3
      vertex -12.972247907784304 -17.544928178470546 3
    endloop
  endfacet
  facet normal 0.42755509343027853 -0.9039892931234449 0
    outer loop
      vertex -12.824944289445495 -17.456637787390378 0
      vertex -12.669696006638906 -17.383210818105248 3
      vertex -12.824944289445495 -17.456637787390378 3
    endloop
  endfacet
  facet normal 0.8032075314806455 -0.5956993044924325 0
    outer loop
      vertex -13.455071821529454 -18.027752092215696 0
      vertex -13.35276829338479 -17.88981175271362 3
      vertex -13.455071821529454 -18.027752092215696 3
    endloop
  endfacet
  facet normal 0.9700312531945449 0.24298017990326018 0
    outer loop
      vertex -13.716374240705653 -19.341408063528224 3
      vertex -13.674645587531366 -19.50799818519531 3
      vertex -13.674645587531366 -19.50799818519531 0
    endloop
  endfacet
  facet normal 0.9415440651830225 0.3368898533922151 0
    outer loop
      vertex -13.674645587531366 -19.50799818519531 3
      vertex -13.616789181894752 -19.669696006638908 3
      vertex -13.616789181894752 -19.669696006638908 0
    endloop
  endfacet
  facet normal 0.903989293123441 0.4275550934302871 0
    outer loop
      vertex -13.616789181894752 -19.669696006638908 3
      vertex -13.54336221260962 -19.824944289445497 3
      vertex -13.54336221260962 -19.824944289445497 0
    endloop
  endfacet
  facet normal 0.8577286100002726 0.514102744193221 0
    outer loop
      vertex -13.54336221260962 -19.824944289445497 3
      vertex -13.455071821529454 -19.972247907784304 3
      vertex -13.455071821529454 -19.972247907784304 0
    endloop
  endfacet
  facet normal 0.8032075314806455 0.5956993044924325 0
    outer loop
      vertex -13.455071821529454 -19.972247907784304 3
      vertex -13.35276829338479 -20.11018824728638 3
      vertex -13.35276829338479 -20.11018824728638 0
    endloop
  endfacet
  facet normal 0.7409511253549532 0.6715589548470251 0
    outer loop
      vertex -13.35276829338479 -20.11018824728638 3
      vertex -13.237436867076458 -20.237436867076458 3
      vertex -13.237436867076458 -20.237436867076458 0
    endloop
  endfacet
  facet normal 0.6715589548470255 0.7409511253549527 0
    outer loop
      vertex -13.110188247286379 -20.35276829338479 3
      vertex -13.110188247286379 -20.35276829338479 0
      vertex -13.237436867076458 -20.237436867076458 3
    endloop
  endfacet
  facet normal 0.5956993044924308 0.8032075314806469 0
    outer loop
      vertex -12.972247907784304 -20.455071821529454 3
      vertex -12.972247907784304 -20.455071821529454 0
      vertex -13.110188247286379 -20.35276829338479 3
    endloop
  endfacet
  facet normal 0.514102744193224 0.8577286100002707 0
    outer loop
      vertex -12.824944289445495 -20.543362212609622 3
      vertex -12.824944289445495 -20.543362212609622 0
      vertex -12.972247907784304 -20.455071821529454 3
    endloop
  endfacet
  facet normal 0.42755509343027853 0.9039892931234449 0
    outer loop
      vertex -12.669696006638906 -20.616789181894752 3
      vertex -12.669696006638906 -20.616789181894752 0
      vertex -12.824944289445495 -20.543362212609622 3
    endloop
  endfacet
  facet normal 0.33688985339221844 0.9415440651830215 0
    outer loop
      vertex -12.507998185195309 -20.674645587531366 3
      vertex -12.507998185195309 -20.674645587531366 0
      vertex -12.669696006638906 -20.616789181894752 3
    endloop
  endfacet
  facet normal 0.2429801799032699 0.9700312531945424 0
    outer loop
      vertex -12.341408063528224 -20.716374240705655 3
      vertex -12.341408063528224 -20.716374240705655 0
      vertex -12.507998185195309 -20.674645587531366 3
    endloop
  endfacet
  facet normal 0.14673047445535423 0.9891765099647821 0
    outer loop
      vertex -12.171529995576732 -20.741573271676344 3
      vertex -12.171529995576732 -20.741573271676344 0
      vertex -12.341408063528224 -20.716374240705655 3
    endloop
  endfacet
  facet normal 0.049067674327418986 0.9987954562051723 0
    outer loop
      vertex -12 -20.75 3
      vertex -12 -20.75 0
      vertex -12.171529995576732 -20.741573271676344 3
    endloop
  endfacet
  facet normal 0.33688985339221844 -0.9415440651830215 0
    outer loop
      vertex -12.507998185195309 -17.325354412468634 0
      vertex -12.507998185195309 -17.325354412468634 3
      vertex -12.669696006638906 -17.383210818105248 0
    endloop
  endfacet
  facet normal 0.2429801799032699 -0.9700312531945424 0
    outer loop
      vertex -12.341408063528224 -17.283625759294345 0
      vertex -12.341408063528224 -17.283625759294345 3
      vertex -12.507998185195309 -17.325354412468634 0
    endloop
  endfacet
  facet normal 0.14673047445535423 -0.9891765099647821 0
    outer loop
      vertex -12.171529995576732 -17.258426728323656 0
      vertex -12.171529995576732 -17.258426728323656 3
      vertex -12.341408063528224 -17.283625759294345 0
    endloop
  endfacet
  facet normal 0.049067674327418986 -0.9987954562051723 0
    outer loop
      vertex -12 -17.25 0
      vertex -12 -17.25 3
      vertex -12.171529995576732 -17.258426728323656 0
    endloop
  endfacet
  facet normal 0.903989293123441 -0.4275550934302871 0
    outer loop
      vertex -13.616789181894752 -18.330303993361092 0
      vertex -13.54336221260962 -18.175055710554503 0
      vertex -13.54336221260962 -18.175055710554503 3
    endloop
  endfacet
  facet normal 0.9415440651830225 -0.3368898533922151 0
    outer loop
      vertex -13.674645587531366 -18.49200181480469 0
      vertex -13.616789181894752 -18.330303993361092 0
      vertex -13.616789181894752 -18.330303993361092 3
    endloop
  endfacet
  facet normal 0.9700312531945449 -0.24298017990326018 0
    outer loop
      vertex -13.716374240705653 -18.658591936471776 0
      vertex -13.674645587531366 -18.49200181480469 0
      vertex -13.674645587531366 -18.49200181480469 3
    endloop
  endfacet
  facet normal 0.9891765099647808 -0.14673047445536283 0
    outer loop
      vertex -13.716374240705653 -18.658591936471776 3
      vertex -13.741573271676344 -18.82847000442327 0
      vertex -13.716374240705653 -18.658591936471776 0
    endloop
  endfacet
  facet normal 0.9987954562051722 -0.04906767432741949 0
    outer loop
      vertex -13.741573271676344 -18.82847000442327 3
      vertex -13.75 -19 0
      vertex -13.741573271676344 -18.82847000442327 0
    endloop
  endfacet
  facet normal 0.9987954562051722 0.04906767432741949 0
    outer loop
      vertex -13.75 -19 3
      vertex -13.741573271676344 -19.17152999557673 0
      vertex -13.75 -19 0
    endloop
  endfacet
  facet normal 0.9891765099647808 0.14673047445536283 0
    outer loop
      vertex -13.741573271676344 -19.17152999557673 3
      vertex -13.716374240705653 -19.341408063528224 0
      vertex -13.741573271676344 -19.17152999557673 0
    endloop
  endfacet
  facet normal 0.6715589548470255 -0.7409511253549527 0
    outer loop
      vertex -13.110188247286379 -17.64723170661521 0
      vertex -13.110188247286379 -17.64723170661521 3
      vertex -13.237436867076458 -17.762563132923542 0
    endloop
  endfacet
  facet normal 0.7409511253549532 -0.6715589548470251 0
    outer loop
      vertex -13.35276829338479 -17.88981175271362 0
      vertex -13.237436867076458 -17.762563132923542 0
      vertex -13.237436867076458 -17.762563132923542 3
    endloop
  endfacet
  facet normal 0.5956993044924308 -0.8032075314806469 0
    outer loop
      vertex -12.972247907784304 -17.544928178470546 0
      vertex -12.972247907784304 -17.544928178470546 3
      vertex -13.110188247286379 -17.64723170661521 0
    endloop
  endfacet
  facet normal 0.514102744193224 -0.8577286100002707 0
    outer loop
      vertex -12.824944289445495 -17.456637787390378 0
      vertex -12.824944289445495 -17.456637787390378 3
      vertex -12.972247907784304 -17.544928178470546 0
    endloop
  endfacet
  facet normal 0.8032075314806455 -0.5956993044924325 0
    outer loop
      vertex -13.455071821529454 -18.027752092215696 0
      vertex -13.35276829338479 -17.88981175271362 0
      vertex -13.35276829338479 -17.88981175271362 3
    endloop
  endfacet
  facet normal 0.8577286100002726 -0.514102744193221 0
    outer loop
      vertex -13.54336221260962 -18.175055710554503 0
      vertex -13.455071821529454 -18.027752092215696 0
      vertex -13.455071821529454 -18.027752092215696 3
    endloop
  endfacet
  facet normal 0.42755509343027853 -0.9039892931234449 0
    outer loop
      vertex -12.669696006638906 -17.383210818105248 0
      vertex -12.669696006638906 -17.383210818105248 3
      vertex -12.824944289445495 -17.456637787390378 0
    endloop
  endfacet
  facet normal 0.9700312531945449 0.24298017990326018 0
    outer loop
      vertex -13.716374240705653 -19.341408063528224 3
      vertex -13.674645587531366 -19.50799818519531 0
      vertex -13.716374240705653 -19.341408063528224 0
    endloop
  endfacet
  facet normal 0.9415440651830225 0.3368898533922151 0
    outer loop
      vertex -13.674645587531366 -19.50799818519531 3
      vertex -13.616789181894752 -19.669696006638908 0
      vertex -13.674645587531366 -19.50799818519531 0
    endloop
  endfacet
  facet normal 0.903989293123441 0.4275550934302871 0
    outer loop
      vertex -13.616789181894752 -19.669696006638908 3
      vertex -13.54336221260962 -19.824944289445497 0
      vertex -13.616789181894752 -19.669696006638908 0
    endloop
  endfacet
  facet normal 0.8577286100002726 0.514102744193221 0
    outer loop
      vertex -13.54336221260962 -19.824944289445497 3
      vertex -13.455071821529454 -19.972247907784304 0
      vertex -13.54336221260962 -19.824944289445497 0
    endloop
  endfacet
  facet normal 0.8032075314806455 0.5956993044924325 0
    outer loop
      vertex -13.455071821529454 -19.972247907784304 3
      vertex -13.35276829338479 -20.11018824728638 0
      vertex -13.455071821529454 -19.972247907784304 0
    endloop
  endfacet
  facet normal 0.7409511253549532 0.6715589548470251 0
    outer loop
      vertex -13.35276829338479 -20.11018824728638 3
      vertex -13.237436867076458 -20.237436867076458 0
      vertex -13.35276829338479 -20.11018824728638 0
    endloop
  endfacet
  facet normal 0.6715589548470255 0.7409511253549527 0
    outer loop
      vertex -13.237436867076458 -20.237436867076458 3
      vertex -13.110188247286379 -20.35276829338479 0
      vertex -13.237436867076458 -20.237436867076458 0
    endloop
  endfacet
  facet normal 0.5956993044924308 0.8032075314806469 0
    outer loop
      vertex -13.110188247286379 -20.35276829338479 3
      vertex -12.972247907784304 -20.455071821529454 0
      vertex -13.110188247286379 -20.35276829338479 0
    endloop
  endfacet
  facet normal 0.514102744193224 0.8577286100002707 0
    outer loop
      vertex -12.972247907784304 -20.455071821529454 3
      vertex -12.824944289445495 -20.543362212609622 0
      vertex -12.972247907784304 -20.455071821529454 0
    endloop
  endfacet
  facet normal 0.42755509343027853 0.9039892931234449 0
    outer loop
      vertex -12.824944289445495 -20.543362212609622 3
      vertex -12.669696006638906 -20.616789181894752 0
      vertex -12.824944289445495 -20.543362212609622 0
    endloop
  endfacet
  facet normal 0.33688985339221844 0.9415440651830215 0
    outer loop
      vertex -12.669696006638906 -20.616789181894752 3
      vertex -12.507998185195309 -20.674645587531366 0
      vertex -12.669696006638906 -20.616789181894752 0
    endloop
  endfacet
  facet normal 0.2429801799032699 0.9700312531945424 0
    outer loop
      vertex -12.507998185195309 -20.674645587531366 3
      vertex -12.341408063528224 -20.716374240705655 0
      vertex -12.507998185195309 -20.674645587531366 0
    endloop
  endfacet
  facet normal 0.14673047445535423 0.9891765099647821 0
    outer loop
      vertex -12.341408063528224 -20.716374240705655 3
      vertex -12.171529995576732 -20.741573271676344 0
      vertex -12.341408063528224 -20.716374240705655 0
    endloop
  endfacet
  facet normal 0.049067674327418986 0.9987954562051723 0
    outer loop
      vertex -12.171529995576732 -20.741573271676344 3
      vertex -12 -20.75 0
      vertex -12.171529995576732 -20.741573271676344 0
    endloop
  endfacet
  facet normal -0.049067674327418986 -0.9987954562051723 0
    outer loop
      vertex -12 -17.25 0
      vertex -11.828470004423268 -17.258426728323656 3
      vertex -12 -17.25 3
    endloop
  endfacet
  facet normal -0.14673047445535423 -0.9891765099647821 0
    outer loop
      vertex -11.828470004423268 -17.258426728323656 0
      vertex -11.658591936471776 -17.283625759294345 3
      vertex -11.828470004423268 -17.258426728323656 3
    endloop
  endfacet
  facet normal -0.2429801799032699 -0.9700312531945424 0
    outer loop
      vertex -11.658591936471776 -17.283625759294345 0
      vertex -11.492001814804691 -17.325354412468634 3
      vertex -11.658591936471776 -17.283625759294345 3
    endloop
  endfacet
  facet normal -0.33688985339221844 -0.9415440651830215 0
    outer loop
      vertex -11.492001814804691 -17.325354412468634 0
      vertex -11.330303993361094 -17.383210818105248 3
      vertex -11.492001814804691 -17.325354412468634 3
    endloop
  endfacet
  facet normal -0.42755509343027853 -0.9039892931234449 0
    outer loop
      vertex -11.330303993361094 -17.383210818105248 0
      vertex -11.175055710554505 -17.456637787390378 3
      vertex -11.330303993361094 -17.383210818105248 3
    endloop
  endfacet
  facet normal -0.514102744193224 -0.8577286100002707 0
    outer loop
      vertex -11.175055710554505 -17.456637787390378 0
      vertex -11.027752092215696 -17.544928178470546 3
      vertex -11.175055710554505 -17.456637787390378 3
    endloop
  endfacet
  facet normal -0.5956993044924308 -0.8032075314806469 0
    outer loop
      vertex -11.027752092215696 -17.544928178470546 0
      vertex -10.889811752713621 -17.64723170661521 3
      vertex -11.027752092215696 -17.544928178470546 3
    endloop
  endfacet
  facet normal -0.6715589548470255 -0.7409511253549527 0
    outer loop
      vertex -10.889811752713621 -17.64723170661521 0
      vertex -10.762563132923542 -17.762563132923542 3
      vertex -10.889811752713621 -17.64723170661521 3
    endloop
  endfacet
  facet normal -0.7409511253549532 -0.6715589548470251 0
    outer loop
      vertex -10.762563132923542 -17.762563132923542 3
      vertex -10.762563132923542 -17.762563132923542 0
      vertex -10.64723170661521 -17.88981175271362 3
    endloop
  endfacet
  facet normal -0.8032075314806455 -0.5956993044924325 0
    outer loop
      vertex -10.64723170661521 -17.88981175271362 0
      vertex -10.544928178470546 -18.027752092215696 3
      vertex -10.64723170661521 -17.88981175271362 3
    endloop
  endfacet
  facet normal -0.8577286100002726 -0.514102744193221 0
    outer loop
      vertex -10.544928178470546 -18.027752092215696 0
      vertex -10.45663778739038 -18.175055710554503 3
      vertex -10.544928178470546 -18.027752092215696 3
    endloop
  endfacet
  facet normal -0.903989293123441 -0.4275550934302871 0
    outer loop
      vertex -10.45663778739038 -18.175055710554503 0
      vertex -10.383210818105248 -18.330303993361092 3
      vertex -10.45663778739038 -18.175055710554503 3
    endloop
  endfacet
  facet normal -0.9415440651830225 -0.3368898533922151 0
    outer loop
      vertex -10.383210818105248 -18.330303993361092 0
      vertex -10.325354412468634 -18.49200181480469 3
      vertex -10.383210818105248 -18.330303993361092 3
    endloop
  endfacet
  facet normal -0.9700312531945449 -0.24298017990326018 0
    outer loop
      vertex -10.325354412468634 -18.49200181480469 0
      vertex -10.283625759294347 -18.658591936471776 3
      vertex -10.325354412468634 -18.49200181480469 3
    endloop
  endfacet
  facet normal -0.9891765099647808 -0.14673047445536283 0
    outer loop
      vertex -10.283625759294347 -18.658591936471776 0
      vertex -10.258426728323656 -18.82847000442327 3
      vertex -10.283625759294347 -18.658591936471776 3
    endloop
  endfacet
  facet normal -0.9987954562051722 -0.04906767432741949 0
    outer loop
      vertex -10.258426728323656 -18.82847000442327 0
      vertex -10.25 -19 3
      vertex -10.258426728323656 -18.82847000442327 3
    endloop
  endfacet
  facet normal -0.9987954562051722 0.04906767432741949 0
    outer loop
      vertex -10.25 -19 0
      vertex -10.258426728323656 -19.17152999557673 3
      vertex -10.25 -19 3
    endloop
  endfacet
  facet normal -0.9891765099647808 0.14673047445536283 0
    outer loop
      vertex -10.258426728323656 -19.17152999557673 0
      vertex -10.283625759294347 -19.341408063528224 3
      vertex -10.258426728323656 -19.17152999557673 3
    endloop
  endfacet
  facet normal -0.8032075314806455 0.5956993044924325 0
    outer loop
      vertex -10.64723170661521 -20.11018824728638 3
      vertex -10.544928178470546 -19.972247907784304 3
      vertex -10.544928178470546 -19.972247907784304 0
    endloop
  endfacet
  facet normal -0.6715589548470255 0.7409511253549527 0
    outer loop
      vertex -10.762563132923542 -20.237436867076458 3
      vertex -10.762563132923542 -20.237436867076458 0
      vertex -10.889811752713621 -20.35276829338479 3
    endloop
  endfacet
  facet normal -0.7409511253549532 0.6715589548470251 0
    outer loop
      vertex -10.762563132923542 -20.237436867076458 3
      vertex -10.64723170661521 -20.11018824728638 3
      vertex -10.64723170661521 -20.11018824728638 0
    endloop
  endfacet
  facet normal -0.049067674327418986 0.9987954562051723 0
    outer loop
      vertex -11.828470004423268 -20.741573271676344 3
      vertex -11.828470004423268 -20.741573271676344 0
      vertex -12 -20.75 3
    endloop
  endfacet
  facet normal -0.14673047445535423 0.9891765099647821 0
    outer loop
      vertex -11.658591936471776 -20.716374240705655 3
      vertex -11.658591936471776 -20.716374240705655 0
      vertex -11.828470004423268 -20.741573271676344 3
    endloop
  endfacet
  facet normal -0.2429801799032699 0.9700312531945424 0
    outer loop
      vertex -11.492001814804691 -20.674645587531366 3
      vertex -11.492001814804691 -20.674645587531366 0
      vertex -11.658591936471776 -20.716374240705655 3
    endloop
  endfacet
  facet normal -0.33688985339221844 0.9415440651830215 0
    outer loop
      vertex -11.330303993361094 -20.616789181894752 3
      vertex -11.330303993361094 -20.616789181894752 0
      vertex -11.492001814804691 -20.674645587531366 3
    endloop
  endfacet
  facet normal -0.42755509343027853 0.9039892931234449 0
    outer loop
      vertex -11.175055710554505 -20.543362212609622 3
      vertex -11.175055710554505 -20.543362212609622 0
      vertex -11.330303993361094 -20.616789181894752 3
    endloop
  endfacet
  facet normal -0.514102744193224 0.8577286100002707 0
    outer loop
      vertex -11.027752092215696 -20.455071821529454 3
      vertex -11.027752092215696 -20.455071821529454 0
      vertex -11.175055710554505 -20.543362212609622 3
    endloop
  endfacet
  facet normal -0.5956993044924308 0.8032075314806469 0
    outer loop
      vertex -10.889811752713621 -20.35276829338479 3
      vertex -10.889811752713621 -20.35276829338479 0
      vertex -11.027752092215696 -20.455071821529454 3
    endloop
  endfacet
  facet normal -0.9415440651830225 0.3368898533922151 0
    outer loop
      vertex -10.383210818105248 -19.669696006638908 3
      vertex -10.325354412468634 -19.50799818519531 3
      vertex -10.325354412468634 -19.50799818519531 0
    endloop
  endfacet
  facet normal -0.9700312531945449 0.24298017990326018 0
    outer loop
      vertex -10.325354412468634 -19.50799818519531 3
      vertex -10.283625759294347 -19.341408063528224 3
      vertex -10.283625759294347 -19.341408063528224 0
    endloop
  endfacet
  facet normal -0.903989293123441 0.4275550934302871 0
    outer loop
      vertex -10.45663778739038 -19.824944289445497 3
      vertex -10.383210818105248 -19.669696006638908 3
      vertex -10.383210818105248 -19.669696006638908 0
    endloop
  endfacet
  facet normal -0.8577286100002726 0.514102744193221 0
    outer loop
      vertex -10.544928178470546 -19.972247907784304 3
      vertex -10.45663778739038 -19.824944289445497 3
      vertex -10.45663778739038 -19.824944289445497 0
    endloop
  endfacet
  facet normal -0.049067674327418986 -0.9987954562051723 0
    outer loop
      vertex -11.828470004423268 -17.258426728323656 0
      vertex -11.828470004423268 -17.258426728323656 3
      vertex -12 -17.25 0
    endloop
  endfacet
  facet normal -0.14673047445535423 -0.9891765099647821 0
    outer loop
      vertex -11.828470004423268 -17.258426728323656 0
      vertex -11.658591936471776 -17.283625759294345 0
      vertex -11.658591936471776 -17.283625759294345 3
    endloop
  endfacet
  facet normal -0.2429801799032699 -0.9700312531945424 0
    outer loop
      vertex -11.492001814804691 -17.325354412468634 0
      vertex -11.492001814804691 -17.325354412468634 3
      vertex -11.658591936471776 -17.283625759294345 0
    endloop
  endfacet
  facet normal -0.33688985339221844 -0.9415440651830215 0
    outer loop
      vertex -11.330303993361094 -17.383210818105248 0
      vertex -11.330303993361094 -17.383210818105248 3
      vertex -11.492001814804691 -17.325354412468634 0
    endloop
  endfacet
  facet normal -0.42755509343027853 -0.9039892931234449 0
    outer loop
      vertex -11.175055710554505 -17.456637787390378 0
      vertex -11.175055710554505 -17.456637787390378 3
      vertex -11.330303993361094 -17.383210818105248 0
    endloop
  endfacet
  facet normal -0.514102744193224 -0.8577286100002707 0
    outer loop
      vertex -11.027752092215696 -17.544928178470546 0
      vertex -11.027752092215696 -17.544928178470546 3
      vertex -11.175055710554505 -17.456637787390378 0
    endloop
  endfacet
  facet normal -0.5956993044924308 -0.8032075314806469 0
    outer loop
      vertex -10.889811752713621 -17.64723170661521 0
      vertex -10.889811752713621 -17.64723170661521 3
      vertex -11.027752092215696 -17.544928178470546 0
    endloop
  endfacet
  facet normal -0.6715589548470255 -0.7409511253549527 0
    outer loop
      vertex -10.762563132923542 -17.762563132923542 0
      vertex -10.762563132923542 -17.762563132923542 3
      vertex -10.889811752713621 -17.64723170661521 0
    endloop
  endfacet
  facet normal -0.7409511253549532 -0.6715589548470251 0
    outer loop
      vertex -10.762563132923542 -17.762563132923542 0
      vertex -10.64723170661521 -17.88981175271362 0
      vertex -10.64723170661521 -17.88981175271362 3
    endloop
  endfacet
  facet normal -0.8032075314806455 -0.5956993044924325 0
    outer loop
      vertex -10.64723170661521 -17.88981175271362 0
      vertex -10.544928178470546 -18.027752092215696 0
      vertex -10.544928178470546 -18.027752092215696 3
    endloop
  endfacet
  facet normal -0.8577286100002726 -0.514102744193221 0
    outer loop
      vertex -10.544928178470546 -18.027752092215696 0
      vertex -10.45663778739038 -18.175055710554503 0
      vertex -10.45663778739038 -18.175055710554503 3
    endloop
  endfacet
  facet normal -0.903989293123441 -0.4275550934302871 0
    outer loop
      vertex -10.45663778739038 -18.175055710554503 0
      vertex -10.383210818105248 -18.330303993361092 0
      vertex -10.383210818105248 -18.330303993361092 3
    endloop
  endfacet
  facet normal -0.9415440651830225 -0.3368898533922151 0
    outer loop
      vertex -10.383210818105248 -18.330303993361092 0
      vertex -10.325354412468634 -18.49200181480469 0
      vertex -10.325354412468634 -18.49200181480469 3
    endloop
  endfacet
  facet normal -0.9700312531945449 -0.24298017990326018 0
    outer loop
      vertex -10.325354412468634 -18.49200181480469 0
      vertex -10.283625759294347 -18.658591936471776 0
      vertex -10.283625759294347 -18.658591936471776 3
    endloop
  endfacet
  facet normal -0.9891765099647808 -0.14673047445536283 0
    outer loop
      vertex -10.283625759294347 -18.658591936471776 0
      vertex -10.258426728323656 -18.82847000442327 0
      vertex -10.258426728323656 -18.82847000442327 3
    endloop
  endfacet
  facet normal -0.9987954562051722 -0.04906767432741949 0
    outer loop
      vertex -10.258426728323656 -18.82847000442327 0
      vertex -10.25 -19 0
      vertex -10.25 -19 3
    endloop
  endfacet
  facet normal -0.9987954562051722 0.04906767432741949 0
    outer loop
      vertex -10.25 -19 0
      vertex -10.258426728323656 -19.17152999557673 0
      vertex -10.258426728323656 -19.17152999557673 3
    endloop
  endfacet
  facet normal -0.9891765099647808 0.14673047445536283 0
    outer loop
      vertex -10.258426728323656 -19.17152999557673 0
      vertex -10.283625759294347 -19.341408063528224 0
      vertex -10.283625759294347 -19.341408063528224 3
    endloop
  endfacet
  facet normal -0.8577286100002726 0.514102744193221 0
    outer loop
      vertex -10.544928178470546 -19.972247907784304 3
      vertex -10.45663778739038 -19.824944289445497 0
      vertex -10.544928178470546 -19.972247907784304 0
    endloop
  endfacet
  facet normal -0.8032075314806455 0.5956993044924325 0
    outer loop
      vertex -10.64723170661521 -20.11018824728638 3
      vertex -10.544928178470546 -19.972247907784304 0
      vertex -10.64723170661521 -20.11018824728638 0
    endloop
  endfacet
  facet normal -0.7409511253549532 0.6715589548470251 0
    outer loop
      vertex -10.762563132923542 -20.237436867076458 3
      vertex -10.64723170661521 -20.11018824728638 0
      vertex -10.762563132923542 -20.237436867076458 0
    endloop
  endfacet
  facet normal -0.6715589548470255 0.7409511253549527 0
    outer loop
      vertex -10.889811752713621 -20.35276829338479 3
      vertex -10.762563132923542 -20.237436867076458 0
      vertex -10.889811752713621 -20.35276829338479 0
    endloop
  endfacet
  facet normal -0.049067674327418986 0.9987954562051723 0
    outer loop
      vertex -12 -20.75 3
      vertex -11.828470004423268 -20.741573271676344 0
      vertex -12 -20.75 0
    endloop
  endfacet
  facet normal -0.14673047445535423 0.9891765099647821 0
    outer loop
      vertex -11.828470004423268 -20.741573271676344 3
      vertex -11.658591936471776 -20.716374240705655 0
      vertex -11.828470004423268 -20.741573271676344 0
    endloop
  endfacet
  facet normal -0.42755509343027853 0.9039892931234449 0
    outer loop
      vertex -11.330303993361094 -20.616789181894752 3
      vertex -11.175055710554505 -20.543362212609622 0
      vertex -11.330303993361094 -20.616789181894752 0
    endloop
  endfacet
  facet normal -0.2429801799032699 0.9700312531945424 0
    outer loop
      vertex -11.658591936471776 -20.716374240705655 3
      vertex -11.492001814804691 -20.674645587531366 0
      vertex -11.658591936471776 -20.716374240705655 0
    endloop
  endfacet
  facet normal -0.33688985339221844 0.9415440651830215 0
    outer loop
      vertex -11.492001814804691 -20.674645587531366 3
      vertex -11.330303993361094 -20.616789181894752 0
      vertex -11.492001814804691 -20.674645587531366 0
    endloop
  endfacet
  facet normal -0.514102744193224 0.8577286100002707 0
    outer loop
      vertex -11.175055710554505 -20.543362212609622 3
      vertex -11.027752092215696 -20.455071821529454 0
      vertex -11.175055710554505 -20.543362212609622 0
    endloop
  endfacet
  facet normal -0.5956993044924308 0.8032075314806469 0
    outer loop
      vertex -11.027752092215696 -20.455071821529454 3
      vertex -10.889811752713621 -20.35276829338479 0
      vertex -11.027752092215696 -20.455071821529454 0
    endloop
  endfacet
  facet normal -0.9415440651830225 0.3368898533922151 0
    outer loop
      vertex -10.383210818105248 -19.669696006638908 3
      vertex -10.325354412468634 -19.50799818519531 0
      vertex -10.383210818105248 -19.669696006638908 0
    endloop
  endfacet
  facet normal -0.9700312531945449 0.24298017990326018 0
    outer loop
      vertex -10.325354412468634 -19.50799818519531 3
      vertex -10.283625759294347 -19.341408063528224 0
      vertex -10.325354412468634 -19.50799818519531 0
    endloop
  endfacet
  facet normal -0.903989293123441 0.4275550934302871 0
    outer loop
      vertex -10.45663778739038 -19.824944289445497 3
      vertex -10.383210818105248 -19.669696006638908 0
      vertex -10.45663778739038 -19.824944289445497 0
    endloop
  endfacet
  facet normal 0.33688985339221844 -0.9415440651830215 0
    outer loop
      vertex 11.330303993361094 -17.383210818105248 0
      vertex 11.492001814804691 -17.325354412468634 3
      vertex 11.330303993361094 -17.383210818105248 3
    endloop
  endfacet
  facet normal 0.2429801799032699 -0.9700312531945424 0
    outer loop
      vertex 11.492001814804691 -17.325354412468634 0
      vertex 11.658591936471776 -17.283625759294345 3
      vertex 11.492001814804691 -17.325354412468634 3
    endloop
  endfacet
  facet normal 0.14673047445535423 -0.9891765099647821 0
    outer loop
      vertex 11.658591936471776 -17.283625759294345 0
      vertex 11.828470004423268 -17.258426728323656 3
      vertex 11.658591936471776 -17.283625759294345 3
    endloop
  endfacet
  facet normal 0.049067674327418986 -0.9987954562051723 0
    outer loop
      vertex 11.828470004423268 -17.258426728323656 0
      vertex 12 -17.25 3
      vertex 11.828470004423268 -17.258426728323656 3
    endloop
  endfacet
  facet normal 0.8577286100002726 -0.514102744193221 0
    outer loop
      vertex 10.45663778739038 -18.175055710554503 0
      vertex 10.544928178470546 -18.027752092215696 3
      vertex 10.45663778739038 -18.175055710554503 3
    endloop
  endfacet
  facet normal 0.903989293123441 -0.4275550934302871 0
    outer loop
      vertex 10.383210818105248 -18.330303993361092 0
      vertex 10.45663778739038 -18.175055710554503 3
      vertex 10.383210818105248 -18.330303993361092 3
    endloop
  endfacet
  facet normal 0.9700312531945449 -0.24298017990326018 0
    outer loop
      vertex 10.283625759294347 -18.658591936471776 0
      vertex 10.325354412468634 -18.49200181480469 3
      vertex 10.283625759294347 -18.658591936471776 3
    endloop
  endfacet
  facet normal 0.9415440651830225 -0.3368898533922151 0
    outer loop
      vertex 10.325354412468634 -18.49200181480469 0
      vertex 10.383210818105248 -18.330303993361092 3
      vertex 10.325354412468634 -18.49200181480469 3
    endloop
  endfacet
  facet normal 0.9891765099647808 -0.14673047445536283 0
    outer loop
      vertex 10.258426728323656 -18.82847000442327 0
      vertex 10.283625759294347 -18.658591936471776 3
      vertex 10.258426728323656 -18.82847000442327 3
    endloop
  endfacet
  facet normal 0.9987954562051722 -0.04906767432741949 0
    outer loop
      vertex 10.25 -19 0
      vertex 10.258426728323656 -18.82847000442327 3
      vertex 10.25 -19 3
    endloop
  endfacet
  facet normal 0.9987954562051722 0.04906767432741949 0
    outer loop
      vertex 10.258426728323656 -19.17152999557673 0
      vertex 10.25 -19 3
      vertex 10.258426728323656 -19.17152999557673 3
    endloop
  endfacet
  facet normal 0.9891765099647808 0.14673047445536283 0
    outer loop
      vertex 10.283625759294347 -19.341408063528224 0
      vertex 10.258426728323656 -19.17152999557673 3
      vertex 10.283625759294347 -19.341408063528224 3
    endloop
  endfacet
  facet normal 0.7409511253549532 -0.6715589548470251 0
    outer loop
      vertex 10.64723170661521 -17.88981175271362 0
      vertex 10.762563132923542 -17.762563132923542 3
      vertex 10.64723170661521 -17.88981175271362 3
    endloop
  endfacet
  facet normal 0.6715589548470255 -0.7409511253549527 0
    outer loop
      vertex 10.889811752713621 -17.64723170661521 3
      vertex 10.762563132923542 -17.762563132923542 3
      vertex 10.762563132923542 -17.762563132923542 0
    endloop
  endfacet
  facet normal 0.5956993044924308 -0.8032075314806469 0
    outer loop
      vertex 10.889811752713621 -17.64723170661521 0
      vertex 11.027752092215696 -17.544928178470546 3
      vertex 10.889811752713621 -17.64723170661521 3
    endloop
  endfacet
  facet normal 0.514102744193224 -0.8577286100002707 0
    outer loop
      vertex 11.027752092215696 -17.544928178470546 0
      vertex 11.175055710554505 -17.456637787390378 3
      vertex 11.027752092215696 -17.544928178470546 3
    endloop
  endfacet
  facet normal 0.42755509343027853 -0.9039892931234449 0
    outer loop
      vertex 11.175055710554505 -17.456637787390378 0
      vertex 11.330303993361094 -17.383210818105248 3
      vertex 11.175055710554505 -17.456637787390378 3
    endloop
  endfacet
  facet normal 0.8032075314806455 -0.5956993044924325 0
    outer loop
      vertex 10.544928178470546 -18.027752092215696 0
      vertex 10.64723170661521 -17.88981175271362 3
      vertex 10.544928178470546 -18.027752092215696 3
    endloop
  endfacet
  facet normal 0.9700312531945449 0.24298017990326018 0
    outer loop
      vertex 10.283625759294347 -19.341408063528224 3
      vertex 10.325354412468634 -19.50799818519531 3
      vertex 10.325354412468634 -19.50799818519531 0
    endloop
  endfacet
  facet normal 0.9415440651830225 0.3368898533922151 0
    outer loop
      vertex 10.325354412468634 -19.50799818519531 3
      vertex 10.383210818105248 -19.669696006638908 3
      vertex 10.383210818105248 -19.669696006638908 0
    endloop
  endfacet
  facet normal 0.903989293123441 0.4275550934302871 0
    outer loop
      vertex 10.383210818105248 -19.669696006638908 3
      vertex 10.45663778739038 -19.824944289445497 3
      vertex 10.45663778739038 -19.824944289445497 0
    endloop
  endfacet
  facet normal 0.8577286100002726 0.514102744193221 0
    outer loop
      vertex 10.45663778739038 -19.824944289445497 3
      vertex 10.544928178470546 -19.972247907784304 3
      vertex 10.544928178470546 -19.972247907784304 0
    endloop
  endfacet
  facet normal 0.8032075314806455 0.5956993044924325 0
    outer loop
      vertex 10.544928178470546 -19.972247907784304 3
      vertex 10.64723170661521 -20.11018824728638 3
      vertex 10.64723170661521 -20.11018824728638 0
    endloop
  endfacet
  facet normal 0.7409511253549532 0.6715589548470251 0
    outer loop
      vertex 10.64723170661521 -20.11018824728638 3
      vertex 10.762563132923542 -20.237436867076458 3
      vertex 10.762563132923542 -20.237436867076458 0
    endloop
  endfacet
  facet normal 0.6715589548470255 0.7409511253549527 0
    outer loop
      vertex 10.889811752713621 -20.35276829338479 3
      vertex 10.889811752713621 -20.35276829338479 0
      vertex 10.762563132923542 -20.237436867076458 3
    endloop
  endfacet
  facet normal 0.5956993044924308 0.8032075314806469 0
    outer loop
      vertex 11.027752092215696 -20.455071821529454 3
      vertex 11.027752092215696 -20.455071821529454 0
      vertex 10.889811752713621 -20.35276829338479 3
    endloop
  endfacet
  facet normal 0.514102744193224 0.8577286100002707 0
    outer loop
      vertex 11.175055710554505 -20.543362212609622 3
      vertex 11.175055710554505 -20.543362212609622 0
      vertex 11.027752092215696 -20.455071821529454 3
    endloop
  endfacet
  facet normal 0.42755509343027853 0.9039892931234449 0
    outer loop
      vertex 11.330303993361094 -20.616789181894752 3
      vertex 11.330303993361094 -20.616789181894752 0
      vertex 11.175055710554505 -20.543362212609622 3
    endloop
  endfacet
  facet normal 0.33688985339221844 0.9415440651830215 0
    outer loop
      vertex 11.492001814804691 -20.674645587531366 3
      vertex 11.492001814804691 -20.674645587531366 0
      vertex 11.330303993361094 -20.616789181894752 3
    endloop
  endfacet
  facet normal 0.2429801799032699 0.9700312531945424 0
    outer loop
      vertex 11.658591936471776 -20.716374240705655 3
      vertex 11.658591936471776 -20.716374240705655 0
      vertex 11.492001814804691 -20.674645587531366 3
    endloop
  endfacet
  facet normal 0.14673047445535423 0.9891765099647821 0
    outer loop
      vertex 11.828470004423268 -20.741573271676344 3
      vertex 11.828470004423268 -20.741573271676344 0
      vertex 11.658591936471776 -20.716374240705655 3
    endloop
  endfacet
  facet normal 0.049067674327418986 0.9987954562051723 0
    outer loop
      vertex 12 -20.75 3
      vertex 12 -20.75 0
      vertex 11.828470004423268 -20.741573271676344 3
    endloop
  endfacet
  facet normal 0.33688985339221844 -0.9415440651830215 0
    outer loop
      vertex 11.492001814804691 -17.325354412468634 0
      vertex 11.492001814804691 -17.325354412468634 3
      vertex 11.330303993361094 -17.383210818105248 0
    endloop
  endfacet
  facet normal 0.2429801799032699 -0.9700312531945424 0
    outer loop
      vertex 11.658591936471776 -17.283625759294345 0
      vertex 11.658591936471776 -17.283625759294345 3
      vertex 11.492001814804691 -17.325354412468634 0
    endloop
  endfacet
  facet normal 0.14673047445535423 -0.9891765099647821 0
    outer loop
      vertex 11.828470004423268 -17.258426728323656 0
      vertex 11.828470004423268 -17.258426728323656 3
      vertex 11.658591936471776 -17.283625759294345 0
    endloop
  endfacet
  facet normal 0.049067674327418986 -0.9987954562051723 0
    outer loop
      vertex 12 -17.25 0
      vertex 12 -17.25 3
      vertex 11.828470004423268 -17.258426728323656 0
    endloop
  endfacet
  facet normal 0.903989293123441 -0.4275550934302871 0
    outer loop
      vertex 10.383210818105248 -18.330303993361092 0
      vertex 10.45663778739038 -18.175055710554503 0
      vertex 10.45663778739038 -18.175055710554503 3
    endloop
  endfacet
  facet normal 0.9415440651830225 -0.3368898533922151 0
    outer loop
      vertex 10.325354412468634 -18.49200181480469 0
      vertex 10.383210818105248 -18.330303993361092 0
      vertex 10.383210818105248 -18.330303993361092 3
    endloop
  endfacet
  facet normal 0.9700312531945449 -0.24298017990326018 0
    outer loop
      vertex 10.283625759294347 -18.658591936471776 0
      vertex 10.325354412468634 -18.49200181480469 0
      vertex 10.325354412468634 -18.49200181480469 3
    endloop
  endfacet
  facet normal 0.9891765099647808 -0.14673047445536283 0
    outer loop
      vertex 10.258426728323656 -18.82847000442327 0
      vertex 10.283625759294347 -18.658591936471776 0
      vertex 10.283625759294347 -18.658591936471776 3
    endloop
  endfacet
  facet normal 0.9987954562051722 -0.04906767432741949 0
    outer loop
      vertex 10.25 -19 0
      vertex 10.258426728323656 -18.82847000442327 0
      vertex 10.258426728323656 -18.82847000442327 3
    endloop
  endfacet
  facet normal 0.9987954562051722 0.04906767432741949 0
    outer loop
      vertex 10.258426728323656 -19.17152999557673 0
      vertex 10.25 -19 0
      vertex 10.25 -19 3
    endloop
  endfacet
  facet normal 0.9891765099647808 0.14673047445536283 0
    outer loop
      vertex 10.283625759294347 -19.341408063528224 0
      vertex 10.258426728323656 -19.17152999557673 0
      vertex 10.258426728323656 -19.17152999557673 3
    endloop
  endfacet
  facet normal 0.6715589548470255 -0.7409511253549527 0
    outer loop
      vertex 10.889811752713621 -17.64723170661521 3
      vertex 10.762563132923542 -17.762563132923542 0
      vertex 10.889811752713621 -17.64723170661521 0
    endloop
  endfacet
  facet normal 0.7409511253549532 -0.6715589548470251 0
    outer loop
      vertex 10.64723170661521 -17.88981175271362 0
      vertex 10.762563132923542 -17.762563132923542 0
      vertex 10.762563132923542 -17.762563132923542 3
    endloop
  endfacet
  facet normal 0.5956993044924308 -0.8032075314806469 0
    outer loop
      vertex 11.027752092215696 -17.544928178470546 0
      vertex 11.027752092215696 -17.544928178470546 3
      vertex 10.889811752713621 -17.64723170661521 0
    endloop
  endfacet
  facet normal 0.514102744193224 -0.8577286100002707 0
    outer loop
      vertex 11.175055710554505 -17.456637787390378 0
      vertex 11.175055710554505 -17.456637787390378 3
      vertex 11.027752092215696 -17.544928178470546 0
    endloop
  endfacet
  facet normal 0.8032075314806455 -0.5956993044924325 0
    outer loop
      vertex 10.544928178470546 -18.027752092215696 0
      vertex 10.64723170661521 -17.88981175271362 0
      vertex 10.64723170661521 -17.88981175271362 3
    endloop
  endfacet
  facet normal 0.8577286100002726 -0.514102744193221 0
    outer loop
      vertex 10.45663778739038 -18.175055710554503 0
      vertex 10.544928178470546 -18.027752092215696 0
      vertex 10.544928178470546 -18.027752092215696 3
    endloop
  endfacet
  facet normal 0.42755509343027853 -0.9039892931234449 0
    outer loop
      vertex 11.330303993361094 -17.383210818105248 0
      vertex 11.330303993361094 -17.383210818105248 3
      vertex 11.175055710554505 -17.456637787390378 0
    endloop
  endfacet
  facet normal 0.9700312531945449 0.24298017990326018 0
    outer loop
      vertex 10.325354412468634 -19.50799818519531 0
      vertex 10.283625759294347 -19.341408063528224 0
      vertex 10.283625759294347 -19.341408063528224 3
    endloop
  endfacet
  facet normal 0.9415440651830225 0.3368898533922151 0
    outer loop
      vertex 10.325354412468634 -19.50799818519531 3
      vertex 10.383210818105248 -19.669696006638908 0
      vertex 10.325354412468634 -19.50799818519531 0
    endloop
  endfacet
  facet normal 0.903989293123441 0.4275550934302871 0
    outer loop
      vertex 10.383210818105248 -19.669696006638908 3
      vertex 10.45663778739038 -19.824944289445497 0
      vertex 10.383210818105248 -19.669696006638908 0
    endloop
  endfacet
  facet normal 0.8577286100002726 0.514102744193221 0
    outer loop
      vertex 10.45663778739038 -19.824944289445497 3
      vertex 10.544928178470546 -19.972247907784304 0
      vertex 10.45663778739038 -19.824944289445497 0
    endloop
  endfacet
  facet normal 0.8032075314806455 0.5956993044924325 0
    outer loop
      vertex 10.544928178470546 -19.972247907784304 3
      vertex 10.64723170661521 -20.11018824728638 0
      vertex 10.544928178470546 -19.972247907784304 0
    endloop
  endfacet
  facet normal 0.7409511253549532 0.6715589548470251 0
    outer loop
      vertex 10.64723170661521 -20.11018824728638 3
      vertex 10.762563132923542 -20.237436867076458 0
      vertex 10.64723170661521 -20.11018824728638 0
    endloop
  endfacet
  facet normal 0.6715589548470255 0.7409511253549527 0
    outer loop
      vertex 10.762563132923542 -20.237436867076458 3
      vertex 10.889811752713621 -20.35276829338479 0
      vertex 10.762563132923542 -20.237436867076458 0
    endloop
  endfacet
  facet normal 0.5956993044924308 0.8032075314806469 0
    outer loop
      vertex 10.889811752713621 -20.35276829338479 3
      vertex 11.027752092215696 -20.455071821529454 0
      vertex 10.889811752713621 -20.35276829338479 0
    endloop
  endfacet
  facet normal 0.514102744193224 0.8577286100002707 0
    outer loop
      vertex 11.027752092215696 -20.455071821529454 3
      vertex 11.175055710554505 -20.543362212609622 0
      vertex 11.027752092215696 -20.455071821529454 0
    endloop
  endfacet
  facet normal 0.42755509343027853 0.9039892931234449 0
    outer loop
      vertex 11.175055710554505 -20.543362212609622 3
      vertex 11.330303993361094 -20.616789181894752 0
      vertex 11.175055710554505 -20.543362212609622 0
    endloop
  endfacet
  facet normal 0.33688985339221844 0.9415440651830215 0
    outer loop
      vertex 11.330303993361094 -20.616789181894752 3
      vertex 11.492001814804691 -20.674645587531366 0
      vertex 11.330303993361094 -20.616789181894752 0
    endloop
  endfacet
  facet normal 0.2429801799032699 0.9700312531945424 0
    outer loop
      vertex 11.492001814804691 -20.674645587531366 3
      vertex 11.658591936471776 -20.716374240705655 0
      vertex 11.492001814804691 -20.674645587531366 0
    endloop
  endfacet
  facet normal 0.14673047445535423 0.9891765099647821 0
    outer loop
      vertex 11.658591936471776 -20.716374240705655 3
      vertex 11.828470004423268 -20.741573271676344 0
      vertex 11.658591936471776 -20.716374240705655 0
    endloop
  endfacet
  facet normal 0.049067674327418986 0.9987954562051723 0
    outer loop
      vertex 11.828470004423268 -20.741573271676344 3
      vertex 12 -20.75 0
      vertex 11.828470004423268 -20.741573271676344 0
    endloop
  endfacet
  facet normal -0.049067674327418986 -0.9987954562051723 0
    outer loop
      vertex 12 -17.25 0
      vertex 12.171529995576732 -17.258426728323656 3
      vertex 12 -17.25 3
    endloop
  endfacet
  facet normal -0.14673047445535423 -0.9891765099647821 0
    outer loop
      vertex 12.171529995576732 -17.258426728323656 0
      vertex 12.341408063528224 -17.283625759294345 3
      vertex 12.171529995576732 -17.258426728323656 3
    endloop
  endfacet
  facet normal -0.2429801799032699 -0.9700312531945424 0
    outer loop
      vertex 12.341408063528224 -17.283625759294345 0
      vertex 12.507998185195309 -17.325354412468634 3
      vertex 12.341408063528224 -17.283625759294345 3
    endloop
  endfacet
  facet normal -0.33688985339221844 -0.9415440651830215 0
    outer loop
      vertex 12.507998185195309 -17.325354412468634 0
      vertex 12.669696006638906 -17.383210818105248 3
      vertex 12.507998185195309 -17.325354412468634 3
    endloop
  endfacet
  facet normal -0.42755509343027853 -0.9039892931234449 0
    outer loop
      vertex 12.669696006638906 -17.383210818105248 0
      vertex 12.824944289445495 -17.456637787390378 3
      vertex 12.669696006638906 -17.383210818105248 3
    endloop
  endfacet
  facet normal -0.514102744193224 -0.8577286100002707 0
    outer loop
      vertex 12.824944289445495 -17.456637787390378 0
      vertex 12.972247907784304 -17.544928178470546 3
      vertex 12.824944289445495 -17.456637787390378 3
    endloop
  endfacet
  facet normal -0.5956993044924308 -0.8032075314806469 0
    outer loop
      vertex 12.972247907784304 -17.544928178470546 0
      vertex 13.110188247286379 -17.64723170661521 3
      vertex 12.972247907784304 -17.544928178470546 3
    endloop
  endfacet
  facet normal -0.6715589548470255 -0.7409511253549527 0
    outer loop
      vertex 13.110188247286379 -17.64723170661521 0
      vertex 13.237436867076458 -17.762563132923542 3
      vertex 13.110188247286379 -17.64723170661521 3
    endloop
  endfacet
  facet normal -0.7409511253549532 -0.6715589548470251 0
    outer loop
      vertex 13.237436867076458 -17.762563132923542 3
      vertex 13.237436867076458 -17.762563132923542 0
      vertex 13.35276829338479 -17.88981175271362 3
    endloop
  endfacet
  facet normal -0.8032075314806455 -0.5956993044924325 0
    outer loop
      vertex 13.455071821529454 -18.027752092215696 3
      vertex 13.35276829338479 -17.88981175271362 3
      vertex 13.35276829338479 -17.88981175271362 0
    endloop
  endfacet
  facet normal -0.8577286100002726 -0.514102744193221 0
    outer loop
      vertex 13.54336221260962 -18.175055710554503 3
      vertex 13.455071821529454 -18.027752092215696 3
      vertex 13.455071821529454 -18.027752092215696 0
    endloop
  endfacet
  facet normal -0.903989293123441 -0.4275550934302871 0
    outer loop
      vertex 13.616789181894752 -18.330303993361092 3
      vertex 13.54336221260962 -18.175055710554503 3
      vertex 13.54336221260962 -18.175055710554503 0
    endloop
  endfacet
  facet normal -0.9415440651830225 -0.3368898533922151 0
    outer loop
      vertex 13.674645587531366 -18.49200181480469 3
      vertex 13.616789181894752 -18.330303993361092 3
      vertex 13.616789181894752 -18.330303993361092 0
    endloop
  endfacet
  facet normal -0.9700312531945449 -0.24298017990326018 0
    outer loop
      vertex 13.716374240705653 -18.658591936471776 3
      vertex 13.674645587531366 -18.49200181480469 3
      vertex 13.674645587531366 -18.49200181480469 0
    endloop
  endfacet
  facet normal -0.9891765099647808 -0.14673047445536283 0
    outer loop
      vertex 13.741573271676344 -18.82847000442327 3
      vertex 13.716374240705653 -18.658591936471776 3
      vertex 13.716374240705653 -18.658591936471776 0
    endloop
  endfacet
  facet normal -0.9987954562051722 -0.04906767432741949 0
    outer loop
      vertex 13.75 -19 3
      vertex 13.741573271676344 -18.82847000442327 3
      vertex 13.741573271676344 -18.82847000442327 0
    endloop
  endfacet
  facet normal -0.9987954562051722 0.04906767432741949 0
    outer loop
      vertex 13.741573271676344 -19.17152999557673 3
      vertex 13.75 -19 3
      vertex 13.75 -19 0
    endloop
  endfacet
  facet normal -0.9891765099647808 0.14673047445536283 0
    outer loop
      vertex 13.716374240705653 -19.341408063528224 3
      vertex 13.741573271676344 -19.17152999557673 3
      vertex 13.741573271676344 -19.17152999557673 0
    endloop
  endfacet
  facet normal -0.8032075314806455 0.5956993044924325 0
    outer loop
      vertex 13.35276829338479 -20.11018824728638 3
      vertex 13.455071821529454 -19.972247907784304 3
      vertex 13.455071821529454 -19.972247907784304 0
    endloop
  endfacet
  facet normal -0.6715589548470255 0.7409511253549527 0
    outer loop
      vertex 13.237436867076458 -20.237436867076458 3
      vertex 13.237436867076458 -20.237436867076458 0
      vertex 13.110188247286379 -20.35276829338479 3
    endloop
  endfacet
  facet normal -0.7409511253549532 0.6715589548470251 0
    outer loop
      vertex 13.237436867076458 -20.237436867076458 3
      vertex 13.35276829338479 -20.11018824728638 3
      vertex 13.35276829338479 -20.11018824728638 0
    endloop
  endfacet
  facet normal -0.049067674327418986 0.9987954562051723 0
    outer loop
      vertex 12.171529995576732 -20.741573271676344 3
      vertex 12.171529995576732 -20.741573271676344 0
      vertex 12 -20.75 3
    endloop
  endfacet
  facet normal -0.14673047445535423 0.9891765099647821 0
    outer loop
      vertex 12.341408063528224 -20.716374240705655 3
      vertex 12.341408063528224 -20.716374240705655 0
      vertex 12.171529995576732 -20.741573271676344 3
    endloop
  endfacet
  facet normal -0.2429801799032699 0.9700312531945424 0
    outer loop
      vertex 12.507998185195309 -20.674645587531366 3
      vertex 12.507998185195309 -20.674645587531366 0
      vertex 12.341408063528224 -20.716374240705655 3
    endloop
  endfacet
  facet normal -0.33688985339221844 0.9415440651830215 0
    outer loop
      vertex 12.669696006638906 -20.616789181894752 3
      vertex 12.669696006638906 -20.616789181894752 0
      vertex 12.507998185195309 -20.674645587531366 3
    endloop
  endfacet
  facet normal -0.42755509343027853 0.9039892931234449 0
    outer loop
      vertex 12.824944289445495 -20.543362212609622 3
      vertex 12.824944289445495 -20.543362212609622 0
      vertex 12.669696006638906 -20.616789181894752 3
    endloop
  endfacet
  facet normal -0.514102744193224 0.8577286100002707 0
    outer loop
      vertex 12.972247907784304 -20.455071821529454 3
      vertex 12.972247907784304 -20.455071821529454 0
      vertex 12.824944289445495 -20.543362212609622 3
    endloop
  endfacet
  facet normal -0.5956993044924308 0.8032075314806469 0
    outer loop
      vertex 13.110188247286379 -20.35276829338479 3
      vertex 13.110188247286379 -20.35276829338479 0
      vertex 12.972247907784304 -20.455071821529454 3
    endloop
  endfacet
  facet normal -0.9415440651830225 0.3368898533922151 0
    outer loop
      vertex 13.616789181894752 -19.669696006638908 3
      vertex 13.674645587531366 -19.50799818519531 3
      vertex 13.674645587531366 -19.50799818519531 0
    endloop
  endfacet
  facet normal -0.9700312531945449 0.24298017990326018 0
    outer loop
      vertex 13.674645587531366 -19.50799818519531 3
      vertex 13.716374240705653 -19.341408063528224 3
      vertex 13.716374240705653 -19.341408063528224 0
    endloop
  endfacet
  facet normal -0.903989293123441 0.4275550934302871 0
    outer loop
      vertex 13.54336221260962 -19.824944289445497 3
      vertex 13.616789181894752 -19.669696006638908 3
      vertex 13.616789181894752 -19.669696006638908 0
    endloop
  endfacet
  facet normal -0.8577286100002726 0.514102744193221 0
    outer loop
      vertex 13.455071821529454 -19.972247907784304 3
      vertex 13.54336221260962 -19.824944289445497 3
      vertex 13.54336221260962 -19.824944289445497 0
    endloop
  endfacet
  facet normal -0.049067674327418986 -0.9987954562051723 0
    outer loop
      vertex 12.171529995576732 -17.258426728323656 0
      vertex 12.171529995576732 -17.258426728323656 3
      vertex 12 -17.25 0
    endloop
  endfacet
  facet normal -0.14673047445535423 -0.9891765099647821 0
    outer loop
      vertex 12.341408063528224 -17.283625759294345 0
      vertex 12.341408063528224 -17.283625759294345 3
      vertex 12.171529995576732 -17.258426728323656 0
    endloop
  endfacet
  facet normal -0.2429801799032699 -0.9700312531945424 0
    outer loop
      vertex 12.507998185195309 -17.325354412468634 0
      vertex 12.507998185195309 -17.325354412468634 3
      vertex 12.341408063528224 -17.283625759294345 0
    endloop
  endfacet
  facet normal -0.33688985339221844 -0.9415440651830215 0
    outer loop
      vertex 12.669696006638906 -17.383210818105248 0
      vertex 12.669696006638906 -17.383210818105248 3
      vertex 12.507998185195309 -17.325354412468634 0
    endloop
  endfacet
  facet normal -0.42755509343027853 -0.9039892931234449 0
    outer loop
      vertex 12.824944289445495 -17.456637787390378 0
      vertex 12.824944289445495 -17.456637787390378 3
      vertex 12.669696006638906 -17.383210818105248 0
    endloop
  endfacet
  facet normal -0.514102744193224 -0.8577286100002707 0
    outer loop
      vertex 12.972247907784304 -17.544928178470546 0
      vertex 12.972247907784304 -17.544928178470546 3
      vertex 12.824944289445495 -17.456637787390378 0
    endloop
  endfacet
  facet normal -0.5956993044924308 -0.8032075314806469 0
    outer loop
      vertex 13.110188247286379 -17.64723170661521 0
      vertex 13.110188247286379 -17.64723170661521 3
      vertex 12.972247907784304 -17.544928178470546 0
    endloop
  endfacet
  facet normal -0.6715589548470255 -0.7409511253549527 0
    outer loop
      vertex 13.237436867076458 -17.762563132923542 0
      vertex 13.237436867076458 -17.762563132923542 3
      vertex 13.110188247286379 -17.64723170661521 0
    endloop
  endfacet
  facet normal -0.7409511253549532 -0.6715589548470251 0
    outer loop
      vertex 13.237436867076458 -17.762563132923542 0
      vertex 13.35276829338479 -17.88981175271362 0
      vertex 13.35276829338479 -17.88981175271362 3
    endloop
  endfacet
  facet normal -0.8032075314806455 -0.5956993044924325 0
    outer loop
      vertex 13.455071821529454 -18.027752092215696 3
      vertex 13.35276829338479 -17.88981175271362 0
      vertex 13.455071821529454 -18.027752092215696 0
    endloop
  endfacet
  facet normal -0.8577286100002726 -0.514102744193221 0
    outer loop
      vertex 13.54336221260962 -18.175055710554503 3
      vertex 13.455071821529454 -18.027752092215696 0
      vertex 13.54336221260962 -18.175055710554503 0
    endloop
  endfacet
  facet normal -0.903989293123441 -0.4275550934302871 0
    outer loop
      vertex 13.616789181894752 -18.330303993361092 3
      vertex 13.54336221260962 -18.175055710554503 0
      vertex 13.616789181894752 -18.330303993361092 0
    endloop
  endfacet
  facet normal -0.9415440651830225 -0.3368898533922151 0
    outer loop
      vertex 13.674645587531366 -18.49200181480469 3
      vertex 13.616789181894752 -18.330303993361092 0
      vertex 13.674645587531366 -18.49200181480469 0
    endloop
  endfacet
  facet normal -0.9700312531945449 -0.24298017990326018 0
    outer loop
      vertex 13.716374240705653 -18.658591936471776 3
      vertex 13.674645587531366 -18.49200181480469 0
      vertex 13.716374240705653 -18.658591936471776 0
    endloop
  endfacet
  facet normal -0.9891765099647808 -0.14673047445536283 0
    outer loop
      vertex 13.741573271676344 -18.82847000442327 3
      vertex 13.716374240705653 -18.658591936471776 0
      vertex 13.741573271676344 -18.82847000442327 0
    endloop
  endfacet
  facet normal -0.9987954562051722 -0.04906767432741949 0
    outer loop
      vertex 13.75 -19 3
      vertex 13.741573271676344 -18.82847000442327 0
      vertex 13.75 -19 0
    endloop
  endfacet
  facet normal -0.9987954562051722 0.04906767432741949 0
    outer loop
      vertex 13.741573271676344 -19.17152999557673 3
      vertex 13.75 -19 0
      vertex 13.741573271676344 -19.17152999557673 0
    endloop
  endfacet
  facet normal -0.9891765099647808 0.14673047445536283 0
    outer loop
      vertex 13.716374240705653 -19.341408063528224 3
      vertex 13.741573271676344 -19.17152999557673 0
      vertex 13.716374240705653 -19.341408063528224 0
    endloop
  endfacet
  facet normal -0.8577286100002726 0.514102744193221 0
    outer loop
      vertex 13.455071821529454 -19.972247907784304 3
      vertex 13.54336221260962 -19.824944289445497 0
      vertex 13.455071821529454 -19.972247907784304 0
    endloop
  endfacet
  facet normal -0.8032075314806455 0.5956993044924325 0
    outer loop
      vertex 13.35276829338479 -20.11018824728638 3
      vertex 13.455071821529454 -19.972247907784304 0
      vertex 13.35276829338479 -20.11018824728638 0
    endloop
  endfacet
  facet normal -0.7409511253549532 0.6715589548470251 0
    outer loop
      vertex 13.237436867076458 -20.237436867076458 3
      vertex 13.35276829338479 -20.11018824728638 0
      vertex 13.237436867076458 -20.237436867076458 0
    endloop
  endfacet
  facet normal -0.6715589548470255 0.7409511253549527 0
    outer loop
      vertex 13.110188247286379 -20.35276829338479 3
      vertex 13.237436867076458 -20.237436867076458 0
      vertex 13.110188247286379 -20.35276829338479 0
    endloop
  endfacet
  facet normal -0.049067674327418986 0.9987954562051723 0
    outer loop
      vertex 12 -20.75 3
      vertex 12.171529995576732 -20.741573271676344 0
      vertex 12 -20.75 0
    endloop
  endfacet
  facet normal -0.14673047445535423 0.9891765099647821 0
    outer loop
      vertex 12.171529995576732 -20.741573271676344 3
      vertex 12.341408063528224 -20.716374240705655 0
      vertex 12.171529995576732 -20.741573271676344 0
    endloop
  endfacet
  facet normal -0.42755509343027853 0.9039892931234449 0
    outer loop
      vertex 12.669696006638906 -20.616789181894752 3
      vertex 12.824944289445495 -20.543362212609622 0
      vertex 12.669696006638906 -20.616789181894752 0
    endloop
  endfacet
  facet normal -0.2429801799032699 0.9700312531945424 0
    outer loop
      vertex 12.341408063528224 -20.716374240705655 3
      vertex 12.507998185195309 -20.674645587531366 0
      vertex 12.341408063528224 -20.716374240705655 0
    endloop
  endfacet
  facet normal -0.33688985339221844 0.9415440651830215 0
    outer loop
      vertex 12.507998185195309 -20.674645587531366 3
      vertex 12.669696006638906 -20.616789181894752 0
      vertex 12.507998185195309 -20.674645587531366 0
    endloop
  endfacet
  facet normal -0.514102744193224 0.8577286100002707 0
    outer loop
      vertex 12.824944289445495 -20.543362212609622 3
      vertex 12.972247907784304 -20.455071821529454 0
      vertex 12.824944289445495 -20.543362212609622 0
    endloop
  endfacet
  facet normal -0.5956993044924308 0.8032075314806469 0
    outer loop
      vertex 12.972247907784304 -20.455071821529454 3
      vertex 13.110188247286379 -20.35276829338479 0
      vertex 12.972247907784304 -20.455071821529454 0
    endloop
  endfacet
  facet normal -0.9415440651830225 0.3368898533922151 0
    outer loop
      vertex 13.616789181894752 -19.669696006638908 3
      vertex 13.674645587531366 -19.50799818519531 0
      vertex 13.616789181894752 -19.669696006638908 0
    endloop
  endfacet
  facet normal -0.9700312531945449 0.24298017990326018 0
    outer loop
      vertex 13.674645587531366 -19.50799818519531 3
      vertex 13.716374240705653 -19.341408063528224 0
      vertex 13.674645587531366 -19.50799818519531 0
    endloop
  endfacet
  facet normal -0.903989293123441 0.4275550934302871 0
    outer loop
      vertex 13.54336221260962 -19.824944289445497 3
      vertex 13.616789181894752 -19.669696006638908 0
      vertex 13.54336221260962 -19.824944289445497 0
    endloop
  endfacet
  facet normal 0.3368898533922217 -0.9415440651830203 0
    outer loop
      vertex 35.33030399336109 -17.383210818105248 3
      vertex 35.33030399336109 -17.383210818105248 0
      vertex 35.49200181480469 -17.325354412468634 3
    endloop
  endfacet
  facet normal 0.2429801799032699 -0.9700312531945424 0
    outer loop
      vertex 35.49200181480469 -17.325354412468634 3
      vertex 35.49200181480469 -17.325354412468634 0
      vertex 35.65859193647177 -17.283625759294345 3
    endloop
  endfacet
  facet normal 0.14673047445535276 -0.9891765099647825 0
    outer loop
      vertex 35.65859193647177 -17.283625759294345 3
      vertex 35.65859193647177 -17.283625759294345 0
      vertex 35.82847000442327 -17.258426728323656 3
    endloop
  endfacet
  facet normal 0.04906767432741848 -0.9987954562051723 0
    outer loop
      vertex 35.82847000442327 -17.258426728323656 3
      vertex 35.82847000442327 -17.258426728323656 0
      vertex 36 -17.25 3
    endloop
  endfacet
  facet normal 0.8577286100002589 -0.5141027441932439 0
    outer loop
      vertex 34.54492817847055 -18.027752092215696 3
      vertex 34.45663778739038 -18.175055710554503 3
      vertex 34.45663778739038 -18.175055710554503 0
    endloop
  endfacet
  facet normal 0.9039892931234449 -0.42755509343027853 0
    outer loop
      vertex 34.45663778739038 -18.175055710554503 3
      vertex 34.38321081810525 -18.330303993361092 3
      vertex 34.38321081810525 -18.330303993361092 0
    endloop
  endfacet
  facet normal 0.9700312531945424 -0.2429801799032699 0
    outer loop
      vertex 34.325354412468634 -18.49200181480469 3
      vertex 34.283625759294345 -18.658591936471776 3
      vertex 34.283625759294345 -18.658591936471776 0
    endloop
  endfacet
  facet normal 0.9415440651830225 -0.3368898533922151 0
    outer loop
      vertex 34.38321081810525 -18.330303993361092 3
      vertex 34.325354412468634 -18.49200181480469 3
      vertex 34.325354412468634 -18.49200181480469 0
    endloop
  endfacet
  facet normal 0.9891765099647825 -0.14673047445535276 0
    outer loop
      vertex 34.283625759294345 -18.658591936471776 3
      vertex 34.258426728323656 -18.82847000442327 3
      vertex 34.258426728323656 -18.82847000442327 0
    endloop
  endfacet
  facet normal 0.9987954562051722 -0.04906767432741949 0
    outer loop
      vertex 34.258426728323656 -18.82847000442327 3
      vertex 34.25 -19 3
      vertex 34.25 -19 0
    endloop
  endfacet
  facet normal 0.9987954562051722 0.04906767432741949 0
    outer loop
      vertex 34.25 -19 3
      vertex 34.258426728323656 -19.17152999557673 3
      vertex 34.258426728323656 -19.17152999557673 0
    endloop
  endfacet
  facet normal 0.9891765099647825 0.14673047445535276 0
    outer loop
      vertex 34.258426728323656 -19.17152999557673 3
      vertex 34.283625759294345 -19.341408063528224 3
      vertex 34.283625759294345 -19.341408063528224 0
    endloop
  endfacet
  facet normal 0.7409511253549583 -0.6715589548470194 0
    outer loop
      vertex 34.76256313292354 -17.762563132923542 3
      vertex 34.64723170661521 -17.88981175271362 3
      vertex 34.64723170661521 -17.88981175271362 0
    endloop
  endfacet
  facet normal 0.6715589548470204 -0.7409511253549572 0
    outer loop
      vertex 34.76256313292354 -17.762563132923542 3
      vertex 34.76256313292354 -17.762563132923542 0
      vertex 34.88981175271362 -17.64723170661521 3
    endloop
  endfacet
  facet normal 0.5956993044924159 -0.8032075314806578 0
    outer loop
      vertex 34.88981175271362 -17.64723170661521 3
      vertex 34.88981175271362 -17.64723170661521 0
      vertex 35.0277520922157 -17.544928178470546 3
    endloop
  endfacet
  facet normal 0.5141027441932378 -0.8577286100002626 0
    outer loop
      vertex 35.0277520922157 -17.544928178470546 3
      vertex 35.0277520922157 -17.544928178470546 0
      vertex 35.1750557105545 -17.456637787390378 3
    endloop
  endfacet
  facet normal 0.42755509343027853 -0.9039892931234449 0
    outer loop
      vertex 35.1750557105545 -17.456637787390378 3
      vertex 35.1750557105545 -17.456637787390378 0
      vertex 35.33030399336109 -17.383210818105248 3
    endloop
  endfacet
  facet normal 0.8032075314806604 -0.5956993044924125 0
    outer loop
      vertex 34.64723170661521 -17.88981175271362 3
      vertex 34.54492817847055 -18.027752092215696 3
      vertex 34.54492817847055 -18.027752092215696 0
    endloop
  endfacet
  facet normal 0.9700312531945424 0.2429801799032699 0
    outer loop
      vertex 34.283625759294345 -19.341408063528224 3
      vertex 34.325354412468634 -19.50799818519531 3
      vertex 34.325354412468634 -19.50799818519531 0
    endloop
  endfacet
  facet normal 0.9415440651830225 0.3368898533922151 0
    outer loop
      vertex 34.325354412468634 -19.50799818519531 3
      vertex 34.38321081810525 -19.669696006638908 3
      vertex 34.38321081810525 -19.669696006638908 0
    endloop
  endfacet
  facet normal 0.9039892931234449 0.42755509343027853 0
    outer loop
      vertex 34.38321081810525 -19.669696006638908 3
      vertex 34.45663778739038 -19.824944289445497 3
      vertex 34.45663778739038 -19.824944289445497 0
    endloop
  endfacet
  facet normal 0.8577286100002589 0.5141027441932439 0
    outer loop
      vertex 34.45663778739038 -19.824944289445497 3
      vertex 34.54492817847055 -19.972247907784304 3
      vertex 34.54492817847055 -19.972247907784304 0
    endloop
  endfacet
  facet normal 0.8032075314806604 0.5956993044924125 0
    outer loop
      vertex 34.54492817847055 -19.972247907784304 3
      vertex 34.64723170661521 -20.11018824728638 3
      vertex 34.64723170661521 -20.11018824728638 0
    endloop
  endfacet
  facet normal 0.7409511253549583 0.6715589548470194 0
    outer loop
      vertex 34.64723170661521 -20.11018824728638 3
      vertex 34.76256313292354 -20.237436867076458 3
      vertex 34.76256313292354 -20.237436867076458 0
    endloop
  endfacet
  facet normal 0.6715589548470204 0.7409511253549572 0
    outer loop
      vertex 34.88981175271362 -20.35276829338479 3
      vertex 34.88981175271362 -20.35276829338479 0
      vertex 34.76256313292354 -20.237436867076458 3
    endloop
  endfacet
  facet normal 0.5956993044924159 0.8032075314806578 0
    outer loop
      vertex 35.0277520922157 -20.455071821529454 3
      vertex 35.0277520922157 -20.455071821529454 0
      vertex 34.88981175271362 -20.35276829338479 3
    endloop
  endfacet
  facet normal 0.5141027441932378 0.8577286100002626 0
    outer loop
      vertex 35.1750557105545 -20.543362212609622 3
      vertex 35.1750557105545 -20.543362212609622 0
      vertex 35.0277520922157 -20.455071821529454 3
    endloop
  endfacet
  facet normal 0.42755509343027853 0.9039892931234449 0
    outer loop
      vertex 35.33030399336109 -20.616789181894752 3
      vertex 35.33030399336109 -20.616789181894752 0
      vertex 35.1750557105545 -20.543362212609622 3
    endloop
  endfacet
  facet normal 0.3368898533922217 0.9415440651830203 0
    outer loop
      vertex 35.49200181480469 -20.674645587531366 3
      vertex 35.49200181480469 -20.674645587531366 0
      vertex 35.33030399336109 -20.616789181894752 3
    endloop
  endfacet
  facet normal 0.2429801799032699 0.9700312531945424 0
    outer loop
      vertex 35.65859193647177 -20.716374240705655 3
      vertex 35.65859193647177 -20.716374240705655 0
      vertex 35.49200181480469 -20.674645587531366 3
    endloop
  endfacet
  facet normal 0.14673047445535276 0.9891765099647825 0
    outer loop
      vertex 35.82847000442327 -20.741573271676344 3
      vertex 35.82847000442327 -20.741573271676344 0
      vertex 35.65859193647177 -20.716374240705655 3
    endloop
  endfacet
  facet normal 0.04906767432741848 0.9987954562051723 0
    outer loop
      vertex 36 -20.75 3
      vertex 36 -20.75 0
      vertex 35.82847000442327 -20.741573271676344 3
    endloop
  endfacet
  facet normal 0.3368898533922217 -0.9415440651830203 0
    outer loop
      vertex 35.49200181480469 -17.325354412468634 3
      vertex 35.33030399336109 -17.383210818105248 0
      vertex 35.49200181480469 -17.325354412468634 0
    endloop
  endfacet
  facet normal 0.2429801799032699 -0.9700312531945424 0
    outer loop
      vertex 35.65859193647177 -17.283625759294345 3
      vertex 35.49200181480469 -17.325354412468634 0
      vertex 35.65859193647177 -17.283625759294345 0
    endloop
  endfacet
  facet normal 0.14673047445535276 -0.9891765099647825 0
    outer loop
      vertex 35.82847000442327 -17.258426728323656 3
      vertex 35.65859193647177 -17.283625759294345 0
      vertex 35.82847000442327 -17.258426728323656 0
    endloop
  endfacet
  facet normal 0.04906767432741848 -0.9987954562051723 0
    outer loop
      vertex 36 -17.25 3
      vertex 35.82847000442327 -17.258426728323656 0
      vertex 36 -17.25 0
    endloop
  endfacet
  facet normal 0.9039892931234449 -0.42755509343027853 0
    outer loop
      vertex 34.45663778739038 -18.175055710554503 3
      vertex 34.38321081810525 -18.330303993361092 0
      vertex 34.45663778739038 -18.175055710554503 0
    endloop
  endfacet
  facet normal 0.9415440651830225 -0.3368898533922151 0
    outer loop
      vertex 34.38321081810525 -18.330303993361092 3
      vertex 34.325354412468634 -18.49200181480469 0
      vertex 34.38321081810525 -18.330303993361092 0
    endloop
  endfacet
  facet normal 0.9700312531945424 -0.2429801799032699 0
    outer loop
      vertex 34.325354412468634 -18.49200181480469 3
      vertex 34.283625759294345 -18.658591936471776 0
      vertex 34.325354412468634 -18.49200181480469 0
    endloop
  endfacet
  facet normal 0.9891765099647825 -0.14673047445535276 0
    outer loop
      vertex 34.283625759294345 -18.658591936471776 3
      vertex 34.258426728323656 -18.82847000442327 0
      vertex 34.283625759294345 -18.658591936471776 0
    endloop
  endfacet
  facet normal 0.9987954562051722 -0.04906767432741949 0
    outer loop
      vertex 34.258426728323656 -18.82847000442327 3
      vertex 34.25 -19 0
      vertex 34.258426728323656 -18.82847000442327 0
    endloop
  endfacet
  facet normal 0.9987954562051722 0.04906767432741949 0
    outer loop
      vertex 34.25 -19 3
      vertex 34.258426728323656 -19.17152999557673 0
      vertex 34.25 -19 0
    endloop
  endfacet
  facet normal 0.9891765099647825 0.14673047445535276 0
    outer loop
      vertex 34.258426728323656 -19.17152999557673 3
      vertex 34.283625759294345 -19.341408063528224 0
      vertex 34.258426728323656 -19.17152999557673 0
    endloop
  endfacet
  facet normal 0.6715589548470204 -0.7409511253549572 0
    outer loop
      vertex 34.88981175271362 -17.64723170661521 3
      vertex 34.76256313292354 -17.762563132923542 0
      vertex 34.88981175271362 -17.64723170661521 0
    endloop
  endfacet
  facet normal 0.7409511253549583 -0.6715589548470194 0
    outer loop
      vertex 34.76256313292354 -17.762563132923542 3
      vertex 34.64723170661521 -17.88981175271362 0
      vertex 34.76256313292354 -17.762563132923542 0
    endloop
  endfacet
  facet normal 0.5956993044924159 -0.8032075314806578 0
    outer loop
      vertex 35.0277520922157 -17.544928178470546 3
      vertex 34.88981175271362 -17.64723170661521 0
      vertex 35.0277520922157 -17.544928178470546 0
    endloop
  endfacet
  facet normal 0.5141027441932378 -0.8577286100002626 0
    outer loop
      vertex 35.1750557105545 -17.456637787390378 3
      vertex 35.0277520922157 -17.544928178470546 0
      vertex 35.1750557105545 -17.456637787390378 0
    endloop
  endfacet
  facet normal 0.8032075314806604 -0.5956993044924125 0
    outer loop
      vertex 34.64723170661521 -17.88981175271362 3
      vertex 34.54492817847055 -18.027752092215696 0
      vertex 34.64723170661521 -17.88981175271362 0
    endloop
  endfacet
  facet normal 0.8577286100002589 -0.5141027441932439 0
    outer loop
      vertex 34.54492817847055 -18.027752092215696 3
      vertex 34.45663778739038 -18.175055710554503 0
      vertex 34.54492817847055 -18.027752092215696 0
    endloop
  endfacet
  facet normal 0.42755509343027853 -0.9039892931234449 0
    outer loop
      vertex 35.33030399336109 -17.383210818105248 3
      vertex 35.1750557105545 -17.456637787390378 0
      vertex 35.33030399336109 -17.383210818105248 0
    endloop
  endfacet
  facet normal 0.9700312531945424 0.2429801799032699 0
    outer loop
      vertex 34.283625759294345 -19.341408063528224 3
      vertex 34.325354412468634 -19.50799818519531 0
      vertex 34.283625759294345 -19.341408063528224 0
    endloop
  endfacet
  facet normal 0.9415440651830225 0.3368898533922151 0
    outer loop
      vertex 34.325354412468634 -19.50799818519531 3
      vertex 34.38321081810525 -19.669696006638908 0
      vertex 34.325354412468634 -19.50799818519531 0
    endloop
  endfacet
  facet normal 0.9039892931234449 0.42755509343027853 0
    outer loop
      vertex 34.38321081810525 -19.669696006638908 3
      vertex 34.45663778739038 -19.824944289445497 0
      vertex 34.38321081810525 -19.669696006638908 0
    endloop
  endfacet
  facet normal 0.8577286100002589 0.5141027441932439 0
    outer loop
      vertex 34.45663778739038 -19.824944289445497 3
      vertex 34.54492817847055 -19.972247907784304 0
      vertex 34.45663778739038 -19.824944289445497 0
    endloop
  endfacet
  facet normal 0.8032075314806604 0.5956993044924125 0
    outer loop
      vertex 34.54492817847055 -19.972247907784304 3
      vertex 34.64723170661521 -20.11018824728638 0
      vertex 34.54492817847055 -19.972247907784304 0
    endloop
  endfacet
  facet normal 0.7409511253549583 0.6715589548470194 0
    outer loop
      vertex 34.64723170661521 -20.11018824728638 3
      vertex 34.76256313292354 -20.237436867076458 0
      vertex 34.64723170661521 -20.11018824728638 0
    endloop
  endfacet
  facet normal 0.6715589548470204 0.7409511253549572 0
    outer loop
      vertex 34.76256313292354 -20.237436867076458 3
      vertex 34.88981175271362 -20.35276829338479 0
      vertex 34.76256313292354 -20.237436867076458 0
    endloop
  endfacet
  facet normal 0.5956993044924159 0.8032075314806578 0
    outer loop
      vertex 34.88981175271362 -20.35276829338479 3
      vertex 35.0277520922157 -20.455071821529454 0
      vertex 34.88981175271362 -20.35276829338479 0
    endloop
  endfacet
  facet normal 0.5141027441932378 0.8577286100002626 0
    outer loop
      vertex 35.0277520922157 -20.455071821529454 3
      vertex 35.1750557105545 -20.543362212609622 0
      vertex 35.0277520922157 -20.455071821529454 0
    endloop
  endfacet
  facet normal 0.42755509343027853 0.9039892931234449 0
    outer loop
      vertex 35.1750557105545 -20.543362212609622 3
      vertex 35.33030399336109 -20.616789181894752 0
      vertex 35.1750557105545 -20.543362212609622 0
    endloop
  endfacet
  facet normal 0.3368898533922217 0.9415440651830203 0
    outer loop
      vertex 35.33030399336109 -20.616789181894752 3
      vertex 35.49200181480469 -20.674645587531366 0
      vertex 35.33030399336109 -20.616789181894752 0
    endloop
  endfacet
  facet normal 0.2429801799032699 0.9700312531945424 0
    outer loop
      vertex 35.49200181480469 -20.674645587531366 3
      vertex 35.65859193647177 -20.716374240705655 0
      vertex 35.49200181480469 -20.674645587531366 0
    endloop
  endfacet
  facet normal 0.14673047445535276 0.9891765099647825 0
    outer loop
      vertex 35.65859193647177 -20.716374240705655 3
      vertex 35.82847000442327 -20.741573271676344 0
      vertex 35.65859193647177 -20.716374240705655 0
    endloop
  endfacet
  facet normal 0.04906767432741848 0.9987954562051723 0
    outer loop
      vertex 35.82847000442327 -20.741573271676344 3
      vertex 36 -20.75 0
      vertex 35.82847000442327 -20.741573271676344 0
    endloop
  endfacet
  facet normal -0.04906767432741848 -0.9987954562051723 0
    outer loop
      vertex 36 -17.25 3
      vertex 36 -17.25 0
      vertex 36.17152999557673 -17.258426728323656 3
    endloop
  endfacet
  facet normal -0.14673047445535276 -0.9891765099647825 0
    outer loop
      vertex 36.17152999557673 -17.258426728323656 3
      vertex 36.17152999557673 -17.258426728323656 0
      vertex 36.34140806352823 -17.283625759294345 3
    endloop
  endfacet
  facet normal -0.2429801799032699 -0.9700312531945424 0
    outer loop
      vertex 36.34140806352823 -17.283625759294345 3
      vertex 36.34140806352823 -17.283625759294345 0
      vertex 36.50799818519531 -17.325354412468634 3
    endloop
  endfacet
  facet normal -0.3368898533922217 -0.9415440651830203 0
    outer loop
      vertex 36.50799818519531 -17.325354412468634 3
      vertex 36.50799818519531 -17.325354412468634 0
      vertex 36.66969600663891 -17.383210818105248 3
    endloop
  endfacet
  facet normal -0.42755509343027853 -0.9039892931234449 0
    outer loop
      vertex 36.66969600663891 -17.383210818105248 3
      vertex 36.66969600663891 -17.383210818105248 0
      vertex 36.8249442894455 -17.456637787390378 3
    endloop
  endfacet
  facet normal -0.5141027441932378 -0.8577286100002626 0
    outer loop
      vertex 36.8249442894455 -17.456637787390378 3
      vertex 36.8249442894455 -17.456637787390378 0
      vertex 36.9722479077843 -17.544928178470546 3
    endloop
  endfacet
  facet normal -0.5956993044924159 -0.8032075314806578 0
    outer loop
      vertex 36.9722479077843 -17.544928178470546 3
      vertex 36.9722479077843 -17.544928178470546 0
      vertex 37.11018824728638 -17.64723170661521 3
    endloop
  endfacet
  facet normal -0.6715589548470204 -0.7409511253549572 0
    outer loop
      vertex 37.11018824728638 -17.64723170661521 3
      vertex 37.11018824728638 -17.64723170661521 0
      vertex 37.23743686707646 -17.762563132923542 3
    endloop
  endfacet
  facet normal -0.7409511253549583 -0.6715589548470194 0
    outer loop
      vertex 37.23743686707646 -17.762563132923542 3
      vertex 37.23743686707646 -17.762563132923542 0
      vertex 37.35276829338479 -17.88981175271362 3
    endloop
  endfacet
  facet normal -0.8032075314806604 -0.5956993044924125 0
    outer loop
      vertex 37.45507182152945 -18.027752092215696 3
      vertex 37.35276829338479 -17.88981175271362 3
      vertex 37.35276829338479 -17.88981175271362 0
    endloop
  endfacet
  facet normal -0.8577286100002589 -0.5141027441932439 0
    outer loop
      vertex 37.54336221260962 -18.175055710554503 3
      vertex 37.45507182152945 -18.027752092215696 3
      vertex 37.45507182152945 -18.027752092215696 0
    endloop
  endfacet
  facet normal -0.9039892931234449 -0.42755509343027853 0
    outer loop
      vertex 37.61678918189475 -18.330303993361092 3
      vertex 37.54336221260962 -18.175055710554503 3
      vertex 37.54336221260962 -18.175055710554503 0
    endloop
  endfacet
  facet normal -0.9415440651830225 -0.3368898533922151 0
    outer loop
      vertex 37.674645587531366 -18.49200181480469 3
      vertex 37.61678918189475 -18.330303993361092 3
      vertex 37.61678918189475 -18.330303993361092 0
    endloop
  endfacet
  facet normal -0.9700312531945424 -0.2429801799032699 0
    outer loop
      vertex 37.716374240705655 -18.658591936471776 3
      vertex 37.674645587531366 -18.49200181480469 3
      vertex 37.674645587531366 -18.49200181480469 0
    endloop
  endfacet
  facet normal -0.9891765099647825 -0.14673047445535276 0
    outer loop
      vertex 37.741573271676344 -18.82847000442327 3
      vertex 37.716374240705655 -18.658591936471776 3
      vertex 37.716374240705655 -18.658591936471776 0
    endloop
  endfacet
  facet normal -0.9987954562051722 -0.04906767432741949 0
    outer loop
      vertex 37.75 -19 3
      vertex 37.741573271676344 -18.82847000442327 3
      vertex 37.741573271676344 -18.82847000442327 0
    endloop
  endfacet
  facet normal -0.9987954562051722 0.04906767432741949 0
    outer loop
      vertex 37.741573271676344 -19.17152999557673 3
      vertex 37.75 -19 3
      vertex 37.75 -19 0
    endloop
  endfacet
  facet normal -0.9891765099647825 0.14673047445535276 0
    outer loop
      vertex 37.716374240705655 -19.341408063528224 3
      vertex 37.741573271676344 -19.17152999557673 3
      vertex 37.741573271676344 -19.17152999557673 0
    endloop
  endfacet
  facet normal -0.8032075314806604 0.5956993044924125 0
    outer loop
      vertex 37.35276829338479 -20.11018824728638 3
      vertex 37.45507182152945 -19.972247907784304 3
      vertex 37.45507182152945 -19.972247907784304 0
    endloop
  endfacet
  facet normal -0.6715589548470204 0.7409511253549572 0
    outer loop
      vertex 37.23743686707646 -20.237436867076458 3
      vertex 37.23743686707646 -20.237436867076458 0
      vertex 37.11018824728638 -20.35276829338479 3
    endloop
  endfacet
  facet normal -0.7409511253549583 0.6715589548470194 0
    outer loop
      vertex 37.23743686707646 -20.237436867076458 3
      vertex 37.35276829338479 -20.11018824728638 3
      vertex 37.35276829338479 -20.11018824728638 0
    endloop
  endfacet
  facet normal -0.04906767432741848 0.9987954562051723 0
    outer loop
      vertex 36.17152999557673 -20.741573271676344 3
      vertex 36.17152999557673 -20.741573271676344 0
      vertex 36 -20.75 3
    endloop
  endfacet
  facet normal -0.14673047445535276 0.9891765099647825 0
    outer loop
      vertex 36.34140806352823 -20.716374240705655 3
      vertex 36.34140806352823 -20.716374240705655 0
      vertex 36.17152999557673 -20.741573271676344 3
    endloop
  endfacet
  facet normal -0.2429801799032699 0.9700312531945424 0
    outer loop
      vertex 36.50799818519531 -20.674645587531366 3
      vertex 36.50799818519531 -20.674645587531366 0
      vertex 36.34140806352823 -20.716374240705655 3
    endloop
  endfacet
  facet normal -0.3368898533922217 0.9415440651830203 0
    outer loop
      vertex 36.66969600663891 -20.616789181894752 3
      vertex 36.66969600663891 -20.616789181894752 0
      vertex 36.50799818519531 -20.674645587531366 3
    endloop
  endfacet
  facet normal -0.42755509343027853 0.9039892931234449 0
    outer loop
      vertex 36.8249442894455 -20.543362212609622 3
      vertex 36.8249442894455 -20.543362212609622 0
      vertex 36.66969600663891 -20.616789181894752 3
    endloop
  endfacet
  facet normal -0.5141027441932378 0.8577286100002626 0
    outer loop
      vertex 36.9722479077843 -20.455071821529454 3
      vertex 36.9722479077843 -20.455071821529454 0
      vertex 36.8249442894455 -20.543362212609622 3
    endloop
  endfacet
  facet normal -0.5956993044924159 0.8032075314806578 0
    outer loop
      vertex 37.11018824728638 -20.35276829338479 3
      vertex 37.11018824728638 -20.35276829338479 0
      vertex 36.9722479077843 -20.455071821529454 3
    endloop
  endfacet
  facet normal -0.9415440651830225 0.3368898533922151 0
    outer loop
      vertex 37.61678918189475 -19.669696006638908 3
      vertex 37.674645587531366 -19.50799818519531 3
      vertex 37.674645587531366 -19.50799818519531 0
    endloop
  endfacet
  facet normal -0.9700312531945424 0.2429801799032699 0
    outer loop
      vertex 37.674645587531366 -19.50799818519531 3
      vertex 37.716374240705655 -19.341408063528224 3
      vertex 37.716374240705655 -19.341408063528224 0
    endloop
  endfacet
  facet normal -0.9039892931234449 0.42755509343027853 0
    outer loop
      vertex 37.54336221260962 -19.824944289445497 3
      vertex 37.61678918189475 -19.669696006638908 3
      vertex 37.61678918189475 -19.669696006638908 0
    endloop
  endfacet
  facet normal -0.8577286100002589 0.5141027441932439 0
    outer loop
      vertex 37.45507182152945 -19.972247907784304 3
      vertex 37.54336221260962 -19.824944289445497 3
      vertex 37.54336221260962 -19.824944289445497 0
    endloop
  endfacet
  facet normal -0.04906767432741848 -0.9987954562051723 0
    outer loop
      vertex 36.17152999557673 -17.258426728323656 3
      vertex 36 -17.25 0
      vertex 36.17152999557673 -17.258426728323656 0
    endloop
  endfacet
  facet normal -0.14673047445535276 -0.9891765099647825 0
    outer loop
      vertex 36.34140806352823 -17.283625759294345 3
      vertex 36.17152999557673 -17.258426728323656 0
      vertex 36.34140806352823 -17.283625759294345 0
    endloop
  endfacet
  facet normal -0.2429801799032699 -0.9700312531945424 0
    outer loop
      vertex 36.50799818519531 -17.325354412468634 3
      vertex 36.34140806352823 -17.283625759294345 0
      vertex 36.50799818519531 -17.325354412468634 0
    endloop
  endfacet
  facet normal -0.3368898533922217 -0.9415440651830203 0
    outer loop
      vertex 36.66969600663891 -17.383210818105248 3
      vertex 36.50799818519531 -17.325354412468634 0
      vertex 36.66969600663891 -17.383210818105248 0
    endloop
  endfacet
  facet normal -0.42755509343027853 -0.9039892931234449 0
    outer loop
      vertex 36.8249442894455 -17.456637787390378 3
      vertex 36.66969600663891 -17.383210818105248 0
      vertex 36.8249442894455 -17.456637787390378 0
    endloop
  endfacet
  facet normal -0.5141027441932378 -0.8577286100002626 0
    outer loop
      vertex 36.9722479077843 -17.544928178470546 3
      vertex 36.8249442894455 -17.456637787390378 0
      vertex 36.9722479077843 -17.544928178470546 0
    endloop
  endfacet
  facet normal -0.5956993044924159 -0.8032075314806578 0
    outer loop
      vertex 37.11018824728638 -17.64723170661521 3
      vertex 36.9722479077843 -17.544928178470546 0
      vertex 37.11018824728638 -17.64723170661521 0
    endloop
  endfacet
  facet normal -0.6715589548470204 -0.7409511253549572 0
    outer loop
      vertex 37.23743686707646 -17.762563132923542 3
      vertex 37.11018824728638 -17.64723170661521 0
      vertex 37.23743686707646 -17.762563132923542 0
    endloop
  endfacet
  facet normal -0.7409511253549583 -0.6715589548470194 0
    outer loop
      vertex 37.35276829338479 -17.88981175271362 3
      vertex 37.23743686707646 -17.762563132923542 0
      vertex 37.35276829338479 -17.88981175271362 0
    endloop
  endfacet
  facet normal -0.8032075314806604 -0.5956993044924125 0
    outer loop
      vertex 37.45507182152945 -18.027752092215696 3
      vertex 37.35276829338479 -17.88981175271362 0
      vertex 37.45507182152945 -18.027752092215696 0
    endloop
  endfacet
  facet normal -0.8577286100002589 -0.5141027441932439 0
    outer loop
      vertex 37.54336221260962 -18.175055710554503 3
      vertex 37.45507182152945 -18.027752092215696 0
      vertex 37.54336221260962 -18.175055710554503 0
    endloop
  endfacet
  facet normal -0.9039892931234449 -0.42755509343027853 0
    outer loop
      vertex 37.61678918189475 -18.330303993361092 3
      vertex 37.54336221260962 -18.175055710554503 0
      vertex 37.61678918189475 -18.330303993361092 0
    endloop
  endfacet
  facet normal -0.9415440651830225 -0.3368898533922151 0
    outer loop
      vertex 37.674645587531366 -18.49200181480469 3
      vertex 37.61678918189475 -18.330303993361092 0
      vertex 37.674645587531366 -18.49200181480469 0
    endloop
  endfacet
  facet normal -0.9700312531945424 -0.2429801799032699 0
    outer loop
      vertex 37.716374240705655 -18.658591936471776 3
      vertex 37.674645587531366 -18.49200181480469 0
      vertex 37.716374240705655 -18.658591936471776 0
    endloop
  endfacet
  facet normal -0.9891765099647825 -0.14673047445535276 0
    outer loop
      vertex 37.741573271676344 -18.82847000442327 3
      vertex 37.716374240705655 -18.658591936471776 0
      vertex 37.741573271676344 -18.82847000442327 0
    endloop
  endfacet
  facet normal -0.9987954562051722 -0.04906767432741949 0
    outer loop
      vertex 37.75 -19 3
      vertex 37.741573271676344 -18.82847000442327 0
      vertex 37.75 -19 0
    endloop
  endfacet
  facet normal -0.9987954562051722 0.04906767432741949 0
    outer loop
      vertex 37.741573271676344 -19.17152999557673 3
      vertex 37.75 -19 0
      vertex 37.741573271676344 -19.17152999557673 0
    endloop
  endfacet
  facet normal -0.9891765099647825 0.14673047445535276 0
    outer loop
      vertex 37.716374240705655 -19.341408063528224 3
      vertex 37.741573271676344 -19.17152999557673 0
      vertex 37.716374240705655 -19.341408063528224 0
    endloop
  endfacet
  facet normal -0.8577286100002589 0.5141027441932439 0
    outer loop
      vertex 37.45507182152945 -19.972247907784304 3
      vertex 37.54336221260962 -19.824944289445497 0
      vertex 37.45507182152945 -19.972247907784304 0
    endloop
  endfacet
  facet normal -0.8032075314806604 0.5956993044924125 0
    outer loop
      vertex 37.35276829338479 -20.11018824728638 3
      vertex 37.45507182152945 -19.972247907784304 0
      vertex 37.35276829338479 -20.11018824728638 0
    endloop
  endfacet
  facet normal -0.7409511253549583 0.6715589548470194 0
    outer loop
      vertex 37.23743686707646 -20.237436867076458 3
      vertex 37.35276829338479 -20.11018824728638 0
      vertex 37.23743686707646 -20.237436867076458 0
    endloop
  endfacet
  facet normal -0.6715589548470204 0.7409511253549572 0
    outer loop
      vertex 37.11018824728638 -20.35276829338479 3
      vertex 37.23743686707646 -20.237436867076458 0
      vertex 37.11018824728638 -20.35276829338479 0
    endloop
  endfacet
  facet normal -0.04906767432741848 0.9987954562051723 0
    outer loop
      vertex 36 -20.75 3
      vertex 36.17152999557673 -20.741573271676344 0
      vertex 36 -20.75 0
    endloop
  endfacet
  facet normal -0.14673047445535276 0.9891765099647825 0
    outer loop
      vertex 36.17152999557673 -20.741573271676344 3
      vertex 36.34140806352823 -20.716374240705655 0
      vertex 36.17152999557673 -20.741573271676344 0
    endloop
  endfacet
  facet normal -0.42755509343027853 0.9039892931234449 0
    outer loop
      vertex 36.66969600663891 -20.616789181894752 3
      vertex 36.8249442894455 -20.543362212609622 0
      vertex 36.66969600663891 -20.616789181894752 0
    endloop
  endfacet
  facet normal -0.2429801799032699 0.9700312531945424 0
    outer loop
      vertex 36.34140806352823 -20.716374240705655 3
      vertex 36.50799818519531 -20.674645587531366 0
      vertex 36.34140806352823 -20.716374240705655 0
    endloop
  endfacet
  facet normal -0.3368898533922217 0.9415440651830203 0
    outer loop
      vertex 36.50799818519531 -20.674645587531366 3
      vertex 36.66969600663891 -20.616789181894752 0
      vertex 36.50799818519531 -20.674645587531366 0
    endloop
  endfacet
  facet normal -0.5141027441932378 0.8577286100002626 0
    outer loop
      vertex 36.8249442894455 -20.543362212609622 3
      vertex 36.9722479077843 -20.455071821529454 0
      vertex 36.8249442894455 -20.543362212609622 0
    endloop
  endfacet
  facet normal -0.5956993044924159 0.8032075314806578 0
    outer loop
      vertex 36.9722479077843 -20.455071821529454 3
      vertex 37.11018824728638 -20.35276829338479 0
      vertex 36.9722479077843 -20.455071821529454 0
    endloop
  endfacet
  facet normal -0.9415440651830225 0.3368898533922151 0
    outer loop
      vertex 37.61678918189475 -19.669696006638908 3
      vertex 37.674645587531366 -19.50799818519531 0
      vertex 37.61678918189475 -19.669696006638908 0
    endloop
  endfacet
  facet normal -0.9700312531945424 0.2429801799032699 0
    outer loop
      vertex 37.674645587531366 -19.50799818519531 3
      vertex 37.716374240705655 -19.341408063528224 0
      vertex 37.674645587531366 -19.50799818519531 0
    endloop
  endfacet
  facet normal -0.9039892931234449 0.42755509343027853 0
    outer loop
      vertex 37.54336221260962 -19.824944289445497 3
      vertex 37.61678918189475 -19.669696006638908 0
      vertex 37.54336221260962 -19.824944289445497 0
    endloop
  endfacet
  facet normal 0 0 -1
    outer loop
      vertex -37.12169999629259 -9.088959999382496 0.5999999999999943
      vertex -36.1479400023818 -9.503959998488426 0.5999999999999943
      vertex -37.12169999629259 -9.503959998488426 0.5999999999999943
    endloop
  endfacet
  facet normal 0 0 -1
    outer loop
      vertex -37.12169999629259 -9.088959999382496 0.5999999999999943
      vertex -35.65693999826908 -9.503959998488426 0.5999999999999943
      vertex -36.1479400023818 -9.503959998488426 0.5999999999999943
    endloop
  endfacet
  facet normal 1 0 0
    outer loop
      vertex -37.12169999629259 -9.088959999382496 0.5999999999999943
      vertex -37.12169999629259 -9.503959998488426 0.5999999999999943
      vertex -37.12169999629259 -9.503959998488426 0
    endloop
  endfacet
  facet normal 0 1 0
    outer loop
      vertex -37.12169999629259 -9.503959998488426 0.5999999999999943
      vertex -36.1479400023818 -9.503959998488426 0.5999999999999943
      vertex -36.1479400023818 -9.503959998488426 0
    endloop
  endfacet
  facet normal 0 -1 0
    outer loop
      vertex -37.12169999629259 -9.088959999382496 0.5999999999999943
      vertex -37.12169999629259 -9.088959999382496 0
      vertex -34.72658000141382 -9.088959999382496 0.5999999999999943
    endloop
  endfacet
  facet normal 1 0 0
    outer loop
      vertex -37.12169999629259 -9.088959999382496 0.5999999999999943
      vertex -37.12169999629259 -9.503959998488426 0
      vertex -37.12169999629259 -9.088959999382496 0
    endloop
  endfacet
  facet normal 0 1 0
    outer loop
      vertex -37.12169999629259 -9.503959998488426 0.5999999999999943
      vertex -36.1479400023818 -9.503959998488426 0
      vertex -37.12169999629259 -9.503959998488426 0
    endloop
  endfacet
  facet normal 1 0 0
    outer loop
      vertex -36.1479400023818 -9.503959998488426 0.5999999999999943
      vertex -36.1479400023818 -12.444320000708103 0.5999999999999943
      vertex -36.1479400023818 -12.444320000708103 0
    endloop
  endfacet
  facet normal 1 0 0
    outer loop
      vertex -36.1479400023818 -9.503959998488426 0.5999999999999943
      vertex -36.1479400023818 -12.444320000708103 0
      vertex -36.1479400023818 -9.503959998488426 0
    endloop
  endfacet
  facet normal 0 0 -1
    outer loop
      vertex -37.010499998927116 -11.828599996864796 0.5999999999999943
      vertex -36.1479400023818 -12.444320000708103 0.5999999999999943
      vertex -37.010499998927116 -12.289719998836517 0.5999999999999943
    endloop
  endfacet
  facet normal 1 0 0
    outer loop
      vertex -37.010499998927116 -11.828599996864796 0.5999999999999943
      vertex -37.010499998927116 -12.289719998836517 0.5999999999999943
      vertex -37.010499998927116 -12.289719998836517 0
    endloop
  endfacet
  facet normal -0.5809918155880585 -0.8139093992697781 0
    outer loop
      vertex -37.010499998927116 -11.828599996864796 0.5999999999999943
      vertex -37.010499998927116 -11.828599996864796 0
      vertex -36.1479400023818 -12.444320000708103 0.5999999999999943
    endloop
  endfacet
  facet normal 0 0 -1
    outer loop
      vertex -37.010499998927116 -12.289719998836517 0.5999999999999943
      vertex -36.1479400023818 -12.444320000708103 0.5999999999999943
      vertex -36.107220001518726 -12.910879999399185 0.5999999999999943
    endloop
  endfacet
  facet normal 0.5666248318124776 0.8239759098259375 0
    outer loop
      vertex -37.010499998927116 -12.289719998836517 0.5999999999999943
      vertex -36.107220001518726 -12.910879999399185 0.5999999999999943
      vertex -36.107220001518726 -12.910879999399185 0
    endloop
  endfacet
  facet normal 1 0 0
    outer loop
      vertex -37.010499998927116 -11.828599996864796 0.5999999999999943
      vertex -37.010499998927116 -12.289719998836517 0
      vertex -37.010499998927116 -11.828599996864796 0
    endloop
  endfacet
  facet normal -0.5809918155880585 -0.8139093992697781 0
    outer loop
      vertex -36.1479400023818 -12.444320000708103 0.5999999999999943
      vertex -37.010499998927116 -11.828599996864796 0
      vertex -36.1479400023818 -12.444320000708103 0
    endloop
  endfacet
  facet normal 0.5666248318124776 0.8239759098259375 0
    outer loop
      vertex -37.010499998927116 -12.289719998836517 0.5999999999999943
      vertex -36.107220001518726 -12.910879999399185 0
      vertex -37.010499998927116 -12.289719998836517 0
    endloop
  endfacet
  facet normal 0 0 -1
    outer loop
      vertex -37.12169999629259 -9.088959999382496 0.5999999999999943
      vertex -34.72658000141382 -9.088959999382496 0.5999999999999943
      vertex -35.65693999826908 -9.503959998488426 0.5999999999999943
    endloop
  endfacet
  facet normal 0 0 -1
    outer loop
      vertex -35.65693999826908 -9.503959998488426 0.5999999999999943
      vertex -34.72658000141382 -9.088959999382496 0.5999999999999943
      vertex -34.72658000141382 -9.503959998488426 0.5999999999999943
    endloop
  endfacet
  facet normal 0 1 0
    outer loop
      vertex -35.65693999826908 -9.503959998488426 0.5999999999999943
      vertex -34.72658000141382 -9.503959998488426 0.5999999999999943
      vertex -34.72658000141382 -9.503959998488426 0
    endloop
  endfacet
  facet normal -1 0 0
    outer loop
      vertex -34.72658000141382 -9.088959999382496 0.5999999999999943
      vertex -34.72658000141382 -9.088959999382496 0
      vertex -34.72658000141382 -9.503959998488426 0.5999999999999943
    endloop
  endfacet
  facet normal 0 -1 0
    outer loop
      vertex -34.72658000141382 -9.088959999382496 0.5999999999999943
      vertex -37.12169999629259 -9.088959999382496 0
      vertex -34.72658000141382 -9.088959999382496 0
    endloop
  endfacet
  facet normal 0 1 0
    outer loop
      vertex -35.65693999826908 -9.503959998488426 0.5999999999999943
      vertex -34.72658000141382 -9.503959998488426 0
      vertex -35.65693999826908 -9.503959998488426 0
    endloop
  endfacet
  facet normal -1 0 0
    outer loop
      vertex -34.72658000141382 -9.503959998488426 0.5999999999999943
      vertex -34.72658000141382 -9.088959999382496 0
      vertex -34.72658000141382 -9.503959998488426 0
    endloop
  endfacet
  facet normal 0 0 -1
    outer loop
      vertex -36.1479400023818 -9.503959998488426 0.5999999999999943
      vertex -35.65693999826908 -9.503959998488426 0.5999999999999943
      vertex -36.1479400023818 -12.444320000708103 0.5999999999999943
    endloop
  endfacet
  facet normal -1 0 0
    outer loop
      vertex -35.65693999826908 -9.503959998488426 0.5999999999999943
      vertex -35.65693999826908 -9.503959998488426 0
      vertex -35.65693999826908 -12.910879999399185 0.5999999999999943
    endloop
  endfacet
  facet normal 0 0 -1
    outer loop
      vertex -35.65693999826908 -9.503959998488426 0.5999999999999943
      vertex -35.65693999826908 -12.910879999399185 0.5999999999999943
      vertex -36.1479400023818 -12.444320000708103 0.5999999999999943
    endloop
  endfacet
  facet normal 0 0 -1
    outer loop
      vertex -36.1479400023818 -12.444320000708103 0.5999999999999943
      vertex -35.65693999826908 -12.910879999399185 0.5999999999999943
      vertex -36.107220001518726 -12.910879999399185 0.5999999999999943
    endloop
  endfacet
  facet normal 0 1 0
    outer loop
      vertex -36.107220001518726 -12.910879999399185 0.5999999999999943
      vertex -35.65693999826908 -12.910879999399185 0.5999999999999943
      vertex -35.65693999826908 -12.910879999399185 0
    endloop
  endfacet
  facet normal -1 0 0
    outer loop
      vertex -35.65693999826908 -12.910879999399185 0.5999999999999943
      vertex -35.65693999826908 -9.503959998488426 0
      vertex -35.65693999826908 -12.910879999399185 0
    endloop
  endfacet
  facet normal 0 1 0
    outer loop
      vertex -36.107220001518726 -12.910879999399185 0.5999999999999943
      vertex -35.65693999826908 -12.910879999399185 0
      vertex -36.107220001518726 -12.910879999399185 0
    endloop
  endfacet
  facet normal 0 0 -1
    outer loop
      vertex -13.2654599994421 -9.059519998729229 0.5999999999999943
      vertex -12.728380002081394 -9.47451999783516 0.5999999999999943
      vertex -13.2654599994421 -9.403999999165535 0.5999999999999943
    endloop
  endfacet
  facet normal 0 0 -1
    outer loop
      vertex -13.2654599994421 -9.403999999165535 0.5999999999999943
      vertex -12.728380002081394 -9.47451999783516 0.5999999999999943
      vertex -13.233968645334244 -9.473603457212448 0.5999999999999943
    endloop
  endfacet
  facet normal 0 0 -1
    outer loop
      vertex -13.233968645334244 -9.473603457212448 0.5999999999999943
      vertex -12.728380002081394 -9.47451999783516 0.5999999999999943
      vertex -13.200970120728016 -9.541364938020706 0.5999999999999943
    endloop
  endfacet
  facet normal 0 0 -1
    outer loop
      vertex -13.2654599994421 -9.059519998729229 0.5999999999999943
      vertex -10.734700001776218 -9.059519998729229 0.5999999999999943
      vertex -12.728380002081394 -9.47451999783516 0.5999999999999943
    endloop
  endfacet
  facet normal 1 0 0
    outer loop
      vertex -13.2654599994421 -9.059519998729229 0.5999999999999943
      vertex -13.2654599994421 -9.403999999165535 0.5999999999999943
      vertex -13.2654599994421 -9.403999999165535 0
    endloop
  endfacet
  facet normal 0.9110878885376987 0.41221215333844513 0
    outer loop
      vertex -13.2654599994421 -9.403999999165535 0.5999999999999943
      vertex -13.233968645334244 -9.473603457212448 0.5999999999999943
      vertex -13.233968645334244 -9.473603457212448 0
    endloop
  endfacet
  facet normal 0.8990602710237908 0.43782488401943076 0
    outer loop
      vertex -13.233968645334244 -9.473603457212448 0.5999999999999943
      vertex -13.200970120728016 -9.541364938020706 0.5999999999999943
      vertex -13.200970120728016 -9.541364938020706 0
    endloop
  endfacet
  facet normal 0 -1 0
    outer loop
      vertex -13.2654599994421 -9.059519998729229 0.5999999999999943
      vertex -13.2654599994421 -9.059519998729229 0
      vertex -10.734700001776218 -9.059519998729229 0.5999999999999943
    endloop
  endfacet
  facet normal -0.9096449041652807 -0.41538674548682636 0
    outer loop
      vertex -12.728380002081394 -9.47451999783516 0.5999999999999943
      vertex -12.728380002081394 -9.47451999783516 0
      vertex -12.709027409553528 -9.51689974963665 0.5999999999999943
    endloop
  endfacet
  facet normal 1 0 0
    outer loop
      vertex -13.2654599994421 -9.059519998729229 0.5999999999999943
      vertex -13.2654599994421 -9.403999999165535 0
      vertex -13.2654599994421 -9.059519998729229 0
    endloop
  endfacet
  facet normal 0.9110878885376987 0.41221215333844513 0
    outer loop
      vertex -13.2654599994421 -9.403999999165535 0.5999999999999943
      vertex -13.233968645334244 -9.473603457212448 0
      vertex -13.2654599994421 -9.403999999165535 0
    endloop
  endfacet
  facet normal 0.8990602710237908 0.43782488401943076 0
    outer loop
      vertex -13.233968645334244 -9.473603457212448 0.5999999999999943
      vertex -13.200970120728016 -9.541364938020706 0
      vertex -13.233968645334244 -9.473603457212448 0
    endloop
  endfacet
  facet normal -0.9096449041652807 -0.41538674548682636 0
    outer loop
      vertex -12.709027409553528 -9.51689974963665 0.5999999999999943
      vertex -12.728380002081394 -9.47451999783516 0
      vertex -12.709027409553528 -9.51689974963665 0
    endloop
  endfacet
  facet normal 0 1 0
    outer loop
      vertex -12.728380002081394 -9.47451999783516 0.5999999999999943
      vertex -10.734700001776218 -9.47451999783516 0
      vertex -12.728380002081394 -9.47451999783516 0
    endloop
  endfacet
  facet normal 0 0 -1
    outer loop
      vertex -13.200970120728016 -9.541364938020706 0.5999999999999943
      vertex -12.728380002081394 -9.47451999783516 0.5999999999999943
      vertex -13.166464447975159 -9.60728444159031 0.5999999999999943
    endloop
  endfacet
  facet normal 0 0 -1
    outer loop
      vertex -13.166464447975159 -9.60728444159031 0.5999999999999943
      vertex -12.728380002081394 -9.47451999783516 0.5999999999999943
      vertex -13.13045160472393 -9.671361975371838 0.5999999999999943
    endloop
  endfacet
  facet normal 0 0 -1
    outer loop
      vertex -13.13045160472393 -9.671361975371838 0.5999999999999943
      vertex -12.709027409553528 -9.51689974963665 0.5999999999999943
      vertex -13.092931605875492 -9.733597531914711 0.5999999999999943
    endloop
  endfacet
  facet normal 0 0 -1
    outer loop
      vertex -13.092931605875492 -9.733597531914711 0.5999999999999943
      vertex -12.687129631638527 -9.559647902846336 0.5999999999999943
      vertex -13.053904443979263 -9.79399111121893 0.5999999999999943
    endloop
  endfacet
  facet normal 0 0 -1
    outer loop
      vertex -13.13045160472393 -9.671361975371838 0.5999999999999943
      vertex -12.728380002081394 -9.47451999783516 0.5999999999999943
      vertex -12.709027409553528 -9.51689974963665 0.5999999999999943
    endloop
  endfacet
  facet normal 0 0 -1
    outer loop
      vertex -13.092931605875492 -9.733597531914711 0.5999999999999943
      vertex -12.709027409553528 -9.51689974963665 0.5999999999999943
      vertex -12.687129631638527 -9.559647902846336 0.5999999999999943
    endloop
  endfacet
  facet normal 0 0 -1
    outer loop
      vertex -13.053904443979263 -9.79399111121893 0.5999999999999943
      vertex -12.662686668336391 -9.602764442563057 0.5999999999999943
      vertex -13.013370126485825 -9.852542713284492 0.5999999999999943
    endloop
  endfacet
  facet normal 0 0 -1
    outer loop
      vertex -13.053904443979263 -9.79399111121893 0.5999999999999943
      vertex -12.687129631638527 -9.559647902846336 0.5999999999999943
      vertex -12.662686668336391 -9.602764442563057 0.5999999999999943
    endloop
  endfacet
  facet normal 0 0 -1
    outer loop
      vertex -13.013370126485825 -9.852542713284492 0.5999999999999943
      vertex -12.662686668336391 -9.602764442563057 0.5999999999999943
      vertex -12.635698519647121 -9.646249383687973 0.5999999999999943
    endloop
  endfacet
  facet normal 0 0 -1
    outer loop
      vertex -13.013370126485825 -9.852542713284492 0.5999999999999943
      vertex -12.635698519647121 -9.646249383687973 0.5999999999999943
      vertex -12.971328638494015 -9.909252345561981 0.5999999999999943
    endloop
  endfacet
  facet normal 0 0 -1
    outer loop
      vertex -12.606165185570717 -9.690102718770504 0.5999999999999943
      vertex -12.927780002355576 -9.964120000600815 0.5999999999999943
      vertex -12.971328638494015 -9.909252345561981 0.5999999999999943
    endloop
  endfacet
  facet normal 0 0 -1
    outer loop
      vertex -12.574086666107178 -9.73432444781065 0.5999999999999943
      vertex -12.88321851938963 -10.017505675554276 0.5999999999999943
      vertex -12.927780002355576 -9.964120000600815 0.5999999999999943
    endloop
  endfacet
  facet normal 0 0 -1
    outer loop
      vertex -12.539462961256504 -9.77891457080841 0.5999999999999943
      vertex -12.838156297802925 -10.069751605391502 0.5999999999999943
      vertex -12.88321851938963 -10.017505675554276 0.5999999999999943
    endloop
  endfacet
  facet normal 0 0 -1
    outer loop
      vertex -12.635698519647121 -9.646249383687973 0.5999999999999943
      vertex -12.606165185570717 -9.690102718770504 0.5999999999999943
      vertex -12.971328638494015 -9.909252345561981 0.5999999999999943
    endloop
  endfacet
  facet normal 0 0 -1
    outer loop
      vertex -12.606165185570717 -9.690102718770504 0.5999999999999943
      vertex -12.574086666107178 -9.73432444781065 0.5999999999999943
      vertex -12.927780002355576 -9.964120000600815 0.5999999999999943
    endloop
  endfacet
  facet normal 0 0 -1
    outer loop
      vertex -12.574086666107178 -9.73432444781065 0.5999999999999943
      vertex -12.539462961256504 -9.77891457080841 0.5999999999999943
      vertex -12.88321851938963 -10.017505675554276 0.5999999999999943
    endloop
  endfacet
  facet normal 0 0 -1
    outer loop
      vertex -12.539462961256504 -9.77891457080841 0.5999999999999943
      vertex -12.502294071018696 -9.823873087763786 0.5999999999999943
      vertex -12.838156297802925 -10.069751605391502 0.5999999999999943
    endloop
  endfacet
  facet normal 0 0 -1
    outer loop
      vertex -12.838156297802925 -10.069751605391502 0.5999999999999943
      vertex -12.502294071018696 -9.823873087763786 0.5999999999999943
      vertex -12.792593330144882 -10.120857775211334 0.5999999999999943
    endloop
  endfacet
  facet normal 0 0 -1
    outer loop
      vertex -12.792593330144882 -10.120857775211334 0.5999999999999943
      vertex -12.502294071018696 -9.823873087763786 0.5999999999999943
      vertex -12.462580002844334 -9.869199998676777 0.5999999999999943
    endloop
  endfacet
  facet normal 0 0 -1
    outer loop
      vertex -12.462580002844334 -9.869199998676777 0.5999999999999943
      vertex -12.420019015669823 -9.91533037275076 0.5999999999999943
      vertex -12.746529631316662 -10.170824199914932 0.5999999999999943
    endloop
  endfacet
  facet normal 0 0 -1
    outer loop
      vertex -12.792593330144882 -10.120857775211334 0.5999999999999943
      vertex -12.462580002844334 -9.869199998676777 0.5999999999999943
      vertex -12.746529631316662 -10.170824199914932 0.5999999999999943
    endloop
  endfacet
  facet normal 0 0 -1
    outer loop
      vertex -12.420019015669823 -9.91533037275076 0.5999999999999943
      vertex -12.699965186417103 -10.219650864601135 0.5999999999999943
      vertex -12.746529631316662 -10.170824199914932 0.5999999999999943
    endloop
  endfacet
  facet normal 0 0 -1
    outer loop
      vertex -12.699965186417103 -10.219650864601135 0.5999999999999943
      vertex -12.37430938333273 -9.962699256837368 0.5999999999999943
      vertex -12.652900002896786 -10.267337776720524 0.5999999999999943
    endloop
  endfacet
  facet normal 0 0 -1
    outer loop
      vertex -12.420019015669823 -9.91533037275076 0.5999999999999943
      vertex -12.37430938333273 -9.962699256837368 0.5999999999999943
      vertex -12.699965186417103 -10.219650864601135 0.5999999999999943
    endloop
  endfacet
  facet normal 0 0 -1
    outer loop
      vertex -12.652900002896786 -10.267337776720524 0.5999999999999943
      vertex -12.37430938333273 -9.962699256837368 0.5999999999999943
      vertex -12.325451113283634 -10.011306665837765 0.5999999999999943
    endloop
  endfacet
  facet normal 0 0 -1
    outer loop
      vertex -12.60533407330513 -10.313884936273098 0.5999999999999943
      vertex -12.325451113283634 -10.011306665837765 0.5999999999999943
      vertex -12.273444198071957 -10.061152592301369 0.5999999999999943
    endloop
  endfacet
  facet normal 0 0 -1
    outer loop
      vertex -12.652900002896786 -10.267337776720524 0.5999999999999943
      vertex -12.325451113283634 -10.011306665837765 0.5999999999999943
      vertex -12.60533407330513 -10.313884936273098 0.5999999999999943
    endloop
  endfacet
  facet normal 0 0 -1
    outer loop
      vertex -12.60533407330513 -10.313884936273098 0.5999999999999943
      vertex -12.273444198071957 -10.061152592301369 0.5999999999999943
      vertex -12.557267405092716 -10.359292343258858 0.5999999999999943
    endloop
  endfacet
  facet normal 0 0 -1
    outer loop
      vertex -12.557267405092716 -10.359292343258858 0.5999999999999943
      vertex -12.273444198071957 -10.061152592301369 0.5999999999999943
      vertex -12.508699998259544 -10.403559997677803 0.5999999999999943
    endloop
  endfacet
  facet normal 0 0 -1
    outer loop
      vertex -12.508699998259544 -10.403559997677803 0.5999999999999943
      vertex -12.218288645148277 -10.11223703622818 0.5999999999999943
      vertex -12.459923706948757 -10.446914568543434 0.5999999999999943
    endloop
  endfacet
  facet normal 0 0 -1
    outer loop
      vertex -12.508699998259544 -10.403559997677803 0.5999999999999943
      vertex -12.273444198071957 -10.061152592301369 0.5999999999999943
      vertex -12.218288645148277 -10.11223703622818 0.5999999999999943
    endloop
  endfacet
  facet normal 0 0 -1
    outer loop
      vertex -12.459923706948757 -10.446914568543434 0.5999999999999943
      vertex -12.218288645148277 -10.11223703622818 0.5999999999999943
      vertex -12.159984447062016 -10.164559997618198 0.5999999999999943
    endloop
  endfacet
  facet normal 0 0 -1
    outer loop
      vertex -12.459923706948757 -10.446914568543434 0.5999999999999943
      vertex -12.159984447062016 -10.164559997618198 0.5999999999999943
      vertex -12.41124814748764 -10.489564940333366 0.5999999999999943
    endloop
  endfacet
  facet normal 0 0 -1
    outer loop
      vertex -12.41124814748764 -10.489564940333366 0.5999999999999943
      vertex -12.159984447062016 -10.164559997618198 0.5999999999999943
      vertex -12.098531603813171 -10.218121483922005 0.5999999999999943
    endloop
  endfacet
  facet normal 0 0 -1
    outer loop
      vertex -12.41124814748764 -10.489564940333366 0.5999999999999943
      vertex -12.098531603813171 -10.218121483922005 0.5999999999999943
      vertex -12.362673334777355 -10.5315111130476 0.5999999999999943
    endloop
  endfacet
  facet normal 0 0 -1
    outer loop
      vertex -12.098531603813171 -10.218121483922005 0.5999999999999943
      vertex -12.314199261367321 -10.572753086686134 0.5999999999999943
      vertex -12.362673334777355 -10.5315111130476 0.5999999999999943
    endloop
  endfacet
  facet normal 0 0 -1
    outer loop
      vertex -12.033930122852325 -10.272921480238438 0.5999999999999943
      vertex -12.265825927257538 -10.61329086124897 0.5999999999999943
      vertex -12.314199261367321 -10.572753086686134 0.5999999999999943
    endloop
  endfacet
  facet normal 0 0 -1
    outer loop
      vertex -12.098531603813171 -10.218121483922005 0.5999999999999943
      vertex -12.033930122852325 -10.272921480238438 0.5999999999999943
      vertex -12.314199261367321 -10.572753086686134 0.5999999999999943
    endloop
  endfacet
  facet normal 0 0 -1
    outer loop
      vertex -12.033930122852325 -10.272921480238438 0.5999999999999943
      vertex -11.966179996728897 -10.328960001468658 0.5999999999999943
      vertex -12.265825927257538 -10.61329086124897 0.5999999999999943
    endloop
  endfacet
  facet normal 0.885961824068495 0.4637581765243878 0
    outer loop
      vertex -13.200970120728016 -9.541364938020706 0.5999999999999943
      vertex -13.166464447975159 -9.60728444159031 0.5999999999999943
      vertex -13.166464447975159 -9.60728444159031 0
    endloop
  endfacet
  facet normal 0.8717543507089069 0.4899432130564644 0
    outer loop
      vertex -13.166464447975159 -9.60728444159031 0.5999999999999943
      vertex -13.13045160472393 -9.671361975371838 0.5999999999999943
      vertex -13.13045160472393 -9.671361975371838 0
    endloop
  endfacet
  facet normal 0.8564063618465543 0.5163023759278556 0
    outer loop
      vertex -13.13045160472393 -9.671361975371838 0.5999999999999943
      vertex -13.092931605875492 -9.733597531914711 0.5999999999999943
      vertex -13.092931605875492 -9.733597531914711 0
    endloop
  endfacet
  facet normal 0.8398937299351507 0.5427508843066221 0
    outer loop
      vertex -13.092931605875492 -9.733597531914711 0.5999999999999943
      vertex -13.053904443979263 -9.79399111121893 0.5999999999999943
      vertex -13.053904443979263 -9.79399111121893 0
    endloop
  endfacet
  facet normal 0.8222014381670825 0.5691966225092884 0
    outer loop
      vertex -13.053904443979263 -9.79399111121893 0.5999999999999943
      vertex -13.013370126485825 -9.852542713284492 0.5999999999999943
      vertex -13.013370126485825 -9.852542713284492 0
    endloop
  endfacet
  facet normal 0.8033243773265022 0.5955417238052992 0
    outer loop
      vertex -13.013370126485825 -9.852542713284492 0.5999999999999943
      vertex -12.971328638494015 -9.909252345561981 0.5999999999999943
      vertex -12.971328638494015 -9.909252345561981 0
    endloop
  endfacet
  facet normal 0.7832688955288445 0.6216830682084112 0
    outer loop
      vertex -12.971328638494015 -9.909252345561981 0.5999999999999943
      vertex -12.927780002355576 -9.964120000600815 0.5999999999999943
      vertex -12.927780002355576 -9.964120000600815 0
    endloop
  endfacet
  facet normal 0.7677017767954003 0.6408072892104031 0
    outer loop
      vertex -12.927780002355576 -9.964120000600815 0.5999999999999943
      vertex -12.88321851938963 -10.017505675554276 0.5999999999999943
      vertex -12.88321851938963 -10.017505675554276 0
    endloop
  endfacet
  facet normal 0.757247751767839 0.6531277382277936 0
    outer loop
      vertex -12.88321851938963 -10.017505675554276 0.5999999999999943
      vertex -12.838156297802925 -10.069751605391502 0.5999999999999943
      vertex -12.838156297802925 -10.069751605391502 0
    endloop
  endfacet
  facet normal 0.7464275425895027 0.6654666961342215 0
    outer loop
      vertex -12.838156297802925 -10.069751605391502 0.5999999999999943
      vertex -12.792593330144882 -10.120857775211334 0.5999999999999943
      vertex -12.792593330144882 -10.120857775211334 0
    endloop
  endfacet
  facet normal 0.7352371237413918 0.6778099821280927 0
    outer loop
      vertex -12.792593330144882 -10.120857775211334 0.5999999999999943
      vertex -12.746529631316662 -10.170824199914932 0.5999999999999943
      vertex -12.746529631316662 -10.170824199914932 0
    endloop
  endfacet
  facet normal -0.8900232383043866 -0.4559151623692429 0
    outer loop
      vertex -12.709027409553528 -9.51689974963665 0.5999999999999943
      vertex -12.709027409553528 -9.51689974963665 0
      vertex -12.687129631638527 -9.559647902846336 0.5999999999999943
    endloop
  endfacet
  facet normal -0.8699334008963964 -0.49316921842794453 0
    outer loop
      vertex -12.687129631638527 -9.559647902846336 0.5999999999999943
      vertex -12.687129631638527 -9.559647902846336 0
      vertex -12.662686668336391 -9.602764442563057 0.5999999999999943
    endloop
  endfacet
  facet normal -0.8496620914720123 -0.5273275360868289 0
    outer loop
      vertex -12.662686668336391 -9.602764442563057 0.5999999999999943
      vertex -12.662686668336391 -9.602764442563057 0
      vertex -12.635698519647121 -9.646249383687973 0.5999999999999943
    endloop
  endfacet
  facet normal -0.8294417000312078 -0.558593292341879 0
    outer loop
      vertex -12.635698519647121 -9.646249383687973 0.5999999999999943
      vertex -12.635698519647121 -9.646249383687973 0
      vertex -12.606165185570717 -9.690102718770504 0.5999999999999943
    endloop
  endfacet
  facet normal -0.809455877395615 -0.5871807068949857 0
    outer loop
      vertex -12.606165185570717 -9.690102718770504 0.5999999999999943
      vertex -12.606165185570717 -9.690102718770504 0
      vertex -12.574086666107178 -9.73432444781065 0.5999999999999943
    endloop
  endfacet
  facet normal -0.7898455712859895 -0.6133057748952871 0
    outer loop
      vertex -12.574086666107178 -9.73432444781065 0.5999999999999943
      vertex -12.574086666107178 -9.73432444781065 0
      vertex -12.539462961256504 -9.77891457080841 0.5999999999999943
    endloop
  endfacet
  facet normal -0.7707155229660796 -0.6371793959781832 0
    outer loop
      vertex -12.539462961256504 -9.77891457080841 0.5999999999999943
      vertex -12.539462961256504 -9.77891457080841 0
      vertex -12.502294071018696 -9.823873087763786 0.5999999999999943
    endloop
  endfacet
  facet normal -0.7521405147804365 -0.659002766326379 0
    outer loop
      vertex -12.502294071018696 -9.823873087763786 0.5999999999999943
      vertex -12.502294071018696 -9.823873087763786 0
      vertex -12.462580002844334 -9.869199998676777 0.5999999999999943
    endloop
  endfacet
  facet normal -0.7349693575845972 -0.6781003195779254 0
    outer loop
      vertex -12.462580002844334 -9.869199998676777 0.5999999999999943
      vertex -12.462580002844334 -9.869199998676777 0
      vertex -12.420019015669823 -9.91533037275076 0.5999999999999943
    endloop
  endfacet
  facet normal -0.7195975982971933 -0.6943913136876867 0
    outer loop
      vertex -12.420019015669823 -9.91533037275076 0.5999999999999943
      vertex -12.420019015669823 -9.91533037275076 0
      vertex -12.37430938333273 -9.962699256837368 0.5999999999999943
    endloop
  endfacet
  facet normal -0.7052844654472095 -0.7089244126131108 0
    outer loop
      vertex -12.37430938333273 -9.962699256837368 0.5999999999999943
      vertex -12.37430938333273 -9.962699256837368 0
      vertex -12.325451113283634 -10.011306665837765 0.5999999999999943
    endloop
  endfacet
  facet normal 0.7236724918870439 0.6901435535350572 0
    outer loop
      vertex -12.746529631316662 -10.170824199914932 0.5999999999999943
      vertex -12.699965186417103 -10.219650864601135 0.5999999999999943
      vertex -12.699965186417103 -10.219650864601135 0
    endloop
  endfacet
  facet normal 0.7117312356381663 0.7024518832040876 0
    outer loop
      vertex -12.699965186417103 -10.219650864601135 0.5999999999999943
      vertex -12.652900002896786 -10.267337776720524 0.5999999999999943
      vertex -12.652900002896786 -10.267337776720524 0
    endloop
  endfacet
  facet normal 0.6994114042690742 0.7147193068459544 0
    outer loop
      vertex -12.652900002896786 -10.267337776720524 0.5999999999999943
      vertex -12.60533407330513 -10.313884936273098 0.5999999999999943
      vertex -12.60533407330513 -10.313884936273098 0
    endloop
  endfacet
  facet normal 0.686712328588999 0.7269292797541413 0
    outer loop
      vertex -12.60533407330513 -10.313884936273098 0.5999999999999943
      vertex -12.557267405092716 -10.359292343258858 0.5999999999999943
      vertex -12.557267405092716 -10.359292343258858 0
    endloop
  endfacet
  facet normal 0.6736342504028177 0.7390648798882504 0
    outer loop
      vertex -12.557267405092716 -10.359292343258858 0.5999999999999943
      vertex -12.508699998259544 -10.403559997677803 0.5999999999999943
      vertex -12.508699998259544 -10.403559997677803 0
    endloop
  endfacet
  facet normal 0.6643455841442993 0.7474255446718219 0
    outer loop
      vertex -12.508699998259544 -10.403559997677803 0.5999999999999943
      vertex -12.459923706948757 -10.446914568543434 0.5999999999999943
      vertex -12.459923706948757 -10.446914568543434 0
    endloop
  endfacet
  facet normal 0.6590230376417321 0.7521227531842554 0
    outer loop
      vertex -12.459923706948757 -10.446914568543434 0.5999999999999943
      vertex -12.41124814748764 -10.489564940333366 0.5999999999999943
      vertex -12.41124814748764 -10.489564940333366 0
    endloop
  endfacet
  facet normal -0.6919485329272891 -0.7219468316848358 0
    outer loop
      vertex -12.325451113283634 -10.011306665837765 0.5999999999999943
      vertex -12.325451113283634 -10.011306665837765 0
      vertex -12.273444198071957 -10.061152592301369 0.5999999999999943
    endloop
  endfacet
  facet normal -0.6795117802024099 -0.7336645967784949 0
    outer loop
      vertex -12.273444198071957 -10.061152592301369 0.5999999999999943
      vertex -12.273444198071957 -10.061152592301369 0
      vertex -12.218288645148277 -10.11223703622818 0.5999999999999943
    endloop
  endfacet
  facet normal -0.6679004161766118 -0.7442506527179595 0
    outer loop
      vertex -12.218288645148277 -10.11223703622818 0.5999999999999943
      vertex -12.218288645148277 -10.11223703622818 0
      vertex -12.159984447062016 -10.164559997618198 0.5999999999999943
    endloop
  endfacet
  facet normal -0.6570460701657656 -0.753850423943453 0
    outer loop
      vertex -12.159984447062016 -10.164559997618198 0.5999999999999943
      vertex -12.159984447062016 -10.164559997618198 0
      vertex -12.098531603813171 -10.218121483922005 0.5999999999999943
    endloop
  endfacet
  facet normal -0.6468856016073661 -0.7625870562978866 0
    outer loop
      vertex -12.098531603813171 -10.218121483922005 0.5999999999999943
      vertex -12.098531603813171 -10.218121483922005 0
      vertex -12.033930122852325 -10.272921480238438 0.5999999999999943
    endloop
  endfacet
  facet normal -0.637361477488137 -0.7705649531442103 0
    outer loop
      vertex -12.033930122852325 -10.272921480238438 0.5999999999999943
      vertex -12.033930122852325 -10.272921480238438 0
      vertex -11.966179996728897 -10.328960001468658 0.5999999999999943
    endloop
  endfacet
  facet normal 0 0 -1
    outer loop
      vertex -11.966179996728897 -10.328960001468658 0.5999999999999943
      vertex -12.217553332448006 -10.653124444186687 0.5999999999999943
      vertex -12.265825927257538 -10.61329086124897 0.5999999999999943
    endloop
  endfacet
  facet normal 0 0 -1
    outer loop
      vertex -11.966179996728897 -10.328960001468658 0.5999999999999943
      vertex -12.169381484389305 -10.692253828048706 0.5999999999999943
      vertex -12.217553332448006 -10.653124444186687 0.5999999999999943
    endloop
  endfacet
  facet normal 0 0 -1
    outer loop
      vertex -11.844718761742115 -10.428450867533684 0.5999999999999943
      vertex -12.121310368180275 -10.730679012835026 0.5999999999999943
      vertex -12.169381484389305 -10.692253828048706 0.5999999999999943
    endloop
  endfacet
  facet normal 0 0 -1
    outer loop
      vertex -11.844718761742115 -10.428450867533684 0.5999999999999943
      vertex -12.073339998722076 -10.768399998545647 0.5999999999999943
      vertex -12.121310368180275 -10.730679012835026 0.5999999999999943
    endloop
  endfacet
  facet normal 0.6535770138422008 0.756860018085981 0
    outer loop
      vertex -12.41124814748764 -10.489564940333366 0.5999999999999943
      vertex -12.362673334777355 -10.5315111130476 0.5999999999999943
      vertex -12.362673334777355 -10.5315111130476 0
    endloop
  endfacet
  facet normal 0.6480042010485138 0.7616367608141545 0
    outer loop
      vertex -12.362673334777355 -10.5315111130476 0.5999999999999943
      vertex -12.314199261367321 -10.572753086686134 0.5999999999999943
      vertex -12.314199261367321 -10.572753086686134 0
    endloop
  endfacet
  facet normal 0.6423014558715082 0.7664521118669717 0
    outer loop
      vertex -12.314199261367321 -10.572753086686134 0.5999999999999943
      vertex -12.265825927257538 -10.61329086124897 0.5999999999999943
      vertex -12.265825927257538 -10.61329086124897 0
    endloop
  endfacet
  facet normal 0.6364655902171531 0.7713050968777082 0
    outer loop
      vertex -12.265825927257538 -10.61329086124897 0.5999999999999943
      vertex -12.217553332448006 -10.653124444186687 0.5999999999999943
      vertex -12.217553332448006 -10.653124444186687 0
    endloop
  endfacet
  facet normal 0.6304932071265997 0.7761947666450828 0
    outer loop
      vertex -12.217553332448006 -10.653124444186687 0.5999999999999943
      vertex -12.169381484389305 -10.692253828048706 0.5999999999999943
      vertex -12.169381484389305 -10.692253828048706 0
    endloop
  endfacet
  facet normal 0.6243808296257961 0.7811200801386448 0
    outer loop
      vertex -12.169381484389305 -10.692253828048706 0.5999999999999943
      vertex -12.121310368180275 -10.730679012835026 0.5999999999999943
      vertex -12.121310368180275 -10.730679012835026 0
    endloop
  endfacet
  facet normal 0.618125271272703 0.7860796073007156 0
    outer loop
      vertex -12.121310368180275 -10.730679012835026 0.5999999999999943
      vertex -12.073339998722076 -10.768399998545647 0.5999999999999943
      vertex -12.073339998722076 -10.768399998545647 0
    endloop
  endfacet
  facet normal 0.619103832046405 0.7853091398586017 0
    outer loop
      vertex -12.073339998722076 -10.768399998545647 0.5999999999999943
      vertex -12.025939010083675 -10.805768892168999 0.5999999999999943
      vertex -12.025939010083675 -10.805768892168999 0
    endloop
  endfacet
  facet normal 0.885961824068495 0.4637581765243878 0
    outer loop
      vertex -13.200970120728016 -9.541364938020706 0.5999999999999943
      vertex -13.166464447975159 -9.60728444159031 0
      vertex -13.200970120728016 -9.541364938020706 0
    endloop
  endfacet
  facet normal 0.8717543507089069 0.4899432130564644 0
    outer loop
      vertex -13.166464447975159 -9.60728444159031 0.5999999999999943
      vertex -13.13045160472393 -9.671361975371838 0
      vertex -13.166464447975159 -9.60728444159031 0
    endloop
  endfacet
  facet normal 0.8564063618465543 0.5163023759278556 0
    outer loop
      vertex -13.13045160472393 -9.671361975371838 0.5999999999999943
      vertex -13.092931605875492 -9.733597531914711 0
      vertex -13.13045160472393 -9.671361975371838 0
    endloop
  endfacet
  facet normal 0.8398937299351507 0.5427508843066221 0
    outer loop
      vertex -13.092931605875492 -9.733597531914711 0.5999999999999943
      vertex -13.053904443979263 -9.79399111121893 0
      vertex -13.092931605875492 -9.733597531914711 0
    endloop
  endfacet
  facet normal 0.8222014381670825 0.5691966225092884 0
    outer loop
      vertex -13.053904443979263 -9.79399111121893 0.5999999999999943
      vertex -13.013370126485825 -9.852542713284492 0
      vertex -13.053904443979263 -9.79399111121893 0
    endloop
  endfacet
  facet normal 0.8033243773265022 0.5955417238052992 0
    outer loop
      vertex -13.013370126485825 -9.852542713284492 0.5999999999999943
      vertex -12.971328638494015 -9.909252345561981 0
      vertex -13.013370126485825 -9.852542713284492 0
    endloop
  endfacet
  facet normal 0.7832688955288445 0.6216830682084112 0
    outer loop
      vertex -12.971328638494015 -9.909252345561981 0.5999999999999943
      vertex -12.927780002355576 -9.964120000600815 0
      vertex -12.971328638494015 -9.909252345561981 0
    endloop
  endfacet
  facet normal 0.7677017767954003 0.6408072892104031 0
    outer loop
      vertex -12.927780002355576 -9.964120000600815 0.5999999999999943
      vertex -12.88321851938963 -10.017505675554276 0
      vertex -12.927780002355576 -9.964120000600815 0
    endloop
  endfacet
  facet normal 0.757247751767839 0.6531277382277936 0
    outer loop
      vertex -12.88321851938963 -10.017505675554276 0.5999999999999943
      vertex -12.838156297802925 -10.069751605391502 0
      vertex -12.88321851938963 -10.017505675554276 0
    endloop
  endfacet
  facet normal 0.7464275425895027 0.6654666961342215 0
    outer loop
      vertex -12.838156297802925 -10.069751605391502 0.5999999999999943
      vertex -12.792593330144882 -10.120857775211334 0
      vertex -12.838156297802925 -10.069751605391502 0
    endloop
  endfacet
  facet normal 0.7352371237413918 0.6778099821280927 0
    outer loop
      vertex -12.792593330144882 -10.120857775211334 0.5999999999999943
      vertex -12.746529631316662 -10.170824199914932 0
      vertex -12.792593330144882 -10.120857775211334 0
    endloop
  endfacet
  facet normal -0.8900232383043866 -0.4559151623692429 0
    outer loop
      vertex -12.687129631638527 -9.559647902846336 0.5999999999999943
      vertex -12.709027409553528 -9.51689974963665 0
      vertex -12.687129631638527 -9.559647902846336 0
    endloop
  endfacet
  facet normal -0.8699334008963964 -0.49316921842794453 0
    outer loop
      vertex -12.662686668336391 -9.602764442563057 0.5999999999999943
      vertex -12.687129631638527 -9.559647902846336 0
      vertex -12.662686668336391 -9.602764442563057 0
    endloop
  endfacet
  facet normal -0.8496620914720123 -0.5273275360868289 0
    outer loop
      vertex -12.635698519647121 -9.646249383687973 0.5999999999999943
      vertex -12.662686668336391 -9.602764442563057 0
      vertex -12.635698519647121 -9.646249383687973 0
    endloop
  endfacet
  facet normal -0.8294417000312078 -0.558593292341879 0
    outer loop
      vertex -12.606165185570717 -9.690102718770504 0.5999999999999943
      vertex -12.635698519647121 -9.646249383687973 0
      vertex -12.606165185570717 -9.690102718770504 0
    endloop
  endfacet
  facet normal -0.809455877395615 -0.5871807068949857 0
    outer loop
      vertex -12.574086666107178 -9.73432444781065 0.5999999999999943
      vertex -12.606165185570717 -9.690102718770504 0
      vertex -12.574086666107178 -9.73432444781065 0
    endloop
  endfacet
  facet normal -0.7898455712859895 -0.6133057748952871 0
    outer loop
      vertex -12.539462961256504 -9.77891457080841 0.5999999999999943
      vertex -12.574086666107178 -9.73432444781065 0
      vertex -12.539462961256504 -9.77891457080841 0
    endloop
  endfacet
  facet normal -0.7707155229660796 -0.6371793959781832 0
    outer loop
      vertex -12.502294071018696 -9.823873087763786 0.5999999999999943
      vertex -12.539462961256504 -9.77891457080841 0
      vertex -12.502294071018696 -9.823873087763786 0
    endloop
  endfacet
  facet normal -0.7521405147804365 -0.659002766326379 0
    outer loop
      vertex -12.462580002844334 -9.869199998676777 0.5999999999999943
      vertex -12.502294071018696 -9.823873087763786 0
      vertex -12.462580002844334 -9.869199998676777 0
    endloop
  endfacet
  facet normal -0.7349693575845972 -0.6781003195779254 0
    outer loop
      vertex -12.420019015669823 -9.91533037275076 0.5999999999999943
      vertex -12.462580002844334 -9.869199998676777 0
      vertex -12.420019015669823 -9.91533037275076 0
    endloop
  endfacet
  facet normal -0.7195975982971933 -0.6943913136876867 0
    outer loop
      vertex -12.37430938333273 -9.962699256837368 0.5999999999999943
      vertex -12.420019015669823 -9.91533037275076 0
      vertex -12.37430938333273 -9.962699256837368 0
    endloop
  endfacet
  facet normal -0.7052844654472095 -0.7089244126131108 0
    outer loop
      vertex -12.325451113283634 -10.011306665837765 0.5999999999999943
      vertex -12.37430938333273 -9.962699256837368 0
      vertex -12.325451113283634 -10.011306665837765 0
    endloop
  endfacet
  facet normal 0.7236724918870439 0.6901435535350572 0
    outer loop
      vertex -12.746529631316662 -10.170824199914932 0.5999999999999943
      vertex -12.699965186417103 -10.219650864601135 0
      vertex -12.746529631316662 -10.170824199914932 0
    endloop
  endfacet
  facet normal 0.7117312356381663 0.7024518832040876 0
    outer loop
      vertex -12.699965186417103 -10.219650864601135 0.5999999999999943
      vertex -12.652900002896786 -10.267337776720524 0
      vertex -12.699965186417103 -10.219650864601135 0
    endloop
  endfacet
  facet normal 0.6994114042690742 0.7147193068459544 0
    outer loop
      vertex -12.652900002896786 -10.267337776720524 0.5999999999999943
      vertex -12.60533407330513 -10.313884936273098 0
      vertex -12.652900002896786 -10.267337776720524 0
    endloop
  endfacet
  facet normal 0.686712328588999 0.7269292797541413 0
    outer loop
      vertex -12.60533407330513 -10.313884936273098 0.5999999999999943
      vertex -12.557267405092716 -10.359292343258858 0
      vertex -12.60533407330513 -10.313884936273098 0
    endloop
  endfacet
  facet normal 0.6736342504028177 0.7390648798882504 0
    outer loop
      vertex -12.557267405092716 -10.359292343258858 0.5999999999999943
      vertex -12.508699998259544 -10.403559997677803 0
      vertex -12.557267405092716 -10.359292343258858 0
    endloop
  endfacet
  facet normal 0.6643455841442993 0.7474255446718219 0
    outer loop
      vertex -12.508699998259544 -10.403559997677803 0.5999999999999943
      vertex -12.459923706948757 -10.446914568543434 0
      vertex -12.508699998259544 -10.403559997677803 0
    endloop
  endfacet
  facet normal 0.6590230376417321 0.7521227531842554 0
    outer loop
      vertex -12.459923706948757 -10.446914568543434 0.5999999999999943
      vertex -12.41124814748764 -10.489564940333366 0
      vertex -12.459923706948757 -10.446914568543434 0
    endloop
  endfacet
  facet normal 0.6535770138422008 0.756860018085981 0
    outer loop
      vertex -12.41124814748764 -10.489564940333366 0.5999999999999943
      vertex -12.362673334777355 -10.5315111130476 0
      vertex -12.41124814748764 -10.489564940333366 0
    endloop
  endfacet
  facet normal -0.6919485329272891 -0.7219468316848358 0
    outer loop
      vertex -12.273444198071957 -10.061152592301369 0.5999999999999943
      vertex -12.325451113283634 -10.011306665837765 0
      vertex -12.273444198071957 -10.061152592301369 0
    endloop
  endfacet
  facet normal -0.6795117802024099 -0.7336645967784949 0
    outer loop
      vertex -12.218288645148277 -10.11223703622818 0.5999999999999943
      vertex -12.273444198071957 -10.061152592301369 0
      vertex -12.218288645148277 -10.11223703622818 0
    endloop
  endfacet
  facet normal -0.6679004161766118 -0.7442506527179595 0
    outer loop
      vertex -12.159984447062016 -10.164559997618198 0.5999999999999943
      vertex -12.218288645148277 -10.11223703622818 0
      vertex -12.159984447062016 -10.164559997618198 0
    endloop
  endfacet
  facet normal -0.6570460701657656 -0.753850423943453 0
    outer loop
      vertex -12.098531603813171 -10.218121483922005 0.5999999999999943
      vertex -12.159984447062016 -10.164559997618198 0
      vertex -12.098531603813171 -10.218121483922005 0
    endloop
  endfacet
  facet normal -0.6468856016073661 -0.7625870562978866 0
    outer loop
      vertex -12.033930122852325 -10.272921480238438 0.5999999999999943
      vertex -12.098531603813171 -10.218121483922005 0
      vertex -12.033930122852325 -10.272921480238438 0
    endloop
  endfacet
  facet normal 0.6480042010485138 0.7616367608141545 0
    outer loop
      vertex -12.362673334777355 -10.5315111130476 0.5999999999999943
      vertex -12.314199261367321 -10.572753086686134 0
      vertex -12.362673334777355 -10.5315111130476 0
    endloop
  endfacet
  facet normal 0.6423014558715082 0.7664521118669717 0
    outer loop
      vertex -12.314199261367321 -10.572753086686134 0.5999999999999943
      vertex -12.265825927257538 -10.61329086124897 0
      vertex -12.314199261367321 -10.572753086686134 0
    endloop
  endfacet
  facet normal 0.6364655902171531 0.7713050968777082 0
    outer loop
      vertex -12.265825927257538 -10.61329086124897 0.5999999999999943
      vertex -12.217553332448006 -10.653124444186687 0
      vertex -12.265825927257538 -10.61329086124897 0
    endloop
  endfacet
  facet normal 0.6304932071265997 0.7761947666450828 0
    outer loop
      vertex -12.217553332448006 -10.653124444186687 0.5999999999999943
      vertex -12.169381484389305 -10.692253828048706 0
      vertex -12.217553332448006 -10.653124444186687 0
    endloop
  endfacet
  facet normal 0.6243808296257961 0.7811200801386448 0
    outer loop
      vertex -12.169381484389305 -10.692253828048706 0.5999999999999943
      vertex -12.121310368180275 -10.730679012835026 0
      vertex -12.169381484389305 -10.692253828048706 0
    endloop
  endfacet
  facet normal 0.618125271272703 0.7860796073007156 0
    outer loop
      vertex -12.121310368180275 -10.730679012835026 0.5999999999999943
      vertex -12.073339998722076 -10.768399998545647 0
      vertex -12.121310368180275 -10.730679012835026 0
    endloop
  endfacet
  facet normal 0.619103832046405 0.7853091398586017 0
    outer loop
      vertex -12.073339998722076 -10.768399998545647 0.5999999999999943
      vertex -12.025939010083675 -10.805768892168999 0
      vertex -12.073339998722076 -10.768399998545647 0
    endloop
  endfacet
  facet normal 0.6275428471292864 0.7785820284445751 0
    outer loop
      vertex -12.025939010083675 -10.805768892168999 0.5999999999999943
      vertex -11.979576051235199 -10.84313777834177 0
      vertex -12.025939010083675 -10.805768892168999 0
    endloop
  endfacet
  facet normal 0 0 -1
    outer loop
      vertex -13.243780001997948 -11.937480002641678 0.5999999999999943
      vertex -12.744659997522831 -11.891359999775887 0.5999999999999943
      vertex -13.22826049476862 -12.037036046385765 0.5999999999999943
    endloop
  endfacet
  facet normal 0 0 -1
    outer loop
      vertex -12.744659997522831 -11.891359999775887 0.5999999999999943
      vertex -12.734769135713577 -11.957784198224545 0.5999999999999943
      vertex -13.22826049476862 -12.037036046385765 0.5999999999999943
    endloop
  endfacet
  facet normal 0 0 -1
    outer loop
      vertex -12.734769135713577 -11.957784198224545 0.5999999999999943
      vertex -13.205808639526367 -12.13197086751461 0.5999999999999943
      vertex -13.22826049476862 -12.037036046385765 0.5999999999999943
    endloop
  endfacet
  facet normal 0 0 -1
    outer loop
      vertex -13.205808639526367 -12.13197086751461 0.5999999999999943
      vertex -12.720758765935898 -12.020825676620007 0.5999999999999943
      vertex -13.176424443721771 -12.222284443676472 0.5999999999999943
    endloop
  endfacet
  facet normal 0 0 -1
    outer loop
      vertex -13.176424443721771 -12.222284443676472 0.5999999999999943
      vertex -12.702628888189793 -12.080484442412853 0.5999999999999943
      vertex -13.140107899904251 -12.30797678977251 0.5999999999999943
    endloop
  endfacet
  facet normal 0 0 -1
    outer loop
      vertex -12.734769135713577 -11.957784198224545 0.5999999999999943
      vertex -12.720758765935898 -12.020825676620007 0.5999999999999943
      vertex -13.205808639526367 -12.13197086751461 0.5999999999999943
    endloop
  endfacet
  facet normal 0 0 -1
    outer loop
      vertex -13.176424443721771 -12.222284443676472 0.5999999999999943
      vertex -12.720758765935898 -12.020825676620007 0.5999999999999943
      vertex -12.702628888189793 -12.080484442412853 0.5999999999999943
    endloop
  endfacet
  facet normal 0 0 -1
    outer loop
      vertex -13.140107899904251 -12.30797678977251 0.5999999999999943
      vertex -12.702628888189793 -12.080484442412853 0.5999999999999943
      vertex -12.680379502475262 -12.136760495603085 0.5999999999999943
    endloop
  endfacet
  facet normal 0 0 -1
    outer loop
      vertex -13.140107899904251 -12.30797678977251 0.5999999999999943
      vertex -12.680379502475262 -12.136760495603085 0.5999999999999943
      vertex -13.096859015524387 -12.389047898352146 0.5999999999999943
    endloop
  endfacet
  facet normal 0 0 -1
    outer loop
      vertex -13.096859015524387 -12.389047898352146 0.5999999999999943
      vertex -12.654010616242886 -12.18965382874012 0.5999999999999943
      vertex -13.046677775681019 -12.46549777686596 0.5999999999999943
    endloop
  endfacet
  facet normal 0 0 -1
    outer loop
      vertex -13.096859015524387 -12.389047898352146 0.5999999999999943
      vertex -12.680379502475262 -12.136760495603085 0.5999999999999943
      vertex -12.654010616242886 -12.18965382874012 0.5999999999999943
    endloop
  endfacet
  facet normal 0 0 -1
    outer loop
      vertex -13.046677775681019 -12.46549777686596 0.5999999999999943
      vertex -12.654010616242886 -12.18965382874012 0.5999999999999943
      vertex -12.623522222042084 -12.23916444182396 0.5999999999999943
    endloop
  endfacet
  facet normal 0 0 -1
    outer loop
      vertex -13.046677775681019 -12.46549777686596 0.5999999999999943
      vertex -12.623522222042084 -12.23916444182396 0.5999999999999943
      vertex -12.989564195275307 -12.537326417863369 0.5999999999999943
    endloop
  endfacet
  facet normal 0 0 -1
    outer loop
      vertex -12.989564195275307 -12.537326417863369 0.5999999999999943
      vertex -12.588914319872856 -12.285292342305183 0.5999999999999943
      vertex -12.925518274307251 -12.604533828794956 0.5999999999999943
    endloop
  endfacet
  facet normal 0 0 -1
    outer loop
      vertex -12.989564195275307 -12.537326417863369 0.5999999999999943
      vertex -12.623522222042084 -12.23916444182396 0.5999999999999943
      vertex -12.588914319872856 -12.285292342305183 0.5999999999999943
    endloop
  endfacet
  facet normal 0 0 -1
    outer loop
      vertex -12.588914319872856 -12.285292342305183 0.5999999999999943
      vertex -12.550186917185783 -12.328037530183792 0.5999999999999943
      vertex -12.925518274307251 -12.604533828794956 0.5999999999999943
    endloop
  endfacet
  facet normal 0 0 -1
    outer loop
      vertex -12.550186917185783 -12.328037530183792 0.5999999999999943
      vertex -12.507339999079704 -12.367399998009205 0.5999999999999943
      vertex -12.85453999787569 -12.66712000221014 0.5999999999999943
    endloop
  endfacet
  facet normal 0.09201066357365942 -0.9957580217044373 0
    outer loop
      vertex -13.243780001997948 -11.937480002641678 0.5999999999999943
      vertex -13.243780001997948 -11.937480002641678 0
      vertex -12.744659997522831 -11.891359999775887 0.5999999999999943
    endloop
  endfacet
  facet normal 0.9880666565132379 0.15402688819407834 0
    outer loop
      vertex -13.243780001997948 -11.937480002641678 0.5999999999999943
      vertex -13.22826049476862 -12.037036046385765 0.5999999999999943
      vertex -13.22826049476862 -12.037036046385765 0
    endloop
  endfacet
  facet normal 0.9731554260968821 0.23014890105797975 0
    outer loop
      vertex -13.22826049476862 -12.037036046385765 0.5999999999999943
      vertex -13.205808639526367 -12.13197086751461 0.5999999999999943
      vertex -13.205808639526367 -12.13197086751461 0
    endloop
  endfacet
  facet normal 0.9509340986264546 0.30939350359936835 0
    outer loop
      vertex -13.205808639526367 -12.13197086751461 0.5999999999999943
      vertex -13.176424443721771 -12.222284443676472 0.5999999999999943
      vertex -13.176424443721771 -12.222284443676472 0
    endloop
  endfacet
  facet normal 0.9207276814882136 0.3902057617992573 0
    outer loop
      vertex -13.176424443721771 -12.222284443676472 0.5999999999999943
      vertex -13.140107899904251 -12.30797678977251 0.5999999999999943
      vertex -13.140107899904251 -12.30797678977251 0
    endloop
  endfacet
  facet normal 0.8823034097441221 0.47068109496122285 0
    outer loop
      vertex -13.140107899904251 -12.30797678977251 0.5999999999999943
      vertex -13.096859015524387 -12.389047898352146 0.5999999999999943
      vertex -13.096859015524387 -12.389047898352146 0
    endloop
  endfacet
  facet normal 0.8359926951724466 0.5487405704140244 0
    outer loop
      vertex -13.096859015524387 -12.389047898352146 0.5999999999999943
      vertex -13.046677775681019 -12.46549777686596 0.5999999999999943
      vertex -13.046677775681019 -12.46549777686596 0
    endloop
  endfacet
  facet normal -0.9890947421061574 -0.14728065432348583 0
    outer loop
      vertex -12.744659997522831 -11.891359999775887 0.5999999999999943
      vertex -12.744659997522831 -11.891359999775887 0
      vertex -12.734769135713577 -11.957784198224545 0.5999999999999943
    endloop
  endfacet
  facet normal -0.9761832813098835 -0.21694746205261015 0
    outer loop
      vertex -12.734769135713577 -11.957784198224545 0.5999999999999943
      vertex -12.734769135713577 -11.957784198224545 0
      vertex -12.720758765935898 -12.020825676620007 0.5999999999999943
    endloop
  endfacet
  facet normal -0.9567950300952351 -0.290763254874233 0
    outer loop
      vertex -12.720758765935898 -12.020825676620007 0.5999999999999943
      vertex -12.720758765935898 -12.020825676620007 0
      vertex -12.702628888189793 -12.080484442412853 0.5999999999999943
    endloop
  endfacet
  facet normal -0.9299566887098626 -0.3676690864402225 0
    outer loop
      vertex -12.702628888189793 -12.080484442412853 0.5999999999999943
      vertex -12.702628888189793 -12.080484442412853 0
      vertex -12.680379502475262 -12.136760495603085 0.5999999999999943
    endloop
  endfacet
  facet normal -0.8949529873698385 -0.446160453646221 0
    outer loop
      vertex -12.680379502475262 -12.136760495603085 0.5999999999999943
      vertex -12.680379502475262 -12.136760495603085 0
      vertex -12.654010616242886 -12.18965382874012 0.5999999999999943
    endloop
  endfacet
  facet normal -0.8515022564941082 -0.5243509389573379 0
    outer loop
      vertex -12.654010616242886 -12.18965382874012 0.5999999999999943
      vertex -12.654010616242886 -12.18965382874012 0
      vertex -12.623522222042084 -12.23916444182396 0.5999999999999943
    endloop
  endfacet
  facet normal -0.7999002982893822 -0.6001329126089963 0
    outer loop
      vertex -12.623522222042084 -12.23916444182396 0.5999999999999943
      vertex -12.623522222042084 -12.23916444182396 0
      vertex -12.588914319872856 -12.285292342305183 0.5999999999999943
    endloop
  endfacet
  facet normal -0.7410768681263017 -0.6714201929701786 0
    outer loop
      vertex -12.588914319872856 -12.285292342305183 0.5999999999999943
      vertex -12.588914319872856 -12.285292342305183 0
      vertex -12.550186917185783 -12.328037530183792 0.5999999999999943
    endloop
  endfacet
  facet normal -0.6765285962710147 -0.7364163621400398 0
    outer loop
      vertex -12.550186917185783 -12.328037530183792 0.5999999999999943
      vertex -12.550186917185783 -12.328037530183792 0
      vertex -12.507339999079704 -12.367399998009205 0.5999999999999943
    endloop
  endfacet
  facet normal -0.609706294486623 -0.7926274247484699 0
    outer loop
      vertex -12.507339999079704 -12.367399998009205 0.5999999999999943
      vertex -12.507339999079704 -12.367399998009205 0
      vertex -12.46107678860426 -12.40298666805029 0.5999999999999943
    endloop
  endfacet
  facet normal -0.5397262274712098 -0.8418406021211475 0
    outer loop
      vertex -12.46107678860426 -12.40298666805029 0.5999999999999943
      vertex -12.46107678860426 -12.40298666805029 0
      vertex -12.412100493907928 -12.434386663138866 0.5999999999999943
    endloop
  endfacet
  facet normal -0.4658589650932556 -0.8848589857385418 0
    outer loop
      vertex -12.412100493907928 -12.434386663138866 0.5999999999999943
      vertex -12.412100493907928 -12.434386663138866 0
      vertex -12.36041110754013 -12.461599998176098 0.5999999999999943
    endloop
  endfacet
  facet normal -0.3897870204622387 -0.9209050323888835 0
    outer loop
      vertex -12.36041110754013 -12.461599998176098 0.5999999999999943
      vertex -12.36041110754013 -12.461599998176098 0
      vertex -12.306008644402027 -12.484626665711403 0.5999999999999943
    endloop
  endfacet
  facet normal 0 0 -1
    outer loop
      vertex -12.550186917185783 -12.328037530183792 0.5999999999999943
      vertex -12.85453999787569 -12.66712000221014 0.5999999999999943
      vertex -12.925518274307251 -12.604533828794956 0.5999999999999943
    endloop
  endfacet
  facet normal 0 0 -1
    outer loop
      vertex -12.507339999079704 -12.367399998009205 0.5999999999999943
      vertex -12.777734570205212 -12.72405530512333 0.5999999999999943
      vertex -12.85453999787569 -12.66712000221014 0.5999999999999943
    endloop
  endfacet
  facet normal 0 0 -1
    outer loop
      vertex -12.507339999079704 -12.367399998009205 0.5999999999999943
      vertex -12.46107678860426 -12.40298666805029 0.5999999999999943
      vertex -12.777734570205212 -12.72405530512333 0.5999999999999943
    endloop
  endfacet
  facet normal 0 0 -1
    outer loop
      vertex -12.777734570205212 -12.72405530512333 0.5999999999999943
      vertex -12.46107678860426 -12.40298666805029 0.5999999999999943
      vertex -12.696207158267498 -12.774292342364788 0.5999999999999943
    endloop
  endfacet
  facet normal 0 0 -1
    outer loop
      vertex -12.412100493907928 -12.434386663138866 0.5999999999999943
      vertex -12.60995777696371 -12.817831113934517 0.5999999999999943
      vertex -12.696207158267498 -12.774292342364788 0.5999999999999943
    endloop
  endfacet
  facet normal 0 0 -1
    outer loop
      vertex -12.46107678860426 -12.40298666805029 0.5999999999999943
      vertex -12.412100493907928 -12.434386663138866 0.5999999999999943
      vertex -12.696207158267498 -12.774292342364788 0.5999999999999943
    endloop
  endfacet
  facet normal 0 0 -1
    outer loop
      vertex -12.412100493907928 -12.434386663138866 0.5999999999999943
      vertex -12.36041110754013 -12.461599998176098 0.5999999999999943
      vertex -12.60995777696371 -12.817831113934517 0.5999999999999943
    endloop
  endfacet
  facet normal 0 0 -1
    outer loop
      vertex -12.36041110754013 -12.461599998176098 0.5999999999999943
      vertex -12.306008644402027 -12.484626665711403 0.5999999999999943
      vertex -12.51898641884327 -12.854671604931355 0.5999999999999943
    endloop
  endfacet
  facet normal 0 0 -1
    outer loop
      vertex -12.36041110754013 -12.461599998176098 0.5999999999999943
      vertex -12.51898641884327 -12.854671604931355 0.5999999999999943
      vertex -12.60995777696371 -12.817831113934517 0.5999999999999943
    endloop
  endfacet
  facet normal 0 0 -1
    outer loop
      vertex -12.306008644402027 -12.484626665711403 0.5999999999999943
      vertex -12.423293083906174 -12.884813830256462 0.5999999999999943
      vertex -12.51898641884327 -12.854671604931355 0.5999999999999943
    endloop
  endfacet
  facet normal 0 0 -1
    outer loop
      vertex -12.306008644402027 -12.484626665711403 0.5999999999999943
      vertex -12.248893089592457 -12.503466665744781 0.5999999999999943
      vertex -12.423293083906174 -12.884813830256462 0.5999999999999943
    endloop
  endfacet
  facet normal 0 0 -1
    outer loop
      vertex -12.248893089592457 -12.503466665744781 0.5999999999999943
      vertex -12.18906444311142 -12.518119998276234 0.5999999999999943
      vertex -12.322877779603004 -12.908257775008678 0.5999999999999943
    endloop
  endfacet
  facet normal 0 0 -1
    outer loop
      vertex -12.18906444311142 -12.518119998276234 0.5999999999999943
      vertex -12.126522712409496 -12.52858666330576 0.5999999999999943
      vertex -12.2177404910326 -12.925003454089165 0.5999999999999943
    endloop
  endfacet
  facet normal 0 0 -1
    outer loop
      vertex -12.126522712409496 -12.52858666330576 0.5999999999999943
      vertex -12.061267904937267 -12.53486666828394 0.5999999999999943
      vertex -12.107881233096123 -12.935050867497921 0.5999999999999943
    endloop
  endfacet
  facet normal 0 0 -1
    outer loop
      vertex -12.061267904937267 -12.53486666828394 0.5999999999999943
      vertex -11.99329999834299 -12.536959998309612 0.5999999999999943
      vertex -11.99329999834299 -12.938400000333786 0.5999999999999943
    endloop
  endfacet
  facet normal 0 0 -1
    outer loop
      vertex -12.248893089592457 -12.503466665744781 0.5999999999999943
      vertex -12.322877779603004 -12.908257775008678 0.5999999999999943
      vertex -12.423293083906174 -12.884813830256462 0.5999999999999943
    endloop
  endfacet
  facet normal 0 0 -1
    outer loop
      vertex -12.18906444311142 -12.518119998276234 0.5999999999999943
      vertex -12.2177404910326 -12.925003454089165 0.5999999999999943
      vertex -12.322877779603004 -12.908257775008678 0.5999999999999943
    endloop
  endfacet
  facet normal 0 0 -1
    outer loop
      vertex -12.126522712409496 -12.52858666330576 0.5999999999999943
      vertex -12.107881233096123 -12.935050867497921 0.5999999999999943
      vertex -12.2177404910326 -12.925003454089165 0.5999999999999943
    endloop
  endfacet
  facet normal 0 0 -1
    outer loop
      vertex -12.061267904937267 -12.53486666828394 0.5999999999999943
      vertex -11.99329999834299 -12.938400000333786 0.5999999999999943
      vertex -12.107881233096123 -12.935050867497921 0.5999999999999943
    endloop
  endfacet
  facet normal 0.7827222874965083 0.6223711277495394 0
    outer loop
      vertex -13.046677775681019 -12.46549777686596 0.5999999999999943
      vertex -12.989564195275307 -12.537326417863369 0.5999999999999943
      vertex -12.989564195275307 -12.537326417863369 0
    endloop
  endfacet
  facet normal 0.7239288393566536 0.6898746520547979 0
    outer loop
      vertex -12.989564195275307 -12.537326417863369 0.5999999999999943
      vertex -12.925518274307251 -12.604533828794956 0.5999999999999943
      vertex -12.925518274307251 -12.604533828794956 0
    endloop
  endfacet
  facet normal 0.6613737320029465 0.750056522281151 0
    outer loop
      vertex -12.925518274307251 -12.604533828794956 0.5999999999999943
      vertex -12.85453999787569 -12.66712000221014 0.5999999999999943
      vertex -12.85453999787569 -12.66712000221014 0
    endloop
  endfacet
  facet normal 0.5955138273514363 0.8033450575146671 0
    outer loop
      vertex -12.85453999787569 -12.66712000221014 0.5999999999999943
      vertex -12.777734570205212 -12.72405530512333 0.5999999999999943
      vertex -12.777734570205212 -12.72405530512333 0
    endloop
  endfacet
  facet normal 0.5245996698232621 0.8513490391263294 0
    outer loop
      vertex -12.777734570205212 -12.72405530512333 0.5999999999999943
      vertex -12.696207158267498 -12.774292342364788 0.5999999999999943
      vertex -12.696207158267498 -12.774292342364788 0
    endloop
  endfacet
  facet normal 0.4506389963241304 0.892706275878007 0
    outer loop
      vertex -12.696207158267498 -12.774292342364788 0.5999999999999943
      vertex -12.60995777696371 -12.817831113934517 0.5999999999999943
      vertex -12.60995777696371 -12.817831113934517 0
    endloop
  endfacet
  facet normal 0.3753569047477614 0.9268803558486823 0
    outer loop
      vertex -12.60995777696371 -12.817831113934517 0.5999999999999943
      vertex -12.51898641884327 -12.854671604931355 0.5999999999999943
      vertex -12.51898641884327 -12.854671604931355 0
    endloop
  endfacet
  facet normal 0.3004359173724027 0.9538020022796151 0
    outer loop
      vertex -12.51898641884327 -12.854671604931355 0.5999999999999943
      vertex -12.423293083906174 -12.884813830256462 0.5999999999999943
      vertex -12.423293083906174 -12.884813830256462 0
    endloop
  endfacet
  facet normal -0.313255502387938 -0.9496688845190625 0
    outer loop
      vertex -12.306008644402027 -12.484626665711403 0.5999999999999943
      vertex -12.306008644402027 -12.484626665711403 0
      vertex -12.248893089592457 -12.503466665744781 0.5999999999999943
    endloop
  endfacet
  facet normal -0.237890464352759 -0.9712919885235484 0
    outer loop
      vertex -12.248893089592457 -12.503466665744781 0.5999999999999943
      vertex -12.248893089592457 -12.503466665744781 0
      vertex -12.18906444311142 -12.518119998276234 0.5999999999999943
    endloop
  endfacet
  facet normal -0.16505939707116324 -0.9862836282928477 0
    outer loop
      vertex -12.18906444311142 -12.518119998276234 0.5999999999999943
      vertex -12.18906444311142 -12.518119998276234 0
      vertex -12.126522712409496 -12.52858666330576 0.5999999999999943
    endloop
  endfacet
  facet normal -0.09579559947351307 -0.9954010262811217 0
    outer loop
      vertex -12.126522712409496 -12.52858666330576 0.5999999999999943
      vertex -12.126522712409496 -12.52858666330576 0
      vertex -12.061267904937267 -12.53486666828394 0.5999999999999943
    endloop
  endfacet
  facet normal -0.03078420397642595 -0.9995260540804015 0
    outer loop
      vertex -12.061267904937267 -12.53486666828394 0.5999999999999943
      vertex -12.061267904937267 -12.53486666828394 0
      vertex -11.99329999834299 -12.536959998309612 0.5999999999999943
    endloop
  endfacet
  facet normal 0.22735567924851363 0.9738117862880111 0
    outer loop
      vertex -12.423293083906174 -12.884813830256462 0.5999999999999943
      vertex -12.322877779603004 -12.908257775008678 0.5999999999999943
      vertex -12.322877779603004 -12.908257775008678 0
    endloop
  endfacet
  facet normal 0.15729178476605474 0.9875521730243465 0
    outer loop
      vertex -12.322877779603004 -12.908257775008678 0.5999999999999943
      vertex -12.2177404910326 -12.925003454089165 0.5999999999999943
      vertex -12.2177404910326 -12.925003454089165 0
    endloop
  endfacet
  facet normal 0.09107702933039737 0.9958438505751542 0
    outer loop
      vertex -12.2177404910326 -12.925003454089165 0.5999999999999943
      vertex -12.107881233096123 -12.935050867497921 0.5999999999999943
      vertex -12.107881233096123 -12.935050867497921 0
    endloop
  endfacet
  facet normal 0.029216852890306975 0.9995730966303495 0
    outer loop
      vertex -12.107881233096123 -12.935050867497921 0.5999999999999943
      vertex -11.99329999834299 -12.938400000333786 0.5999999999999943
      vertex -11.99329999834299 -12.938400000333786 0
    endloop
  endfacet
  facet normal 0.9880666565132379 0.15402688819407834 0
    outer loop
      vertex -13.243780001997948 -11.937480002641678 0.5999999999999943
      vertex -13.22826049476862 -12.037036046385765 0
      vertex -13.243780001997948 -11.937480002641678 0
    endloop
  endfacet
  facet normal 0.09201066357365942 -0.9957580217044373 0
    outer loop
      vertex -12.744659997522831 -11.891359999775887 0.5999999999999943
      vertex -13.243780001997948 -11.937480002641678 0
      vertex -12.744659997522831 -11.891359999775887 0
    endloop
  endfacet
  facet normal 0.9731554260968821 0.23014890105797975 0
    outer loop
      vertex -13.22826049476862 -12.037036046385765 0.5999999999999943
      vertex -13.205808639526367 -12.13197086751461 0
      vertex -13.22826049476862 -12.037036046385765 0
    endloop
  endfacet
  facet normal 0.9509340986264546 0.30939350359936835 0
    outer loop
      vertex -13.205808639526367 -12.13197086751461 0.5999999999999943
      vertex -13.176424443721771 -12.222284443676472 0
      vertex -13.205808639526367 -12.13197086751461 0
    endloop
  endfacet
  facet normal 0.9207276814882136 0.3902057617992573 0
    outer loop
      vertex -13.176424443721771 -12.222284443676472 0.5999999999999943
      vertex -13.140107899904251 -12.30797678977251 0
      vertex -13.176424443721771 -12.222284443676472 0
    endloop
  endfacet
  facet normal 0.8823034097441221 0.47068109496122285 0
    outer loop
      vertex -13.140107899904251 -12.30797678977251 0.5999999999999943
      vertex -13.096859015524387 -12.389047898352146 0
      vertex -13.140107899904251 -12.30797678977251 0
    endloop
  endfacet
  facet normal 0.8359926951724466 0.5487405704140244 0
    outer loop
      vertex -13.096859015524387 -12.389047898352146 0.5999999999999943
      vertex -13.046677775681019 -12.46549777686596 0
      vertex -13.096859015524387 -12.389047898352146 0
    endloop
  endfacet
  facet normal -0.9890947421061574 -0.14728065432348583 0
    outer loop
      vertex -12.734769135713577 -11.957784198224545 0.5999999999999943
      vertex -12.744659997522831 -11.891359999775887 0
      vertex -12.734769135713577 -11.957784198224545 0
    endloop
  endfacet
  facet normal -0.9761832813098835 -0.21694746205261015 0
    outer loop
      vertex -12.720758765935898 -12.020825676620007 0.5999999999999943
      vertex -12.734769135713577 -11.957784198224545 0
      vertex -12.720758765935898 -12.020825676620007 0
    endloop
  endfacet
  facet normal -0.9567950300952351 -0.290763254874233 0
    outer loop
      vertex -12.702628888189793 -12.080484442412853 0.5999999999999943
      vertex -12.720758765935898 -12.020825676620007 0
      vertex -12.702628888189793 -12.080484442412853 0
    endloop
  endfacet
  facet normal -0.9299566887098626 -0.3676690864402225 0
    outer loop
      vertex -12.680379502475262 -12.136760495603085 0.5999999999999943
      vertex -12.702628888189793 -12.080484442412853 0
      vertex -12.680379502475262 -12.136760495603085 0
    endloop
  endfacet
  facet normal -0.8949529873698385 -0.446160453646221 0
    outer loop
      vertex -12.654010616242886 -12.18965382874012 0.5999999999999943
      vertex -12.680379502475262 -12.136760495603085 0
      vertex -12.654010616242886 -12.18965382874012 0
    endloop
  endfacet
  facet normal -0.8515022564941082 -0.5243509389573379 0
    outer loop
      vertex -12.623522222042084 -12.23916444182396 0.5999999999999943
      vertex -12.654010616242886 -12.18965382874012 0
      vertex -12.623522222042084 -12.23916444182396 0
    endloop
  endfacet
  facet normal -0.7999002982893822 -0.6001329126089963 0
    outer loop
      vertex -12.588914319872856 -12.285292342305183 0.5999999999999943
      vertex -12.623522222042084 -12.23916444182396 0
      vertex -12.588914319872856 -12.285292342305183 0
    endloop
  endfacet
  facet normal -0.7410768681263017 -0.6714201929701786 0
    outer loop
      vertex -12.550186917185783 -12.328037530183792 0.5999999999999943
      vertex -12.588914319872856 -12.285292342305183 0
      vertex -12.550186917185783 -12.328037530183792 0
    endloop
  endfacet
  facet normal -0.6765285962710147 -0.7364163621400398 0
    outer loop
      vertex -12.507339999079704 -12.367399998009205 0.5999999999999943
      vertex -12.550186917185783 -12.328037530183792 0
      vertex -12.507339999079704 -12.367399998009205 0
    endloop
  endfacet
  facet normal -0.609706294486623 -0.7926274247484699 0
    outer loop
      vertex -12.46107678860426 -12.40298666805029 0.5999999999999943
      vertex -12.507339999079704 -12.367399998009205 0
      vertex -12.46107678860426 -12.40298666805029 0
    endloop
  endfacet
  facet normal -0.5397262274712098 -0.8418406021211475 0
    outer loop
      vertex -12.412100493907928 -12.434386663138866 0.5999999999999943
      vertex -12.46107678860426 -12.40298666805029 0
      vertex -12.412100493907928 -12.434386663138866 0
    endloop
  endfacet
  facet normal -0.4658589650932556 -0.8848589857385418 0
    outer loop
      vertex -12.36041110754013 -12.461599998176098 0.5999999999999943
      vertex -12.412100493907928 -12.434386663138866 0
      vertex -12.36041110754013 -12.461599998176098 0
    endloop
  endfacet
  facet normal -0.3897870204622387 -0.9209050323888835 0
    outer loop
      vertex -12.306008644402027 -12.484626665711403 0.5999999999999943
      vertex -12.36041110754013 -12.461599998176098 0
      vertex -12.306008644402027 -12.484626665711403 0
    endloop
  endfacet
  facet normal 0.7827222874965083 0.6223711277495394 0
    outer loop
      vertex -13.046677775681019 -12.46549777686596 0.5999999999999943
      vertex -12.989564195275307 -12.537326417863369 0
      vertex -13.046677775681019 -12.46549777686596 0
    endloop
  endfacet
  facet normal 0.7239288393566536 0.6898746520547979 0
    outer loop
      vertex -12.989564195275307 -12.537326417863369 0.5999999999999943
      vertex -12.925518274307251 -12.604533828794956 0
      vertex -12.989564195275307 -12.537326417863369 0
    endloop
  endfacet
  facet normal 0.6613737320029465 0.750056522281151 0
    outer loop
      vertex -12.925518274307251 -12.604533828794956 0.5999999999999943
      vertex -12.85453999787569 -12.66712000221014 0
      vertex -12.925518274307251 -12.604533828794956 0
    endloop
  endfacet
  facet normal 0.5955138273514363 0.8033450575146671 0
    outer loop
      vertex -12.85453999787569 -12.66712000221014 0.5999999999999943
      vertex -12.777734570205212 -12.72405530512333 0
      vertex -12.85453999787569 -12.66712000221014 0
    endloop
  endfacet
  facet normal 0.5245996698232621 0.8513490391263294 0
    outer loop
      vertex -12.777734570205212 -12.72405530512333 0.5999999999999943
      vertex -12.696207158267498 -12.774292342364788 0
      vertex -12.777734570205212 -12.72405530512333 0
    endloop
  endfacet
  facet normal 0.4506389963241304 0.892706275878007 0
    outer loop
      vertex -12.696207158267498 -12.774292342364788 0.5999999999999943
      vertex -12.60995777696371 -12.817831113934517 0
      vertex -12.696207158267498 -12.774292342364788 0
    endloop
  endfacet
  facet normal 0.3753569047477614 0.9268803558486823 0
    outer loop
      vertex -12.60995777696371 -12.817831113934517 0.5999999999999943
      vertex -12.51898641884327 -12.854671604931355 0
      vertex -12.60995777696371 -12.817831113934517 0
    endloop
  endfacet
  facet normal 0.3004359173724027 0.9538020022796151 0
    outer loop
      vertex -12.51898641884327 -12.854671604931355 0.5999999999999943
      vertex -12.423293083906174 -12.884813830256462 0
      vertex -12.51898641884327 -12.854671604931355 0
    endloop
  endfacet
  facet normal 0.22735567924851363 0.9738117862880111 0
    outer loop
      vertex -12.423293083906174 -12.884813830256462 0.5999999999999943
      vertex -12.322877779603004 -12.908257775008678 0
      vertex -12.423293083906174 -12.884813830256462 0
    endloop
  endfacet
  facet normal -0.313255502387938 -0.9496688845190625 0
    outer loop
      vertex -12.248893089592457 -12.503466665744781 0.5999999999999943
      vertex -12.306008644402027 -12.484626665711403 0
      vertex -12.248893089592457 -12.503466665744781 0
    endloop
  endfacet
  facet normal -0.237890464352759 -0.9712919885235484 0
    outer loop
      vertex -12.18906444311142 -12.518119998276234 0.5999999999999943
      vertex -12.248893089592457 -12.503466665744781 0
      vertex -12.18906444311142 -12.518119998276234 0
    endloop
  endfacet
  facet normal -0.16505939707116324 -0.9862836282928477 0
    outer loop
      vertex -12.126522712409496 -12.52858666330576 0.5999999999999943
      vertex -12.18906444311142 -12.518119998276234 0
      vertex -12.126522712409496 -12.52858666330576 0
    endloop
  endfacet
  facet normal -0.09579559947351307 -0.9954010262811217 0
    outer loop
      vertex -12.061267904937267 -12.53486666828394 0.5999999999999943
      vertex -12.126522712409496 -12.52858666330576 0
      vertex -12.061267904937267 -12.53486666828394 0
    endloop
  endfacet
  facet normal -0.03078420397642595 -0.9995260540804015 0
    outer loop
      vertex -11.99329999834299 -12.536959998309612 0.5999999999999943
      vertex -12.061267904937267 -12.53486666828394 0
      vertex -11.99329999834299 -12.536959998309612 0
    endloop
  endfacet
  facet normal 0.15729178476605474 0.9875521730243465 0
    outer loop
      vertex -12.322877779603004 -12.908257775008678 0.5999999999999943
      vertex -12.2177404910326 -12.925003454089165 0
      vertex -12.322877779603004 -12.908257775008678 0
    endloop
  endfacet
  facet normal 0.09107702933039737 0.9958438505751542 0
    outer loop
      vertex -12.2177404910326 -12.925003454089165 0.5999999999999943
      vertex -12.107881233096123 -12.935050867497921 0
      vertex -12.2177404910326 -12.925003454089165 0
    endloop
  endfacet
  facet normal 0.029216852890306975 0.9995730966303495 0
    outer loop
      vertex -12.107881233096123 -12.935050867497921 0.5999999999999943
      vertex -11.99329999834299 -12.938400000333786 0
      vertex -12.107881233096123 -12.935050867497921 0
    endloop
  endfacet
  facet normal 0 0 -1
    outer loop
      vertex -12.728380002081394 -9.47451999783516 0.5999999999999943
      vertex -10.734700001776218 -9.059519998729229 0.5999999999999943
      vertex -10.734700001776218 -9.47451999783516 0.5999999999999943
    endloop
  endfacet
  facet normal 0 1 0
    outer loop
      vertex -12.728380002081394 -9.47451999783516 0.5999999999999943
      vertex -10.734700001776218 -9.47451999783516 0.5999999999999943
      vertex -10.734700001776218 -9.47451999783516 0
    endloop
  endfacet
  facet normal -1 0 0
    outer loop
      vertex -10.734700001776218 -9.059519998729229 0.5999999999999943
      vertex -10.734700001776218 -9.059519998729229 0
      vertex -10.734700001776218 -9.47451999783516 0.5999999999999943
    endloop
  endfacet
  facet normal 0 -1 0
    outer loop
      vertex -10.734700001776218 -9.059519998729229 0.5999999999999943
      vertex -13.2654599994421 -9.059519998729229 0
      vertex -10.734700001776218 -9.059519998729229 0
    endloop
  endfacet
  facet normal -1 0 0
    outer loop
      vertex -10.734700001776218 -9.47451999783516 0.5999999999999943
      vertex -10.734700001776218 -9.059519998729229 0
      vertex -10.734700001776218 -9.47451999783516 0
    endloop
  endfacet
  facet normal 0 0 -1
    outer loop
      vertex -11.966179996728897 -10.328960001468658 0.5999999999999943
      vertex -11.844718761742115 -10.428450867533684 0.5999999999999943
      vertex -12.169381484389305 -10.692253828048706 0.5999999999999943
    endloop
  endfacet
  facet normal -0.6336706828842865 -0.7736029121280259 0
    outer loop
      vertex -11.966179996728897 -10.328960001468658 0.5999999999999943
      vertex -11.966179996728897 -10.328960001468658 0
      vertex -11.844718761742115 -10.428450867533684 0.5999999999999943
    endloop
  endfacet
  facet normal -0.6395693787102111 -0.7687333801886286 0
    outer loop
      vertex -11.844718761742115 -10.428450867533684 0.5999999999999943
      vertex -11.844718761742115 -10.428450867533684 0
      vertex -11.732299506664276 -10.521981231868267 0.5999999999999943
    endloop
  endfacet
  facet normal 0 0 -1
    outer loop
      vertex -11.844718761742115 -10.428450867533684 0.5999999999999943
      vertex -11.732299506664276 -10.521981231868267 0.5999999999999943
      vertex -12.025939010083675 -10.805768892168999 0.5999999999999943
    endloop
  endfacet
  facet normal 0 0 -1
    outer loop
      vertex -11.844718761742115 -10.428450867533684 0.5999999999999943
      vertex -12.025939010083675 -10.805768892168999 0.5999999999999943
      vertex -12.073339998722076 -10.768399998545647 0.5999999999999943
    endloop
  endfacet
  facet normal 0 0 -1
    outer loop
      vertex -12.025939010083675 -10.805768892168999 0.5999999999999943
      vertex -11.732299506664276 -10.521981231868267 0.5999999999999943
      vertex -11.979576051235199 -10.84313777834177 0.5999999999999943
    endloop
  endfacet
  facet normal 0 0 -1
    outer loop
      vertex -11.979576051235199 -10.84313777834177 0.5999999999999943
      vertex -11.732299506664276 -10.521981231868267 0.5999999999999943
      vertex -11.934251114726067 -10.880506664514542 0.5999999999999943
    endloop
  endfacet
  facet normal 0 0 -1
    outer loop
      vertex -11.934251114726067 -10.880506664514542 0.5999999999999943
      vertex -11.732299506664276 -10.521981231868267 0.5999999999999943
      vertex -11.6289222240448 -10.60955110937357 0.5999999999999943
    endloop
  endfacet
  facet normal 0 0 -1
    outer loop
      vertex -11.846715308725834 -10.955244444310665 0.5999999999999943
      vertex -11.6289222240448 -10.60955110937357 0.5999999999999943
      vertex -11.534586913883686 -10.69116049259901 0.5999999999999943
    endloop
  endfacet
  facet normal 0 0 -1
    outer loop
      vertex -11.934251114726067 -10.880506664514542 0.5999999999999943
      vertex -11.6289222240448 -10.60955110937357 0.5999999999999943
      vertex -11.889964200556278 -10.917875558137894 0.5999999999999943
    endloop
  endfacet
  facet normal 0 0 -1
    outer loop
      vertex -11.889964200556278 -10.917875558137894 0.5999999999999943
      vertex -11.6289222240448 -10.60955110937357 0.5999999999999943
      vertex -11.846715308725834 -10.955244444310665 0.5999999999999943
    endloop
  endfacet
  facet normal 0 0 -1
    outer loop
      vertex -11.846715308725834 -10.955244444310665 0.5999999999999943
      vertex -11.534586913883686 -10.69116049259901 0.5999999999999943
      vertex -11.804504446685314 -10.992613330483437 0.5999999999999943
    endloop
  endfacet
  facet normal 0 0 -1
    outer loop
      vertex -11.804504446685314 -10.992613330483437 0.5999999999999943
      vertex -11.534586913883686 -10.69116049259901 0.5999999999999943
      vertex -11.763331606984138 -11.029982224106789 0.5999999999999943
    endloop
  endfacet
  facet normal 0 0 -1
    outer loop
      vertex -11.449293583631516 -10.76680938154459 0.5999999999999943
      vertex -11.723196789622307 -11.06735111027956 0.5999999999999943
      vertex -11.763331606984138 -11.029982224106789 0.5999999999999943
    endloop
  endfacet
  facet normal 0 0 -1
    outer loop
      vertex -11.534586913883686 -10.69116049259901 0.5999999999999943
      vertex -11.449293583631516 -10.76680938154459 0.5999999999999943
      vertex -11.763331606984138 -11.029982224106789 0.5999999999999943
    endloop
  endfacet
  facet normal 0 0 -1
    outer loop
      vertex -11.449293583631516 -10.76680938154459 0.5999999999999943
      vertex -11.6841000020504 -11.104719996452332 0.5999999999999943
      vertex -11.723196789622307 -11.06735111027956 0.5999999999999943
    endloop
  endfacet
  facet normal 0 0 -1
    outer loop
      vertex -11.449293583631516 -10.76680938154459 0.5999999999999943
      vertex -11.373042225837708 -10.836497776210308 0.5999999999999943
      vertex -11.6841000020504 -11.104719996452332 0.5999999999999943
    endloop
  endfacet
  facet normal 0 0 -1
    outer loop
      vertex -11.373042225837708 -10.836497776210308 0.5999999999999943
      vertex -11.305832840502262 -10.900225676596165 0.5999999999999943
      vertex -11.646342471241951 -11.142298273742199 0.5999999999999943
    endloop
  endfacet
  facet normal 0 0 -1
    outer loop
      vertex -11.373042225837708 -10.836497776210308 0.5999999999999943
      vertex -11.646342471241951 -11.142298273742199 0.5999999999999943
      vertex -11.6841000020504 -11.104719996452332 0.5999999999999943
    endloop
  endfacet
  facet normal 0 0 -1
    outer loop
      vertex -11.646342471241951 -11.142298273742199 0.5999999999999943
      vertex -11.305832840502262 -10.900225676596165 0.5999999999999943
      vertex -11.610225431621075 -11.180277533829212 0.5999999999999943
    endloop
  endfacet
  facet normal 0 0 -1
    outer loop
      vertex -11.610225431621075 -11.180277533829212 0.5999999999999943
      vertex -11.305832840502262 -10.900225676596165 0.5999999999999943
      vertex -11.575748890638351 -11.218657776713371 0.5999999999999943
    endloop
  endfacet
  facet normal 0 0 -1
    outer loop
      vertex -11.575748890638351 -11.218657776713371 0.5999999999999943
      vertex -11.24766543507576 -10.95799308270216 0.5999999999999943
      vertex -11.5429128408432 -11.257439009845257 0.5999999999999943
    endloop
  endfacet
  facet normal 0 0 -1
    outer loop
      vertex -11.575748890638351 -11.218657776713371 0.5999999999999943
      vertex -11.305832840502262 -10.900225676596165 0.5999999999999943
      vertex -11.24766543507576 -10.95799308270216 0.5999999999999943
    endloop
  endfacet
  facet normal 0 0 -1
    outer loop
      vertex -11.5429128408432 -11.257439009845257 0.5999999999999943
      vertex -11.24766543507576 -10.95799308270216 0.5999999999999943
      vertex -11.19854000210762 -11.009800001978874 0.5999999999999943
    endloop
  endfacet
  facet normal 0 0 -1
    outer loop
      vertex -11.19854000210762 -11.009800001978874 0.5999999999999943
      vertex -11.155157774686813 -11.058626666665077 0.5999999999999943
      vertex -11.511717282235622 -11.296621233224869 0.5999999999999943
    endloop
  endfacet
  facet normal 0 0 -1
    outer loop
      vertex -11.5429128408432 -11.257439009845257 0.5999999999999943
      vertex -11.19854000210762 -11.009800001978874 0.5999999999999943
      vertex -11.511717282235622 -11.296621233224869 0.5999999999999943
    endloop
  endfacet
  facet normal 0 0 -1
    outer loop
      vertex -11.155157774686813 -11.058626666665077 0.5999999999999943
      vertex -11.482162222266197 -11.336204446852207 0.5999999999999943
      vertex -11.511717282235622 -11.296621233224869 0.5999999999999943
    endloop
  endfacet
  facet normal 0 0 -1
    outer loop
      vertex -11.155157774686813 -11.058626666665077 0.5999999999999943
      vertex -11.11422000080347 -11.10745333135128 0.5999999999999943
      vertex -11.482162222266197 -11.336204446852207 0.5999999999999943
    endloop
  endfacet
  facet normal 0 0 -1
    outer loop
      vertex -11.11422000080347 -11.10745333135128 0.5999999999999943
      vertex -11.454247653484344 -11.376188643276691 0.5999999999999943
      vertex -11.482162222266197 -11.336204446852207 0.5999999999999943
    endloop
  endfacet
  facet normal 0 0 -1
    outer loop
      vertex -11.07572666555643 -11.156280003488064 0.5999999999999943
      vertex -11.427973583340645 -11.416573829948902 0.5999999999999943
      vertex -11.454247653484344 -11.376188643276691 0.5999999999999943
    endloop
  endfacet
  facet normal 0 0 -1
    outer loop
      vertex -11.039677776396275 -11.205106668174267 0.5999999999999943
      vertex -11.403339996933937 -11.457359999418259 0.5999999999999943
      vertex -11.427973583340645 -11.416573829948902 0.5999999999999943
    endloop
  endfacet
  facet normal 0 0 -1
    outer loop
      vertex -11.006073333323002 -11.25393333286047 0.5999999999999943
      vertex -11.38084962964058 -11.49895752966404 0.5999999999999943
      vertex -11.403339996933937 -11.457359999418259 0.5999999999999943
    endloop
  endfacet
  facet normal 0 0 -1
    outer loop
      vertex -11.11422000080347 -11.10745333135128 0.5999999999999943
      vertex -11.07572666555643 -11.156280003488064 0.5999999999999943
      vertex -11.454247653484344 -11.376188643276691 0.5999999999999943
    endloop
  endfacet
  facet normal 0 0 -1
    outer loop
      vertex -11.07572666555643 -11.156280003488064 0.5999999999999943
      vertex -11.039677776396275 -11.205106668174267 0.5999999999999943
      vertex -11.427973583340645 -11.416573829948902 0.5999999999999943
    endloop
  endfacet
  facet normal 0 0 -1
    outer loop
      vertex -11.039677776396275 -11.205106668174267 0.5999999999999943
      vertex -11.006073333323002 -11.25393333286047 0.5999999999999943
      vertex -11.403339996933937 -11.457359999418259 0.5999999999999943
    endloop
  endfacet
  facet normal 0 0 -1
    outer loop
      vertex -11.006073333323002 -11.25393333286047 0.5999999999999943
      vertex -10.974913336336613 -11.302759997546673 0.5999999999999943
      vertex -11.38084962964058 -11.49895752966404 0.5999999999999943
    endloop
  endfacet
  facet normal 0 0 -1
    outer loop
      vertex -11.38084962964058 -11.49895752966404 0.5999999999999943
      vertex -10.974913336336613 -11.302759997546673 0.5999999999999943
      vertex -11.361005187034607 -11.541759014129639 0.5999999999999943
    endloop
  endfacet
  facet normal 0 0 -1
    outer loop
      vertex -11.361005187034607 -11.541759014129639 0.5999999999999943
      vertex -10.974913336336613 -11.302759997546673 0.5999999999999943
      vertex -10.946197777986526 -11.351586669683456 0.5999999999999943
    endloop
  endfacet
  facet normal 0 0 -1
    outer loop
      vertex -11.34380666911602 -11.585764445364475 0.5999999999999943
      vertex -10.946197777986526 -11.351586669683456 0.5999999999999943
      vertex -10.919926665723324 -11.40041333436966 0.5999999999999943
    endloop
  endfacet
  facet normal 0 0 -1
    outer loop
      vertex -11.34380666911602 -11.585764445364475 0.5999999999999943
      vertex -10.919926665723324 -11.40041333436966 0.5999999999999943
      vertex -10.896099999547005 -11.449239999055862 0.5999999999999943
    endloop
  endfacet
  facet normal -0.6463584851080725 -0.7630338843909865 0
    outer loop
      vertex -11.732299506664276 -10.521981231868267 0.5999999999999943
      vertex -11.732299506664276 -10.521981231868267 0
      vertex -11.6289222240448 -10.60955110937357 0.5999999999999943
    endloop
  endfacet
  facet normal 0.6275428471292864 0.7785820284445751 0
    outer loop
      vertex -12.025939010083675 -10.805768892168999 0.5999999999999943
      vertex -11.979576051235199 -10.84313777834177 0.5999999999999943
      vertex -11.979576051235199 -10.84313777834177 0
    endloop
  endfacet
  facet normal 0.6361379360595494 0.7715753536148602 0
    outer loop
      vertex -11.979576051235199 -10.84313777834177 0.5999999999999943
      vertex -11.934251114726067 -10.880506664514542 0.5999999999999943
      vertex -11.934251114726067 -10.880506664514542 0
    endloop
  endfacet
  facet normal 0.6448891830947819 0.7642760898571567 0
    outer loop
      vertex -11.934251114726067 -10.880506664514542 0.5999999999999943
      vertex -11.889964200556278 -10.917875558137894 0.5999999999999943
      vertex -11.889964200556278 -10.917875558137894 0
    endloop
  endfacet
  facet normal 0.6537959305598361 0.7566709200064436 0
    outer loop
      vertex -11.889964200556278 -10.917875558137894 0.5999999999999943
      vertex -11.846715308725834 -10.955244444310665 0.5999999999999943
      vertex -11.846715308725834 -10.955244444310665 0
    endloop
  endfacet
  facet normal 0.6628575218462339 0.7487455547326273 0
    outer loop
      vertex -11.846715308725834 -10.955244444310665 0.5999999999999943
      vertex -11.804504446685314 -10.992613330483437 0.5999999999999943
      vertex -11.804504446685314 -10.992613330483437 0
    endloop
  endfacet
  facet normal -0.65425322998319 -0.756275552332986 0
    outer loop
      vertex -11.6289222240448 -10.60955110937357 0.5999999999999943
      vertex -11.6289222240448 -10.60955110937357 0
      vertex -11.534586913883686 -10.69116049259901 0.5999999999999943
    endloop
  endfacet
  facet normal -0.6635431796112035 -0.7481379878013507 0
    outer loop
      vertex -11.534586913883686 -10.69116049259901 0.5999999999999943
      vertex -11.534586913883686 -10.69116049259901 0
      vertex -11.449293583631516 -10.76680938154459 0.5999999999999943
    endloop
  endfacet
  facet normal -0.6746261201873354 -0.7381596019567739 0
    outer loop
      vertex -11.449293583631516 -10.76680938154459 0.5999999999999943
      vertex -11.449293583631516 -10.76680938154459 0
      vertex -11.373042225837708 -10.836497776210308 0.5999999999999943
    endloop
  endfacet
  facet normal -0.6880623767662738 -0.7256515456324382 0
    outer loop
      vertex -11.373042225837708 -10.836497776210308 0.5999999999999943
      vertex -11.373042225837708 -10.836497776210308 0
      vertex -11.305832840502262 -10.900225676596165 0.5999999999999943
    endloop
  endfacet
  facet normal -0.7046629209443915 -0.7095422241460462 0
    outer loop
      vertex -11.305832840502262 -10.900225676596165 0.5999999999999943
      vertex -11.305832840502262 -10.900225676596165 0
      vertex -11.24766543507576 -10.95799308270216 0.5999999999999943
    endloop
  endfacet
  facet normal 0.6720723001509291 0.740485532181311 0
    outer loop
      vertex -11.804504446685314 -10.992613330483437 0.5999999999999943
      vertex -11.763331606984138 -11.029982224106789 0.5999999999999943
      vertex -11.763331606984138 -11.029982224106789 0
    endloop
  endfacet
  facet normal 0.6814379394402226 0.7318759011550138 0
    outer loop
      vertex -11.763331606984138 -11.029982224106789 0.5999999999999943
      vertex -11.723196789622307 -11.06735111027956 0.5999999999999943
      vertex -11.723196789622307 -11.06735111027956 0
    endloop
  endfacet
  facet normal 0.6909518412361848 0.7229007906292026 0
    outer loop
      vertex -11.723196789622307 -11.06735111027956 0.5999999999999943
      vertex -11.6841000020504 -11.104719996452332 0.5999999999999943
      vertex -11.6841000020504 -11.104719996452332 0
    endloop
  endfacet
  facet normal 0.705422299158751 0.7087872599374101 0
    outer loop
      vertex -11.6841000020504 -11.104719996452332 0.5999999999999943
      vertex -11.646342471241951 -11.142298273742199 0.5999999999999943
      vertex -11.646342471241951 -11.142298273742199 0
    endloop
  endfacet
  facet normal 0.7246492743329607 0.6891178630747525 0
    outer loop
      vertex -11.646342471241951 -11.142298273742199 0.5999999999999943
      vertex -11.610225431621075 -11.180277533829212 0.5999999999999943
      vertex -11.610225431621075 -11.180277533829212 0
    endloop
  endfacet
  facet normal 0.7439268136011324 0.6682610986772056 0
    outer loop
      vertex -11.610225431621075 -11.180277533829212 0.5999999999999943
      vertex -11.575748890638351 -11.218657776713371 0.5999999999999943
      vertex -11.575748890638351 -11.218657776713371 0
    endloop
  endfacet
  facet normal 0.7631809112491986 0.6461848781152673 0
    outer loop
      vertex -11.575748890638351 -11.218657776713371 0.5999999999999943
      vertex -11.5429128408432 -11.257439009845257 0.5999999999999943
      vertex -11.5429128408432 -11.257439009845257 0
    endloop
  endfacet
  facet normal 0.7823297709084404 0.6228644551990001 0
    outer loop
      vertex -11.5429128408432 -11.257439009845257 0.5999999999999943
      vertex -11.511717282235622 -11.296621233224869 0.5999999999999943
      vertex -11.511717282235622 -11.296621233224869 0
    endloop
  endfacet
  facet normal 0.8012841640645189 0.5982839530017711 0
    outer loop
      vertex -11.511717282235622 -11.296621233224869 0.5999999999999943
      vertex -11.482162222266197 -11.336204446852207 0.5999999999999943
      vertex -11.482162222266197 -11.336204446852207 0
    endloop
  endfacet
  facet normal 0.8199477541774379 0.5724383638605784 0
    outer loop
      vertex -11.482162222266197 -11.336204446852207 0.5999999999999943
      vertex -11.454247653484344 -11.376188643276691 0.5999999999999943
      vertex -11.454247653484344 -11.376188643276691 0
    endloop
  endfacet
  facet normal 0.8382187830134211 0.5453340919138462 0
    outer loop
      vertex -11.454247653484344 -11.376188643276691 0.5999999999999943
      vertex -11.427973583340645 -11.416573829948902 0.5999999999999943
      vertex -11.427973583340645 -11.416573829948902 0
    endloop
  endfacet
  facet normal 0.8559903814324127 0.5169917474149783 0
    outer loop
      vertex -11.427973583340645 -11.416573829948902 0.5999999999999943
      vertex -11.403339996933937 -11.457359999418259 0.5999999999999943
      vertex -11.403339996933937 -11.457359999418259 0
    endloop
  endfacet
  facet normal 0.8796603699163194 0.47560239023651285 0
    outer loop
      vertex -11.403339996933937 -11.457359999418259 0.5999999999999943
      vertex -11.38084962964058 -11.49895752966404 0.5999999999999943
      vertex -11.38084962964058 -11.49895752966404 0
    endloop
  endfacet
  facet normal -0.7256365655650919 -0.68807817485726 0
    outer loop
      vertex -11.24766543507576 -10.95799308270216 0.5999999999999943
      vertex -11.24766543507576 -10.95799308270216 0
      vertex -11.19854000210762 -11.009800001978874 0.5999999999999943
    endloop
  endfacet
  facet normal -0.7475556643195247 -0.6641991634621306 0
    outer loop
      vertex -11.19854000210762 -11.009800001978874 0.5999999999999943
      vertex -11.19854000210762 -11.009800001978874 0
      vertex -11.155157774686813 -11.058626666665077 0.5999999999999943
    endloop
  endfacet
  facet normal -0.7662967961306837 -0.6424867471316817 0
    outer loop
      vertex -11.155157774686813 -11.058626666665077 0.5999999999999943
      vertex -11.155157774686813 -11.058626666665077 0
      vertex -11.11422000080347 -11.10745333135128 0.5999999999999943
    endloop
  endfacet
  facet normal -0.7853052747169067 -0.6191087347968883 0
    outer loop
      vertex -11.11422000080347 -11.10745333135128 0.5999999999999943
      vertex -11.11422000080347 -11.10745333135128 0
      vertex -11.07572666555643 -11.156280003488064 0.5999999999999943
    endloop
  endfacet
  facet normal -0.8044940844820865 -0.5939606620251289 0
    outer loop
      vertex -11.07572666555643 -11.156280003488064 0.5999999999999943
      vertex -11.07572666555643 -11.156280003488064 0
      vertex -11.039677776396275 -11.205106668174267 0.5999999999999943
    endloop
  endfacet
  facet normal -0.8237574041572245 -0.5669424477812111 0
    outer loop
      vertex -11.039677776396275 -11.205106668174267 0.5999999999999943
      vertex -11.039677776396275 -11.205106668174267 0
      vertex -11.006073333323002 -11.25393333286047 0.5999999999999943
    endloop
  endfacet
  facet normal -0.8429688659591424 -0.5379623509350421 0
    outer loop
      vertex -11.006073333323002 -11.25393333286047 0.5999999999999943
      vertex -11.006073333323002 -11.25393333286047 0
      vertex -10.974913336336613 -11.302759997546673 0.5999999999999943
    endloop
  endfacet
  facet normal -0.8619806060653814 -0.5069412537633506 0
    outer loop
      vertex -10.974913336336613 -11.302759997546673 0.5999999999999943
      vertex -10.974913336336613 -11.302759997546673 0
      vertex -10.946197777986526 -11.351586669683456 0.5999999999999943
    endloop
  endfacet
  facet normal -0.8806228982571417 -0.4738178036600057 0
    outer loop
      vertex -10.946197777986526 -11.351586669683456 0.5999999999999943
      vertex -10.946197777986526 -11.351586669683456 0
      vertex -10.919926665723324 -11.40041333436966 0.5999999999999943
    endloop
  endfacet
  facet normal -0.8987047501686006 -0.43855418368132476 0
    outer loop
      vertex -10.919926665723324 -11.40041333436966 0.5999999999999943
      vertex -10.919926665723324 -11.40041333436966 0
      vertex -10.896099999547005 -11.449239999055862 0.5999999999999943
    endloop
  endfacet
  facet normal -0.916346633907048 -0.4003858720374914 0
    outer loop
      vertex -10.896099999547005 -11.449239999055862 0.5999999999999943
      vertex -10.896099999547005 -11.449239999055862 0
      vertex -10.87475135922432 -11.498099751770496 0.5999999999999943
    endloop
  endfacet
  facet normal -0.637361477488137 -0.7705649531442103 0
    outer loop
      vertex -11.966179996728897 -10.328960001468658 0.5999999999999943
      vertex -12.033930122852325 -10.272921480238438 0
      vertex -11.966179996728897 -10.328960001468658 0
    endloop
  endfacet
  facet normal -0.6336706828842865 -0.7736029121280259 0
    outer loop
      vertex -11.844718761742115 -10.428450867533684 0.5999999999999943
      vertex -11.966179996728897 -10.328960001468658 0
      vertex -11.844718761742115 -10.428450867533684 0
    endloop
  endfacet
  facet normal -0.6395693787102111 -0.7687333801886286 0
    outer loop
      vertex -11.732299506664276 -10.521981231868267 0.5999999999999943
      vertex -11.844718761742115 -10.428450867533684 0
      vertex -11.732299506664276 -10.521981231868267 0
    endloop
  endfacet
  facet normal -0.6463584851080725 -0.7630338843909865 0
    outer loop
      vertex -11.6289222240448 -10.60955110937357 0.5999999999999943
      vertex -11.732299506664276 -10.521981231868267 0
      vertex -11.6289222240448 -10.60955110937357 0
    endloop
  endfacet
  facet normal 0.6361379360595494 0.7715753536148602 0
    outer loop
      vertex -11.979576051235199 -10.84313777834177 0.5999999999999943
      vertex -11.934251114726067 -10.880506664514542 0
      vertex -11.979576051235199 -10.84313777834177 0
    endloop
  endfacet
  facet normal 0.6448891830947819 0.7642760898571567 0
    outer loop
      vertex -11.934251114726067 -10.880506664514542 0.5999999999999943
      vertex -11.889964200556278 -10.917875558137894 0
      vertex -11.934251114726067 -10.880506664514542 0
    endloop
  endfacet
  facet normal 0.6537959305598361 0.7566709200064436 0
    outer loop
      vertex -11.889964200556278 -10.917875558137894 0.5999999999999943
      vertex -11.846715308725834 -10.955244444310665 0
      vertex -11.889964200556278 -10.917875558137894 0
    endloop
  endfacet
  facet normal 0.6628575218462339 0.7487455547326273 0
    outer loop
      vertex -11.846715308725834 -10.955244444310665 0.5999999999999943
      vertex -11.804504446685314 -10.992613330483437 0
      vertex -11.846715308725834 -10.955244444310665 0
    endloop
  endfacet
  facet normal -0.65425322998319 -0.756275552332986 0
    outer loop
      vertex -11.534586913883686 -10.69116049259901 0.5999999999999943
      vertex -11.6289222240448 -10.60955110937357 0
      vertex -11.534586913883686 -10.69116049259901 0
    endloop
  endfacet
  facet normal -0.6635431796112035 -0.7481379878013507 0
    outer loop
      vertex -11.449293583631516 -10.76680938154459 0.5999999999999943
      vertex -11.534586913883686 -10.69116049259901 0
      vertex -11.449293583631516 -10.76680938154459 0
    endloop
  endfacet
  facet normal -0.6746261201873354 -0.7381596019567739 0
    outer loop
      vertex -11.373042225837708 -10.836497776210308 0.5999999999999943
      vertex -11.449293583631516 -10.76680938154459 0
      vertex -11.373042225837708 -10.836497776210308 0
    endloop
  endfacet
  facet normal -0.6880623767662738 -0.7256515456324382 0
    outer loop
      vertex -11.305832840502262 -10.900225676596165 0.5999999999999943
      vertex -11.373042225837708 -10.836497776210308 0
      vertex -11.305832840502262 -10.900225676596165 0
    endloop
  endfacet
  facet normal -0.7046629209443915 -0.7095422241460462 0
    outer loop
      vertex -11.24766543507576 -10.95799308270216 0.5999999999999943
      vertex -11.305832840502262 -10.900225676596165 0
      vertex -11.24766543507576 -10.95799308270216 0
    endloop
  endfacet
  facet normal 0.6720723001509291 0.740485532181311 0
    outer loop
      vertex -11.804504446685314 -10.992613330483437 0.5999999999999943
      vertex -11.763331606984138 -11.029982224106789 0
      vertex -11.804504446685314 -10.992613330483437 0
    endloop
  endfacet
  facet normal 0.6814379394402226 0.7318759011550138 0
    outer loop
      vertex -11.763331606984138 -11.029982224106789 0.5999999999999943
      vertex -11.723196789622307 -11.06735111027956 0
      vertex -11.763331606984138 -11.029982224106789 0
    endloop
  endfacet
  facet normal 0.6909518412361848 0.7229007906292026 0
    outer loop
      vertex -11.723196789622307 -11.06735111027956 0.5999999999999943
      vertex -11.6841000020504 -11.104719996452332 0
      vertex -11.723196789622307 -11.06735111027956 0
    endloop
  endfacet
  facet normal 0.705422299158751 0.7087872599374101 0
    outer loop
      vertex -11.6841000020504 -11.104719996452332 0.5999999999999943
      vertex -11.646342471241951 -11.142298273742199 0
      vertex -11.6841000020504 -11.104719996452332 0
    endloop
  endfacet
  facet normal 0.7246492743329607 0.6891178630747525 0
    outer loop
      vertex -11.646342471241951 -11.142298273742199 0.5999999999999943
      vertex -11.610225431621075 -11.180277533829212 0
      vertex -11.646342471241951 -11.142298273742199 0
    endloop
  endfacet
  facet normal 0.7439268136011324 0.6682610986772056 0
    outer loop
      vertex -11.610225431621075 -11.180277533829212 0.5999999999999943
      vertex -11.575748890638351 -11.218657776713371 0
      vertex -11.610225431621075 -11.180277533829212 0
    endloop
  endfacet
  facet normal 0.7631809112491986 0.6461848781152673 0
    outer loop
      vertex -11.575748890638351 -11.218657776713371 0.5999999999999943
      vertex -11.5429128408432 -11.257439009845257 0
      vertex -11.575748890638351 -11.218657776713371 0
    endloop
  endfacet
  facet normal 0.7823297709084404 0.6228644551990001 0
    outer loop
      vertex -11.5429128408432 -11.257439009845257 0.5999999999999943
      vertex -11.511717282235622 -11.296621233224869 0
      vertex -11.5429128408432 -11.257439009845257 0
    endloop
  endfacet
  facet normal 0.8012841640645189 0.5982839530017711 0
    outer loop
      vertex -11.511717282235622 -11.296621233224869 0.5999999999999943
      vertex -11.482162222266197 -11.336204446852207 0
      vertex -11.511717282235622 -11.296621233224869 0
    endloop
  endfacet
  facet normal 0.8199477541774379 0.5724383638605784 0
    outer loop
      vertex -11.482162222266197 -11.336204446852207 0.5999999999999943
      vertex -11.454247653484344 -11.376188643276691 0
      vertex -11.482162222266197 -11.336204446852207 0
    endloop
  endfacet
  facet normal 0.8382187830134211 0.5453340919138462 0
    outer loop
      vertex -11.454247653484344 -11.376188643276691 0.5999999999999943
      vertex -11.427973583340645 -11.416573829948902 0
      vertex -11.454247653484344 -11.376188643276691 0
    endloop
  endfacet
  facet normal 0.8559903814324127 0.5169917474149783 0
    outer loop
      vertex -11.427973583340645 -11.416573829948902 0.5999999999999943
      vertex -11.403339996933937 -11.457359999418259 0
      vertex -11.427973583340645 -11.416573829948902 0
    endloop
  endfacet
  facet normal 0.8796603699163194 0.47560239023651285 0
    outer loop
      vertex -11.403339996933937 -11.457359999418259 0.5999999999999943
      vertex -11.38084962964058 -11.49895752966404 0
      vertex -11.403339996933937 -11.457359999418259 0
    endloop
  endfacet
  facet normal -0.7256365655650919 -0.68807817485726 0
    outer loop
      vertex -11.19854000210762 -11.009800001978874 0.5999999999999943
      vertex -11.24766543507576 -10.95799308270216 0
      vertex -11.19854000210762 -11.009800001978874 0
    endloop
  endfacet
  facet normal -0.7475556643195247 -0.6641991634621306 0
    outer loop
      vertex -11.155157774686813 -11.058626666665077 0.5999999999999943
      vertex -11.19854000210762 -11.009800001978874 0
      vertex -11.155157774686813 -11.058626666665077 0
    endloop
  endfacet
  facet normal -0.7662967961306837 -0.6424867471316817 0
    outer loop
      vertex -11.11422000080347 -11.10745333135128 0.5999999999999943
      vertex -11.155157774686813 -11.058626666665077 0
      vertex -11.11422000080347 -11.10745333135128 0
    endloop
  endfacet
  facet normal -0.7853052747169067 -0.6191087347968883 0
    outer loop
      vertex -11.07572666555643 -11.156280003488064 0.5999999999999943
      vertex -11.11422000080347 -11.10745333135128 0
      vertex -11.07572666555643 -11.156280003488064 0
    endloop
  endfacet
  facet normal -0.8044940844820865 -0.5939606620251289 0
    outer loop
      vertex -11.039677776396275 -11.205106668174267 0.5999999999999943
      vertex -11.07572666555643 -11.156280003488064 0
      vertex -11.039677776396275 -11.205106668174267 0
    endloop
  endfacet
  facet normal -0.8237574041572245 -0.5669424477812111 0
    outer loop
      vertex -11.006073333323002 -11.25393333286047 0.5999999999999943
      vertex -11.039677776396275 -11.205106668174267 0
      vertex -11.006073333323002 -11.25393333286047 0
    endloop
  endfacet
  facet normal -0.8429688659591424 -0.5379623509350421 0
    outer loop
      vertex -10.974913336336613 -11.302759997546673 0.5999999999999943
      vertex -11.006073333323002 -11.25393333286047 0
      vertex -10.974913336336613 -11.302759997546673 0
    endloop
  endfacet
  facet normal -0.8619806060653814 -0.5069412537633506 0
    outer loop
      vertex -10.946197777986526 -11.351586669683456 0.5999999999999943
      vertex -10.974913336336613 -11.302759997546673 0
      vertex -10.946197777986526 -11.351586669683456 0
    endloop
  endfacet
  facet normal -0.8806228982571417 -0.4738178036600057 0
    outer loop
      vertex -10.919926665723324 -11.40041333436966 0.5999999999999943
      vertex -10.946197777986526 -11.351586669683456 0
      vertex -10.919926665723324 -11.40041333436966 0
    endloop
  endfacet
  facet normal -0.8987047501686006 -0.43855418368132476 0
    outer loop
      vertex -10.896099999547005 -11.449239999055862 0.5999999999999943
      vertex -10.919926665723324 -11.40041333436966 0
      vertex -10.896099999547005 -11.449239999055862 0
    endloop
  endfacet
  facet normal -0.916346633907048 -0.4003858720374914 0
    outer loop
      vertex -10.87475135922432 -11.498099751770496 0.5999999999999943
      vertex -10.896099999547005 -11.449239999055862 0
      vertex -10.87475135922432 -11.498099751770496 0
    endloop
  endfacet
  facet normal 0 0 -1
    outer loop
      vertex -11.378171108663082 -12.231951110064983 0.5999999999999943
      vertex -10.982273824512959 -12.53332395106554 0.5999999999999943
      vertex -11.407779015600681 -12.279237531125546 0.5999999999999943
    endloop
  endfacet
  facet normal 0 0 -1
    outer loop
      vertex -11.407779015600681 -12.279237531125546 0.5999999999999943
      vertex -11.039792343974113 -12.602392099797726 0.5999999999999943
      vertex -11.441941976547241 -12.32304049283266 0.5999999999999943
    endloop
  endfacet
  facet normal 0 0 -1
    outer loop
      vertex -11.441941976547241 -12.32304049283266 0.5999999999999943
      vertex -11.104979999363422 -12.665799997746944 0.5999999999999943
      vertex -11.480659998953342 -12.36336000263691 0.5999999999999943
    endloop
  endfacet
  facet normal 0 0 -1
    outer loop
      vertex -11.361005187034607 -11.541759014129639 0.5999999999999943
      vertex -10.946197777986526 -11.351586669683456 0.5999999999999943
      vertex -11.34380666911602 -11.585764445364475 0.5999999999999943
    endloop
  endfacet
  facet normal 0 0 -1
    outer loop
      vertex -11.34380666911602 -11.585764445364475 0.5999999999999943
      vertex -10.896099999547005 -11.449239999055862 0.5999999999999943
      vertex -11.329254075884819 -11.63097383081913 0.5999999999999943
    endloop
  endfacet
  facet normal 0 0 -1
    outer loop
      vertex -11.329254075884819 -11.63097383081913 0.5999999999999943
      vertex -10.87475135922432 -11.498099751770496 0.5999999999999943
      vertex -11.317347407341003 -11.677387163043022 0.5999999999999943
    endloop
  endfacet
  facet normal 0 0 -1
    outer loop
      vertex -11.317347407341003 -11.677387163043022 0.5999999999999943
      vertex -10.839588887989521 -11.59601777791977 0.5999999999999943
      vertex -11.308086663484573 -11.725004442036152 0.5999999999999943
    endloop
  endfacet
  facet normal 0 0 -1
    outer loop
      vertex -11.308086663484573 -11.725004442036152 0.5999999999999943
      vertex -10.825775064527988 -11.645076051354408 0.5999999999999943
      vertex -11.30147185176611 -11.77382568269968 0.5999999999999943
    endloop
  endfacet
  facet normal 0 0 -1
    outer loop
      vertex -11.329254075884819 -11.63097383081913 0.5999999999999943
      vertex -10.896099999547005 -11.449239999055862 0.5999999999999943
      vertex -10.87475135922432 -11.498099751770496 0.5999999999999943
    endloop
  endfacet
  facet normal 0 0 -1
    outer loop
      vertex -11.317347407341003 -11.677387163043022 0.5999999999999943
      vertex -10.87475135922432 -11.498099751770496 0.5999999999999943
      vertex -10.855914324522018 -11.547025680541992 0.5999999999999943
    endloop
  endfacet
  facet normal 0 0 -1
    outer loop
      vertex -11.317347407341003 -11.677387163043022 0.5999999999999943
      vertex -10.855914324522018 -11.547025680541992 0.5999999999999943
      vertex -10.839588887989521 -11.59601777791977 0.5999999999999943
    endloop
  endfacet
  facet normal 0 0 -1
    outer loop
      vertex -11.308086663484573 -11.725004442036152 0.5999999999999943
      vertex -10.839588887989521 -11.59601777791977 0.5999999999999943
      vertex -10.825775064527988 -11.645076051354408 0.5999999999999943
    endloop
  endfacet
  facet normal 0 0 -1
    outer loop
      vertex -11.30147185176611 -11.77382568269968 0.5999999999999943
      vertex -10.825775064527988 -11.645076051354408 0.5999999999999943
      vertex -10.81447283923626 -11.694200493395329 0.5999999999999943
    endloop
  endfacet
  facet normal 0 0 -1
    outer loop
      vertex -11.30147185176611 -11.77382568269968 0.5999999999999943
      vertex -10.81447283923626 -11.694200493395329 0.5999999999999943
      vertex -10.805682219564915 -11.74339111149311 0.5999999999999943
    endloop
  endfacet
  facet normal 0 0 -1
    outer loop
      vertex -11.30147185176611 -11.77382568269968 0.5999999999999943
      vertex -10.805682219564915 -11.74339111149311 0.5999999999999943
      vertex -11.297502964735031 -11.823850862681866 0.5999999999999943
    endloop
  endfacet
  facet normal 0 0 -1
    outer loop
      vertex -11.297502964735031 -11.823850862681866 0.5999999999999943
      vertex -10.795635804533958 -11.8419708609581 0.5999999999999943
      vertex -11.296180002391338 -11.87507999688387 0.5999999999999943
    endloop
  endfacet
  facet normal 0 0 -1
    outer loop
      vertex -11.296180002391338 -11.87507999688387 0.5999999999999943
      vertex -10.794380001723766 -11.891359999775887 0.5999999999999943
      vertex -11.298457533121109 -11.943267159163952 0.5999999999999943
    endloop
  endfacet
  facet normal 0 0 -1
    outer loop
      vertex -11.298457533121109 -11.943267159163952 0.5999999999999943
      vertex -10.798214569687843 -12.000049874186516 0.5999999999999943
      vertex -11.305290125310421 -12.007970862090588 0.5999999999999943
    endloop
  endfacet
  facet normal 0 0 -1
    outer loop
      vertex -11.297502964735031 -11.823850862681866 0.5999999999999943
      vertex -10.805682219564915 -11.74339111149311 0.5999999999999943
      vertex -10.799403212964535 -11.792647898197174 0.5999999999999943
    endloop
  endfacet
  facet normal 0 0 -1
    outer loop
      vertex -11.297502964735031 -11.823850862681866 0.5999999999999943
      vertex -10.799403212964535 -11.792647898197174 0.5999999999999943
      vertex -10.795635804533958 -11.8419708609581 0.5999999999999943
    endloop
  endfacet
  facet normal 0 0 -1
    outer loop
      vertex -11.296180002391338 -11.87507999688387 0.5999999999999943
      vertex -10.795635804533958 -11.8419708609581 0.5999999999999943
      vertex -10.794380001723766 -11.891359999775887 0.5999999999999943
    endloop
  endfacet
  facet normal 0 0 -1
    outer loop
      vertex -11.298457533121109 -11.943267159163952 0.5999999999999943
      vertex -10.794380001723766 -11.891359999775887 0.5999999999999943
      vertex -10.798214569687843 -12.000049874186516 0.5999999999999943
    endloop
  endfacet
  facet normal 0 0 -1
    outer loop
      vertex -11.305290125310421 -12.007970862090588 0.5999999999999943
      vertex -10.809718273580074 -12.103079505264759 0.5999999999999943
      vertex -11.316677778959274 -12.069191113114357 0.5999999999999943
    endloop
  endfacet
  facet normal 0 0 -1
    outer loop
      vertex -11.316677778959274 -12.069191113114357 0.5999999999999943
      vertex -10.82889111340046 -12.200448885560036 0.5999999999999943
      vertex -11.332620494067669 -12.12692790478468 0.5999999999999943
    endloop
  endfacet
  facet normal 0 0 -1
    outer loop
      vertex -11.332620494067669 -12.12692790478468 0.5999999999999943
      vertex -10.855733089148998 -12.292158022522926 0.5999999999999943
      vertex -11.353118270635605 -12.181181237101555 0.5999999999999943
    endloop
  endfacet
  facet normal 0 0 -1
    outer loop
      vertex -11.305290125310421 -12.007970862090588 0.5999999999999943
      vertex -10.798214569687843 -12.000049874186516 0.5999999999999943
      vertex -10.809718273580074 -12.103079505264759 0.5999999999999943
    endloop
  endfacet
  facet normal 0 0 -1
    outer loop
      vertex -11.316677778959274 -12.069191113114357 0.5999999999999943
      vertex -10.809718273580074 -12.103079505264759 0.5999999999999943
      vertex -10.82889111340046 -12.200448885560036 0.5999999999999943
    endloop
  endfacet
  facet normal 0 0 -1
    outer loop
      vertex -11.332620494067669 -12.12692790478468 0.5999999999999943
      vertex -10.82889111340046 -12.200448885560036 0.5999999999999943
      vertex -10.855733089148998 -12.292158022522926 0.5999999999999943
    endloop
  endfacet
  facet normal 0 0 -1
    outer loop
      vertex -11.353118270635605 -12.181181237101555 0.5999999999999943
      vertex -10.932424440979958 -12.458595559000969 0.5999999999999943
      vertex -11.378171108663082 -12.231951110064983 0.5999999999999943
    endloop
  endfacet
  facet normal 0 0 -1
    outer loop
      vertex -11.378171108663082 -12.231951110064983 0.5999999999999943
      vertex -10.932424440979958 -12.458595559000969 0.5999999999999943
      vertex -10.982273824512959 -12.53332395106554 0.5999999999999943
    endloop
  endfacet
  facet normal 0 0 -1
    outer loop
      vertex -11.407779015600681 -12.279237531125546 0.5999999999999943
      vertex -10.982273824512959 -12.53332395106554 0.5999999999999943
      vertex -11.039792343974113 -12.602392099797726 0.5999999999999943
    endloop
  endfacet
  facet normal 0 0 -1
    outer loop
      vertex -11.353118270635605 -12.181181237101555 0.5999999999999943
      vertex -10.855733089148998 -12.292158022522926 0.5999999999999943
      vertex -10.890244200825691 -12.378206916153431 0.5999999999999943
    endloop
  endfacet
  facet normal 0 0 -1
    outer loop
      vertex -11.353118270635605 -12.181181237101555 0.5999999999999943
      vertex -10.890244200825691 -12.378206916153431 0.5999999999999943
      vertex -10.932424440979958 -12.458595559000969 0.5999999999999943
    endloop
  endfacet
  facet normal 0.9072328965743253 0.420628662092064 0
    outer loop
      vertex -11.38084962964058 -11.49895752966404 0.5999999999999943
      vertex -11.361005187034607 -11.541759014129639 0.5999999999999943
      vertex -11.361005187034607 -11.541759014129639 0
    endloop
  endfacet
  facet normal 0.9313935199133314 0.364013888558465 0
    outer loop
      vertex -11.361005187034607 -11.541759014129639 0.5999999999999943
      vertex -11.34380666911602 -11.585764445364475 0.5999999999999943
      vertex -11.34380666911602 -11.585764445364475 0
    endloop
  endfacet
  facet normal 0.9518996309679962 0.30641000728271367 0
    outer loop
      vertex -11.34380666911602 -11.585764445364475 0.5999999999999943
      vertex -11.329254075884819 -11.63097383081913 0.5999999999999943
      vertex -11.329254075884819 -11.63097383081913 0
    endloop
  endfacet
  facet normal 0.9686346660391348 0.24848920247619175 0
    outer loop
      vertex -11.329254075884819 -11.63097383081913 0.5999999999999943
      vertex -11.317347407341003 -11.677387163043022 0.5999999999999943
      vertex -11.317347407341003 -11.677387163043022 0
    endloop
  endfacet
  facet normal 0.9816083266978866 0.1909059793651715 0
    outer loop
      vertex -11.317347407341003 -11.677387163043022 0.5999999999999943
      vertex -11.308086663484573 -11.725004442036152 0.5999999999999943
      vertex -11.308086663484573 -11.725004442036152 0
    endloop
  endfacet
  facet normal 0.9909456430263371 0.13426366808306375 0
    outer loop
      vertex -11.308086663484573 -11.725004442036152 0.5999999999999943
      vertex -11.30147185176611 -11.77382568269968 0.5999999999999943
      vertex -11.30147185176611 -11.77382568269968 0
    endloop
  endfacet
  facet normal 0.9968675380371047 0.0790892635434276 0
    outer loop
      vertex -11.30147185176611 -11.77382568269968 0.5999999999999943
      vertex -11.297502964735031 -11.823850862681866 0.5999999999999943
      vertex -11.297502964735031 -11.823850862681866 0
    endloop
  endfacet
  facet normal 0.9996667165251724 0.025815806626575514 0
    outer loop
      vertex -11.297502964735031 -11.823850862681866 0.5999999999999943
      vertex -11.296180002391338 -11.87507999688387 0.5999999999999943
      vertex -11.296180002391338 -11.87507999688387 0
    endloop
  endfacet
  facet normal 0.9994426473627214 -0.033382549821652126 0
    outer loop
      vertex -11.296180002391338 -11.87507999688387 0.5999999999999943
      vertex -11.298457533121109 -11.943267159163952 0.5999999999999943
      vertex -11.298457533121109 -11.943267159163952 0
    endloop
  endfacet
  facet normal 0.40381090357439453 -0.9148424750493557 0
    outer loop
      vertex -11.67300370335579 -12.483379751443863 0.5999999999999943
      vertex -11.67300370335579 -12.483379751443863 0
      vertex -11.61959332972765 -12.459804445505142 0.5999999999999943
    endloop
  endfacet
  facet normal 0.9944707139045479 -0.10501428086778924 0
    outer loop
      vertex -11.298457533121109 -11.943267159163952 0.5999999999999943
      vertex -11.305290125310421 -12.007970862090588 0.5999999999999943
      vertex -11.305290125310421 -12.007970862090588 0
    endloop
  endfacet
  facet normal 0.9831362879173051 -0.18287438142118656 0
    outer loop
      vertex -11.305290125310421 -12.007970862090588 0.5999999999999943
      vertex -11.316677778959274 -12.069191113114357 0.5999999999999943
      vertex -11.316677778959274 -12.069191113114357 0
    endloop
  endfacet
  facet normal 0.9639270028147884 -0.2661667395534217 0
    outer loop
      vertex -11.316677778959274 -12.069191113114357 0.5999999999999943
      vertex -11.332620494067669 -12.12692790478468 0.5999999999999943
      vertex -11.332620494067669 -12.12692790478468 0
    endloop
  endfacet
  facet normal 0.9354602750259485 -0.35343185177396885 0
    outer loop
      vertex -11.332620494067669 -12.12692790478468 0.5999999999999943
      vertex -11.353118270635605 -12.181181237101555 0.5999999999999943
      vertex -11.353118270635605 -12.181181237101555 0
    endloop
  endfacet
  facet normal 0.8967612562745819 -0.4425146881684648 0
    outer loop
      vertex -11.353118270635605 -12.181181237101555 0.5999999999999943
      vertex -11.378171108663082 -12.231951110064983 0.5999999999999943
      vertex -11.378171108663082 -12.231951110064983 0
    endloop
  endfacet
  facet normal 0.7212863857963945 -0.6926369537245142 0
    outer loop
      vertex -11.441941976547241 -12.32304049283266 0.5999999999999943
      vertex -11.480659998953342 -12.36336000263691 0.5999999999999943
      vertex -11.480659998953342 -12.36336000263691 0
    endloop
  endfacet
  facet normal 0.4877996849203101 -0.872955593023864 0
    outer loop
      vertex -11.61959332972765 -12.459804445505142 0.5999999999999943
      vertex -11.61959332972765 -12.459804445505142 0
      vertex -11.569732591509819 -12.431942716240883 0.5999999999999943
    endloop
  endfacet
  facet normal 0.5702480305301623 -0.8214725702520267 0
    outer loop
      vertex -11.523421481251717 -12.399794571101665 0.5999999999999943
      vertex -11.569732591509819 -12.431942716240883 0.5999999999999943
      vertex -11.569732591509819 -12.431942716240883 0
    endloop
  endfacet
  facet normal 0.6485502169388215 -0.7611718702820065 0
    outer loop
      vertex -11.480659998953342 -12.36336000263691 0.5999999999999943
      vertex -11.523421481251717 -12.399794571101665 0.5999999999999943
      vertex -11.523421481251717 -12.399794571101665 0
    endloop
  endfacet
  facet normal 0.8475638647225504 -0.5306934098107626 0
    outer loop
      vertex -11.378171108663082 -12.231951110064983 0.5999999999999943
      vertex -11.407779015600681 -12.279237531125546 0.5999999999999943
      vertex -11.407779015600681 -12.279237531125546 0
    endloop
  endfacet
  facet normal 0.7885315436389493 -0.6149943127268546 0
    outer loop
      vertex -11.407779015600681 -12.279237531125546 0.5999999999999943
      vertex -11.441941976547241 -12.32304049283266 0.5999999999999943
      vertex -11.441941976547241 -12.32304049283266 0
    endloop
  endfacet
  facet normal -0.9332217616337696 -0.35930090956350724 0
    outer loop
      vertex -10.87475135922432 -11.498099751770496 0.5999999999999943
      vertex -10.87475135922432 -11.498099751770496 0
      vertex -10.855914324522018 -11.547025680541992 0.5999999999999943
    endloop
  endfacet
  facet normal -0.948713866070219 -0.31613604717921434 0
    outer loop
      vertex -10.855914324522018 -11.547025680541992 0.5999999999999943
      vertex -10.855914324522018 -11.547025680541992 0
      vertex -10.839588887989521 -11.59601777791977 0.5999999999999943
    endloop
  endfacet
  facet normal -0.9625681320564938 -0.27103983314131586 0
    outer loop
      vertex -10.839588887989521 -11.59601777791977 0.5999999999999943
      vertex -10.839588887989521 -11.59601777791977 0
      vertex -10.825775064527988 -11.645076051354408 0.5999999999999943
    endloop
  endfacet
  facet normal -0.9745395678173232 -0.22421558990941037 0
    outer loop
      vertex -10.825775064527988 -11.645076051354408 0.5999999999999943
      vertex -10.825775064527988 -11.645076051354408 0
      vertex -10.81447283923626 -11.694200493395329 0.5999999999999943
    endloop
  endfacet
  facet normal -0.9844047772154928 -0.17591826111952083 0
    outer loop
      vertex -10.81447283923626 -11.694200493395329 0.5999999999999943
      vertex -10.81447283923626 -11.694200493395329 0
      vertex -10.805682219564915 -11.74339111149311 0.5999999999999943
    endloop
  endfacet
  facet normal -0.9919727677603211 -0.12645168255870803 0
    outer loop
      vertex -10.805682219564915 -11.74339111149311 0.5999999999999943
      vertex -10.805682219564915 -11.74339111149311 0
      vertex -10.799403212964535 -11.792647898197174 0.5999999999999943
    endloop
  endfacet
  facet normal -0.9970955639443512 -0.07616059586489715 0
    outer loop
      vertex -10.799403212964535 -11.792647898197174 0.5999999999999943
      vertex -10.799403212964535 -11.792647898197174 0
      vertex -10.795635804533958 -11.8419708609581 0.5999999999999943
    endloop
  endfacet
  facet normal -0.9996768981262526 -0.02541848446847093 0
    outer loop
      vertex -10.795635804533958 -11.8419708609581 0.5999999999999943
      vertex -10.795635804533958 -11.8419708609581 0
      vertex -10.794380001723766 -11.891359999775887 0.5999999999999943
    endloop
  endfacet
  facet normal -0.9993782446579155 0.03525796512086115 0
    outer loop
      vertex -10.794380001723766 -11.891359999775887 0.5999999999999943
      vertex -10.794380001723766 -11.891359999775887 0
      vertex -10.798214569687843 -12.000049874186516 0.5999999999999943
    endloop
  endfacet
  facet normal -0.8855057640751273 0.4646283910715369 0
    outer loop
      vertex -10.890244200825691 -12.378206916153431 0.5999999999999943
      vertex -10.890244200825691 -12.378206916153431 0
      vertex -10.932424440979958 -12.458595559000969 0.5999999999999943
    endloop
  endfacet
  facet normal -0.9938243387920528 0.1109647855156715 0
    outer loop
      vertex -10.798214569687843 -12.000049874186516 0.5999999999999943
      vertex -10.798214569687843 -12.000049874186516 0
      vertex -10.809718273580074 -12.103079505264759 0.5999999999999943
    endloop
  endfacet
  facet normal -0.9811596923910963 0.19319849385284868 0
    outer loop
      vertex -10.809718273580074 -12.103079505264759 0.5999999999999943
      vertex -10.809718273580074 -12.103079505264759 0
      vertex -10.82889111340046 -12.200448885560036 0.5999999999999943
    endloop
  endfacet
  facet normal -0.9597366251647074 0.28090142455576467 0
    outer loop
      vertex -10.82889111340046 -12.200448885560036 0.5999999999999943
      vertex -10.82889111340046 -12.200448885560036 0
      vertex -10.855733089148998 -12.292158022522926 0.5999999999999943
    endloop
  endfacet
  facet normal -0.9281357774811728 0.3722418280626436 0
    outer loop
      vertex -10.855733089148998 -12.292158022522926 0.5999999999999943
      vertex -10.855733089148998 -12.292158022522926 0
      vertex -10.890244200825691 -12.378206916153431 0.5999999999999943
    endloop
  endfacet
  facet normal 0 0 -1
    outer loop
      vertex -11.99329999834299 -12.536959998309612 0.5999999999999943
      vertex -11.92214148491621 -12.534816786646843 0.5999999999999943
      vertex -11.99329999834299 -12.938400000333786 0.5999999999999943
    endloop
  endfacet
  facet normal 0 0 -1
    outer loop
      vertex -11.92214148491621 -12.534816786646843 0.5999999999999943
      vertex -11.854532591998577 -12.528387159109116 0.5999999999999943
      vertex -11.868207655847073 -12.935034565627575 0.5999999999999943
    endloop
  endfacet
  facet normal 0 0 -1
    outer loop
      vertex -11.854532591998577 -12.528387159109116 0.5999999999999943
      vertex -11.790473334491253 -12.51767110824585 0.5999999999999943
      vertex -11.749712839722633 -12.924938268959522 0.5999999999999943
    endloop
  endfacet
  facet normal 0 0 -1
    outer loop
      vertex -11.729963704943657 -12.502668641507626 0.5999999999999943
      vertex -11.637815557420254 -12.908111110329628 0.5999999999999943
      vertex -11.790473334491253 -12.51767110824585 0.5999999999999943
    endloop
  endfacet
  facet normal 0 0 -1
    outer loop
      vertex -11.729963704943657 -12.502668641507626 0.5999999999999943
      vertex -11.67300370335579 -12.483379751443863 0.5999999999999943
      vertex -11.532515801489353 -12.884553089737892 0.5999999999999943
    endloop
  endfacet
  facet normal 0 0 -1
    outer loop
      vertex -11.92214148491621 -12.534816786646843 0.5999999999999943
      vertex -11.868207655847073 -12.935034565627575 0.5999999999999943
      vertex -11.99329999834299 -12.938400000333786 0.5999999999999943
    endloop
  endfacet
  facet normal 0 0 -1
    outer loop
      vertex -11.854532591998577 -12.528387159109116 0.5999999999999943
      vertex -11.749712839722633 -12.924938268959522 0.5999999999999943
      vertex -11.868207655847073 -12.935034565627575 0.5999999999999943
    endloop
  endfacet
  facet normal 0 0 -1
    outer loop
      vertex -11.790473334491253 -12.51767110824585 0.5999999999999943
      vertex -11.637815557420254 -12.908111110329628 0.5999999999999943
      vertex -11.749712839722633 -12.924938268959522 0.5999999999999943
    endloop
  endfacet
  facet normal 0 0 -1
    outer loop
      vertex -11.729963704943657 -12.502668641507626 0.5999999999999943
      vertex -11.532515801489353 -12.884553089737892 0.5999999999999943
      vertex -11.637815557420254 -12.908111110329628 0.5999999999999943
    endloop
  endfacet
  facet normal 0 0 -1
    outer loop
      vertex -11.67300370335579 -12.483379751443863 0.5999999999999943
      vertex -11.61959332972765 -12.459804445505142 0.5999999999999943
      vertex -11.433813579380512 -12.854264199733734 0.5999999999999943
    endloop
  endfacet
  facet normal 0 0 -1
    outer loop
      vertex -11.523421481251717 -12.399794571101665 0.5999999999999943
      vertex -11.256201729178429 -12.773493826389313 0.5999999999999943
      vertex -11.569732591509819 -12.431942716240883 0.5999999999999943
    endloop
  endfacet
  facet normal 0 0 -1
    outer loop
      vertex -11.61959332972765 -12.459804445505142 0.5999999999999943
      vertex -11.569732591509819 -12.431942716240883 0.5999999999999943
      vertex -11.341708891093731 -12.817244447767735 0.5999999999999943
    endloop
  endfacet
  facet normal 0 0 -1
    outer loop
      vertex -11.61959332972765 -12.459804445505142 0.5999999999999943
      vertex -11.341708891093731 -12.817244447767735 0.5999999999999943
      vertex -11.433813579380512 -12.854264199733734 0.5999999999999943
    endloop
  endfacet
  facet normal 0 0 -1
    outer loop
      vertex -11.480659998953342 -12.36336000263691 0.5999999999999943
      vertex -11.177292101085186 -12.72301234304905 0.5999999999999943
      vertex -11.523421481251717 -12.399794571101665 0.5999999999999943
    endloop
  endfacet
  facet normal 0 0 -1
    outer loop
      vertex -11.480659998953342 -12.36336000263691 0.5999999999999943
      vertex -11.104979999363422 -12.665799997746944 0.5999999999999943
      vertex -11.177292101085186 -12.72301234304905 0.5999999999999943
    endloop
  endfacet
  facet normal 0 0 -1
    outer loop
      vertex -11.569732591509819 -12.431942716240883 0.5999999999999943
      vertex -11.256201729178429 -12.773493826389313 0.5999999999999943
      vertex -11.341708891093731 -12.817244447767735 0.5999999999999943
    endloop
  endfacet
  facet normal 0 0 -1
    outer loop
      vertex -11.523421481251717 -12.399794571101665 0.5999999999999943
      vertex -11.177292101085186 -12.72301234304905 0.5999999999999943
      vertex -11.256201729178429 -12.773493826389313 0.5999999999999943
    endloop
  endfacet
  facet normal 0 0 -1
    outer loop
      vertex -11.67300370335579 -12.483379751443863 0.5999999999999943
      vertex -11.433813579380512 -12.854264199733734 0.5999999999999943
      vertex -11.532515801489353 -12.884553089737892 0.5999999999999943
    endloop
  endfacet
  facet normal 0 0 -1
    outer loop
      vertex -11.441941976547241 -12.32304049283266 0.5999999999999943
      vertex -11.039792343974113 -12.602392099797726 0.5999999999999943
      vertex -11.104979999363422 -12.665799997746944 0.5999999999999943
    endloop
  endfacet
  facet normal 0.030105185160844115 -0.9995467361891744 0
    outer loop
      vertex -11.99329999834299 -12.536959998309612 0.5999999999999943
      vertex -11.99329999834299 -12.536959998309612 0
      vertex -11.92214148491621 -12.534816786646843 0.5999999999999943
    endloop
  endfacet
  facet normal 0.09467317092310115 -0.9955084081550317 0
    outer loop
      vertex -11.92214148491621 -12.534816786646843 0.5999999999999943
      vertex -11.92214148491621 -12.534816786646843 0
      vertex -11.854532591998577 -12.528387159109116 0.5999999999999943
    endloop
  endfacet
  facet normal 0.16499080573161554 -0.9862951049376816 0
    outer loop
      vertex -11.854532591998577 -12.528387159109116 0.5999999999999943
      vertex -11.854532591998577 -12.528387159109116 0
      vertex -11.790473334491253 -12.51767110824585 0.5999999999999943
    endloop
  endfacet
  facet normal 0.24064893038916932 -0.970612225506432 0
    outer loop
      vertex -11.729963704943657 -12.502668641507626 0.5999999999999943
      vertex -11.790473334491253 -12.51767110824585 0.5999999999999943
      vertex -11.790473334491253 -12.51767110824585 0
    endloop
  endfacet
  facet normal 0.32074715976241636 -0.9471648533937177 0
    outer loop
      vertex -11.729963704943657 -12.502668641507626 0.5999999999999943
      vertex -11.729963704943657 -12.502668641507626 0
      vertex -11.67300370335579 -12.483379751443863 0.5999999999999943
    endloop
  endfacet
  facet normal -0.026893871699608895 0.9996382944170381 0
    outer loop
      vertex -11.99329999834299 -12.938400000333786 0.5999999999999943
      vertex -11.868207655847073 -12.935034565627575 0.5999999999999943
      vertex -11.868207655847073 -12.935034565627575 0
    endloop
  endfacet
  facet normal -0.08489693241700327 0.9963897384388214 0
    outer loop
      vertex -11.868207655847073 -12.935034565627575 0.5999999999999943
      vertex -11.749712839722633 -12.924938268959522 0.5999999999999943
      vertex -11.749712839722633 -12.924938268959522 0
    endloop
  endfacet
  facet normal -0.14870834027405877 0.9888810997955896 0
    outer loop
      vertex -11.749712839722633 -12.924938268959522 0.5999999999999943
      vertex -11.637815557420254 -12.908111110329628 0.5999999999999943
      vertex -11.637815557420254 -12.908111110329628 0
    endloop
  endfacet
  facet normal -0.21832627004619765 0.9758758321670411 0
    outer loop
      vertex -11.637815557420254 -12.908111110329628 0.5999999999999943
      vertex -11.532515801489353 -12.884553089737892 0.5999999999999943
      vertex -11.532515801489353 -12.884553089737892 0
    endloop
  endfacet
  facet normal -0.29336886055869227 0.9559993261788915 0
    outer loop
      vertex -11.532515801489353 -12.884553089737892 0.5999999999999943
      vertex -11.433813579380512 -12.854264199733734 0.5999999999999943
      vertex -11.433813579380512 -12.854264199733734 0
    endloop
  endfacet
  facet normal -0.37293492050887783 0.9278575025643954 0
    outer loop
      vertex -11.433813579380512 -12.854264199733734 0.5999999999999943
      vertex -11.341708891093731 -12.817244447767735 0.5999999999999943
      vertex -11.341708891093731 -12.817244447767735 0
    endloop
  endfacet
  facet normal -0.4554986694508231 0.8902364641647351 0
    outer loop
      vertex -11.341708891093731 -12.817244447767735 0.5999999999999943
      vertex -11.256201729178429 -12.773493826389313 0.5999999999999943
      vertex -11.256201729178429 -12.773493826389313 0
    endloop
  endfacet
  facet normal -0.6204713458392848 0.7842291176642109 0
    outer loop
      vertex -11.104979999363422 -12.665799997746944 0.5999999999999943
      vertex -11.104979999363422 -12.665799997746944 0
      vertex -11.177292101085186 -12.72301234304905 0.5999999999999943
    endloop
  endfacet
  facet normal -0.7684306448172222 0.6399330778337593 0
    outer loop
      vertex -10.982273824512959 -12.53332395106554 0.5999999999999943
      vertex -10.982273824512959 -12.53332395106554 0
      vertex -11.039792343974113 -12.602392099797726 0.5999999999999943
    endloop
  endfacet
  facet normal -0.8318937823510962 0.5549348924744119 0
    outer loop
      vertex -10.932424440979958 -12.458595559000969 0.5999999999999943
      vertex -10.932424440979958 -12.458595559000969 0
      vertex -10.982273824512959 -12.53332395106554 0.5999999999999943
    endloop
  endfacet
  facet normal -0.6972536765650366 0.7168244628335024 0
    outer loop
      vertex -11.104979999363422 -12.665799997746944 0.5999999999999943
      vertex -11.039792343974113 -12.602392099797726 0.5999999999999943
      vertex -11.039792343974113 -12.602392099797726 0
    endloop
  endfacet
  facet normal -0.5388970842076793 0.8423716119578468 0
    outer loop
      vertex -11.177292101085186 -12.72301234304905 0.5999999999999943
      vertex -11.177292101085186 -12.72301234304905 0
      vertex -11.256201729178429 -12.773493826389313 0.5999999999999943
    endloop
  endfacet
  facet normal 0.9072328965743253 0.420628662092064 0
    outer loop
      vertex -11.38084962964058 -11.49895752966404 0.5999999999999943
      vertex -11.361005187034607 -11.541759014129639 0
      vertex -11.38084962964058 -11.49895752966404 0
    endloop
  endfacet
  facet normal 0.9313935199133314 0.364013888558465 0
    outer loop
      vertex -11.361005187034607 -11.541759014129639 0.5999999999999943
      vertex -11.34380666911602 -11.585764445364475 0
      vertex -11.361005187034607 -11.541759014129639 0
    endloop
  endfacet
  facet normal 0.9518996309679962 0.30641000728271367 0
    outer loop
      vertex -11.34380666911602 -11.585764445364475 0.5999999999999943
      vertex -11.329254075884819 -11.63097383081913 0
      vertex -11.34380666911602 -11.585764445364475 0
    endloop
  endfacet
  facet normal 0.9686346660391348 0.24848920247619175 0
    outer loop
      vertex -11.329254075884819 -11.63097383081913 0.5999999999999943
      vertex -11.317347407341003 -11.677387163043022 0
      vertex -11.329254075884819 -11.63097383081913 0
    endloop
  endfacet
  facet normal 0.9816083266978866 0.1909059793651715 0
    outer loop
      vertex -11.317347407341003 -11.677387163043022 0.5999999999999943
      vertex -11.308086663484573 -11.725004442036152 0
      vertex -11.317347407341003 -11.677387163043022 0
    endloop
  endfacet
  facet normal 0.9909456430263371 0.13426366808306375 0
    outer loop
      vertex -11.308086663484573 -11.725004442036152 0.5999999999999943
      vertex -11.30147185176611 -11.77382568269968 0
      vertex -11.308086663484573 -11.725004442036152 0
    endloop
  endfacet
  facet normal 0.9968675380371047 0.0790892635434276 0
    outer loop
      vertex -11.30147185176611 -11.77382568269968 0.5999999999999943
      vertex -11.297502964735031 -11.823850862681866 0
      vertex -11.30147185176611 -11.77382568269968 0
    endloop
  endfacet
  facet normal 0.9996667165251724 0.025815806626575514 0
    outer loop
      vertex -11.297502964735031 -11.823850862681866 0.5999999999999943
      vertex -11.296180002391338 -11.87507999688387 0
      vertex -11.297502964735031 -11.823850862681866 0
    endloop
  endfacet
  facet normal 0.9994426473627214 -0.033382549821652126 0
    outer loop
      vertex -11.296180002391338 -11.87507999688387 0.5999999999999943
      vertex -11.298457533121109 -11.943267159163952 0
      vertex -11.296180002391338 -11.87507999688387 0
    endloop
  endfacet
  facet normal 0.9944707139045479 -0.10501428086778924 0
    outer loop
      vertex -11.298457533121109 -11.943267159163952 0.5999999999999943
      vertex -11.305290125310421 -12.007970862090588 0
      vertex -11.298457533121109 -11.943267159163952 0
    endloop
  endfacet
  facet normal 0.40381090357439453 -0.9148424750493557 0
    outer loop
      vertex -11.61959332972765 -12.459804445505142 0.5999999999999943
      vertex -11.67300370335579 -12.483379751443863 0
      vertex -11.61959332972765 -12.459804445505142 0
    endloop
  endfacet
  facet normal 0.9831362879173051 -0.18287438142118656 0
    outer loop
      vertex -11.305290125310421 -12.007970862090588 0.5999999999999943
      vertex -11.316677778959274 -12.069191113114357 0
      vertex -11.305290125310421 -12.007970862090588 0
    endloop
  endfacet
  facet normal 0.9639270028147884 -0.2661667395534217 0
    outer loop
      vertex -11.316677778959274 -12.069191113114357 0.5999999999999943
      vertex -11.332620494067669 -12.12692790478468 0
      vertex -11.316677778959274 -12.069191113114357 0
    endloop
  endfacet
  facet normal 0.8967612562745819 -0.4425146881684648 0
    outer loop
      vertex -11.353118270635605 -12.181181237101555 0.5999999999999943
      vertex -11.378171108663082 -12.231951110064983 0
      vertex -11.353118270635605 -12.181181237101555 0
    endloop
  endfacet
  facet normal 0.9354602750259485 -0.35343185177396885 0
    outer loop
      vertex -11.332620494067669 -12.12692790478468 0.5999999999999943
      vertex -11.353118270635605 -12.181181237101555 0
      vertex -11.332620494067669 -12.12692790478468 0
    endloop
  endfacet
  facet normal 0.7212863857963945 -0.6926369537245142 0
    outer loop
      vertex -11.441941976547241 -12.32304049283266 0.5999999999999943
      vertex -11.480659998953342 -12.36336000263691 0
      vertex -11.441941976547241 -12.32304049283266 0
    endloop
  endfacet
  facet normal 0.5702480305301623 -0.8214725702520267 0
    outer loop
      vertex -11.523421481251717 -12.399794571101665 0.5999999999999943
      vertex -11.569732591509819 -12.431942716240883 0
      vertex -11.523421481251717 -12.399794571101665 0
    endloop
  endfacet
  facet normal 0.4877996849203101 -0.872955593023864 0
    outer loop
      vertex -11.569732591509819 -12.431942716240883 0.5999999999999943
      vertex -11.61959332972765 -12.459804445505142 0
      vertex -11.569732591509819 -12.431942716240883 0
    endloop
  endfacet
  facet normal 0.6485502169388215 -0.7611718702820065 0
    outer loop
      vertex -11.480659998953342 -12.36336000263691 0.5999999999999943
      vertex -11.523421481251717 -12.399794571101665 0
      vertex -11.480659998953342 -12.36336000263691 0
    endloop
  endfacet
  facet normal 0.8475638647225504 -0.5306934098107626 0
    outer loop
      vertex -11.378171108663082 -12.231951110064983 0.5999999999999943
      vertex -11.407779015600681 -12.279237531125546 0
      vertex -11.378171108663082 -12.231951110064983 0
    endloop
  endfacet
  facet normal 0.7885315436389493 -0.6149943127268546 0
    outer loop
      vertex -11.407779015600681 -12.279237531125546 0.5999999999999943
      vertex -11.441941976547241 -12.32304049283266 0
      vertex -11.407779015600681 -12.279237531125546 0
    endloop
  endfacet
  facet normal -0.9332217616337696 -0.35930090956350724 0
    outer loop
      vertex -10.855914324522018 -11.547025680541992 0.5999999999999943
      vertex -10.87475135922432 -11.498099751770496 0
      vertex -10.855914324522018 -11.547025680541992 0
    endloop
  endfacet
  facet normal -0.948713866070219 -0.31613604717921434 0
    outer loop
      vertex -10.839588887989521 -11.59601777791977 0.5999999999999943
      vertex -10.855914324522018 -11.547025680541992 0
      vertex -10.839588887989521 -11.59601777791977 0
    endloop
  endfacet
  facet normal -0.9625681320564938 -0.27103983314131586 0
    outer loop
      vertex -10.825775064527988 -11.645076051354408 0.5999999999999943
      vertex -10.839588887989521 -11.59601777791977 0
      vertex -10.825775064527988 -11.645076051354408 0
    endloop
  endfacet
  facet normal -0.9745395678173232 -0.22421558990941037 0
    outer loop
      vertex -10.81447283923626 -11.694200493395329 0.5999999999999943
      vertex -10.825775064527988 -11.645076051354408 0
      vertex -10.81447283923626 -11.694200493395329 0
    endloop
  endfacet
  facet normal -0.9844047772154928 -0.17591826111952083 0
    outer loop
      vertex -10.805682219564915 -11.74339111149311 0.5999999999999943
      vertex -10.81447283923626 -11.694200493395329 0
      vertex -10.805682219564915 -11.74339111149311 0
    endloop
  endfacet
  facet normal -0.9919727677603211 -0.12645168255870803 0
    outer loop
      vertex -10.799403212964535 -11.792647898197174 0.5999999999999943
      vertex -10.805682219564915 -11.74339111149311 0
      vertex -10.799403212964535 -11.792647898197174 0
    endloop
  endfacet
  facet normal -0.9970955639443512 -0.07616059586489715 0
    outer loop
      vertex -10.795635804533958 -11.8419708609581 0.5999999999999943
      vertex -10.799403212964535 -11.792647898197174 0
      vertex -10.795635804533958 -11.8419708609581 0
    endloop
  endfacet
  facet normal -0.9996768981262526 -0.02541848446847093 0
    outer loop
      vertex -10.794380001723766 -11.891359999775887 0.5999999999999943
      vertex -10.795635804533958 -11.8419708609581 0
      vertex -10.794380001723766 -11.891359999775887 0
    endloop
  endfacet
  facet normal -0.9993782446579155 0.03525796512086115 0
    outer loop
      vertex -10.798214569687843 -12.000049874186516 0.5999999999999943
      vertex -10.794380001723766 -11.891359999775887 0
      vertex -10.798214569687843 -12.000049874186516 0
    endloop
  endfacet
  facet normal -0.9281357774811728 0.3722418280626436 0
    outer loop
      vertex -10.890244200825691 -12.378206916153431 0.5999999999999943
      vertex -10.855733089148998 -12.292158022522926 0
      vertex -10.890244200825691 -12.378206916153431 0
    endloop
  endfacet
  facet normal -0.8855057640751273 0.4646283910715369 0
    outer loop
      vertex -10.932424440979958 -12.458595559000969 0.5999999999999943
      vertex -10.890244200825691 -12.378206916153431 0
      vertex -10.932424440979958 -12.458595559000969 0
    endloop
  endfacet
  facet normal -0.9938243387920528 0.1109647855156715 0
    outer loop
      vertex -10.809718273580074 -12.103079505264759 0.5999999999999943
      vertex -10.798214569687843 -12.000049874186516 0
      vertex -10.809718273580074 -12.103079505264759 0
    endloop
  endfacet
  facet normal -0.9811596923910963 0.19319849385284868 0
    outer loop
      vertex -10.82889111340046 -12.200448885560036 0.5999999999999943
      vertex -10.809718273580074 -12.103079505264759 0
      vertex -10.82889111340046 -12.200448885560036 0
    endloop
  endfacet
  facet normal -0.9597366251647074 0.28090142455576467 0
    outer loop
      vertex -10.855733089148998 -12.292158022522926 0.5999999999999943
      vertex -10.82889111340046 -12.200448885560036 0
      vertex -10.855733089148998 -12.292158022522926 0
    endloop
  endfacet
  facet normal 0.030105185160844115 -0.9995467361891744 0
    outer loop
      vertex -11.92214148491621 -12.534816786646843 0.5999999999999943
      vertex -11.99329999834299 -12.536959998309612 0
      vertex -11.92214148491621 -12.534816786646843 0
    endloop
  endfacet
  facet normal 0.09467317092310115 -0.9955084081550317 0
    outer loop
      vertex -11.854532591998577 -12.528387159109116 0.5999999999999943
      vertex -11.92214148491621 -12.534816786646843 0
      vertex -11.854532591998577 -12.528387159109116 0
    endloop
  endfacet
  facet normal 0.16499080573161554 -0.9862951049376816 0
    outer loop
      vertex -11.790473334491253 -12.51767110824585 0.5999999999999943
      vertex -11.854532591998577 -12.528387159109116 0
      vertex -11.790473334491253 -12.51767110824585 0
    endloop
  endfacet
  facet normal 0.24064893038916932 -0.970612225506432 0
    outer loop
      vertex -11.729963704943657 -12.502668641507626 0.5999999999999943
      vertex -11.790473334491253 -12.51767110824585 0
      vertex -11.729963704943657 -12.502668641507626 0
    endloop
  endfacet
  facet normal 0.32074715976241636 -0.9471648533937177 0
    outer loop
      vertex -11.67300370335579 -12.483379751443863 0.5999999999999943
      vertex -11.729963704943657 -12.502668641507626 0
      vertex -11.67300370335579 -12.483379751443863 0
    endloop
  endfacet
  facet normal -0.026893871699608895 0.9996382944170381 0
    outer loop
      vertex -11.99329999834299 -12.938400000333786 0.5999999999999943
      vertex -11.868207655847073 -12.935034565627575 0
      vertex -11.99329999834299 -12.938400000333786 0
    endloop
  endfacet
  facet normal -0.08489693241700327 0.9963897384388214 0
    outer loop
      vertex -11.868207655847073 -12.935034565627575 0.5999999999999943
      vertex -11.749712839722633 -12.924938268959522 0
      vertex -11.868207655847073 -12.935034565627575 0
    endloop
  endfacet
  facet normal -0.14870834027405877 0.9888810997955896 0
    outer loop
      vertex -11.749712839722633 -12.924938268959522 0.5999999999999943
      vertex -11.637815557420254 -12.908111110329628 0
      vertex -11.749712839722633 -12.924938268959522 0
    endloop
  endfacet
  facet normal -0.21832627004619765 0.9758758321670411 0
    outer loop
      vertex -11.637815557420254 -12.908111110329628 0.5999999999999943
      vertex -11.532515801489353 -12.884553089737892 0
      vertex -11.637815557420254 -12.908111110329628 0
    endloop
  endfacet
  facet normal -0.29336886055869227 0.9559993261788915 0
    outer loop
      vertex -11.532515801489353 -12.884553089737892 0.5999999999999943
      vertex -11.433813579380512 -12.854264199733734 0
      vertex -11.532515801489353 -12.884553089737892 0
    endloop
  endfacet
  facet normal -0.37293492050887783 0.9278575025643954 0
    outer loop
      vertex -11.433813579380512 -12.854264199733734 0.5999999999999943
      vertex -11.341708891093731 -12.817244447767735 0
      vertex -11.433813579380512 -12.854264199733734 0
    endloop
  endfacet
  facet normal -0.4554986694508231 0.8902364641647351 0
    outer loop
      vertex -11.341708891093731 -12.817244447767735 0.5999999999999943
      vertex -11.256201729178429 -12.773493826389313 0
      vertex -11.341708891093731 -12.817244447767735 0
    endloop
  endfacet
  facet normal -0.6972536765650366 0.7168244628335024 0
    outer loop
      vertex -11.104979999363422 -12.665799997746944 0.5999999999999943
      vertex -11.039792343974113 -12.602392099797726 0
      vertex -11.104979999363422 -12.665799997746944 0
    endloop
  endfacet
  facet normal -0.6204713458392848 0.7842291176642109 0
    outer loop
      vertex -11.177292101085186 -12.72301234304905 0.5999999999999943
      vertex -11.104979999363422 -12.665799997746944 0
      vertex -11.177292101085186 -12.72301234304905 0
    endloop
  endfacet
  facet normal -0.7684306448172222 0.6399330778337593 0
    outer loop
      vertex -11.039792343974113 -12.602392099797726 0.5999999999999943
      vertex -10.982273824512959 -12.53332395106554 0
      vertex -11.039792343974113 -12.602392099797726 0
    endloop
  endfacet
  facet normal -0.8318937823510962 0.5549348924744119 0
    outer loop
      vertex -10.982273824512959 -12.53332395106554 0.5999999999999943
      vertex -10.932424440979958 -12.458595559000969 0
      vertex -10.982273824512959 -12.53332395106554 0
    endloop
  endfacet
  facet normal -0.5388970842076793 0.8423716119578468 0
    outer loop
      vertex -11.256201729178429 -12.773493826389313 0.5999999999999943
      vertex -11.177292101085186 -12.72301234304905 0
      vertex -11.256201729178429 -12.773493826389313 0
    endloop
  endfacet
  facet normal 0 0 -1
    outer loop
      vertex 11.077660001814365 -9.295199997723103 0.5999999999999943
      vertex 11.157410122454166 -9.24026271700859 0.5999999999999943
      vertex 11.38396518677473 -9.646896295249462 0.5999999999999943
    endloop
  endfacet
  facet normal 0 0 -1
    outer loop
      vertex 11.004272349178791 -9.356466174125671 0.5999999999999943
      vertex 11.077660001814365 -9.295199997723103 0.5999999999999943
      vertex 11.38396518677473 -9.646896295249462 0.5999999999999943
    endloop
  endfacet
  facet normal 0 0 -1
    outer loop
      vertex 11.004272349178791 -9.356466174125671 0.5999999999999943
      vertex 11.307180002331734 -9.738986663520336 0.5999999999999943
      vertex 10.937816046178341 -9.423926912248135 0.5999999999999943
    endloop
  endfacet
  facet normal 0 0 -1
    outer loop
      vertex 11.334291107952595 -9.149777777493 0.5999999999999943
      vertex 11.431421972811222 -9.114230126142502 0.5999999999999943
      vertex 11.584753334522247 -9.512946665287018 0.5999999999999943
    endloop
  endfacet
  facet normal 0 0 -1
    outer loop
      vertex 11.431421972811222 -9.114230126142502 0.5999999999999943
      vertex 11.534346416592598 -9.085145682096481 0.5999999999999943
      vertex 11.584753334522247 -9.512946665287018 0.5999999999999943
    endloop
  endfacet
  facet normal 0 0 -1
    outer loop
      vertex 11.157410122454166 -9.24026271700859 0.5999999999999943
      vertex 11.242953829467297 -9.191788643598557 0.5999999999999943
      vertex 11.476489633321762 -9.571549631655216 0.5999999999999943
    endloop
  endfacet
  facet normal 0 0 -1
    outer loop
      vertex 11.242953829467297 -9.191788643598557 0.5999999999999943
      vertex 11.334291107952595 -9.149777777493 0.5999999999999943
      vertex 11.476489633321762 -9.571549631655216 0.5999999999999943
    endloop
  endfacet
  facet normal 0 0 -1
    outer loop
      vertex 11.157410122454166 -9.24026271700859 0.5999999999999943
      vertex 11.476489633321762 -9.571549631655216 0.5999999999999943
      vertex 11.38396518677473 -9.646896295249462 0.5999999999999943
    endloop
  endfacet
  facet normal 0 0 -1
    outer loop
      vertex 11.534346416592598 -9.085145682096481 0.5999999999999943
      vertex 11.708756297826767 -9.471087411046028 0.5999999999999943
      vertex 11.584753334522247 -9.512946665287018 0.5999999999999943
    endloop
  endfacet
  facet normal 0 0 -1
    outer loop
      vertex 11.334291107952595 -9.149777777493 0.5999999999999943
      vertex 11.584753334522247 -9.512946665287018 0.5999999999999943
      vertex 11.476489633321762 -9.571549631655216 0.5999999999999943
    endloop
  endfacet
  facet normal 0 0 -1
    outer loop
      vertex 11.534346416592598 -9.085145682096481 0.5999999999999943
      vertex 11.643064446747303 -9.062524445354939 0.5999999999999943
      vertex 11.708756297826767 -9.471087411046028 0.5999999999999943
    endloop
  endfacet
  facet normal 0 0 -1
    outer loop
      vertex 11.643064446747303 -9.062524445354939 0.5999999999999943
      vertex 11.757576048374176 -9.046366423368454 0.5999999999999943
      vertex 11.708756297826767 -9.471087411046028 0.5999999999999943
    endloop
  endfacet
  facet normal 0 0 -1
    outer loop
      vertex 11.757576048374176 -9.046366423368454 0.5999999999999943
      vertex 11.877881236374378 -9.036671601235867 0.5999999999999943
      vertex 11.84849851578474 -9.445971854031086 0.5999999999999943
    endloop
  endfacet
  facet normal 0 0 -1
    outer loop
      vertex 11.877881236374378 -9.036671601235867 0.5999999999999943
      vertex 12.003980003297329 -9.033440001308918 0.5999999999999943
      vertex 12.003980003297329 -9.437600001692772 0.5999999999999943
    endloop
  endfacet
  facet normal 0 0 -1
    outer loop
      vertex 11.757576048374176 -9.046366423368454 0.5999999999999943
      vertex 11.84849851578474 -9.445971854031086 0.5999999999999943
      vertex 11.708756297826767 -9.471087411046028 0.5999999999999943
    endloop
  endfacet
  facet normal 0 0 -1
    outer loop
      vertex 11.877881236374378 -9.036671601235867 0.5999999999999943
      vertex 12.003980003297329 -9.437600001692772 0.5999999999999943
      vertex 11.84849851578474 -9.445971854031086 0.5999999999999943
    endloop
  endfacet
  facet normal 0.493007230023158 -0.8700252129363224 0
    outer loop
      vertex 11.157410122454166 -9.24026271700859 0.5999999999999943
      vertex 11.157410122454166 -9.24026271700859 0
      vertex 11.242953829467297 -9.191788643598557 0.5999999999999943
    endloop
  endfacet
  facet normal 0.6408619723647108 -0.7676561289905871 0
    outer loop
      vertex 11.004272349178791 -9.356466174125671 0.5999999999999943
      vertex 11.004272349178791 -9.356466174125671 0
      vertex 11.077660001814365 -9.295199997723103 0.5999999999999943
    endloop
  endfacet
  facet normal 0.7123903466884133 -0.7017834380670167 0
    outer loop
      vertex 11.004272349178791 -9.356466174125671 0.5999999999999943
      vertex 10.937816046178341 -9.423926912248135 0.5999999999999943
      vertex 10.937816046178341 -9.423926912248135 0
    endloop
  endfacet
  facet normal 0.7777650704246398 -0.6285550852768236 0
    outer loop
      vertex 10.878291107714176 -9.497582219541073 0.5999999999999943
      vertex 10.878291107714176 -9.497582219541073 0
      vertex 10.937816046178341 -9.423926912248135 0.5999999999999943
    endloop
  endfacet
  facet normal 0.5672933923737463 -0.8235157600004307 0
    outer loop
      vertex 11.077660001814365 -9.295199997723103 0.5999999999999943
      vertex 11.077660001814365 -9.295199997723103 0
      vertex 11.157410122454166 -9.24026271700859 0.5999999999999943
    endloop
  endfacet
  facet normal 0.34368358878632116 -0.9390855077142629 0
    outer loop
      vertex 11.334291107952595 -9.149777777493 0.5999999999999943
      vertex 11.334291107952595 -9.149777777493 0
      vertex 11.431421972811222 -9.114230126142502 0.5999999999999943
    endloop
  endfacet
  facet normal 0.4178704545308226 -0.9085066225571521 0
    outer loop
      vertex 11.242953829467297 -9.191788643598557 0.5999999999999943
      vertex 11.242953829467297 -9.191788643598557 0
      vertex 11.334291107952595 -9.149777777493 0.5999999999999943
    endloop
  endfacet
  facet normal 0.27193190700231384 -0.9623164957300092 0
    outer loop
      vertex 11.431421972811222 -9.114230126142502 0.5999999999999943
      vertex 11.431421972811222 -9.114230126142502 0
      vertex 11.534346416592598 -9.085145682096481 0.5999999999999943
    endloop
  endfacet
  facet normal 0.20370954426830004 -0.9790313690449359 0
    outer loop
      vertex 11.534346416592598 -9.085145682096481 0.5999999999999943
      vertex 11.534346416592598 -9.085145682096481 0
      vertex 11.643064446747303 -9.062524445354939 0.5999999999999943
    endloop
  endfacet
  facet normal 0.13971972452789766 -0.9901910919503609 0
    outer loop
      vertex 11.643064446747303 -9.062524445354939 0.5999999999999943
      vertex 11.643064446747303 -9.062524445354939 0
      vertex 11.757576048374176 -9.046366423368454 0.5999999999999943
    endloop
  endfacet
  facet normal 0.08032484544782491 -0.9967687390783195 0
    outer loop
      vertex 11.757576048374176 -9.046366423368454 0.5999999999999943
      vertex 11.757576048374176 -9.046366423368454 0
      vertex 11.877881236374378 -9.036671601235867 0.5999999999999943
    endloop
  endfacet
  facet normal 0.02561911840066819 -0.9996717765208603 0
    outer loop
      vertex 11.877881236374378 -9.036671601235867 0.5999999999999943
      vertex 11.877881236374378 -9.036671601235867 0
      vertex 12.003980003297329 -9.033440001308918 0.5999999999999943
    endloop
  endfacet
  facet normal -0.31983526194846384 0.9474731685986456 0
    outer loop
      vertex 11.584753334522247 -9.512946665287018 0.5999999999999943
      vertex 11.708756297826767 -9.471087411046028 0.5999999999999943
      vertex 11.708756297826767 -9.471087411046028 0
    endloop
  endfacet
  facet normal -0.1768934626158129 0.9842300050718775 0
    outer loop
      vertex 11.708756297826767 -9.471087411046028 0.5999999999999943
      vertex 11.84849851578474 -9.445971854031086 0.5999999999999943
      vertex 11.84849851578474 -9.445971854031086 0
    endloop
  endfacet
  facet normal -0.053766803681064575 0.9985535192576921 0
    outer loop
      vertex 11.84849851578474 -9.445971854031086 0.5999999999999943
      vertex 12.003980003297329 -9.437600001692772 0.5999999999999943
      vertex 12.003980003297329 -9.437600001692772 0
    endloop
  endfacet
  facet normal 0.5672933923737463 -0.8235157600004307 0
    outer loop
      vertex 11.157410122454166 -9.24026271700859 0.5999999999999943
      vertex 11.077660001814365 -9.295199997723103 0
      vertex 11.157410122454166 -9.24026271700859 0
    endloop
  endfacet
  facet normal 0.493007230023158 -0.8700252129363224 0
    outer loop
      vertex 11.242953829467297 -9.191788643598557 0.5999999999999943
      vertex 11.157410122454166 -9.24026271700859 0
      vertex 11.242953829467297 -9.191788643598557 0
    endloop
  endfacet
  facet normal 0.6408619723647108 -0.7676561289905871 0
    outer loop
      vertex 11.077660001814365 -9.295199997723103 0.5999999999999943
      vertex 11.004272349178791 -9.356466174125671 0
      vertex 11.077660001814365 -9.295199997723103 0
    endloop
  endfacet
  facet normal 0.7123903466884133 -0.7017834380670167 0
    outer loop
      vertex 11.004272349178791 -9.356466174125671 0.5999999999999943
      vertex 10.937816046178341 -9.423926912248135 0
      vertex 11.004272349178791 -9.356466174125671 0
    endloop
  endfacet
  facet normal 0.7777650704246398 -0.6285550852768236 0
    outer loop
      vertex 10.937816046178341 -9.423926912248135 0.5999999999999943
      vertex 10.878291107714176 -9.497582219541073 0
      vertex 10.937816046178341 -9.423926912248135 0
    endloop
  endfacet
  facet normal 0.34368358878632116 -0.9390855077142629 0
    outer loop
      vertex 11.431421972811222 -9.114230126142502 0.5999999999999943
      vertex 11.334291107952595 -9.149777777493 0
      vertex 11.431421972811222 -9.114230126142502 0
    endloop
  endfacet
  facet normal 0.4178704545308226 -0.9085066225571521 0
    outer loop
      vertex 11.334291107952595 -9.149777777493 0.5999999999999943
      vertex 11.242953829467297 -9.191788643598557 0
      vertex 11.334291107952595 -9.149777777493 0
    endloop
  endfacet
  facet normal 0.27193190700231384 -0.9623164957300092 0
    outer loop
      vertex 11.534346416592598 -9.085145682096481 0.5999999999999943
      vertex 11.431421972811222 -9.114230126142502 0
      vertex 11.534346416592598 -9.085145682096481 0
    endloop
  endfacet
  facet normal 0.20370954426830004 -0.9790313690449359 0
    outer loop
      vertex 11.643064446747303 -9.062524445354939 0.5999999999999943
      vertex 11.534346416592598 -9.085145682096481 0
      vertex 11.643064446747303 -9.062524445354939 0
    endloop
  endfacet
  facet normal 0.13971972452789766 -0.9901910919503609 0
    outer loop
      vertex 11.757576048374176 -9.046366423368454 0.5999999999999943
      vertex 11.643064446747303 -9.062524445354939 0
      vertex 11.757576048374176 -9.046366423368454 0
    endloop
  endfacet
  facet normal 0.08032484544782491 -0.9967687390783195 0
    outer loop
      vertex 11.877881236374378 -9.036671601235867 0.5999999999999943
      vertex 11.757576048374176 -9.046366423368454 0
      vertex 11.877881236374378 -9.036671601235867 0
    endloop
  endfacet
  facet normal 0.02561911840066819 -0.9996717765208603 0
    outer loop
      vertex 12.003980003297329 -9.033440001308918 0.5999999999999943
      vertex 11.877881236374378 -9.036671601235867 0
      vertex 12.003980003297329 -9.033440001308918 0
    endloop
  endfacet
  facet normal -0.31983526194846384 0.9474731685986456 0
    outer loop
      vertex 11.584753334522247 -9.512946665287018 0.5999999999999943
      vertex 11.708756297826767 -9.471087411046028 0
      vertex 11.584753334522247 -9.512946665287018 0
    endloop
  endfacet
  facet normal -0.1768934626158129 0.9842300050718775 0
    outer loop
      vertex 11.708756297826767 -9.471087411046028 0.5999999999999943
      vertex 11.84849851578474 -9.445971854031086 0
      vertex 11.708756297826767 -9.471087411046028 0
    endloop
  endfacet
  facet normal -0.053766803681064575 0.9985535192576921 0
    outer loop
      vertex 11.84849851578474 -9.445971854031086 0.5999999999999943
      vertex 12.003980003297329 -9.437600001692772 0
      vertex 11.84849851578474 -9.445971854031086 0
    endloop
  endfacet
  facet normal 0 0 -1
    outer loop
      vertex 10.709504939615726 -9.854149132966995 0.5999999999999943
      vertex 11.200827404856682 -9.97339852154255 0.5999999999999943
      vertex 10.684636786580086 -9.958777286112309 0.5999999999999943
    endloop
  endfacet
  facet normal 0 0 -1
    outer loop
      vertex 10.878291107714176 -9.497582219541073 0.5999999999999943
      vertex 10.937816046178341 -9.423926912248135 0.5999999999999943
      vertex 11.307180002331734 -9.738986663520336 0.5999999999999943
    endloop
  endfacet
  facet normal 0 0 -1
    outer loop
      vertex 10.878291107714176 -9.497582219541073 0.5999999999999943
      vertex 11.24613407254219 -9.847820743918419 0.5999999999999943
      vertex 10.825697533786297 -9.577432096004486 0.5999999999999943
    endloop
  endfacet
  facet normal 0 0 -1
    outer loop
      vertex 10.825697533786297 -9.577432096004486 0.5999999999999943
      vertex 11.24613407254219 -9.847820743918419 0.5999999999999943
      vertex 10.780035309493542 -9.663476541638374 0.5999999999999943
    endloop
  endfacet
  facet normal 0 0 -1
    outer loop
      vertex 10.741304442286491 -9.755715556442738 0.5999999999999943
      vertex 10.780035309493542 -9.663476541638374 0.5999999999999943
      vertex 11.24613407254219 -9.847820743918419 0.5999999999999943
    endloop
  endfacet
  facet normal 0 0 -1
    outer loop
      vertex 11.004272349178791 -9.356466174125671 0.5999999999999943
      vertex 11.38396518677473 -9.646896295249462 0.5999999999999943
      vertex 11.307180002331734 -9.738986663520336 0.5999999999999943
    endloop
  endfacet
  facet normal 0 0 -1
    outer loop
      vertex 10.878291107714176 -9.497582219541073 0.5999999999999943
      vertex 11.307180002331734 -9.738986663520336 0.5999999999999943
      vertex 11.24613407254219 -9.847820743918419 0.5999999999999943
    endloop
  endfacet
  facet normal 0 0 -1
    outer loop
      vertex 10.741304442286491 -9.755715556442738 0.5999999999999943
      vertex 11.200827404856682 -9.97339852154255 0.5999999999999943
      vertex 10.709504939615726 -9.854149132966995 0.5999999999999943
    endloop
  endfacet
  facet normal 0 0 -1
    outer loop
      vertex 10.741304442286491 -9.755715556442738 0.5999999999999943
      vertex 11.24613407254219 -9.847820743918419 0.5999999999999943
      vertex 11.200827404856682 -9.97339852154255 0.5999999999999943
    endloop
  endfacet
  facet normal 0 0 -1
    outer loop
      vertex 10.684636786580086 -9.958777286112309 0.5999999999999943
      vertex 11.171259999275208 -10.115719996392727 0.5999999999999943
      vertex 10.66669999808073 -10.069600000977516 0.5999999999999943
    endloop
  endfacet
  facet normal 0 0 -1
    outer loop
      vertex 10.684636786580086 -9.958777286112309 0.5999999999999943
      vertex 11.200827404856682 -9.97339852154255 0.5999999999999943
      vertex 11.171259999275208 -10.115719996392727 0.5999999999999943
    endloop
  endfacet
  facet normal 0.8351251804759562 -0.5500599357660959 0
    outer loop
      vertex 10.878291107714176 -9.497582219541073 0.5999999999999943
      vertex 10.825697533786297 -9.577432096004486 0.5999999999999943
      vertex 10.825697533786297 -9.577432096004486 0
    endloop
  endfacet
  facet normal 0.8833235681695649 -0.46876377197495545 0
    outer loop
      vertex 10.825697533786297 -9.577432096004486 0.5999999999999943
      vertex 10.780035309493542 -9.663476541638374 0.5999999999999943
      vertex 10.780035309493542 -9.663476541638374 0
    endloop
  endfacet
  facet normal 0.9220160731845074 -0.38715159923397086 0
    outer loop
      vertex 10.741304442286491 -9.755715556442738 0.5999999999999943
      vertex 10.741304442286491 -9.755715556442738 0
      vertex 10.780035309493542 -9.663476541638374 0.5999999999999943
    endloop
  endfacet
  facet normal 0.951576522230902 -0.3074119749439529 0
    outer loop
      vertex 10.741304442286491 -9.755715556442738 0.5999999999999943
      vertex 10.709504939615726 -9.854149132966995 0.5999999999999943
      vertex 10.709504939615726 -9.854149132966995 0
    endloop
  endfacet
  facet normal 0.9728968865189435 -0.23123937424613925 0
    outer loop
      vertex 10.709504939615726 -9.854149132966995 0.5999999999999943
      vertex 10.684636786580086 -9.958777286112309 0.5999999999999943
      vertex 10.684636786580086 -9.958777286112309 0
    endloop
  endfacet
  facet normal -0.9406516420147837 0.33937367071546864 0
    outer loop
      vertex 11.200827404856682 -9.97339852154255 0.5999999999999943
      vertex 11.24613407254219 -9.847820743918419 0.5999999999999943
      vertex 11.24613407254219 -9.847820743918419 0
    endloop
  endfacet
  facet normal 0.9871539367342524 -0.15977204132784792 0
    outer loop
      vertex 10.684636786580086 -9.958777286112309 0.5999999999999943
      vertex 10.66669999808073 -10.069600000977516 0.5999999999999943
      vertex 10.66669999808073 -10.069600000977516 0
    endloop
  endfacet
  facet normal 0.09102688513498605 0.9958484353467761 0
    outer loop
      vertex 10.66669999808073 -10.069600000977516 0.5999999999999943
      vertex 11.171259999275208 -10.115719996392727 0.5999999999999943
      vertex 11.171259999275208 -10.115719996392727 0
    endloop
  endfacet
  facet normal -0.9790941410268181 0.20340762770102067 0
    outer loop
      vertex 11.200827404856682 -9.97339852154255 0.5999999999999943
      vertex 11.200827404856682 -9.97339852154255 0
      vertex 11.171259999275208 -10.115719996392727 0.5999999999999943
    endloop
  endfacet
  facet normal -0.7680440123079557 0.6403970605475144 0
    outer loop
      vertex 11.307180002331734 -9.738986663520336 0.5999999999999943
      vertex 11.38396518677473 -9.646896295249462 0.5999999999999943
      vertex 11.38396518677473 -9.646896295249462 0
    endloop
  endfacet
  facet normal -0.6314531949058292 0.7754139943560607 0
    outer loop
      vertex 11.476489633321762 -9.571549631655216 0.5999999999999943
      vertex 11.476489633321762 -9.571549631655216 0
      vertex 11.38396518677473 -9.646896295249462 0.5999999999999943
    endloop
  endfacet
  facet normal -0.4760327207289252 0.8794275688170214 0
    outer loop
      vertex 11.476489633321762 -9.571549631655216 0.5999999999999943
      vertex 11.584753334522247 -9.512946665287018 0.5999999999999943
      vertex 11.584753334522247 -9.512946665287018 0
    endloop
  endfacet
  facet normal -0.8721681209425292 0.489206264076389 0
    outer loop
      vertex 11.307180002331734 -9.738986663520336 0.5999999999999943
      vertex 11.307180002331734 -9.738986663520336 0
      vertex 11.24613407254219 -9.847820743918419 0.5999999999999943
    endloop
  endfacet
  facet normal 0 0 -1
    outer loop
      vertex 11.583540000021458 -10.820960000157356 0.5999999999999943
      vertex 11.86022000014782 -10.820960000157356 0.5999999999999943
      vertex 11.849380001425743 -11.244120001792908 0.5999999999999943
    endloop
  endfacet
  facet normal 0 0 -1
    outer loop
      vertex 11.86022000014782 -10.820960000157356 0.5999999999999943
      vertex 11.958257533609867 -10.818800002336502 0.5999999999999943
      vertex 11.936361730098724 -11.246279999613762 0.5999999999999943
    endloop
  endfacet
  facet normal 0 0 -1
    outer loop
      vertex 11.583540000021458 -10.820960000157356 0.5999999999999943
      vertex 11.849380001425743 -11.244120001792908 0.5999999999999943
      vertex 11.583540000021458 -11.244120001792908 0.5999999999999943
    endloop
  endfacet
  facet normal 0 0 -1
    outer loop
      vertex 11.86022000014782 -10.820960000157356 0.5999999999999943
      vertex 11.936361730098724 -11.246279999613762 0.5999999999999943
      vertex 11.849380001425743 -11.244120001792908 0.5999999999999943
    endloop
  endfacet
  facet normal 0 0 -1
    outer loop
      vertex 11.958257533609867 -10.818800002336502 0.5999999999999943
      vertex 12.018889136612415 -11.252760000526905 0.5999999999999943
      vertex 11.936361730098724 -11.246279999613762 0.5999999999999943
    endloop
  endfacet
  facet normal 0 -1 0
    outer loop
      vertex 11.583540000021458 -10.820960000157356 0.5999999999999943
      vertex 11.583540000021458 -10.820960000157356 0
      vertex 11.86022000014782 -10.820960000157356 0.5999999999999943
    endloop
  endfacet
  facet normal 0.022027010240201695 -0.9997573759767308 0
    outer loop
      vertex 11.86022000014782 -10.820960000157356 0.5999999999999943
      vertex 11.86022000014782 -10.820960000157356 0
      vertex 11.958257533609867 -10.818800002336502 0.5999999999999943
    endloop
  endfacet
  facet normal 0.06967347866235023 -0.9975698503719361 0
    outer loop
      vertex 11.958257533609867 -10.818800002336502 0.5999999999999943
      vertex 11.958257533609867 -10.818800002336502 0
      vertex 12.051036790013313 -10.812320001423359 0.5999999999999943
    endloop
  endfacet
  facet normal 1 0 0
    outer loop
      vertex 11.583540000021458 -10.820960000157356 0.5999999999999943
      vertex 11.583540000021458 -11.244120001792908 0.5999999999999943
      vertex 11.583540000021458 -11.244120001792908 0
    endloop
  endfacet
  facet normal 0 1 0
    outer loop
      vertex 11.583540000021458 -11.244120001792908 0.5999999999999943
      vertex 11.849380001425743 -11.244120001792908 0.5999999999999943
      vertex 11.849380001425743 -11.244120001792908 0
    endloop
  endfacet
  facet normal 0.024825123186312054 0.9996918091385887 0
    outer loop
      vertex 11.849380001425743 -11.244120001792908 0.5999999999999943
      vertex 11.936361730098724 -11.246279999613762 0.5999999999999943
      vertex 11.936361730098724 -11.246279999613762 0
    endloop
  endfacet
  facet normal 0.07827844745642384 0.9969315345919257 0
    outer loop
      vertex 11.936361730098724 -11.246279999613762 0.5999999999999943
      vertex 12.018889136612415 -11.252760000526905 0.5999999999999943
      vertex 12.018889136612415 -11.252760000526905 0
    endloop
  endfacet
  facet normal 0.8351251804759562 -0.5500599357660959 0
    outer loop
      vertex 10.878291107714176 -9.497582219541073 0.5999999999999943
      vertex 10.825697533786297 -9.577432096004486 0
      vertex 10.878291107714176 -9.497582219541073 0
    endloop
  endfacet
  facet normal 0.8833235681695649 -0.46876377197495545 0
    outer loop
      vertex 10.825697533786297 -9.577432096004486 0.5999999999999943
      vertex 10.780035309493542 -9.663476541638374 0
      vertex 10.825697533786297 -9.577432096004486 0
    endloop
  endfacet
  facet normal 0.9220160731845074 -0.38715159923397086 0
    outer loop
      vertex 10.780035309493542 -9.663476541638374 0.5999999999999943
      vertex 10.741304442286491 -9.755715556442738 0
      vertex 10.780035309493542 -9.663476541638374 0
    endloop
  endfacet
  facet normal 0.9871539367342524 -0.15977204132784792 0
    outer loop
      vertex 10.684636786580086 -9.958777286112309 0.5999999999999943
      vertex 10.66669999808073 -10.069600000977516 0
      vertex 10.684636786580086 -9.958777286112309 0
    endloop
  endfacet
  facet normal 0.951576522230902 -0.3074119749439529 0
    outer loop
      vertex 10.741304442286491 -9.755715556442738 0.5999999999999943
      vertex 10.709504939615726 -9.854149132966995 0
      vertex 10.741304442286491 -9.755715556442738 0
    endloop
  endfacet
  facet normal 0.9728968865189435 -0.23123937424613925 0
    outer loop
      vertex 10.709504939615726 -9.854149132966995 0.5999999999999943
      vertex 10.684636786580086 -9.958777286112309 0
      vertex 10.709504939615726 -9.854149132966995 0
    endloop
  endfacet
  facet normal -0.9406516420147837 0.33937367071546864 0
    outer loop
      vertex 11.200827404856682 -9.97339852154255 0.5999999999999943
      vertex 11.24613407254219 -9.847820743918419 0
      vertex 11.200827404856682 -9.97339852154255 0
    endloop
  endfacet
  facet normal 0.09102688513498605 0.9958484353467761 0
    outer loop
      vertex 10.66669999808073 -10.069600000977516 0.5999999999999943
      vertex 11.171259999275208 -10.115719996392727 0
      vertex 10.66669999808073 -10.069600000977516 0
    endloop
  endfacet
  facet normal -0.9790941410268181 0.20340762770102067 0
    outer loop
      vertex 11.171259999275208 -10.115719996392727 0.5999999999999943
      vertex 11.200827404856682 -9.97339852154255 0
      vertex 11.171259999275208 -10.115719996392727 0
    endloop
  endfacet
  facet normal -0.6314531949058292 0.7754139943560607 0
    outer loop
      vertex 11.38396518677473 -9.646896295249462 0.5999999999999943
      vertex 11.476489633321762 -9.571549631655216 0
      vertex 11.38396518677473 -9.646896295249462 0
    endloop
  endfacet
  facet normal -0.7680440123079557 0.6403970605475144 0
    outer loop
      vertex 11.307180002331734 -9.738986663520336 0.5999999999999943
      vertex 11.38396518677473 -9.646896295249462 0
      vertex 11.307180002331734 -9.738986663520336 0
    endloop
  endfacet
  facet normal -0.4760327207289252 0.8794275688170214 0
    outer loop
      vertex 11.476489633321762 -9.571549631655216 0.5999999999999943
      vertex 11.584753334522247 -9.512946665287018 0
      vertex 11.476489633321762 -9.571549631655216 0
    endloop
  endfacet
  facet normal -0.8721681209425292 0.489206264076389 0
    outer loop
      vertex 11.24613407254219 -9.847820743918419 0.5999999999999943
      vertex 11.307180002331734 -9.738986663520336 0
      vertex 11.24613407254219 -9.847820743918419 0
    endloop
  endfacet
  facet normal 1 0 0
    outer loop
      vertex 11.583540000021458 -10.820960000157356 0.5999999999999943
      vertex 11.583540000021458 -11.244120001792908 0
      vertex 11.583540000021458 -10.820960000157356 0
    endloop
  endfacet
  facet normal 0 -1 0
    outer loop
      vertex 11.86022000014782 -10.820960000157356 0.5999999999999943
      vertex 11.583540000021458 -10.820960000157356 0
      vertex 11.86022000014782 -10.820960000157356 0
    endloop
  endfacet
  facet normal 0.022027010240201695 -0.9997573759767308 0
    outer loop
      vertex 11.958257533609867 -10.818800002336502 0.5999999999999943
      vertex 11.86022000014782 -10.820960000157356 0
      vertex 11.958257533609867 -10.818800002336502 0
    endloop
  endfacet
  facet normal 0 1 0
    outer loop
      vertex 11.583540000021458 -11.244120001792908 0.5999999999999943
      vertex 11.849380001425743 -11.244120001792908 0
      vertex 11.583540000021458 -11.244120001792908 0
    endloop
  endfacet
  facet normal 0.024825123186312054 0.9996918091385887 0
    outer loop
      vertex 11.849380001425743 -11.244120001792908 0.5999999999999943
      vertex 11.936361730098724 -11.246279999613762 0
      vertex 11.849380001425743 -11.244120001792908 0
    endloop
  endfacet
  facet normal 0.07827844745642384 0.9969315345919257 0
    outer loop
      vertex 11.936361730098724 -11.246279999613762 0.5999999999999943
      vertex 12.018889136612415 -11.252760000526905 0
      vertex 11.936361730098724 -11.246279999613762 0
    endloop
  endfacet
  facet normal 0 0 -1
    outer loop
      vertex 10.73182000219822 -11.971079997718334 0.5999999999999943
      vertex 11.222779996693134 -11.93308000266552 0.5999999999999943
      vertex 10.747339509427547 -12.072810865938663 0.5999999999999943
    endloop
  endfacet
  facet normal 0 0 -1
    outer loop
      vertex 11.232074812054634 -11.998320490121841 0.5999999999999943
      vertex 10.76979135721922 -12.169452346861362 0.5999999999999943
      vertex 10.747339509427547 -12.072810865938663 0.5999999999999943
    endloop
  endfacet
  facet normal 0 0 -1
    outer loop
      vertex 10.76979135721922 -12.169452346861362 0.5999999999999943
      vertex 11.24548814445734 -12.06021086126566 0.5999999999999943
      vertex 10.799175553023815 -12.261004447937012 0.5999999999999943
    endloop
  endfacet
  facet normal 0 0 -1
    outer loop
      vertex 11.222779996693134 -11.93308000266552 0.5999999999999943
      vertex 11.232074812054634 -11.998320490121841 0.5999999999999943
      vertex 10.747339509427547 -12.072810865938663 0.5999999999999943
    endloop
  endfacet
  facet normal 0 0 -1
    outer loop
      vertex 11.232074812054634 -11.998320490121841 0.5999999999999943
      vertex 11.24548814445734 -12.06021086126566 0.5999999999999943
      vertex 10.76979135721922 -12.169452346861362 0.5999999999999943
    endloop
  endfacet
  facet normal 0 0 -1
    outer loop
      vertex 10.799175553023815 -12.261004447937012 0.5999999999999943
      vertex 11.24548814445734 -12.06021086126566 0.5999999999999943
      vertex 11.263020001351833 -12.118751108646393 0.5999999999999943
    endloop
  endfacet
  facet normal 0 0 -1
    outer loop
      vertex 10.835492096841335 -12.34746716171503 0.5999999999999943
      vertex 11.263020001351833 -12.118751108646393 0.5999999999999943
      vertex 11.284670367836952 -12.173941232264042 0.5999999999999943
    endloop
  endfacet
  facet normal 0 0 -1
    outer loop
      vertex 10.799175553023815 -12.261004447937012 0.5999999999999943
      vertex 11.263020001351833 -12.118751108646393 0.5999999999999943
      vertex 10.835492096841335 -12.34746716171503 0.5999999999999943
    endloop
  endfacet
  facet normal 0 0 -1
    outer loop
      vertex 10.835492096841335 -12.34746716171503 0.5999999999999943
      vertex 11.284670367836952 -12.173941232264042 0.5999999999999943
      vertex 10.87874098867178 -12.428840495646 0.5999999999999943
    endloop
  endfacet
  facet normal 0 0 -1
    outer loop
      vertex 10.87874098867178 -12.428840495646 0.5999999999999943
      vertex 11.310439258813858 -12.225781232118607 0.5999999999999943
      vertex 10.928922221064568 -12.505124442279339 0.5999999999999943
    endloop
  endfacet
  facet normal 0 0 -1
    outer loop
      vertex 10.87874098867178 -12.428840495646 0.5999999999999943
      vertex 11.284670367836952 -12.173941232264042 0.5999999999999943
      vertex 11.310439258813858 -12.225781232118607 0.5999999999999943
    endloop
  endfacet
  facet normal 0 0 -1
    outer loop
      vertex 10.928922221064568 -12.505124442279339 0.5999999999999943
      vertex 11.310439258813858 -12.225781232118607 0.5999999999999943
      vertex 11.34032666683197 -12.274271108210087 0.5999999999999943
    endloop
  endfacet
  facet normal 0 0 -1
    outer loop
      vertex 10.928922221064568 -12.505124442279339 0.5999999999999943
      vertex 11.34032666683197 -12.274271108210087 0.5999999999999943
      vertex 10.98603580147028 -12.576319009065628 0.5999999999999943
    endloop
  endfacet
  facet normal 0 0 -1
    outer loop
      vertex 10.98603580147028 -12.576319009065628 0.5999999999999943
      vertex 11.34032666683197 -12.274271108210087 0.5999999999999943
      vertex 11.374332591891289 -12.319410860538483 0.5999999999999943
    endloop
  endfacet
  facet normal 0 0 -1
    outer loop
      vertex 11.050081729888916 -12.642424196004868 0.5999999999999943
      vertex 11.374332591891289 -12.319410860538483 0.5999999999999943
      vertex 11.412457033991814 -12.361200496554375 0.5999999999999943
    endloop
  endfacet
  facet normal 0.07716857130005535 -0.99701805981813 0
    outer loop
      vertex 10.73182000219822 -11.971079997718334 0.5999999999999943
      vertex 10.73182000219822 -11.971079997718334 0
      vertex 11.222779996693134 -11.93308000266552 0.5999999999999943
    endloop
  endfacet
  facet normal -0.9900030739741089 -0.1410457851969177 0
    outer loop
      vertex 11.222779996693134 -11.93308000266552 0.5999999999999943
      vertex 11.222779996693134 -11.93308000266552 0
      vertex 11.232074812054634 -11.998320490121841 0.5999999999999943
    endloop
  endfacet
  facet normal 0.9885628037730186 0.15080975763002896 0
    outer loop
      vertex 10.73182000219822 -11.971079997718334 0.5999999999999943
      vertex 10.747339509427547 -12.072810865938663 0.5999999999999943
      vertex 10.747339509427547 -12.072810865938663 0
    endloop
  endfacet
  facet normal 0.9740589591986974 0.22629437466439642 0
    outer loop
      vertex 10.747339509427547 -12.072810865938663 0.5999999999999943
      vertex 10.76979135721922 -12.169452346861362 0.5999999999999943
      vertex 10.76979135721922 -12.169452346861362 0
    endloop
  endfacet
  facet normal 0.9521595625912973 0.3056013209492876 0
    outer loop
      vertex 10.76979135721922 -12.169452346861362 0.5999999999999943
      vertex 10.799175553023815 -12.261004447937012 0.5999999999999943
      vertex 10.799175553023815 -12.261004447937012 0
    endloop
  endfacet
  facet normal 0.9219737146250746 0.3872524622780872 0
    outer loop
      vertex 10.799175553023815 -12.261004447937012 0.5999999999999943
      vertex 10.835492096841335 -12.34746716171503 0.5999999999999943
      vertex 10.835492096841335 -12.34746716171503 0
    endloop
  endfacet
  facet normal 0.8830288946288085 0.46931862444465644 0
    outer loop
      vertex 10.835492096841335 -12.34746716171503 0.5999999999999943
      vertex 10.87874098867178 -12.428840495646 0.5999999999999943
      vertex 10.87874098867178 -12.428840495646 0
    endloop
  endfacet
  facet normal -0.9773108770020587 -0.21180993766456518 0
    outer loop
      vertex 11.232074812054634 -11.998320490121841 0.5999999999999943
      vertex 11.232074812054634 -11.998320490121841 0
      vertex 11.24548814445734 -12.06021086126566 0.5999999999999943
    endloop
  endfacet
  facet normal -0.9579622735357135 -0.28689420085161504 0
    outer loop
      vertex 11.24548814445734 -12.06021086126566 0.5999999999999943
      vertex 11.24548814445734 -12.06021086126566 0
      vertex 11.263020001351833 -12.118751108646393 0.5999999999999943
    endloop
  endfacet
  facet normal -0.9309320244751838 -0.36519250513466983 0
    outer loop
      vertex 11.263020001351833 -12.118751108646393 0.5999999999999943
      vertex 11.263020001351833 -12.118751108646393 0
      vertex 11.284670367836952 -12.173941232264042 0.5999999999999943
    endloop
  endfacet
  facet normal -0.8954688379723906 -0.44512420763240484 0
    outer loop
      vertex 11.284670367836952 -12.173941232264042 0.5999999999999943
      vertex 11.284670367836952 -12.173941232264042 0
      vertex 11.310439258813858 -12.225781232118607 0.5999999999999943
    endloop
  endfacet
  facet normal -0.8512860089760488 -0.5247019448426227 0
    outer loop
      vertex 11.310439258813858 -12.225781232118607 0.5999999999999943
      vertex 11.310439258813858 -12.225781232118607 0
      vertex 11.34032666683197 -12.274271108210087 0.5999999999999943
    endloop
  endfacet
  facet normal -0.7987147483048188 -0.60170985602728 0
    outer loop
      vertex 11.34032666683197 -12.274271108210087 0.5999999999999943
      vertex 11.34032666683197 -12.274271108210087 0
      vertex 11.374332591891289 -12.319410860538483 0.5999999999999943
    endloop
  endfacet
  facet normal -0.7387610637352485 -0.6739674255546508 0
    outer loop
      vertex 11.374332591891289 -12.319410860538483 0.5999999999999943
      vertex 11.374332591891289 -12.319410860538483 0
      vertex 11.412457033991814 -12.361200496554375 0.5999999999999943
    endloop
  endfacet
  facet normal -0.6730255657226678 -0.7396192181681618 0
    outer loop
      vertex 11.412457033991814 -12.361200496554375 0.5999999999999943
      vertex 11.412457033991814 -12.361200496554375 0
      vertex 11.454700000584126 -12.399640001356602 0.5999999999999943
    endloop
  endfacet
  facet normal -0.6040076065360167 -0.7969785513090251 0
    outer loop
      vertex 11.454700000584126 -12.399640001356602 0.5999999999999943
      vertex 11.454700000584126 -12.399640001356602 0
      vertex 11.500526174902916 -12.434370368719101 0.5999999999999943
    endloop
  endfacet
  facet normal -0.5312219041116627 -0.8472327239855526 0
    outer loop
      vertex 11.500526174902916 -12.434370368719101 0.5999999999999943
      vertex 11.500526174902916 -12.434370368719101 0
      vertex 11.549400247633457 -12.465014815330505 0.5999999999999943
    endloop
  endfacet
  facet normal -0.45539139778404836 -0.8902913426650237 0
    outer loop
      vertex 11.549400247633457 -12.465014815330505 0.5999999999999943
      vertex 11.549400247633457 -12.465014815330505 0
      vertex 11.60132221877575 -12.491573333740234 0.5999999999999943
    endloop
  endfacet
  facet normal 0 0 -1
    outer loop
      vertex 10.98603580147028 -12.576319009065628 0.5999999999999943
      vertex 11.374332591891289 -12.319410860538483 0.5999999999999943
      vertex 11.050081729888916 -12.642424196004868 0.5999999999999943
    endloop
  endfacet
  facet normal 0 0 -1
    outer loop
      vertex 11.050081729888916 -12.642424196004868 0.5999999999999943
      vertex 11.412457033991814 -12.361200496554375 0.5999999999999943
      vertex 11.121059998869896 -12.703440003097057 0.5999999999999943
    endloop
  endfacet
  facet normal 0 0 -1
    outer loop
      vertex 11.121059998869896 -12.703440003097057 0.5999999999999943
      vertex 11.412457033991814 -12.361200496554375 0.5999999999999943
      vertex 11.454700000584126 -12.399640001356602 0.5999999999999943
    endloop
  endfacet
  facet normal 0 0 -1
    outer loop
      vertex 11.197864934802055 -12.758662715554237 0.5999999999999943
      vertex 11.454700000584126 -12.399640001356602 0.5999999999999943
      vertex 11.500526174902916 -12.434370368719101 0.5999999999999943
    endloop
  endfacet
  facet normal 0 0 -1
    outer loop
      vertex 11.121059998869896 -12.703440003097057 0.5999999999999943
      vertex 11.454700000584126 -12.399640001356602 0.5999999999999943
      vertex 11.197864934802055 -12.758662715554237 0.5999999999999943
    endloop
  endfacet
  facet normal 0 0 -1
    outer loop
      vertex 11.197864934802055 -12.758662715554237 0.5999999999999943
      vertex 11.500526174902916 -12.434370368719101 0.5999999999999943
      vertex 11.27939086407423 -12.80738864094019 0.5999999999999943
    endloop
  endfacet
  facet normal 0 0 -1
    outer loop
      vertex 11.549400247633457 -12.465014815330505 0.5999999999999943
      vertex 11.36563777923584 -12.849617779254913 0.5999999999999943
      vertex 11.27939086407423 -12.80738864094019 0.5999999999999943
    endloop
  endfacet
  facet normal 0 0 -1
    outer loop
      vertex 11.500526174902916 -12.434370368719101 0.5999999999999943
      vertex 11.549400247633457 -12.465014815330505 0.5999999999999943
      vertex 11.27939086407423 -12.80738864094019 0.5999999999999943
    endloop
  endfacet
  facet normal 0 0 -1
    outer loop
      vertex 11.549400247633457 -12.465014815330505 0.5999999999999943
      vertex 11.60132221877575 -12.491573333740234 0.5999999999999943
      vertex 11.36563777923584 -12.849617779254913 0.5999999999999943
    endloop
  endfacet
  facet normal 0 0 -1
    outer loop
      vertex 11.60132221877575 -12.491573333740234 0.5999999999999943
      vertex 11.656292095780373 -12.514045923948288 0.5999999999999943
      vertex 11.456605680286884 -12.885350123047829 0.5999999999999943
    endloop
  endfacet
  facet normal 0 0 -1
    outer loop
      vertex 11.60132221877575 -12.491573333740234 0.5999999999999943
      vertex 11.456605680286884 -12.885350123047829 0.5999999999999943
      vertex 11.36563777923584 -12.849617779254913 0.5999999999999943
    endloop
  endfacet
  facet normal 0 0 -1
    outer loop
      vertex 11.656292095780373 -12.514045923948288 0.5999999999999943
      vertex 11.552294567227364 -12.914585679769516 0.5999999999999943
      vertex 11.456605680286884 -12.885350123047829 0.5999999999999943
    endloop
  endfacet
  facet normal 0 0 -1
    outer loop
      vertex 11.656292095780373 -12.514045923948288 0.5999999999999943
      vertex 11.714309878647327 -12.532432593405247 0.5999999999999943
      vertex 11.552294567227364 -12.914585679769516 0.5999999999999943
    endloop
  endfacet
  facet normal 0 0 -1
    outer loop
      vertex 11.714309878647327 -12.532432593405247 0.5999999999999943
      vertex 11.775375552475452 -12.54673333466053 0.5999999999999943
      vertex 11.652704447507858 -12.937324441969395 0.5999999999999943
    endloop
  endfacet
  facet normal 0 0 -1
    outer loop
      vertex 11.775375552475452 -12.54673333466053 0.5999999999999943
      vertex 11.839489132165909 -12.556948147714138 0.5999999999999943
      vertex 11.757835306227207 -12.953566417098045 0.5999999999999943
    endloop
  endfacet
  facet normal 0 0 -1
    outer loop
      vertex 11.839489132165909 -12.556948147714138 0.5999999999999943
      vertex 11.906650617718697 -12.563077040016651 0.5999999999999943
      vertex 11.867687158286572 -12.963311605155468 0.5999999999999943
    endloop
  endfacet
  facet normal 0 0 -1
    outer loop
      vertex 11.906650617718697 -12.563077040016651 0.5999999999999943
      vertex 11.976860001683235 -12.565119996666908 0.5999999999999943
      vertex 11.982260003685951 -12.966559998691082 0.5999999999999943
    endloop
  endfacet
  facet normal 0 0 -1
    outer loop
      vertex 11.714309878647327 -12.532432593405247 0.5999999999999943
      vertex 11.652704447507858 -12.937324441969395 0.5999999999999943
      vertex 11.552294567227364 -12.914585679769516 0.5999999999999943
    endloop
  endfacet
  facet normal 0 0 -1
    outer loop
      vertex 11.775375552475452 -12.54673333466053 0.5999999999999943
      vertex 11.757835306227207 -12.953566417098045 0.5999999999999943
      vertex 11.652704447507858 -12.937324441969395 0.5999999999999943
    endloop
  endfacet
  facet normal 0 0 -1
    outer loop
      vertex 11.757835306227207 -12.953566417098045 0.5999999999999943
      vertex 11.839489132165909 -12.556948147714138 0.5999999999999943
      vertex 11.867687158286572 -12.963311605155468 0.5999999999999943
    endloop
  endfacet
  facet normal 0 0 -1
    outer loop
      vertex 11.906650617718697 -12.563077040016651 0.5999999999999943
      vertex 11.982260003685951 -12.966559998691082 0.5999999999999943
      vertex 11.867687158286572 -12.963311605155468 0.5999999999999943
    endloop
  endfacet
  facet normal 0.8354451136563091 0.5495738913629329 0
    outer loop
      vertex 10.87874098867178 -12.428840495646 0.5999999999999943
      vertex 10.928922221064568 -12.505124442279339 0.5999999999999943
      vertex 10.928922221064568 -12.505124442279339 0
    endloop
  endfacet
  facet normal 0.7800240555697736 0.625749528751307 0
    outer loop
      vertex 10.928922221064568 -12.505124442279339 0.5999999999999943
      vertex 10.98603580147028 -12.576319009065628 0.5999999999999943
      vertex 10.98603580147028 -12.576319009065628 0
    endloop
  endfacet
  facet normal 0.7182047746470189 0.6958318055925762 0
    outer loop
      vertex 10.98603580147028 -12.576319009065628 0.5999999999999943
      vertex 11.050081729888916 -12.642424196004868 0.5999999999999943
      vertex 11.050081729888916 -12.642424196004868 0
    endloop
  endfacet
  facet normal 0.6518826195266294 0.7583198865644365 0
    outer loop
      vertex 11.050081729888916 -12.642424196004868 0.5999999999999943
      vertex 11.121059998869896 -12.703440003097057 0.5999999999999943
      vertex 11.121059998869896 -12.703440003097057 0
    endloop
  endfacet
  facet normal 0.5837696245960841 0.8119193466095922 0
    outer loop
      vertex 11.121059998869896 -12.703440003097057 0.5999999999999943
      vertex 11.197864934802055 -12.758662715554237 0.5999999999999943
      vertex 11.197864934802055 -12.758662715554237 0
    endloop
  endfacet
  facet normal -0.3784152106400378 -0.9256359588716591 0
    outer loop
      vertex 11.60132221877575 -12.491573333740234 0.5999999999999943
      vertex 11.60132221877575 -12.491573333740234 0
      vertex 11.656292095780373 -12.514045923948288 0.5999999999999943
    endloop
  endfacet
  facet normal 0.5130269097169232 0.8583725239698111 0
    outer loop
      vertex 11.197864934802055 -12.758662715554237 0.5999999999999943
      vertex 11.27939086407423 -12.80738864094019 0.5999999999999943
      vertex 11.27939086407423 -12.80738864094019 0
    endloop
  endfacet
  facet normal 0.4397477763357921 0.8981213131908885 0
    outer loop
      vertex 11.27939086407423 -12.80738864094019 0.5999999999999943
      vertex 11.36563777923584 -12.849617779254913 0.5999999999999943
      vertex 11.36563777923584 -12.849617779254913 0
    endloop
  endfacet
  facet normal 0.3656076459678082 0.930769063307262 0
    outer loop
      vertex 11.36563777923584 -12.849617779254913 0.5999999999999943
      vertex 11.456605680286884 -12.885350123047829 0.5999999999999943
      vertex 11.456605680286884 -12.885350123047829 0
    endloop
  endfacet
  facet normal 0.29219372414023553 0.9563591519785127 0
    outer loop
      vertex 11.456605680286884 -12.885350123047829 0.5999999999999943
      vertex 11.552294567227364 -12.914585679769516 0.5999999999999943
      vertex 11.552294567227364 -12.914585679769516 0
    endloop
  endfacet
  facet normal 0.22086676557205911 0.9753039894646884 0
    outer loop
      vertex 11.552294567227364 -12.914585679769516 0.5999999999999943
      vertex 11.652704447507858 -12.937324441969395 0.5999999999999943
      vertex 11.652704447507858 -12.937324441969395 0
    endloop
  endfacet
  facet normal -0.3021063110057846 -0.9532742401064218 0
    outer loop
      vertex 11.656292095780373 -12.514045923948288 0.5999999999999943
      vertex 11.656292095780373 -12.514045923948288 0
      vertex 11.714309878647327 -12.532432593405247 0.5999999999999943
    endloop
  endfacet
  facet normal -0.22801711237602043 -0.9736571246921071 0
    outer loop
      vertex 11.714309878647327 -12.532432593405247 0.5999999999999943
      vertex 11.714309878647327 -12.532432593405247 0
      vertex 11.775375552475452 -12.54673333466053 0.5999999999999943
    endloop
  endfacet
  facet normal -0.1573392659552376 -0.9875446093157852 0
    outer loop
      vertex 11.775375552475452 -12.54673333466053 0.5999999999999943
      vertex 11.775375552475452 -12.54673333466053 0
      vertex 11.839489132165909 -12.556948147714138 0.5999999999999943
    endloop
  endfacet
  facet normal -0.09087843805480797 -0.9958619931982133 0
    outer loop
      vertex 11.839489132165909 -12.556948147714138 0.5999999999999943
      vertex 11.839489132165909 -12.556948147714138 0
      vertex 11.906650617718697 -12.563077040016651 0.5999999999999943
    endloop
  endfacet
  facet normal -0.029085746110145642 -0.9995769201883445 0
    outer loop
      vertex 11.906650617718697 -12.563077040016651 0.5999999999999943
      vertex 11.906650617718697 -12.563077040016651 0
      vertex 11.976860001683235 -12.565119996666908 0.5999999999999943
    endloop
  endfacet
  facet normal 0.15268157458444806 0.9882754356870425 0
    outer loop
      vertex 11.652704447507858 -12.937324441969395 0.5999999999999943
      vertex 11.757835306227207 -12.953566417098045 0.5999999999999943
      vertex 11.757835306227207 -12.953566417098045 0
    endloop
  endfacet
  facet normal 0.08836506823468729 0.9960881560965772 0
    outer loop
      vertex 11.757835306227207 -12.953566417098045 0.5999999999999943
      vertex 11.867687158286572 -12.963311605155468 0.5999999999999943
      vertex 11.867687158286572 -12.963311605155468 0
    endloop
  endfacet
  facet normal 0.028340822851627562 0.9995983182059145 0
    outer loop
      vertex 11.867687158286572 -12.963311605155468 0.5999999999999943
      vertex 11.982260003685951 -12.966559998691082 0.5999999999999943
      vertex 11.982260003685951 -12.966559998691082 0
    endloop
  endfacet
  facet normal 0.07716857130005535 -0.99701805981813 0
    outer loop
      vertex 11.222779996693134 -11.93308000266552 0.5999999999999943
      vertex 10.73182000219822 -11.971079997718334 0
      vertex 11.222779996693134 -11.93308000266552 0
    endloop
  endfacet
  facet normal -0.9900030739741089 -0.1410457851969177 0
    outer loop
      vertex 11.232074812054634 -11.998320490121841 0.5999999999999943
      vertex 11.222779996693134 -11.93308000266552 0
      vertex 11.232074812054634 -11.998320490121841 0
    endloop
  endfacet
  facet normal 0.9885628037730186 0.15080975763002896 0
    outer loop
      vertex 10.73182000219822 -11.971079997718334 0.5999999999999943
      vertex 10.747339509427547 -12.072810865938663 0
      vertex 10.73182000219822 -11.971079997718334 0
    endloop
  endfacet
  facet normal 0.9740589591986974 0.22629437466439642 0
    outer loop
      vertex 10.747339509427547 -12.072810865938663 0.5999999999999943
      vertex 10.76979135721922 -12.169452346861362 0
      vertex 10.747339509427547 -12.072810865938663 0
    endloop
  endfacet
  facet normal 0.9521595625912973 0.3056013209492876 0
    outer loop
      vertex 10.76979135721922 -12.169452346861362 0.5999999999999943
      vertex 10.799175553023815 -12.261004447937012 0
      vertex 10.76979135721922 -12.169452346861362 0
    endloop
  endfacet
  facet normal 0.9219737146250746 0.3872524622780872 0
    outer loop
      vertex 10.799175553023815 -12.261004447937012 0.5999999999999943
      vertex 10.835492096841335 -12.34746716171503 0
      vertex 10.799175553023815 -12.261004447937012 0
    endloop
  endfacet
  facet normal 0.8830288946288085 0.46931862444465644 0
    outer loop
      vertex 10.835492096841335 -12.34746716171503 0.5999999999999943
      vertex 10.87874098867178 -12.428840495646 0
      vertex 10.835492096841335 -12.34746716171503 0
    endloop
  endfacet
  facet normal -0.9773108770020587 -0.21180993766456518 0
    outer loop
      vertex 11.24548814445734 -12.06021086126566 0.5999999999999943
      vertex 11.232074812054634 -11.998320490121841 0
      vertex 11.24548814445734 -12.06021086126566 0
    endloop
  endfacet
  facet normal 0.8354451136563091 0.5495738913629329 0
    outer loop
      vertex 10.87874098867178 -12.428840495646 0.5999999999999943
      vertex 10.928922221064568 -12.505124442279339 0
      vertex 10.87874098867178 -12.428840495646 0
    endloop
  endfacet
  facet normal -0.9579622735357135 -0.28689420085161504 0
    outer loop
      vertex 11.263020001351833 -12.118751108646393 0.5999999999999943
      vertex 11.24548814445734 -12.06021086126566 0
      vertex 11.263020001351833 -12.118751108646393 0
    endloop
  endfacet
  facet normal -0.9309320244751838 -0.36519250513466983 0
    outer loop
      vertex 11.284670367836952 -12.173941232264042 0.5999999999999943
      vertex 11.263020001351833 -12.118751108646393 0
      vertex 11.284670367836952 -12.173941232264042 0
    endloop
  endfacet
  facet normal -0.8954688379723906 -0.44512420763240484 0
    outer loop
      vertex 11.310439258813858 -12.225781232118607 0.5999999999999943
      vertex 11.284670367836952 -12.173941232264042 0
      vertex 11.310439258813858 -12.225781232118607 0
    endloop
  endfacet
  facet normal -0.8512860089760488 -0.5247019448426227 0
    outer loop
      vertex 11.34032666683197 -12.274271108210087 0.5999999999999943
      vertex 11.310439258813858 -12.225781232118607 0
      vertex 11.34032666683197 -12.274271108210087 0
    endloop
  endfacet
  facet normal -0.7987147483048188 -0.60170985602728 0
    outer loop
      vertex 11.374332591891289 -12.319410860538483 0.5999999999999943
      vertex 11.34032666683197 -12.274271108210087 0
      vertex 11.374332591891289 -12.319410860538483 0
    endloop
  endfacet
  facet normal -0.7387610637352485 -0.6739674255546508 0
    outer loop
      vertex 11.412457033991814 -12.361200496554375 0.5999999999999943
      vertex 11.374332591891289 -12.319410860538483 0
      vertex 11.412457033991814 -12.361200496554375 0
    endloop
  endfacet
  facet normal -0.6730255657226678 -0.7396192181681618 0
    outer loop
      vertex 11.454700000584126 -12.399640001356602 0.5999999999999943
      vertex 11.412457033991814 -12.361200496554375 0
      vertex 11.454700000584126 -12.399640001356602 0
    endloop
  endfacet
  facet normal -0.6040076065360167 -0.7969785513090251 0
    outer loop
      vertex 11.500526174902916 -12.434370368719101 0.5999999999999943
      vertex 11.454700000584126 -12.399640001356602 0
      vertex 11.500526174902916 -12.434370368719101 0
    endloop
  endfacet
  facet normal -0.5312219041116627 -0.8472327239855526 0
    outer loop
      vertex 11.549400247633457 -12.465014815330505 0.5999999999999943
      vertex 11.500526174902916 -12.434370368719101 0
      vertex 11.549400247633457 -12.465014815330505 0
    endloop
  endfacet
  facet normal 0.7800240555697736 0.625749528751307 0
    outer loop
      vertex 10.928922221064568 -12.505124442279339 0.5999999999999943
      vertex 10.98603580147028 -12.576319009065628 0
      vertex 10.928922221064568 -12.505124442279339 0
    endloop
  endfacet
  facet normal 0.7182047746470189 0.6958318055925762 0
    outer loop
      vertex 10.98603580147028 -12.576319009065628 0.5999999999999943
      vertex 11.050081729888916 -12.642424196004868 0
      vertex 10.98603580147028 -12.576319009065628 0
    endloop
  endfacet
  facet normal 0.6518826195266294 0.7583198865644365 0
    outer loop
      vertex 11.050081729888916 -12.642424196004868 0.5999999999999943
      vertex 11.121059998869896 -12.703440003097057 0
      vertex 11.050081729888916 -12.642424196004868 0
    endloop
  endfacet
  facet normal 0.5837696245960841 0.8119193466095922 0
    outer loop
      vertex 11.121059998869896 -12.703440003097057 0.5999999999999943
      vertex 11.197864934802055 -12.758662715554237 0
      vertex 11.121059998869896 -12.703440003097057 0
    endloop
  endfacet
  facet normal 0.5130269097169232 0.8583725239698111 0
    outer loop
      vertex 11.197864934802055 -12.758662715554237 0.5999999999999943
      vertex 11.27939086407423 -12.80738864094019 0
      vertex 11.197864934802055 -12.758662715554237 0
    endloop
  endfacet
  facet normal -0.45539139778404836 -0.8902913426650237 0
    outer loop
      vertex 11.60132221877575 -12.491573333740234 0.5999999999999943
      vertex 11.549400247633457 -12.465014815330505 0
      vertex 11.60132221877575 -12.491573333740234 0
    endloop
  endfacet
  facet normal 0.4397477763357921 0.8981213131908885 0
    outer loop
      vertex 11.27939086407423 -12.80738864094019 0.5999999999999943
      vertex 11.36563777923584 -12.849617779254913 0
      vertex 11.27939086407423 -12.80738864094019 0
    endloop
  endfacet
  facet normal 0.3656076459678082 0.930769063307262 0
    outer loop
      vertex 11.36563777923584 -12.849617779254913 0.5999999999999943
      vertex 11.456605680286884 -12.885350123047829 0
      vertex 11.36563777923584 -12.849617779254913 0
    endloop
  endfacet
  facet normal 0.29219372414023553 0.9563591519785127 0
    outer loop
      vertex 11.456605680286884 -12.885350123047829 0.5999999999999943
      vertex 11.552294567227364 -12.914585679769516 0
      vertex 11.456605680286884 -12.885350123047829 0
    endloop
  endfacet
  facet normal 0.22086676557205911 0.9753039894646884 0
    outer loop
      vertex 11.552294567227364 -12.914585679769516 0.5999999999999943
      vertex 11.652704447507858 -12.937324441969395 0
      vertex 11.552294567227364 -12.914585679769516 0
    endloop
  endfacet
  facet normal -0.3784152106400378 -0.9256359588716591 0
    outer loop
      vertex 11.656292095780373 -12.514045923948288 0.5999999999999943
      vertex 11.60132221877575 -12.491573333740234 0
      vertex 11.656292095780373 -12.514045923948288 0
    endloop
  endfacet
  facet normal -0.3021063110057846 -0.9532742401064218 0
    outer loop
      vertex 11.714309878647327 -12.532432593405247 0.5999999999999943
      vertex 11.656292095780373 -12.514045923948288 0
      vertex 11.714309878647327 -12.532432593405247 0
    endloop
  endfacet
  facet normal -0.22801711237602043 -0.9736571246921071 0
    outer loop
      vertex 11.775375552475452 -12.54673333466053 0.5999999999999943
      vertex 11.714309878647327 -12.532432593405247 0
      vertex 11.775375552475452 -12.54673333466053 0
    endloop
  endfacet
  facet normal -0.1573392659552376 -0.9875446093157852 0
    outer loop
      vertex 11.839489132165909 -12.556948147714138 0.5999999999999943
      vertex 11.775375552475452 -12.54673333466053 0
      vertex 11.839489132165909 -12.556948147714138 0
    endloop
  endfacet
  facet normal -0.09087843805480797 -0.9958619931982133 0
    outer loop
      vertex 11.906650617718697 -12.563077040016651 0.5999999999999943
      vertex 11.839489132165909 -12.556948147714138 0
      vertex 11.906650617718697 -12.563077040016651 0
    endloop
  endfacet
  facet normal -0.029085746110145642 -0.9995769201883445 0
    outer loop
      vertex 11.976860001683235 -12.565119996666908 0.5999999999999943
      vertex 11.906650617718697 -12.563077040016651 0
      vertex 11.976860001683235 -12.565119996666908 0
    endloop
  endfacet
  facet normal 0.15268157458444806 0.9882754356870425 0
    outer loop
      vertex 11.652704447507858 -12.937324441969395 0.5999999999999943
      vertex 11.757835306227207 -12.953566417098045 0
      vertex 11.652704447507858 -12.937324441969395 0
    endloop
  endfacet
  facet normal 0.08836506823468729 0.9960881560965772 0
    outer loop
      vertex 11.757835306227207 -12.953566417098045 0.5999999999999943
      vertex 11.867687158286572 -12.963311605155468 0
      vertex 11.757835306227207 -12.953566417098045 0
    endloop
  endfacet
  facet normal 0.028340822851627562 0.9995983182059145 0
    outer loop
      vertex 11.867687158286572 -12.963311605155468 0.5999999999999943
      vertex 11.982260003685951 -12.966559998691082 0
      vertex 11.867687158286572 -12.963311605155468 0
    endloop
  endfacet
  facet normal 0 0 -1
    outer loop
      vertex 12.003980003297329 -9.033440001308918 0.5999999999999943
      vertex 12.139069877564907 -9.037023209035397 0.5999999999999943
      vertex 12.083994321525097 -9.439843453466892 0.5999999999999943
    endloop
  endfacet
  facet normal 0 0 -1
    outer loop
      vertex 12.139069877564907 -9.037023209035397 0.5999999999999943
      vertex 12.26705950498581 -9.047772839665413 0.5999999999999943
      vertex 12.160090617835522 -9.446573823690414 0.5999999999999943
    endloop
  endfacet
  facet normal 0 0 -1
    outer loop
      vertex 12.26705950498581 -9.047772839665413 0.5999999999999943
      vertex 12.387948885560036 -9.065688885748386 0.5999999999999943
      vertex 12.232268892228603 -9.457791112363338 0.5999999999999943
    endloop
  endfacet
  facet normal 0 0 -1
    outer loop
      vertex 12.003980003297329 -9.033440001308918 0.5999999999999943
      vertex 12.083994321525097 -9.439843453466892 0.5999999999999943
      vertex 12.003980003297329 -9.437600001692772 0.5999999999999943
    endloop
  endfacet
  facet normal 0 0 -1
    outer loop
      vertex 12.139069877564907 -9.037023209035397 0.5999999999999943
      vertex 12.160090617835522 -9.446573823690414 0.5999999999999943
      vertex 12.083994321525097 -9.439843453466892 0.5999999999999943
    endloop
  endfacet
  facet normal 0 0 -1
    outer loop
      vertex 12.26705950498581 -9.047772839665413 0.5999999999999943
      vertex 12.232268892228603 -9.457791112363338 0.5999999999999943
      vertex 12.160090617835522 -9.446573823690414 0.5999999999999943
    endloop
  endfacet
  facet normal 0 0 -1
    outer loop
      vertex 12.232268892228603 -9.457791112363338 0.5999999999999943
      vertex 12.387948885560036 -9.065688885748386 0.5999999999999943
      vertex 12.300529137253761 -9.473495312035084 0.5999999999999943
    endloop
  endfacet
  facet normal 0 0 -1
    outer loop
      vertex 12.300529137253761 -9.473495312035084 0.5999999999999943
      vertex 12.387948885560036 -9.065688885748386 0.5999999999999943
      vertex 12.501738026738167 -9.090771354734898 0.5999999999999943
    endloop
  endfacet
  facet normal 0 0 -1
    outer loop
      vertex 12.364871360361576 -9.49368642270565 0.5999999999999943
      vertex 12.501738026738167 -9.090771354734898 0.5999999999999943
      vertex 12.608426913619041 -9.123020246624947 0.5999999999999943
    endloop
  endfacet
  facet normal 0 0 -1
    outer loop
      vertex 12.300529137253761 -9.473495312035084 0.5999999999999943
      vertex 12.501738026738167 -9.090771354734898 0.5999999999999943
      vertex 12.364871360361576 -9.49368642270565 0.5999999999999943
    endloop
  endfacet
  facet normal 0 0 -1
    outer loop
      vertex 12.364871360361576 -9.49368642270565 0.5999999999999943
      vertex 12.608426913619041 -9.123020246624947 0.5999999999999943
      vertex 12.425295554101467 -9.518364444375038 0.5999999999999943
    endloop
  endfacet
  facet normal 0 0 -1
    outer loop
      vertex 12.608426913619041 -9.123020246624947 0.5999999999999943
      vertex 12.481801725924015 -9.547529384493828 0.5999999999999943
      vertex 12.425295554101467 -9.518364444375038 0.5999999999999943
    endloop
  endfacet
  facet normal 0 0 -1
    outer loop
      vertex 12.608426913619041 -9.123020246624947 0.5999999999999943
      vertex 12.70801555365324 -9.162435553967953 0.5999999999999943
      vertex 12.481801725924015 -9.547529384493828 0.5999999999999943
    endloop
  endfacet
  facet normal 0 0 -1
    outer loop
      vertex 12.70801555365324 -9.162435553967953 0.5999999999999943
      vertex 12.800503954291344 -9.209017284214497 0.5999999999999943
      vertex 12.53438987582922 -9.581181235611439 0.5999999999999943
    endloop
  endfacet
  facet normal 0 0 -1
    outer loop
      vertex 12.70801555365324 -9.162435553967953 0.5999999999999943
      vertex 12.53438987582922 -9.581181235611439 0.5999999999999943
      vertex 12.481801725924015 -9.547529384493828 0.5999999999999943
    endloop
  endfacet
  facet normal 0 0 -1
    outer loop
      vertex 12.800503954291344 -9.209017284214497 0.5999999999999943
      vertex 12.5830599963665 -9.619319997727871 0.5999999999999943
      vertex 12.53438987582922 -9.581181235611439 0.5999999999999943
    endloop
  endfacet
  facet normal 0 0 -1
    outer loop
      vertex 12.800503954291344 -9.209017284214497 0.5999999999999943
      vertex 12.88589210063219 -9.262765429913998 0.5999999999999943
      vertex 12.5830599963665 -9.619319997727871 0.5999999999999943
    endloop
  endfacet
  facet normal 0 0 -1
    outer loop
      vertex 12.88589210063219 -9.262765429913998 0.5999999999999943
      vertex 12.964180000126362 -9.323679998517036 0.5999999999999943
      vertex 12.5830599963665 -9.619319997727871 0.5999999999999943
    endloop
  endfacet
  facet normal 0 0 -1
    outer loop
      vertex 12.964180000126362 -9.323679998517036 0.5999999999999943
      vertex 13.03477407246828 -9.391124442219734 0.5999999999999943
      vertex 12.627184443175793 -9.661887407302856 0.5999999999999943
    endloop
  endfacet
  facet normal 0 0 -1
    outer loop
      vertex 12.666117779910564 -9.708807408809662 0.5999999999999943
      vertex 13.03477407246828 -9.391124442219734 0.5999999999999943
      vertex 13.097062960267067 -9.464462220668793 0.5999999999999943
    endloop
  endfacet
  facet normal -0.026515295227237407 -0.9996484077509514 0
    outer loop
      vertex 12.003980003297329 -9.033440001308918 0.5999999999999943
      vertex 12.003980003297329 -9.033440001308918 0
      vertex 12.139069877564907 -9.037023209035397 0.5999999999999943
    endloop
  endfacet
  facet normal -0.08369362526462834 -0.9964915338777667 0
    outer loop
      vertex 12.139069877564907 -9.037023209035397 0.5999999999999943
      vertex 12.139069877564907 -9.037023209035397 0
      vertex 12.26705950498581 -9.047772839665413 0.5999999999999943
    endloop
  endfacet
  facet normal -0.14660077166620616 -0.9891957408657159 0
    outer loop
      vertex 12.26705950498581 -9.047772839665413 0.5999999999999943
      vertex 12.26705950498581 -9.047772839665413 0
      vertex 12.387948885560036 -9.065688885748386 0.5999999999999943
    endloop
  endfacet
  facet normal 0.02802711456548088 0.9996071632642162 0
    outer loop
      vertex 12.003980003297329 -9.437600001692772 0.5999999999999943
      vertex 12.083994321525097 -9.439843453466892 0.5999999999999943
      vertex 12.083994321525097 -9.439843453466892 0
    endloop
  endfacet
  facet normal 0.08810151756782056 0.9961115010892341 0
    outer loop
      vertex 12.083994321525097 -9.439843453466892 0.5999999999999943
      vertex 12.160090617835522 -9.446573823690414 0.5999999999999943
      vertex 12.160090617835522 -9.446573823690414 0
    endloop
  endfacet
  facet normal 0.15356741659895654 0.9881381728073876 0
    outer loop
      vertex 12.160090617835522 -9.446573823690414 0.5999999999999943
      vertex 12.232268892228603 -9.457791112363338 0.5999999999999943
      vertex 12.232268892228603 -9.457791112363338 0
    endloop
  endfacet
  facet normal 0.22420658594301485 0.9745416393463019 0
    outer loop
      vertex 12.232268892228603 -9.457791112363338 0.5999999999999943
      vertex 12.300529137253761 -9.473495312035084 0.5999999999999943
      vertex 12.300529137253761 -9.473495312035084 0
    endloop
  endfacet
  facet normal 0.29941182953946016 0.9541239732507685 0
    outer loop
      vertex 12.300529137253761 -9.473495312035084 0.5999999999999943
      vertex 12.364871360361576 -9.49368642270565 0.5999999999999943
      vertex 12.364871360361576 -9.49368642270565 0
    endloop
  endfacet
  facet normal -0.21526171358593274 -0.9765563960489162 0
    outer loop
      vertex 12.387948885560036 -9.065688885748386 0.5999999999999943
      vertex 12.387948885560036 -9.065688885748386 0
      vertex 12.501738026738167 -9.090771354734898 0.5999999999999943
    endloop
  endfacet
  facet normal -0.28934109828356974 -0.9572260594259109 0
    outer loop
      vertex 12.501738026738167 -9.090771354734898 0.5999999999999943
      vertex 12.501738026738167 -9.090771354734898 0
      vertex 12.608426913619041 -9.123020246624947 0.5999999999999943
    endloop
  endfacet
  facet normal -0.36800650900246307 -0.9298232140207192 0
    outer loop
      vertex 12.608426913619041 -9.123020246624947 0.5999999999999943
      vertex 12.608426913619041 -9.123020246624947 0
      vertex 12.70801555365324 -9.162435553967953 0.5999999999999943
    endloop
  endfacet
  facet normal -0.44981919705596973 -0.8931196392196975 0
    outer loop
      vertex 12.70801555365324 -9.162435553967953 0.5999999999999943
      vertex 12.70801555365324 -9.162435553967953 0
      vertex 12.800503954291344 -9.209017284214497 0.5999999999999943
    endloop
  endfacet
  facet normal 0.37809510863371554 0.9257667572489623 0
    outer loop
      vertex 12.364871360361576 -9.49368642270565 0.5999999999999943
      vertex 12.425295554101467 -9.518364444375038 0.5999999999999943
      vertex 12.425295554101467 -9.518364444375038 0
    endloop
  endfacet
  facet normal -0.5327084974716693 -0.8462987987238766 0
    outer loop
      vertex 12.800503954291344 -9.209017284214497 0.5999999999999943
      vertex 12.800503954291344 -9.209017284214497 0
      vertex 12.88589210063219 -9.262765429913998 0.5999999999999943
    endloop
  endfacet
  facet normal -0.6140912299228362 -0.789235048215586 0
    outer loop
      vertex 12.88589210063219 -9.262765429913998 0.5999999999999943
      vertex 12.88589210063219 -9.262765429913998 0
      vertex 12.964180000126362 -9.323679998517036 0.5999999999999943
    endloop
  endfacet
  facet normal -0.6907929104168259 -0.7230526640002448 0
    outer loop
      vertex 12.964180000126362 -9.323679998517036 0.5999999999999943
      vertex 12.964180000126362 -9.323679998517036 0
      vertex 13.03477407246828 -9.391124442219734 0.5999999999999943
    endloop
  endfacet
  facet normal -0.7621865800297809 -0.6473574107264908 0
    outer loop
      vertex 13.03477407246828 -9.391124442219734 0.5999999999999943
      vertex 13.03477407246828 -9.391124442219734 0
      vertex 13.097062960267067 -9.464462220668793 0.5999999999999943
    endloop
  endfacet
  facet normal -0.8264094028400131 -0.5630697105133723 0
    outer loop
      vertex 13.097062960267067 -9.464462220668793 0.5999999999999943
      vertex 13.097062960267067 -9.464462220668793 0
      vertex 13.15104666352272 -9.543693333864212 0.5999999999999943
    endloop
  endfacet
  facet normal -0.026515295227237407 -0.9996484077509514 0
    outer loop
      vertex 12.139069877564907 -9.037023209035397 0.5999999999999943
      vertex 12.003980003297329 -9.033440001308918 0
      vertex 12.139069877564907 -9.037023209035397 0
    endloop
  endfacet
  facet normal -0.08369362526462834 -0.9964915338777667 0
    outer loop
      vertex 12.26705950498581 -9.047772839665413 0.5999999999999943
      vertex 12.139069877564907 -9.037023209035397 0
      vertex 12.26705950498581 -9.047772839665413 0
    endloop
  endfacet
  facet normal -0.14660077166620616 -0.9891957408657159 0
    outer loop
      vertex 12.387948885560036 -9.065688885748386 0.5999999999999943
      vertex 12.26705950498581 -9.047772839665413 0
      vertex 12.387948885560036 -9.065688885748386 0
    endloop
  endfacet
  facet normal 0.02802711456548088 0.9996071632642162 0
    outer loop
      vertex 12.003980003297329 -9.437600001692772 0.5999999999999943
      vertex 12.083994321525097 -9.439843453466892 0
      vertex 12.003980003297329 -9.437600001692772 0
    endloop
  endfacet
  facet normal 0.08810151756782056 0.9961115010892341 0
    outer loop
      vertex 12.083994321525097 -9.439843453466892 0.5999999999999943
      vertex 12.160090617835522 -9.446573823690414 0
      vertex 12.083994321525097 -9.439843453466892 0
    endloop
  endfacet
  facet normal 0.15356741659895654 0.9881381728073876 0
    outer loop
      vertex 12.160090617835522 -9.446573823690414 0.5999999999999943
      vertex 12.232268892228603 -9.457791112363338 0
      vertex 12.160090617835522 -9.446573823690414 0
    endloop
  endfacet
  facet normal 0.22420658594301485 0.9745416393463019 0
    outer loop
      vertex 12.232268892228603 -9.457791112363338 0.5999999999999943
      vertex 12.300529137253761 -9.473495312035084 0
      vertex 12.232268892228603 -9.457791112363338 0
    endloop
  endfacet
  facet normal 0.29941182953946016 0.9541239732507685 0
    outer loop
      vertex 12.300529137253761 -9.473495312035084 0.5999999999999943
      vertex 12.364871360361576 -9.49368642270565 0
      vertex 12.300529137253761 -9.473495312035084 0
    endloop
  endfacet
  facet normal -0.21526171358593274 -0.9765563960489162 0
    outer loop
      vertex 12.501738026738167 -9.090771354734898 0.5999999999999943
      vertex 12.387948885560036 -9.065688885748386 0
      vertex 12.501738026738167 -9.090771354734898 0
    endloop
  endfacet
  facet normal -0.28934109828356974 -0.9572260594259109 0
    outer loop
      vertex 12.608426913619041 -9.123020246624947 0.5999999999999943
      vertex 12.501738026738167 -9.090771354734898 0
      vertex 12.608426913619041 -9.123020246624947 0
    endloop
  endfacet
  facet normal -0.36800650900246307 -0.9298232140207192 0
    outer loop
      vertex 12.70801555365324 -9.162435553967953 0.5999999999999943
      vertex 12.608426913619041 -9.123020246624947 0
      vertex 12.70801555365324 -9.162435553967953 0
    endloop
  endfacet
  facet normal 0.37809510863371554 0.9257667572489623 0
    outer loop
      vertex 12.364871360361576 -9.49368642270565 0.5999999999999943
      vertex 12.425295554101467 -9.518364444375038 0
      vertex 12.364871360361576 -9.49368642270565 0
    endloop
  endfacet
  facet normal -0.44981919705596973 -0.8931196392196975 0
    outer loop
      vertex 12.800503954291344 -9.209017284214497 0.5999999999999943
      vertex 12.70801555365324 -9.162435553967953 0
      vertex 12.800503954291344 -9.209017284214497 0
    endloop
  endfacet
  facet normal -0.5327084974716693 -0.8462987987238766 0
    outer loop
      vertex 12.88589210063219 -9.262765429913998 0.5999999999999943
      vertex 12.800503954291344 -9.209017284214497 0
      vertex 12.88589210063219 -9.262765429913998 0
    endloop
  endfacet
  facet normal -0.6140912299228362 -0.789235048215586 0
    outer loop
      vertex 12.964180000126362 -9.323679998517036 0.5999999999999943
      vertex 12.88589210063219 -9.262765429913998 0
      vertex 12.964180000126362 -9.323679998517036 0
    endloop
  endfacet
  facet normal -0.6907929104168259 -0.7230526640002448 0
    outer loop
      vertex 13.03477407246828 -9.391124442219734 0.5999999999999943
      vertex 12.964180000126362 -9.323679998517036 0
      vertex 13.03477407246828 -9.391124442219734 0
    endloop
  endfacet
  facet normal -0.7621865800297809 -0.6473574107264908 0
    outer loop
      vertex 13.097062960267067 -9.464462220668793 0.5999999999999943
      vertex 13.03477407246828 -9.391124442219734 0
      vertex 13.097062960267067 -9.464462220668793 0
    endloop
  endfacet
  facet normal -0.8264094028400131 -0.5630697105133723 0
    outer loop
      vertex 13.15104666352272 -9.543693333864212 0.5999999999999943
      vertex 13.097062960267067 -9.464462220668793 0
      vertex 13.15104666352272 -9.543693333864212 0
    endloop
  endfacet
  facet normal 0 0 -1
    outer loop
      vertex 12.964180000126362 -9.323679998517036 0.5999999999999943
      vertex 12.627184443175793 -9.661887407302856 0.5999999999999943
      vertex 12.5830599963665 -9.619319997727871 0.5999999999999943
    endloop
  endfacet
  facet normal 0 0 -1
    outer loop
      vertex 12.627184443175793 -9.661887407302856 0.5999999999999943
      vertex 13.03477407246828 -9.391124442219734 0.5999999999999943
      vertex 12.666117779910564 -9.708807408809662 0.5999999999999943
    endloop
  endfacet
  facet normal 0 0 -1
    outer loop
      vertex 12.666117779910564 -9.708807408809662 0.5999999999999943
      vertex 13.097062960267067 -9.464462220668793 0.5999999999999943
      vertex 12.699859999120235 -9.760080002248287 0.5999999999999943
    endloop
  endfacet
  facet normal 0 0 -1
    outer loop
      vertex 12.699859999120235 -9.760080002248287 0.5999999999999943
      vertex 13.15104666352272 -9.543693333864212 0.5999999999999943
      vertex 12.728411108255386 -9.815705187618732 0.5999999999999943
    endloop
  endfacet
  facet normal 0 0 -1
    outer loop
      vertex 12.699859999120235 -9.760080002248287 0.5999999999999943
      vertex 13.097062960267067 -9.464462220668793 0.5999999999999943
      vertex 13.15104666352272 -9.543693333864212 0.5999999999999943
    endloop
  endfacet
  facet normal 0 0 -1
    outer loop
      vertex 12.728411108255386 -9.815705187618732 0.5999999999999943
      vertex 13.15104666352272 -9.543693333864212 0.5999999999999943
      vertex 13.196725182235241 -9.628817774355412 0.5999999999999943
    endloop
  endfacet
  facet normal 0 0 -1
    outer loop
      vertex 12.751771114766598 -9.875682964920998 0.5999999999999943
      vertex 13.196725182235241 -9.628817774355412 0.5999999999999943
      vertex 13.234098516404629 -9.719835557043552 0.5999999999999943
    endloop
  endfacet
  facet normal 0 0 -1
    outer loop
      vertex 12.728411108255386 -9.815705187618732 0.5999999999999943
      vertex 13.196725182235241 -9.628817774355412 0.5999999999999943
      vertex 12.751771114766598 -9.875682964920998 0.5999999999999943
    endloop
  endfacet
  facet normal 0 0 -1
    outer loop
      vertex 12.751771114766598 -9.875682964920998 0.5999999999999943
      vertex 13.263166666030884 -9.816746667027473 0.5999999999999943
      vertex 12.769939996302128 -9.940013334155083 0.5999999999999943
    endloop
  endfacet
  facet normal 0 0 -1
    outer loop
      vertex 12.751771114766598 -9.875682964920998 0.5999999999999943
      vertex 13.234098516404629 -9.719835557043552 0.5999999999999943
      vertex 13.263166666030884 -9.816746667027473 0.5999999999999943
    endloop
  endfacet
  facet normal 0 0 -1
    outer loop
      vertex 12.769939996302128 -9.940013334155083 0.5999999999999943
      vertex 13.283929631114006 -9.919551111757755 0.5999999999999943
      vertex 12.782917775213718 -10.008696295320988 0.5999999999999943
    endloop
  endfacet
  facet normal 0 0 -1
    outer loop
      vertex 12.769939996302128 -9.940013334155083 0.5999999999999943
      vertex 13.263166666030884 -9.816746667027473 0.5999999999999943
      vertex 13.283929631114006 -9.919551111757755 0.5999999999999943
    endloop
  endfacet
  facet normal 0 0 -1
    outer loop
      vertex 12.782917775213718 -10.008696295320988 0.5999999999999943
      vertex 13.283929631114006 -9.919551111757755 0.5999999999999943
      vertex 13.296387404203415 -10.028248891234398 0.5999999999999943
    endloop
  endfacet
  facet normal 0 0 -1
    outer loop
      vertex 12.782917775213718 -10.008696295320988 0.5999999999999943
      vertex 13.296387404203415 -10.028248891234398 0.5999999999999943
      vertex 12.790704444050789 -10.081731848418713 0.5999999999999943
    endloop
  endfacet
  facet normal 0 0 -1
    outer loop
      vertex 12.790704444050789 -10.081731848418713 0.5999999999999943
      vertex 13.300540000200272 -10.14283999800682 0.5999999999999943
      vertex 12.79330000281334 -10.159120000898838 0.5999999999999943
    endloop
  endfacet
  facet normal 0 0 -1
    outer loop
      vertex 12.79330000281334 -10.159120000898838 0.5999999999999943
      vertex 13.297592841088772 -10.222677037119865 0.5999999999999943
      vertex 12.790336541831493 -10.226744689047337 0.5999999999999943
    endloop
  endfacet
  facet normal 0 0 -1
    outer loop
      vertex 12.781446173787117 -10.29098765552044 0.5999999999999943
      vertex 13.253385432064533 -10.44369925558567 0.5999999999999943
      vertex 12.76662889122963 -10.351848885416985 0.5999999999999943
    endloop
  endfacet
  facet normal 0 0 -1
    outer loop
      vertex 12.745884694159031 -10.409328393638134 0.5999999999999943
      vertex 12.76662889122963 -10.351848885416985 0.5999999999999943
      vertex 13.194442220032215 -10.575640000402927 0.5999999999999943
    endloop
  endfacet
  facet normal 0 0 -1
    outer loop
      vertex 12.790336541831493 -10.226744689047337 0.5999999999999943
      vertex 13.274015553295612 -10.37310666590929 0.5999999999999943
      vertex 12.781446173787117 -10.29098765552044 0.5999999999999943
    endloop
  endfacet
  facet normal 0 0 -1
    outer loop
      vertex 12.790336541831493 -10.226744689047337 0.5999999999999943
      vertex 13.288751356303692 -10.299432590603828 0.5999999999999943
      vertex 13.274015553295612 -10.37310666590929 0.5999999999999943
    endloop
  endfacet
  facet normal 0 0 -1
    outer loop
      vertex 12.781446173787117 -10.29098765552044 0.5999999999999943
      vertex 13.274015553295612 -10.37310666590929 0.5999999999999943
      vertex 13.253385432064533 -10.44369925558567 0.5999999999999943
    endloop
  endfacet
  facet normal 0 0 -1
    outer loop
      vertex 12.76662889122963 -10.351848885416985 0.5999999999999943
      vertex 13.253385432064533 -10.44369925558567 0.5999999999999943
      vertex 13.226860985159874 -10.51121036708355 0.5999999999999943
    endloop
  endfacet
  facet normal 0 0 -1
    outer loop
      vertex 12.76662889122963 -10.351848885416985 0.5999999999999943
      vertex 13.226860985159874 -10.51121036708355 0.5999999999999943
      vertex 13.194442220032215 -10.575640000402927 0.5999999999999943
    endloop
  endfacet
  facet normal 0 0 -1
    outer loop
      vertex 12.790704444050789 -10.081731848418713 0.5999999999999943
      vertex 13.296387404203415 -10.028248891234398 0.5999999999999943
      vertex 13.300540000200272 -10.14283999800682 0.5999999999999943
    endloop
  endfacet
  facet normal 0 0 -1
    outer loop
      vertex 12.79330000281334 -10.159120000898838 0.5999999999999943
      vertex 13.300540000200272 -10.14283999800682 0.5999999999999943
      vertex 13.297592841088772 -10.222677037119865 0.5999999999999943
    endloop
  endfacet
  facet normal 0 0 -1
    outer loop
      vertex 12.790336541831493 -10.226744689047337 0.5999999999999943
      vertex 13.297592841088772 -10.222677037119865 0.5999999999999943
      vertex 13.288751356303692 -10.299432590603828 0.5999999999999943
    endloop
  endfacet
  facet normal 0.458648685930291 0.8886176809485715 0
    outer loop
      vertex 12.425295554101467 -9.518364444375038 0.5999999999999943
      vertex 12.481801725924015 -9.547529384493828 0.5999999999999943
      vertex 12.481801725924015 -9.547529384493828 0
    endloop
  endfacet
  facet normal 0.5390018262420874 0.8423045953262362 0
    outer loop
      vertex 12.481801725924015 -9.547529384493828 0.5999999999999943
      vertex 12.53438987582922 -9.581181235611439 0.5999999999999943
      vertex 12.53438987582922 -9.581181235611439 0
    endloop
  endfacet
  facet normal 0.6168006216383872 0.7871194274990925 0
    outer loop
      vertex 12.53438987582922 -9.581181235611439 0.5999999999999943
      vertex 12.5830599963665 -9.619319997727871 0.5999999999999943
      vertex 12.5830599963665 -9.619319997727871 0
    endloop
  endfacet
  facet normal 0.6942947485959949 0.7196907683665423 0
    outer loop
      vertex 12.5830599963665 -9.619319997727871 0.5999999999999943
      vertex 12.627184443175793 -9.661887407302856 0.5999999999999943
      vertex 12.627184443175793 -9.661887407302856 0
    endloop
  endfacet
  facet normal 0.7695639633397856 0.6385697348988291 0
    outer loop
      vertex 12.627184443175793 -9.661887407302856 0.5999999999999943
      vertex 12.666117779910564 -9.708807408809662 0.5999999999999943
      vertex 12.666117779910564 -9.708807408809662 0
    endloop
  endfacet
  facet normal 0.8353403982832495 0.5497330433910463 0
    outer loop
      vertex 12.666117779910564 -9.708807408809662 0.5999999999999943
      vertex 12.699859999120235 -9.760080002248287 0.5999999999999943
      vertex 12.699859999120235 -9.760080002248287 0
    endloop
  endfacet
  facet normal 0.8896526307304432 0.45663792728419045 0
    outer loop
      vertex 12.699859999120235 -9.760080002248287 0.5999999999999943
      vertex 12.728411108255386 -9.815705187618732 0.5999999999999943
      vertex 12.728411108255386 -9.815705187618732 0
    endloop
  endfacet
  facet normal 0.9318192108772673 0.3629227992839066 0
    outer loop
      vertex 12.728411108255386 -9.815705187618732 0.5999999999999943
      vertex 12.751771114766598 -9.875682964920998 0.5999999999999943
      vertex 12.751771114766598 -9.875682964920998 0
    endloop
  endfacet
  facet normal 0.896918515627695 -0.4421958574254312 0
    outer loop
      vertex 12.745884694159031 -10.409328393638134 0.5999999999999943
      vertex 12.719213582575321 -10.463426172733307 0.5999999999999943
      vertex 12.719213582575321 -10.463426172733307 0
    endloop
  endfacet
  facet normal 0.8412173210226755 -0.5406971599809202 0
    outer loop
      vertex 12.719213582575321 -10.463426172733307 0.5999999999999943
      vertex 12.6866155564785 -10.514142222702503 0.5999999999999943
      vertex 12.6866155564785 -10.514142222702503 0
    endloop
  endfacet
  facet normal 0.9623541786748302 0.27179851873601674 0
    outer loop
      vertex 12.751771114766598 -9.875682964920998 0.5999999999999943
      vertex 12.769939996302128 -9.940013334155083 0.5999999999999943
      vertex 12.769939996302128 -9.940013334155083 0
    endloop
  endfacet
  facet normal 0.9826128000102462 0.1856665970389501 0
    outer loop
      vertex 12.769939996302128 -9.940013334155083 0.5999999999999943
      vertex 12.782917775213718 -10.008696295320988 0.5999999999999943
      vertex 12.782917775213718 -10.008696295320988 0
    endloop
  endfacet
  facet normal -0.8811516871583689 -0.4728336961532667 0
    outer loop
      vertex 13.15104666352272 -9.543693333864212 0.5999999999999943
      vertex 13.15104666352272 -9.543693333864212 0
      vertex 13.196725182235241 -9.628817774355412 0.5999999999999943
    endloop
  endfacet
  facet normal -0.9250518517163725 -0.3798408504046272 0
    outer loop
      vertex 13.196725182235241 -9.628817774355412 0.5999999999999943
      vertex 13.196725182235241 -9.628817774355412 0
      vertex 13.234098516404629 -9.719835557043552 0.5999999999999943
    endloop
  endfacet
  facet normal -0.9578403843063009 -0.28730088442599283 0
    outer loop
      vertex 13.234098516404629 -9.719835557043552 0.5999999999999943
      vertex 13.234098516404629 -9.719835557043552 0
      vertex 13.263166666030884 -9.816746667027473 0.5999999999999943
    endloop
  endfacet
  facet normal -0.9802083999912625 -0.19796841310312405 0
    outer loop
      vertex 13.263166666030884 -9.816746667027473 0.5999999999999943
      vertex 13.263166666030884 -9.816746667027473 0
      vertex 13.283929631114006 -9.919551111757755 0.5999999999999943
    endloop
  endfacet
  facet normal -0.9934963583983353 -0.11386389177103715 0
    outer loop
      vertex 13.283929631114006 -9.919551111757755 0.5999999999999943
      vertex 13.283929631114006 -9.919551111757755 0
      vertex 13.296387404203415 -10.028248891234398 0.5999999999999943
    endloop
  endfacet
  facet normal 0.994364641564679 0.10601395948622752 0
    outer loop
      vertex 12.782917775213718 -10.008696295320988 0.5999999999999943
      vertex 12.790704444050789 -10.081731848418713 0.5999999999999943
      vertex 12.790704444050789 -10.081731848418713 0
    endloop
  endfacet
  facet normal 0.9994380255583394 0.033520636450523625 0
    outer loop
      vertex 12.790704444050789 -10.081731848418713 0.5999999999999943
      vertex 12.79330000281334 -10.159120000898838 0.5999999999999943
      vertex 12.79330000281334 -10.159120000898838 0
    endloop
  endfacet
  facet normal 0.9990411891902701 -0.04378015876274298 0
    outer loop
      vertex 12.79330000281334 -10.159120000898838 0.5999999999999943
      vertex 12.790336541831493 -10.226744689047337 0.5999999999999943
      vertex 12.790336541831493 -10.226744689047337 0
    endloop
  endfacet
  facet normal 0.9905599439909162 -0.1370802588293179 0
    outer loop
      vertex 12.790336541831493 -10.226744689047337 0.5999999999999943
      vertex 12.781446173787117 -10.29098765552044 0.5999999999999943
      vertex 12.781446173787117 -10.29098765552044 0
    endloop
  endfacet
  facet normal 0.9716191886644486 -0.23655052783504568 0
    outer loop
      vertex 12.781446173787117 -10.29098765552044 0.5999999999999943
      vertex 12.76662889122963 -10.351848885416985 0.5999999999999943
      vertex 12.76662889122963 -10.351848885416985 0
    endloop
  endfacet
  facet normal 0.94061814148135 -0.33946651074321116 0
    outer loop
      vertex 12.745884694159031 -10.409328393638134 0.5999999999999943
      vertex 12.745884694159031 -10.409328393638134 0
      vertex 12.76662889122963 -10.351848885416985 0.5999999999999943
    endloop
  endfacet
  facet normal -0.9993440359294644 -0.036214608270822624 0
    outer loop
      vertex 13.296387404203415 -10.028248891234398 0.5999999999999943
      vertex 13.296387404203415 -10.028248891234398 0
      vertex 13.300540000200272 -10.14283999800682 0.5999999999999943
    endloop
  endfacet
  facet normal -0.9993193485942793 0.03688955848346895 0
    outer loop
      vertex 13.300540000200272 -10.14283999800682 0.5999999999999943
      vertex 13.300540000200272 -10.14283999800682 0
      vertex 13.297592841088772 -10.222677037119865 0.5999999999999943
    endloop
  endfacet
  facet normal -0.9934309140496418 0.11443346980011224 0
    outer loop
      vertex 13.297592841088772 -10.222677037119865 0.5999999999999943
      vertex 13.297592841088772 -10.222677037119865 0
      vertex 13.288751356303692 -10.299432590603828 0.5999999999999943
    endloop
  endfacet
  facet normal -0.9805781469064638 0.19612877863660255 0
    outer loop
      vertex 13.288751356303692 -10.299432590603828 0.5999999999999943
      vertex 13.288751356303692 -10.299432590603828 0
      vertex 13.274015553295612 -10.37310666590929 0.5999999999999943
    endloop
  endfacet
  facet normal -0.9598514184554205 0.2805089205161167 0
    outer loop
      vertex 13.253385432064533 -10.44369925558567 0.5999999999999943
      vertex 13.274015553295612 -10.37310666590929 0.5999999999999943
      vertex 13.274015553295612 -10.37310666590929 0
    endloop
  endfacet
  facet normal -0.9307410556182352 0.365678940310559 0
    outer loop
      vertex 13.253385432064533 -10.44369925558567 0.5999999999999943
      vertex 13.253385432064533 -10.44369925558567 0
      vertex 13.226860985159874 -10.51121036708355 0.5999999999999943
    endloop
  endfacet
  facet normal 0 0 -1
    outer loop
      vertex 11.958257533609867 -10.818800002336502 0.5999999999999943
      vertex 12.051036790013313 -10.812320001423359 0.5999999999999943
      vertex 12.018889136612415 -11.252760000526905 0.5999999999999943
    endloop
  endfacet
  facet normal 0 0 -1
    outer loop
      vertex 12.051036790013313 -10.812320001423359 0.5999999999999943
      vertex 12.138557776808739 -10.801519997417927 0.5999999999999943
      vertex 12.096962220966816 -11.263559997081757 0.5999999999999943
    endloop
  endfacet
  facet normal 0 0 -1
    outer loop
      vertex 12.220820493996143 -10.786399997770786 0.5999999999999943
      vertex 12.297824941575527 -10.766960002481937 0.5999999999999943
      vertex 12.394579999148846 -11.03796000033617 0.5999999999999943
    endloop
  endfacet
  facet normal 0 0 -1
    outer loop
      vertex 12.297824941575527 -10.766960002481937 0.5999999999999943
      vertex 12.36957111209631 -10.743199996650219 0.5999999999999943
      vertex 12.394579999148846 -11.03796000033617 0.5999999999999943
    endloop
  endfacet
  facet normal 0 0 -1
    outer loop
      vertex 12.138557776808739 -10.801519997417927 0.5999999999999943
      vertex 12.220820493996143 -10.786399997770786 0.5999999999999943
      vertex 12.394579999148846 -11.048799999058247 0.5999999999999943
    endloop
  endfacet
  facet normal 0 0 -1
    outer loop
      vertex 12.220820493996143 -10.786399997770786 0.5999999999999943
      vertex 12.394579999148846 -11.03796000033617 0.5999999999999943
      vertex 12.394579999148846 -11.048799999058247 0.5999999999999943
    endloop
  endfacet
  facet normal 0 0 -1
    outer loop
      vertex 12.603638768196106 -10.605429135262966 0.5999999999999943
      vertex 12.738015063107014 -10.95839061588049 0.5999999999999943
      vertex 12.553259998559952 -10.645999997854233 0.5999999999999943
    endloop
  endfacet
  facet normal 0 0 -1
    outer loop
      vertex 12.603638768196106 -10.605429135262966 0.5999999999999943
      vertex 12.648090615868568 -10.561476543545723 0.5999999999999943
      vertex 12.881602220237255 -10.889675557613373 0.5999999999999943
    endloop
  endfacet
  facet normal 0 0 -1
    outer loop
      vertex 12.36957111209631 -10.743199996650219 0.5999999999999943
      vertex 12.436059013009071 -10.715120002627373 0.5999999999999943
      vertex 12.487471356987953 -11.02530024945736 0.5999999999999943
    endloop
  endfacet
  facet normal 0 0 -1
    outer loop
      vertex 12.497288644313812 -10.682719998061657 0.5999999999999943
      vertex 12.575674317777157 -11.007818765938282 0.5999999999999943
      vertex 12.436059013009071 -10.715120002627373 0.5999999999999943
    endloop
  endfacet
  facet normal 0 0 -1
    outer loop
      vertex 12.36957111209631 -10.743199996650219 0.5999999999999943
      vertex 12.487471356987953 -11.02530024945736 0.5999999999999943
      vertex 12.394579999148846 -11.03796000033617 0.5999999999999943
    endloop
  endfacet
  facet normal 0 0 -1
    outer loop
      vertex 12.436059013009071 -10.715120002627373 0.5999999999999943
      vertex 12.575674317777157 -11.007818765938282 0.5999999999999943
      vertex 12.487471356987953 -11.02530024945736 0.5999999999999943
    endloop
  endfacet
  facet normal 0 0 -1
    outer loop
      vertex 12.497288644313812 -10.682719998061657 0.5999999999999943
      vertex 12.553259998559952 -10.645999997854233 0.5999999999999943
      vertex 12.659188888967037 -10.985515557229519 0.5999999999999943
    endloop
  endfacet
  facet normal 0 0 -1
    outer loop
      vertex 12.553259998559952 -10.645999997854233 0.5999999999999943
      vertex 12.738015063107014 -10.95839061588049 0.5999999999999943
      vertex 12.659188888967037 -10.985515557229519 0.5999999999999943
    endloop
  endfacet
  facet normal 0 0 -1
    outer loop
      vertex 12.603638768196106 -10.605429135262966 0.5999999999999943
      vertex 12.812152840197086 -10.926443949341774 0.5999999999999943
      vertex 12.738015063107014 -10.95839061588049 0.5999999999999943
    endloop
  endfacet
  facet normal 0 0 -1
    outer loop
      vertex 12.497288644313812 -10.682719998061657 0.5999999999999943
      vertex 12.659188888967037 -10.985515557229519 0.5999999999999943
      vertex 12.575674317777157 -11.007818765938282 0.5999999999999943
    endloop
  endfacet
  facet normal 0 0 -1
    outer loop
      vertex 12.051036790013313 -10.812320001423359 0.5999999999999943
      vertex 12.096962220966816 -11.263559997081757 0.5999999999999943
      vertex 12.018889136612415 -11.252760000526905 0.5999999999999943
    endloop
  endfacet
  facet normal 0 0 -1
    outer loop
      vertex 12.138557776808739 -10.801519997417927 0.5999999999999943
      vertex 12.170580990612507 -11.278679996728897 0.5999999999999943
      vertex 12.096962220966816 -11.263559997081757 0.5999999999999943
    endloop
  endfacet
  facet normal 0 0 -1
    outer loop
      vertex 12.138557776808739 -10.801519997417927 0.5999999999999943
      vertex 12.394579999148846 -11.048799999058247 0.5999999999999943
      vertex 12.170580990612507 -11.278679996728897 0.5999999999999943
    endloop
  endfacet
  facet normal 0 0 -1
    outer loop
      vertex 12.394579999148846 -11.048799999058247 0.5999999999999943
      vertex 12.239745430648327 -11.298119999468327 0.5999999999999943
      vertex 12.170580990612507 -11.278679996728897 0.5999999999999943
    endloop
  endfacet
  facet normal 0 0 -1
    outer loop
      vertex 12.394579999148846 -11.048799999058247 0.5999999999999943
      vertex 12.304455555975437 -11.321879997849464 0.5999999999999943
      vertex 12.239745430648327 -11.298119999468327 0.5999999999999943
    endloop
  endfacet
  facet normal 0 0 -1
    outer loop
      vertex 12.394579999148846 -11.048799999058247 0.5999999999999943
      vertex 12.479086175560951 -11.068713583052158 0.5999999999999943
      vertex 12.304455555975437 -11.321879997849464 0.5999999999999943
    endloop
  endfacet
  facet normal 0 0 -1
    outer loop
      vertex 12.479086175560951 -11.068713583052158 0.5999999999999943
      vertex 12.559004694223404 -11.09227654337883 0.5999999999999943
      vertex 12.364711359143257 -11.349959999322891 0.5999999999999943
    endloop
  endfacet
  facet normal 0 0 -1
    outer loop
      vertex 12.559004694223404 -11.09227654337883 0.5999999999999943
      vertex 12.634335555136204 -11.119488887488842 0.5999999999999943
      vertex 12.420512840151787 -11.382359996438026 0.5999999999999943
    endloop
  endfacet
  facet normal 0 0 -1
    outer loop
      vertex 12.634335555136204 -11.119488887488842 0.5999999999999943
      vertex 12.705078765749931 -11.150350615382195 0.5999999999999943
      vertex 12.471859999001026 -11.41907999664545 0.5999999999999943
    endloop
  endfacet
  facet normal 0 0 -1
    outer loop
      vertex 12.479086175560951 -11.068713583052158 0.5999999999999943
      vertex 12.364711359143257 -11.349959999322891 0.5999999999999943
      vertex 12.304455555975437 -11.321879997849464 0.5999999999999943
    endloop
  endfacet
  facet normal 0 0 -1
    outer loop
      vertex 12.559004694223404 -11.09227654337883 0.5999999999999943
      vertex 12.420512840151787 -11.382359996438026 0.5999999999999943
      vertex 12.364711359143257 -11.349959999322891 0.5999999999999943
    endloop
  endfacet
  facet normal 0 0 -1
    outer loop
      vertex 12.634335555136204 -11.119488887488842 0.5999999999999943
      vertex 12.471859999001026 -11.41907999664545 0.5999999999999943
      vertex 12.420512840151787 -11.382359996438026 0.5999999999999943
    endloop
  endfacet
  facet normal 0 0 -1
    outer loop
      vertex 12.705078765749931 -11.150350615382195 0.5999999999999943
      vertex 12.51825950294733 -11.459617286920547 0.5999999999999943
      vertex 12.471859999001026 -11.41907999664545 0.5999999999999943
    endloop
  endfacet
  facet normal 0 0 -1
    outer loop
      vertex 12.705078765749931 -11.150350615382195 0.5999999999999943
      vertex 12.771234318614006 -11.184861727058887 0.5999999999999943
      vertex 12.51825950294733 -11.459617286920547 0.5999999999999943
    endloop
  endfacet
  facet normal 0 0 -1
    outer loop
      vertex 12.771234318614006 -11.184861727058887 0.5999999999999943
      vertex 12.832802221179008 -11.223022222518921 0.5999999999999943
      vertex 12.559200249612331 -11.50346913933754 0.5999999999999943
    endloop
  endfacet
  facet normal 0 0 -1
    outer loop
      vertex 12.771234318614006 -11.184861727058887 0.5999999999999943
      vertex 12.559200249612331 -11.50346913933754 0.5999999999999943
      vertex 12.51825950294733 -11.459617286920547 0.5999999999999943
    endloop
  endfacet
  facet normal 0 0 -1
    outer loop
      vertex 12.832802221179008 -11.223022222518921 0.5999999999999943
      vertex 12.594682224094868 -11.550635553896427 0.5999999999999943
      vertex 12.559200249612331 -11.50346913933754 0.5999999999999943
    endloop
  endfacet
  facet normal 0 0 -1
    outer loop
      vertex 12.594682224094868 -11.550635553896427 0.5999999999999943
      vertex 12.942175060510635 -11.310291357338428 0.5999999999999943
      vertex 12.62470543384552 -11.601116545498371 0.5999999999999943
    endloop
  endfacet
  facet normal 0 0 -1
    outer loop
      vertex 12.719213582575321 -10.463426172733307 0.5999999999999943
      vertex 13.06182000041008 -10.750440001487732 0.5999999999999943
      vertex 12.6866155564785 -10.514142222702503 0.5999999999999943
    endloop
  endfacet
  facet normal 0 0 -1
    outer loop
      vertex 12.745884694159031 -10.409328393638134 0.5999999999999943
      vertex 13.111921727657318 -10.695254817605019 0.5999999999999943
      vertex 12.719213582575321 -10.463426172733307 0.5999999999999943
    endloop
  endfacet
  facet normal 0 0 -1
    outer loop
      vertex 12.6866155564785 -10.514142222702503 0.5999999999999943
      vertex 12.9463632106781 -10.848085433244705 0.5999999999999943
      vertex 12.648090615868568 -10.561476543545723 0.5999999999999943
    endloop
  endfacet
  facet normal 0 0 -1
    outer loop
      vertex 12.6866155564785 -10.514142222702503 0.5999999999999943
      vertex 13.06182000041008 -10.750440001487732 0.5999999999999943
      vertex 13.006435804069042 -10.801673583686352 0.5999999999999943
    endloop
  endfacet
  facet normal 0 0 -1
    outer loop
      vertex 12.6866155564785 -10.514142222702503 0.5999999999999943
      vertex 13.006435804069042 -10.801673583686352 0.5999999999999943
      vertex 12.9463632106781 -10.848085433244705 0.5999999999999943
    endloop
  endfacet
  facet normal 0 0 -1
    outer loop
      vertex 12.745884694159031 -10.409328393638134 0.5999999999999943
      vertex 13.156129136681557 -10.636988148093224 0.5999999999999943
      vertex 13.111921727657318 -10.695254817605019 0.5999999999999943
    endloop
  endfacet
  facet normal 0 0 -1
    outer loop
      vertex 12.745884694159031 -10.409328393638134 0.5999999999999943
      vertex 13.194442220032215 -10.575640000402927 0.5999999999999943
      vertex 13.156129136681557 -10.636988148093224 0.5999999999999943
    endloop
  endfacet
  facet normal 0 0 -1
    outer loop
      vertex 12.719213582575321 -10.463426172733307 0.5999999999999943
      vertex 13.111921727657318 -10.695254817605019 0.5999999999999943
      vertex 13.06182000041008 -10.750440001487732 0.5999999999999943
    endloop
  endfacet
  facet normal 0 0 -1
    outer loop
      vertex 12.648090615868568 -10.561476543545723 0.5999999999999943
      vertex 12.9463632106781 -10.848085433244705 0.5999999999999943
      vertex 12.881602220237255 -10.889675557613373 0.5999999999999943
    endloop
  endfacet
  facet normal 0 0 -1
    outer loop
      vertex 12.603638768196106 -10.605429135262966 0.5999999999999943
      vertex 12.881602220237255 -10.889675557613373 0.5999999999999943
      vertex 12.812152840197086 -10.926443949341774 0.5999999999999943
    endloop
  endfacet
  facet normal 0 0 -1
    outer loop
      vertex 12.832802221179008 -11.223022222518921 0.5999999999999943
      vertex 12.889782465994358 -11.264832101762295 0.5999999999999943
      vertex 12.594682224094868 -11.550635553896427 0.5999999999999943
    endloop
  endfacet
  facet normal 0 0 -1
    outer loop
      vertex 12.889782465994358 -11.264832101762295 0.5999999999999943
      vertex 12.942175060510635 -11.310291357338428 0.5999999999999943
      vertex 12.594682224094868 -11.550635553896427 0.5999999999999943
    endloop
  endfacet
  facet normal 0 0 -1
    outer loop
      vertex 12.62470543384552 -11.601116545498371 0.5999999999999943
      vertex 12.942175060510635 -11.310291357338428 0.5999999999999943
      vertex 12.98997999727726 -11.359399996697903 0.5999999999999943
    endloop
  endfacet
  facet normal 0 0 -1
    outer loop
      vertex 12.62470543384552 -11.601116545498371 0.5999999999999943
      vertex 12.98997999727726 -11.359399996697903 0.5999999999999943
      vertex 13.032962717115879 -11.412024691700935 0.5999999999999943
    endloop
  endfacet
  facet normal 0.12247009738361483 -0.9924722037653487 0
    outer loop
      vertex 12.051036790013313 -10.812320001423359 0.5999999999999943
      vertex 12.051036790013313 -10.812320001423359 0
      vertex 12.138557776808739 -10.801519997417927 0.5999999999999943
    endloop
  endfacet
  facet normal 0.1807732016490921 -0.9835248088205689 0
    outer loop
      vertex 12.138557776808739 -10.801519997417927 0.5999999999999943
      vertex 12.138557776808739 -10.801519997417927 0
      vertex 12.220820493996143 -10.786399997770786 0.5999999999999943
    endloop
  endfacet
  facet normal 0.24477335434971773 -0.9695803241611225 0
    outer loop
      vertex 12.220820493996143 -10.786399997770786 0.5999999999999943
      vertex 12.220820493996143 -10.786399997770786 0
      vertex 12.297824941575527 -10.766960002481937 0.5999999999999943
    endloop
  endfacet
  facet normal 0.3143768151786512 -0.9492982766644676 0
    outer loop
      vertex 12.297824941575527 -10.766960002481937 0.5999999999999943
      vertex 12.297824941575527 -10.766960002481937 0
      vertex 12.36957111209631 -10.743199996650219 0.5999999999999943
    endloop
  endfacet
  facet normal 0.4677108849132029 -0.8838815124968439 0
    outer loop
      vertex 12.497288644313812 -10.682719998061657 0.5999999999999943
      vertex 12.436059013009071 -10.715120002627373 0.5999999999999943
      vertex 12.436059013009071 -10.715120002627373 0
    endloop
  endfacet
  facet normal 0.38905816740056787 -0.9212131905150467 0
    outer loop
      vertex 12.36957111209631 -10.743199996650219 0.5999999999999943
      vertex 12.36957111209631 -10.743199996650219 0
      vertex 12.436059013009071 -10.715120002627373 0.5999999999999943
    endloop
  endfacet
  facet normal 0.5485394794499959 -0.836124655469941 0
    outer loop
      vertex 12.497288644313812 -10.682719998061657 0.5999999999999943
      vertex 12.497288644313812 -10.682719998061657 0
      vertex 12.553259998559952 -10.645999997854233 0.5999999999999943
    endloop
  endfacet
  facet normal 0.7031022485501494 -0.7110887624507394 0
    outer loop
      vertex 12.603638768196106 -10.605429135262966 0.5999999999999943
      vertex 12.603638768196106 -10.605429135262966 0
      vertex 12.648090615868568 -10.561476543545723 0.5999999999999943
    endloop
  endfacet
  facet normal 0.7755860289302182 -0.631241880524617 0
    outer loop
      vertex 12.6866155564785 -10.514142222702503 0.5999999999999943
      vertex 12.648090615868568 -10.561476543545723 0.5999999999999943
      vertex 12.648090615868568 -10.561476543545723 0
    endloop
  endfacet
  facet normal 0.6272166930954298 -0.7788447983407435 0
    outer loop
      vertex 12.603638768196106 -10.605429135262966 0.5999999999999943
      vertex 12.553259998559952 -10.645999997854233 0.5999999999999943
      vertex 12.553259998559952 -10.645999997854233 0
    endloop
  endfacet
  facet normal -0.258015338579882 0.9661408205109175 0
    outer loop
      vertex 12.659188888967037 -10.985515557229519 0.5999999999999943
      vertex 12.659188888967037 -10.985515557229519 0
      vertex 12.575674317777157 -11.007818765938282 0.5999999999999943
    endloop
  endfacet
  facet normal -0.3253849017126274 0.9455816547170656 0
    outer loop
      vertex 12.659188888967037 -10.985515557229519 0.5999999999999943
      vertex 12.738015063107014 -10.95839061588049 0.5999999999999943
      vertex 12.738015063107014 -10.95839061588049 0
    endloop
  endfacet
  facet normal 0.1370270381591486 0.9905673075633636 0
    outer loop
      vertex 12.018889136612415 -11.252760000526905 0.5999999999999943
      vertex 12.096962220966816 -11.263559997081757 0.5999999999999943
      vertex 12.096962220966816 -11.263559997081757 0
    endloop
  endfacet
  facet normal 0.20118308176883506 0.979553657340931 0
    outer loop
      vertex 12.096962220966816 -11.263559997081757 0.5999999999999943
      vertex 12.170580990612507 -11.278679996728897 0.5999999999999943
      vertex 12.170580990612507 -11.278679996728897 0
    endloop
  endfacet
  facet normal 0.27058439138618495 0.9626962590236694 0
    outer loop
      vertex 12.170580990612507 -11.278679996728897 0.5999999999999943
      vertex 12.239745430648327 -11.298119999468327 0.5999999999999943
      vertex 12.239745430648327 -11.298119999468327 0
    endloop
  endfacet
  facet normal 0.3446759895299401 0.9387217171460116 0
    outer loop
      vertex 12.239745430648327 -11.298119999468327 0.5999999999999943
      vertex 12.304455555975437 -11.321879997849464 0.5999999999999943
      vertex 12.304455555975437 -11.321879997849464 0
    endloop
  endfacet
  facet normal 0.4223990420241649 0.9064099785952644 0
    outer loop
      vertex 12.304455555975437 -11.321879997849464 0.5999999999999943
      vertex 12.364711359143257 -11.349959999322891 0.5999999999999943
      vertex 12.364711359143257 -11.349959999322891 0
    endloop
  endfacet
  facet normal -0.13503725702477204 0.9908405215851972 0
    outer loop
      vertex 12.394579999148846 -11.03796000033617 0.5999999999999943
      vertex 12.487471356987953 -11.02530024945736 0.5999999999999943
      vertex 12.487471356987953 -11.02530024945736 0
    endloop
  endfacet
  facet normal -1 0 0
    outer loop
      vertex 12.394579999148846 -11.03796000033617 0.5999999999999943
      vertex 12.394579999148846 -11.03796000033617 0
      vertex 12.394579999148846 -11.048799999058247 0.5999999999999943
    endloop
  endfacet
  facet normal -0.22936430850632897 -0.9733406464251935 0
    outer loop
      vertex 12.394579999148846 -11.048799999058247 0.5999999999999943
      vertex 12.394579999148846 -11.048799999058247 0
      vertex 12.479086175560951 -11.068713583052158 0.5999999999999943
    endloop
  endfacet
  facet normal -0.19441442351148794 0.9809194828989258 0
    outer loop
      vertex 12.487471356987953 -11.02530024945736 0.5999999999999943
      vertex 12.575674317777157 -11.007818765938282 0.5999999999999943
      vertex 12.575674317777157 -11.007818765938282 0
    endloop
  endfacet
  facet normal -0.2828015801633302 -0.9591784329607935 0
    outer loop
      vertex 12.479086175560951 -11.068713583052158 0.5999999999999943
      vertex 12.479086175560951 -11.068713583052158 0
      vertex 12.559004694223404 -11.09227654337883 0.5999999999999943
    endloop
  endfacet
  facet normal -0.33974975487007447 -0.9405158712460542 0
    outer loop
      vertex 12.559004694223404 -11.09227654337883 0.5999999999999943
      vertex 12.559004694223404 -11.09227654337883 0
      vertex 12.634335555136204 -11.119488887488842 0.5999999999999943
    endloop
  endfacet
  facet normal -0.3998569827053983 -0.9165775435726836 0
    outer loop
      vertex 12.634335555136204 -11.119488887488842 0.5999999999999943
      vertex 12.634335555136204 -11.119488887488842 0
      vertex 12.705078765749931 -11.150350615382195 0.5999999999999943
    endloop
  endfacet
  facet normal -0.46251513612060097 -0.8866113854780694 0
    outer loop
      vertex 12.705078765749931 -11.150350615382195 0.5999999999999943
      vertex 12.705078765749931 -11.150350615382195 0
      vertex 12.771234318614006 -11.184861727058887 0.5999999999999943
    endloop
  endfacet
  facet normal 0.5021255171122551 0.8647947531436291 0
    outer loop
      vertex 12.364711359143257 -11.349959999322891 0.5999999999999943
      vertex 12.420512840151787 -11.382359996438026 0.5999999999999943
      vertex 12.420512840151787 -11.382359996438026 0
    endloop
  endfacet
  facet normal 0.5816939585359819 0.8134077320770559 0
    outer loop
      vertex 12.420512840151787 -11.382359996438026 0.5999999999999943
      vertex 12.471859999001026 -11.41907999664545 0.5999999999999943
      vertex 12.471859999001026 -11.41907999664545 0
    endloop
  endfacet
  facet normal 0.6579319558891777 0.753077380764979 0
    outer loop
      vertex 12.471859999001026 -11.41907999664545 0.5999999999999943
      vertex 12.51825950294733 -11.459617286920547 0.5999999999999943
      vertex 12.51825950294733 -11.459617286920547 0
    endloop
  endfacet
  facet normal 0.7309525663961585 0.6824282714533956 0
    outer loop
      vertex 12.51825950294733 -11.459617286920547 0.5999999999999943
      vertex 12.559200249612331 -11.50346913933754 0.5999999999999943
      vertex 12.559200249612331 -11.50346913933754 0
    endloop
  endfacet
  facet normal -0.7403848002535014 0.6721832693198952 0
    outer loop
      vertex 13.111921727657318 -10.695254817605019 0.5999999999999943
      vertex 13.111921727657318 -10.695254817605019 0
      vertex 13.06182000041008 -10.750440001487732 0.5999999999999943
    endloop
  endfacet
  facet normal -0.5403719524770435 0.8414262611638336 0
    outer loop
      vertex 12.881602220237255 -10.889675557613373 0.5999999999999943
      vertex 12.9463632106781 -10.848085433244705 0.5999999999999943
      vertex 12.9463632106781 -10.848085433244705 0
    endloop
  endfacet
  facet normal -0.3957324874643315 0.9183658303559059 0
    outer loop
      vertex 12.738015063107014 -10.95839061588049 0.5999999999999943
      vertex 12.812152840197086 -10.926443949341774 0.5999999999999943
      vertex 12.812152840197086 -10.926443949341774 0
    endloop
  endfacet
  facet normal -0.4678983845201018 0.8837822705641243 0
    outer loop
      vertex 12.881602220237255 -10.889675557613373 0.5999999999999943
      vertex 12.881602220237255 -10.889675557613373 0
      vertex 12.812152840197086 -10.926443949341774 0.5999999999999943
    endloop
  endfacet
  facet normal -0.6113824905647915 0.7913352325220914 0
    outer loop
      vertex 12.9463632106781 -10.848085433244705 0.5999999999999943
      vertex 13.006435804069042 -10.801673583686352 0.5999999999999943
      vertex 13.006435804069042 -10.801673583686352 0
    endloop
  endfacet
  facet normal -0.6790648422987361 0.7340782927956613 0
    outer loop
      vertex 13.006435804069042 -10.801673583686352 0.5999999999999943
      vertex 13.06182000041008 -10.750440001487732 0.5999999999999943
      vertex 13.06182000041008 -10.750440001487732 0
    endloop
  endfacet
  facet normal -0.8932932620422545 0.449474301812582 0
    outer loop
      vertex 13.226860985159874 -10.51121036708355 0.5999999999999943
      vertex 13.226860985159874 -10.51121036708355 0
      vertex 13.194442220032215 -10.575640000402927 0.5999999999999943
    endloop
  endfacet
  facet normal -0.8481816160527086 0.5297055278078714 0
    outer loop
      vertex 13.194442220032215 -10.575640000402927 0.5999999999999943
      vertex 13.194442220032215 -10.575640000402927 0
      vertex 13.156129136681557 -10.636988148093224 0.5999999999999943
    endloop
  endfacet
  facet normal -0.7966576410898444 0.6044308090204903 0
    outer loop
      vertex 13.111921727657318 -10.695254817605019 0.5999999999999943
      vertex 13.156129136681557 -10.636988148093224 0.5999999999999943
      vertex 13.156129136681557 -10.636988148093224 0
    endloop
  endfacet
  facet normal -0.5268239455543621 -0.8499744292568656 0
    outer loop
      vertex 12.771234318614006 -11.184861727058887 0.5999999999999943
      vertex 12.771234318614006 -11.184861727058887 0
      vertex 12.832802221179008 -11.223022222518921 0.5999999999999943
    endloop
  endfacet
  facet normal -0.5915878418709237 -0.8062405505495881 0
    outer loop
      vertex 12.832802221179008 -11.223022222518921 0.5999999999999943
      vertex 12.832802221179008 -11.223022222518921 0
      vertex 12.889782465994358 -11.264832101762295 0.5999999999999943
    endloop
  endfacet
  facet normal -0.6553613366519411 -0.7553155091892271 0
    outer loop
      vertex 12.889782465994358 -11.264832101762295 0.5999999999999943
      vertex 12.889782465994358 -11.264832101762295 0
      vertex 12.942175060510635 -11.310291357338428 0.5999999999999943
    endloop
  endfacet
  facet normal -0.7165541043820186 -0.6975315157706375 0
    outer loop
      vertex 12.942175060510635 -11.310291357338428 0.5999999999999943
      vertex 12.942175060510635 -11.310291357338428 0
      vertex 12.98997999727726 -11.359399996697903 0.5999999999999943
    endloop
  endfacet
  facet normal -0.7744896893518548 -0.632586532489957 0
    outer loop
      vertex 12.98997999727726 -11.359399996697903 0.5999999999999943
      vertex 12.98997999727726 -11.359399996697903 0
      vertex 13.032962717115879 -11.412024691700935 0.5999999999999943
    endloop
  endfacet
  facet normal -0.8280187697881385 -0.5607003806655901 0
    outer loop
      vertex 13.032962717115879 -11.412024691700935 0.5999999999999943
      vertex 13.032962717115879 -11.412024691700935 0
      vertex 13.070888638496399 -11.468032099306583 0.5999999999999943
    endloop
  endfacet
  facet normal -0.8749402453803307 -0.4842309025803771 0
    outer loop
      vertex 13.070888638496399 -11.468032099306583 0.5999999999999943
      vertex 13.070888638496399 -11.468032099306583 0
      vertex 13.10375777631998 -11.527422219514847 0.5999999999999943
    endloop
  endfacet
  facet normal 0.458648685930291 0.8886176809485715 0
    outer loop
      vertex 12.425295554101467 -9.518364444375038 0.5999999999999943
      vertex 12.481801725924015 -9.547529384493828 0
      vertex 12.425295554101467 -9.518364444375038 0
    endloop
  endfacet
  facet normal 0.5390018262420874 0.8423045953262362 0
    outer loop
      vertex 12.481801725924015 -9.547529384493828 0.5999999999999943
      vertex 12.53438987582922 -9.581181235611439 0
      vertex 12.481801725924015 -9.547529384493828 0
    endloop
  endfacet
  facet normal 0.6168006216383872 0.7871194274990925 0
    outer loop
      vertex 12.53438987582922 -9.581181235611439 0.5999999999999943
      vertex 12.5830599963665 -9.619319997727871 0
      vertex 12.53438987582922 -9.581181235611439 0
    endloop
  endfacet
  facet normal 0.6942947485959949 0.7196907683665423 0
    outer loop
      vertex 12.5830599963665 -9.619319997727871 0.5999999999999943
      vertex 12.627184443175793 -9.661887407302856 0
      vertex 12.5830599963665 -9.619319997727871 0
    endloop
  endfacet
  facet normal 0.7695639633397856 0.6385697348988291 0
    outer loop
      vertex 12.627184443175793 -9.661887407302856 0.5999999999999943
      vertex 12.666117779910564 -9.708807408809662 0
      vertex 12.627184443175793 -9.661887407302856 0
    endloop
  endfacet
  facet normal 0.8353403982832495 0.5497330433910463 0
    outer loop
      vertex 12.666117779910564 -9.708807408809662 0.5999999999999943
      vertex 12.699859999120235 -9.760080002248287 0
      vertex 12.666117779910564 -9.708807408809662 0
    endloop
  endfacet
  facet normal 0.8896526307304432 0.45663792728419045 0
    outer loop
      vertex 12.699859999120235 -9.760080002248287 0.5999999999999943
      vertex 12.728411108255386 -9.815705187618732 0
      vertex 12.699859999120235 -9.760080002248287 0
    endloop
  endfacet
  facet normal 0.9318192108772673 0.3629227992839066 0
    outer loop
      vertex 12.728411108255386 -9.815705187618732 0.5999999999999943
      vertex 12.751771114766598 -9.875682964920998 0
      vertex 12.728411108255386 -9.815705187618732 0
    endloop
  endfacet
  facet normal 0.896918515627695 -0.4421958574254312 0
    outer loop
      vertex 12.745884694159031 -10.409328393638134 0.5999999999999943
      vertex 12.719213582575321 -10.463426172733307 0
      vertex 12.745884694159031 -10.409328393638134 0
    endloop
  endfacet
  facet normal 0.8412173210226755 -0.5406971599809202 0
    outer loop
      vertex 12.719213582575321 -10.463426172733307 0.5999999999999943
      vertex 12.6866155564785 -10.514142222702503 0
      vertex 12.719213582575321 -10.463426172733307 0
    endloop
  endfacet
  facet normal 0.9623541786748302 0.27179851873601674 0
    outer loop
      vertex 12.751771114766598 -9.875682964920998 0.5999999999999943
      vertex 12.769939996302128 -9.940013334155083 0
      vertex 12.751771114766598 -9.875682964920998 0
    endloop
  endfacet
  facet normal 0.9826128000102462 0.1856665970389501 0
    outer loop
      vertex 12.769939996302128 -9.940013334155083 0.5999999999999943
      vertex 12.782917775213718 -10.008696295320988 0
      vertex 12.769939996302128 -9.940013334155083 0
    endloop
  endfacet
  facet normal -0.8811516871583689 -0.4728336961532667 0
    outer loop
      vertex 13.196725182235241 -9.628817774355412 0.5999999999999943
      vertex 13.15104666352272 -9.543693333864212 0
      vertex 13.196725182235241 -9.628817774355412 0
    endloop
  endfacet
  facet normal -0.9250518517163725 -0.3798408504046272 0
    outer loop
      vertex 13.234098516404629 -9.719835557043552 0.5999999999999943
      vertex 13.196725182235241 -9.628817774355412 0
      vertex 13.234098516404629 -9.719835557043552 0
    endloop
  endfacet
  facet normal -0.9578403843063009 -0.28730088442599283 0
    outer loop
      vertex 13.263166666030884 -9.816746667027473 0.5999999999999943
      vertex 13.234098516404629 -9.719835557043552 0
      vertex 13.263166666030884 -9.816746667027473 0
    endloop
  endfacet
  facet normal -0.9802083999912625 -0.19796841310312405 0
    outer loop
      vertex 13.283929631114006 -9.919551111757755 0.5999999999999943
      vertex 13.263166666030884 -9.816746667027473 0
      vertex 13.283929631114006 -9.919551111757755 0
    endloop
  endfacet
  facet normal -0.9934963583983353 -0.11386389177103715 0
    outer loop
      vertex 13.296387404203415 -10.028248891234398 0.5999999999999943
      vertex 13.283929631114006 -9.919551111757755 0
      vertex 13.296387404203415 -10.028248891234398 0
    endloop
  endfacet
  facet normal 0.994364641564679 0.10601395948622752 0
    outer loop
      vertex 12.782917775213718 -10.008696295320988 0.5999999999999943
      vertex 12.790704444050789 -10.081731848418713 0
      vertex 12.782917775213718 -10.008696295320988 0
    endloop
  endfacet
  facet normal 0.9994380255583394 0.033520636450523625 0
    outer loop
      vertex 12.790704444050789 -10.081731848418713 0.5999999999999943
      vertex 12.79330000281334 -10.159120000898838 0
      vertex 12.790704444050789 -10.081731848418713 0
    endloop
  endfacet
  facet normal 0.9990411891902701 -0.04378015876274298 0
    outer loop
      vertex 12.79330000281334 -10.159120000898838 0.5999999999999943
      vertex 12.790336541831493 -10.226744689047337 0
      vertex 12.79330000281334 -10.159120000898838 0
    endloop
  endfacet
  facet normal 0.9905599439909162 -0.1370802588293179 0
    outer loop
      vertex 12.790336541831493 -10.226744689047337 0.5999999999999943
      vertex 12.781446173787117 -10.29098765552044 0
      vertex 12.790336541831493 -10.226744689047337 0
    endloop
  endfacet
  facet normal 0.9716191886644486 -0.23655052783504568 0
    outer loop
      vertex 12.781446173787117 -10.29098765552044 0.5999999999999943
      vertex 12.76662889122963 -10.351848885416985 0
      vertex 12.781446173787117 -10.29098765552044 0
    endloop
  endfacet
  facet normal 0.94061814148135 -0.33946651074321116 0
    outer loop
      vertex 12.76662889122963 -10.351848885416985 0.5999999999999943
      vertex 12.745884694159031 -10.409328393638134 0
      vertex 12.76662889122963 -10.351848885416985 0
    endloop
  endfacet
  facet normal -0.9993440359294644 -0.036214608270822624 0
    outer loop
      vertex 13.300540000200272 -10.14283999800682 0.5999999999999943
      vertex 13.296387404203415 -10.028248891234398 0
      vertex 13.300540000200272 -10.14283999800682 0
    endloop
  endfacet
  facet normal -0.9993193485942793 0.03688955848346895 0
    outer loop
      vertex 13.297592841088772 -10.222677037119865 0.5999999999999943
      vertex 13.300540000200272 -10.14283999800682 0
      vertex 13.297592841088772 -10.222677037119865 0
    endloop
  endfacet
  facet normal -0.9934309140496418 0.11443346980011224 0
    outer loop
      vertex 13.288751356303692 -10.299432590603828 0.5999999999999943
      vertex 13.297592841088772 -10.222677037119865 0
      vertex 13.288751356303692 -10.299432590603828 0
    endloop
  endfacet
  facet normal -0.9805781469064638 0.19612877863660255 0
    outer loop
      vertex 13.274015553295612 -10.37310666590929 0.5999999999999943
      vertex 13.288751356303692 -10.299432590603828 0
      vertex 13.274015553295612 -10.37310666590929 0
    endloop
  endfacet
  facet normal -0.9598514184554205 0.2805089205161167 0
    outer loop
      vertex 13.253385432064533 -10.44369925558567 0.5999999999999943
      vertex 13.274015553295612 -10.37310666590929 0
      vertex 13.253385432064533 -10.44369925558567 0
    endloop
  endfacet
  facet normal -0.9307410556182352 0.365678940310559 0
    outer loop
      vertex 13.226860985159874 -10.51121036708355 0.5999999999999943
      vertex 13.253385432064533 -10.44369925558567 0
      vertex 13.226860985159874 -10.51121036708355 0
    endloop
  endfacet
  facet normal 0.3143768151786512 -0.9492982766644676 0
    outer loop
      vertex 12.36957111209631 -10.743199996650219 0.5999999999999943
      vertex 12.297824941575527 -10.766960002481937 0
      vertex 12.36957111209631 -10.743199996650219 0
    endloop
  endfacet
  facet normal 0.06967347866235023 -0.9975698503719361 0
    outer loop
      vertex 12.051036790013313 -10.812320001423359 0.5999999999999943
      vertex 11.958257533609867 -10.818800002336502 0
      vertex 12.051036790013313 -10.812320001423359 0
    endloop
  endfacet
  facet normal 0.12247009738361483 -0.9924722037653487 0
    outer loop
      vertex 12.138557776808739 -10.801519997417927 0.5999999999999943
      vertex 12.051036790013313 -10.812320001423359 0
      vertex 12.138557776808739 -10.801519997417927 0
    endloop
  endfacet
  facet normal 0.1807732016490921 -0.9835248088205689 0
    outer loop
      vertex 12.220820493996143 -10.786399997770786 0.5999999999999943
      vertex 12.138557776808739 -10.801519997417927 0
      vertex 12.220820493996143 -10.786399997770786 0
    endloop
  endfacet
  facet normal 0.24477335434971773 -0.9695803241611225 0
    outer loop
      vertex 12.297824941575527 -10.766960002481937 0.5999999999999943
      vertex 12.220820493996143 -10.786399997770786 0
      vertex 12.297824941575527 -10.766960002481937 0
    endloop
  endfacet
  facet normal 0.38905816740056787 -0.9212131905150467 0
    outer loop
      vertex 12.436059013009071 -10.715120002627373 0.5999999999999943
      vertex 12.36957111209631 -10.743199996650219 0
      vertex 12.436059013009071 -10.715120002627373 0
    endloop
  endfacet
  facet normal 0.5485394794499959 -0.836124655469941 0
    outer loop
      vertex 12.553259998559952 -10.645999997854233 0.5999999999999943
      vertex 12.497288644313812 -10.682719998061657 0
      vertex 12.553259998559952 -10.645999997854233 0
    endloop
  endfacet
  facet normal 0.4677108849132029 -0.8838815124968439 0
    outer loop
      vertex 12.497288644313812 -10.682719998061657 0.5999999999999943
      vertex 12.436059013009071 -10.715120002627373 0
      vertex 12.497288644313812 -10.682719998061657 0
    endloop
  endfacet
  facet normal 0.7031022485501494 -0.7110887624507394 0
    outer loop
      vertex 12.648090615868568 -10.561476543545723 0.5999999999999943
      vertex 12.603638768196106 -10.605429135262966 0
      vertex 12.648090615868568 -10.561476543545723 0
    endloop
  endfacet
  facet normal 0.6272166930954298 -0.7788447983407435 0
    outer loop
      vertex 12.603638768196106 -10.605429135262966 0.5999999999999943
      vertex 12.553259998559952 -10.645999997854233 0
      vertex 12.603638768196106 -10.605429135262966 0
    endloop
  endfacet
  facet normal 0.7755860289302182 -0.631241880524617 0
    outer loop
      vertex 12.6866155564785 -10.514142222702503 0.5999999999999943
      vertex 12.648090615868568 -10.561476543545723 0
      vertex 12.6866155564785 -10.514142222702503 0
    endloop
  endfacet
  facet normal -0.3253849017126274 0.9455816547170656 0
    outer loop
      vertex 12.659188888967037 -10.985515557229519 0.5999999999999943
      vertex 12.738015063107014 -10.95839061588049 0
      vertex 12.659188888967037 -10.985515557229519 0
    endloop
  endfacet
  facet normal 0.1370270381591486 0.9905673075633636 0
    outer loop
      vertex 12.018889136612415 -11.252760000526905 0.5999999999999943
      vertex 12.096962220966816 -11.263559997081757 0
      vertex 12.018889136612415 -11.252760000526905 0
    endloop
  endfacet
  facet normal 0.20118308176883506 0.979553657340931 0
    outer loop
      vertex 12.096962220966816 -11.263559997081757 0.5999999999999943
      vertex 12.170580990612507 -11.278679996728897 0
      vertex 12.096962220966816 -11.263559997081757 0
    endloop
  endfacet
  facet normal 0.27058439138618495 0.9626962590236694 0
    outer loop
      vertex 12.170580990612507 -11.278679996728897 0.5999999999999943
      vertex 12.239745430648327 -11.298119999468327 0
      vertex 12.170580990612507 -11.278679996728897 0
    endloop
  endfacet
  facet normal 0.3446759895299401 0.9387217171460116 0
    outer loop
      vertex 12.239745430648327 -11.298119999468327 0.5999999999999943
      vertex 12.304455555975437 -11.321879997849464 0
      vertex 12.239745430648327 -11.298119999468327 0
    endloop
  endfacet
  facet normal 0.4223990420241649 0.9064099785952644 0
    outer loop
      vertex 12.304455555975437 -11.321879997849464 0.5999999999999943
      vertex 12.364711359143257 -11.349959999322891 0
      vertex 12.304455555975437 -11.321879997849464 0
    endloop
  endfacet
  facet normal -0.13503725702477204 0.9908405215851972 0
    outer loop
      vertex 12.394579999148846 -11.03796000033617 0.5999999999999943
      vertex 12.487471356987953 -11.02530024945736 0
      vertex 12.394579999148846 -11.03796000033617 0
    endloop
  endfacet
  facet normal -1 0 0
    outer loop
      vertex 12.394579999148846 -11.048799999058247 0.5999999999999943
      vertex 12.394579999148846 -11.03796000033617 0
      vertex 12.394579999148846 -11.048799999058247 0
    endloop
  endfacet
  facet normal -0.22936430850632897 -0.9733406464251935 0
    outer loop
      vertex 12.479086175560951 -11.068713583052158 0.5999999999999943
      vertex 12.394579999148846 -11.048799999058247 0
      vertex 12.479086175560951 -11.068713583052158 0
    endloop
  endfacet
  facet normal -0.19441442351148794 0.9809194828989258 0
    outer loop
      vertex 12.487471356987953 -11.02530024945736 0.5999999999999943
      vertex 12.575674317777157 -11.007818765938282 0
      vertex 12.487471356987953 -11.02530024945736 0
    endloop
  endfacet
  facet normal -0.2828015801633302 -0.9591784329607935 0
    outer loop
      vertex 12.559004694223404 -11.09227654337883 0.5999999999999943
      vertex 12.479086175560951 -11.068713583052158 0
      vertex 12.559004694223404 -11.09227654337883 0
    endloop
  endfacet
  facet normal -0.258015338579882 0.9661408205109175 0
    outer loop
      vertex 12.575674317777157 -11.007818765938282 0.5999999999999943
      vertex 12.659188888967037 -10.985515557229519 0
      vertex 12.575674317777157 -11.007818765938282 0
    endloop
  endfacet
  facet normal -0.33974975487007447 -0.9405158712460542 0
    outer loop
      vertex 12.634335555136204 -11.119488887488842 0.5999999999999943
      vertex 12.559004694223404 -11.09227654337883 0
      vertex 12.634335555136204 -11.119488887488842 0
    endloop
  endfacet
  facet normal -0.3998569827053983 -0.9165775435726836 0
    outer loop
      vertex 12.705078765749931 -11.150350615382195 0.5999999999999943
      vertex 12.634335555136204 -11.119488887488842 0
      vertex 12.705078765749931 -11.150350615382195 0
    endloop
  endfacet
  facet normal -0.46251513612060097 -0.8866113854780694 0
    outer loop
      vertex 12.771234318614006 -11.184861727058887 0.5999999999999943
      vertex 12.705078765749931 -11.150350615382195 0
      vertex 12.771234318614006 -11.184861727058887 0
    endloop
  endfacet
  facet normal 0.5021255171122551 0.8647947531436291 0
    outer loop
      vertex 12.364711359143257 -11.349959999322891 0.5999999999999943
      vertex 12.420512840151787 -11.382359996438026 0
      vertex 12.364711359143257 -11.349959999322891 0
    endloop
  endfacet
  facet normal 0.5816939585359819 0.8134077320770559 0
    outer loop
      vertex 12.420512840151787 -11.382359996438026 0.5999999999999943
      vertex 12.471859999001026 -11.41907999664545 0
      vertex 12.420512840151787 -11.382359996438026 0
    endloop
  endfacet
  facet normal 0.6579319558891777 0.753077380764979 0
    outer loop
      vertex 12.471859999001026 -11.41907999664545 0.5999999999999943
      vertex 12.51825950294733 -11.459617286920547 0
      vertex 12.471859999001026 -11.41907999664545 0
    endloop
  endfacet
  facet normal 0.7309525663961585 0.6824282714533956 0
    outer loop
      vertex 12.51825950294733 -11.459617286920547 0.5999999999999943
      vertex 12.559200249612331 -11.50346913933754 0
      vertex 12.51825950294733 -11.459617286920547 0
    endloop
  endfacet
  facet normal -0.7403848002535014 0.6721832693198952 0
    outer loop
      vertex 13.06182000041008 -10.750440001487732 0.5999999999999943
      vertex 13.111921727657318 -10.695254817605019 0
      vertex 13.06182000041008 -10.750440001487732 0
    endloop
  endfacet
  facet normal -0.5403719524770435 0.8414262611638336 0
    outer loop
      vertex 12.881602220237255 -10.889675557613373 0.5999999999999943
      vertex 12.9463632106781 -10.848085433244705 0
      vertex 12.881602220237255 -10.889675557613373 0
    endloop
  endfacet
  facet normal -0.4678983845201018 0.8837822705641243 0
    outer loop
      vertex 12.812152840197086 -10.926443949341774 0.5999999999999943
      vertex 12.881602220237255 -10.889675557613373 0
      vertex 12.812152840197086 -10.926443949341774 0
    endloop
  endfacet
  facet normal -0.3957324874643315 0.9183658303559059 0
    outer loop
      vertex 12.738015063107014 -10.95839061588049 0.5999999999999943
      vertex 12.812152840197086 -10.926443949341774 0
      vertex 12.738015063107014 -10.95839061588049 0
    endloop
  endfacet
  facet normal -0.6790648422987361 0.7340782927956613 0
    outer loop
      vertex 13.006435804069042 -10.801673583686352 0.5999999999999943
      vertex 13.06182000041008 -10.750440001487732 0
      vertex 13.006435804069042 -10.801673583686352 0
    endloop
  endfacet
  facet normal -0.6113824905647915 0.7913352325220914 0
    outer loop
      vertex 12.9463632106781 -10.848085433244705 0.5999999999999943
      vertex 13.006435804069042 -10.801673583686352 0
      vertex 12.9463632106781 -10.848085433244705 0
    endloop
  endfacet
  facet normal -0.8932932620422545 0.449474301812582 0
    outer loop
      vertex 13.194442220032215 -10.575640000402927 0.5999999999999943
      vertex 13.226860985159874 -10.51121036708355 0
      vertex 13.194442220032215 -10.575640000402927 0
    endloop
  endfacet
  facet normal -0.8481816160527086 0.5297055278078714 0
    outer loop
      vertex 13.156129136681557 -10.636988148093224 0.5999999999999943
      vertex 13.194442220032215 -10.575640000402927 0
      vertex 13.156129136681557 -10.636988148093224 0
    endloop
  endfacet
  facet normal -0.7966576410898444 0.6044308090204903 0
    outer loop
      vertex 13.111921727657318 -10.695254817605019 0.5999999999999943
      vertex 13.156129136681557 -10.636988148093224 0
      vertex 13.111921727657318 -10.695254817605019 0
    endloop
  endfacet
  facet normal -0.5268239455543621 -0.8499744292568656 0
    outer loop
      vertex 12.832802221179008 -11.223022222518921 0.5999999999999943
      vertex 12.771234318614006 -11.184861727058887 0
      vertex 12.832802221179008 -11.223022222518921 0
    endloop
  endfacet
  facet normal -0.5915878418709237 -0.8062405505495881 0
    outer loop
      vertex 12.889782465994358 -11.264832101762295 0.5999999999999943
      vertex 12.832802221179008 -11.223022222518921 0
      vertex 12.889782465994358 -11.264832101762295 0
    endloop
  endfacet
  facet normal -0.6553613366519411 -0.7553155091892271 0
    outer loop
      vertex 12.942175060510635 -11.310291357338428 0.5999999999999943
      vertex 12.889782465994358 -11.264832101762295 0
      vertex 12.942175060510635 -11.310291357338428 0
    endloop
  endfacet
  facet normal -0.7165541043820186 -0.6975315157706375 0
    outer loop
      vertex 12.98997999727726 -11.359399996697903 0.5999999999999943
      vertex 12.942175060510635 -11.310291357338428 0
      vertex 12.98997999727726 -11.359399996697903 0
    endloop
  endfacet
  facet normal -0.7744896893518548 -0.632586532489957 0
    outer loop
      vertex 13.032962717115879 -11.412024691700935 0.5999999999999943
      vertex 12.98997999727726 -11.359399996697903 0
      vertex 13.032962717115879 -11.412024691700935 0
    endloop
  endfacet
  facet normal -0.8280187697881385 -0.5607003806655901 0
    outer loop
      vertex 13.070888638496399 -11.468032099306583 0.5999999999999943
      vertex 13.032962717115879 -11.412024691700935 0
      vertex 13.070888638496399 -11.468032099306583 0
    endloop
  endfacet
  facet normal 0 0 -1
    outer loop
      vertex 12.612762220203876 -12.254671111702919 0.5999999999999943
      vertex 13.001974076032639 -12.570239998400211 0.5999999999999943
      vertex 12.58380913734436 -12.302108645439148 0.5999999999999943
    endloop
  endfacet
  facet normal 0 0 -1
    outer loop
      vertex 12.58380913734436 -12.302108645439148 0.5999999999999943
      vertex 12.94295185059309 -12.637395553290844 0.5999999999999943
      vertex 12.550401724874973 -12.346364937722683 0.5999999999999943
    endloop
  endfacet
  facet normal 0 0 -1
    outer loop
      vertex 12.62470543384552 -11.601116545498371 0.5999999999999943
      vertex 13.032962717115879 -11.412024691700935 0.5999999999999943
      vertex 12.649269878864288 -11.65491209924221 0.5999999999999943
    endloop
  endfacet
  facet normal 0 0 -1
    outer loop
      vertex 12.649269878864288 -11.65491209924221 0.5999999999999943
      vertex 13.070888638496399 -11.468032099306583 0.5999999999999943
      vertex 12.668375559151173 -11.712022222578526 0.5999999999999943
    endloop
  endfacet
  facet normal 0 0 -1
    outer loop
      vertex 12.649269878864288 -11.65491209924221 0.5999999999999943
      vertex 13.032962717115879 -11.412024691700935 0.5999999999999943
      vertex 13.070888638496399 -11.468032099306583 0.5999999999999943
    endloop
  endfacet
  facet normal 0 0 -1
    outer loop
      vertex 12.668375559151173 -11.712022222578526 0.5999999999999943
      vertex 13.131570123136044 -11.590195059776306 0.5999999999999943
      vertex 12.682022467255592 -11.772446915507317 0.5999999999999943
    endloop
  endfacet
  facet normal 0 0 -1
    outer loop
      vertex 12.668375559151173 -11.712022222578526 0.5999999999999943
      vertex 13.070888638496399 -11.468032099306583 0.5999999999999943
      vertex 13.10375777631998 -11.527422219514847 0.5999999999999943
    endloop
  endfacet
  facet normal 0 0 -1
    outer loop
      vertex 12.668375559151173 -11.712022222578526 0.5999999999999943
      vertex 13.10375777631998 -11.527422219514847 0.5999999999999943
      vertex 13.131570123136044 -11.590195059776306 0.5999999999999943
    endloop
  endfacet
  facet normal 0 0 -1
    outer loop
      vertex 12.682022467255592 -11.772446915507317 0.5999999999999943
      vertex 13.131570123136044 -11.590195059776306 0.5999999999999943
      vertex 13.154325678944588 -11.656350620090961 0.5999999999999943
    endloop
  endfacet
  facet normal 0 0 -1
    outer loop
      vertex 12.682022467255592 -11.772446915507317 0.5999999999999943
      vertex 13.154325678944588 -11.656350620090961 0.5999999999999943
      vertex 13.172024443745613 -11.725888885557652 0.5999999999999943
    endloop
  endfacet
  facet normal 0 0 -1
    outer loop
      vertex 12.682022467255592 -11.772446915507317 0.5999999999999943
      vertex 13.172024443745613 -11.725888885557652 0.5999999999999943
      vertex 12.690210618078709 -11.836186170578003 0.5999999999999943
    endloop
  endfacet
  facet normal 0 0 -1
    outer loop
      vertex 12.690210618078709 -11.836186170578003 0.5999999999999943
      vertex 13.192251607775688 -11.87511357665062 0.5999999999999943
      vertex 12.69293999671936 -11.903240002691746 0.5999999999999943
    endloop
  endfacet
  facet normal 0 0 -1
    outer loop
      vertex 12.69293999671936 -11.903240002691746 0.5999999999999943
      vertex 13.194779999554157 -11.954800002276897 0.5999999999999943
      vertex 12.690712839365005 -11.969764940440655 0.5999999999999943
    endloop
  endfacet
  facet normal 0 0 -1
    outer loop
      vertex 12.690210618078709 -11.836186170578003 0.5999999999999943
      vertex 13.172024443745613 -11.725888885557652 0.5999999999999943
      vertex 13.18466641753912 -11.798809878528118 0.5999999999999943
    endloop
  endfacet
  facet normal 0 0 -1
    outer loop
      vertex 12.690210618078709 -11.836186170578003 0.5999999999999943
      vertex 13.18466641753912 -11.798809878528118 0.5999999999999943
      vertex 13.192251607775688 -11.87511357665062 0.5999999999999943
    endloop
  endfacet
  facet normal 0 0 -1
    outer loop
      vertex 12.69293999671936 -11.903240002691746 0.5999999999999943
      vertex 13.192251607775688 -11.87511357665062 0.5999999999999943
      vertex 13.194779999554157 -11.954800002276897 0.5999999999999943
    endloop
  endfacet
  facet normal 0 0 -1
    outer loop
      vertex 12.690712839365005 -11.969764940440655 0.5999999999999943
      vertex 13.190845184028149 -12.058293335139751 0.5999999999999943
      vertex 12.68403135985136 -12.03310864418745 0.5999999999999943
    endloop
  endfacet
  facet normal 0 0 -1
    outer loop
      vertex 12.672895558178425 -12.093271113932133 0.5999999999999943
      vertex 12.68403135985136 -12.03310864418745 0.5999999999999943
      vertex 13.179040737450123 -12.156595557928085 0.5999999999999943
    endloop
  endfacet
  facet normal 0 0 -1
    outer loop
      vertex 12.672895558178425 -12.093271113932133 0.5999999999999943
      vertex 13.15936666727066 -12.249706663191319 0.5999999999999943
      vertex 12.657305434346199 -12.150252342224121 0.5999999999999943
    endloop
  endfacet
  facet normal 0 0 -1
    outer loop
      vertex 12.657305434346199 -12.150252342224121 0.5999999999999943
      vertex 13.13182296603918 -12.337626665830612 0.5999999999999943
      vertex 12.637260988354683 -12.204052343964577 0.5999999999999943
    endloop
  endfacet
  facet normal 0 0 -1
    outer loop
      vertex 12.690712839365005 -11.969764940440655 0.5999999999999943
      vertex 13.194779999554157 -11.954800002276897 0.5999999999999943
      vertex 13.190845184028149 -12.058293335139751 0.5999999999999943
    endloop
  endfacet
  facet normal 0 0 -1
    outer loop
      vertex 12.68403135985136 -12.03310864418745 0.5999999999999943
      vertex 13.190845184028149 -12.058293335139751 0.5999999999999943
      vertex 13.179040737450123 -12.156595557928085 0.5999999999999943
    endloop
  endfacet
  facet normal 0 0 -1
    outer loop
      vertex 12.672895558178425 -12.093271113932133 0.5999999999999943
      vertex 13.179040737450123 -12.156595557928085 0.5999999999999943
      vertex 13.15936666727066 -12.249706663191319 0.5999999999999943
    endloop
  endfacet
  facet normal 0 0 -1
    outer loop
      vertex 12.637260988354683 -12.204052343964577 0.5999999999999943
      vertex 13.096409626305103 -12.420355558395386 0.5999999999999943
      vertex 12.612762220203876 -12.254671111702919 0.5999999999999943
    endloop
  endfacet
  facet normal 0 0 -1
    outer loop
      vertex 12.612762220203876 -12.254671111702919 0.5999999999999943
      vertex 13.096409626305103 -12.420355558395386 0.5999999999999943
      vertex 13.05312666296959 -12.497893333435059 0.5999999999999943
    endloop
  endfacet
  facet normal 0 0 -1
    outer loop
      vertex 12.612762220203876 -12.254671111702919 0.5999999999999943
      vertex 13.05312666296959 -12.497893333435059 0.5999999999999943
      vertex 13.001974076032639 -12.570239998400211 0.5999999999999943
    endloop
  endfacet
  facet normal 0 0 -1
    outer loop
      vertex 12.657305434346199 -12.150252342224121 0.5999999999999943
      vertex 13.15936666727066 -12.249706663191319 0.5999999999999943
      vertex 13.13182296603918 -12.337626665830612 0.5999999999999943
    endloop
  endfacet
  facet normal 0 0 -1
    outer loop
      vertex 12.637260988354683 -12.204052343964577 0.5999999999999943
      vertex 13.13182296603918 -12.337626665830612 0.5999999999999943
      vertex 13.096409626305103 -12.420355558395386 0.5999999999999943
    endloop
  endfacet
  facet normal 0.7991276474825013 0.6011613785241723 0
    outer loop
      vertex 12.559200249612331 -11.50346913933754 0.5999999999999943
      vertex 12.594682224094868 -11.550635553896427 0.5999999999999943
      vertex 12.594682224094868 -11.550635553896427 0
    endloop
  endfacet
  facet normal 0.8594799007272476 0.5111695415866253 0
    outer loop
      vertex 12.594682224094868 -11.550635553896427 0.5999999999999943
      vertex 12.62470543384552 -11.601116545498371 0.5999999999999943
      vertex 12.62470543384552 -11.601116545498371 0
    endloop
  endfacet
  facet normal 0.9096521931774583 0.41537078309317843 0
    outer loop
      vertex 12.62470543384552 -11.601116545498371 0.5999999999999943
      vertex 12.649269878864288 -11.65491209924221 0.5999999999999943
      vertex 12.649269878864288 -11.65491209924221 0
    endloop
  endfacet
  facet normal 0.9483391422475395 0.31725836676311814 0
    outer loop
      vertex 12.649269878864288 -11.65491209924221 0.5999999999999943
      vertex 12.668375559151173 -11.712022222578526 0.5999999999999943
      vertex 12.668375559151173 -11.712022222578526 0
    endloop
  endfacet
  facet normal 0.9754319051690477 0.22030115382875748 0
    outer loop
      vertex 12.668375559151173 -11.712022222578526 0.5999999999999943
      vertex 12.682022467255592 -11.772446915507317 0.5999999999999943
      vertex 12.682022467255592 -11.772446915507317 0
    endloop
  endfacet
  facet normal 0.9918493427001469 0.1274161739548256 0
    outer loop
      vertex 12.682022467255592 -11.772446915507317 0.5999999999999943
      vertex 12.690210618078709 -11.836186170578003 0.5999999999999943
      vertex 12.690210618078709 -11.836186170578003 0
    endloop
  endfacet
  facet normal 0.9991726083794389 0.04067061180051721 0
    outer loop
      vertex 12.690210618078709 -11.836186170578003 0.5999999999999943
      vertex 12.69293999671936 -11.903240002691746 0.5999999999999943
      vertex 12.69293999671936 -11.903240002691746 0
    endloop
  endfacet
  facet normal 0.9994400645416148 -0.03345978764207497 0
    outer loop
      vertex 12.69293999671936 -11.903240002691746 0.5999999999999943
      vertex 12.690712839365005 -11.969764940440655 0.5999999999999943
      vertex 12.690712839365005 -11.969764940440655 0
    endloop
  endfacet
  facet normal 0.9944830027718718 -0.10489784172155747 0
    outer loop
      vertex 12.690712839365005 -11.969764940440655 0.5999999999999943
      vertex 12.68403135985136 -12.03310864418745 0.5999999999999943
      vertex 12.68403135985136 -12.03310864418745 0
    endloop
  endfacet
  facet normal 0.9832977929622623 -0.18200398444963722 0
    outer loop
      vertex 12.672895558178425 -12.093271113932133 0.5999999999999943
      vertex 12.672895558178425 -12.093271113932133 0
      vertex 12.68403135985136 -12.03310864418745 0.5999999999999943
    endloop
  endfacet
  facet normal 0.9370746609920181 -0.3491290301975686 0
    outer loop
      vertex 12.657305434346199 -12.150252342224121 0.5999999999999943
      vertex 12.637260988354683 -12.204052343964577 0.5999999999999943
      vertex 12.637260988354683 -12.204052343964577 0
    endloop
  endfacet
  facet normal 0.9645495606542214 -0.26390177157751066 0
    outer loop
      vertex 12.672895558178425 -12.093271113932133 0.5999999999999943
      vertex 12.657305434346199 -12.150252342224121 0.5999999999999943
      vertex 12.657305434346199 -12.150252342224121 0
    endloop
  endfacet
  facet normal 0.7981333268134378 -0.6024808649490156 0
    outer loop
      vertex 12.58380913734436 -12.302108645439148 0.5999999999999943
      vertex 12.550401724874973 -12.346364937722683 0.5999999999999943
      vertex 12.550401724874973 -12.346364937722683 0
    endloop
  endfacet
  facet normal 0.5771258721153714 -0.8166552073764497 0
    outer loop
      vertex 12.4237399995327 -12.457634568214417 0.5999999999999943
      vertex 12.4237399995327 -12.457634568214417 0
      vertex 12.470299996435642 -12.424730867147446 0.5999999999999943
    endloop
  endfacet
  facet normal 0.4889132657356649 -0.8723324014317518 0
    outer loop
      vertex 12.372859999537468 -12.486151114106178 0.5999999999999943
      vertex 12.372859999537468 -12.486151114106178 0
      vertex 12.4237399995327 -12.457634568214417 0.5999999999999943
    endloop
  endfacet
  facet normal 0.7352825276003101 -0.6777607281376662 0
    outer loop
      vertex 12.512539997696877 -12.387440003454685 0.5999999999999943
      vertex 12.512539997696877 -12.387440003454685 0
      vertex 12.550401724874973 -12.346364937722683 0.5999999999999943
    endloop
  endfacet
  facet normal 0.6618239249702402 -0.7496593175149535 0
    outer loop
      vertex 12.512539997696877 -12.387440003454685 0.5999999999999943
      vertex 12.470299996435642 -12.424730867147446 0.5999999999999943
      vertex 12.470299996435642 -12.424730867147446 0
    endloop
  endfacet
  facet normal 0.8535740932257116 -0.5209714650284641 0
    outer loop
      vertex 12.612762220203876 -12.254671111702919 0.5999999999999943
      vertex 12.58380913734436 -12.302108645439148 0.5999999999999943
      vertex 12.58380913734436 -12.302108645439148 0
    endloop
  endfacet
  facet normal 0.9001186983117745 -0.4356447279028135 0
    outer loop
      vertex 12.637260988354683 -12.204052343964577 0.5999999999999943
      vertex 12.612762220203876 -12.254671111702919 0.5999999999999943
      vertex 12.612762220203876 -12.254671111702919 0
    endloop
  endfacet
  facet normal -0.9142795632389122 -0.405083794101497 0
    outer loop
      vertex 13.10375777631998 -11.527422219514847 0.5999999999999943
      vertex 13.10375777631998 -11.527422219514847 0
      vertex 13.131570123136044 -11.590195059776306 0.5999999999999943
    endloop
  endfacet
  facet normal -0.9456225036280187 -0.32526616890214377 0
    outer loop
      vertex 13.131570123136044 -11.590195059776306 0.5999999999999943
      vertex 13.131570123136044 -11.590195059776306 0
      vertex 13.154325678944588 -11.656350620090961 0.5999999999999943
    endloop
  endfacet
  facet normal -0.9691034522158064 -0.24665461459986165 0
    outer loop
      vertex 13.154325678944588 -11.656350620090961 0.5999999999999943
      vertex 13.154325678944588 -11.656350620090961 0
      vertex 13.172024443745613 -11.725888885557652 0.5999999999999943
    endloop
  endfacet
  facet normal -0.9853027106837844 -0.1708173536827763 0
    outer loop
      vertex 13.172024443745613 -11.725888885557652 0.5999999999999943
      vertex 13.172024443745613 -11.725888885557652 0
      vertex 13.18466641753912 -11.798809878528118 0.5999999999999943
    endloop
  endfacet
  facet normal -0.9950953556394527 -0.0989203375691321 0
    outer loop
      vertex 13.18466641753912 -11.798809878528118 0.5999999999999943
      vertex 13.18466641753912 -11.798809878528118 0
      vertex 13.192251607775688 -11.87511357665062 0.5999999999999943
    endloop
  endfacet
  facet normal -0.9994970066044575 -0.031713306177831774 0
    outer loop
      vertex 13.192251607775688 -11.87511357665062 0.5999999999999943
      vertex 13.192251607775688 -11.87511357665062 0
      vertex 13.194779999554157 -11.954800002276897 0.5999999999999943
    endloop
  endfacet
  facet normal -0.9193135278101711 0.3935259045923378 0
    outer loop
      vertex 13.13182296603918 -12.337626665830612 0.5999999999999943
      vertex 13.13182296603918 -12.337626665830612 0
      vertex 13.096409626305103 -12.420355558395386 0.5999999999999943
    endloop
  endfacet
  facet normal -0.8731686315146361 0.4874182402607209 0
    outer loop
      vertex 13.096409626305103 -12.420355558395386 0.5999999999999943
      vertex 13.096409626305103 -12.420355558395386 0
      vertex 13.05312666296959 -12.497893333435059 0.5999999999999943
    endloop
  endfacet
  facet normal -0.999278022793459 0.03799254087311507 0
    outer loop
      vertex 13.194779999554157 -11.954800002276897 0.5999999999999943
      vertex 13.194779999554157 -11.954800002276897 0
      vertex 13.190845184028149 -12.058293335139751 0.5999999999999943
    endloop
  endfacet
  facet normal -0.9928670617670281 0.11922666504649225 0
    outer loop
      vertex 13.190845184028149 -12.058293335139751 0.5999999999999943
      vertex 13.190845184028149 -12.058293335139751 0
      vertex 13.179040737450123 -12.156595557928085 0.5999999999999943
    endloop
  endfacet
  facet normal -0.9783975688947422 0.20673218709445898 0
    outer loop
      vertex 13.179040737450123 -12.156595557928085 0.5999999999999943
      vertex 13.179040737450123 -12.156595557928085 0
      vertex 13.15936666727066 -12.249706663191319 0.5999999999999943
    endloop
  endfacet
  facet normal -0.9542674483180241 0.2989542391079398 0
    outer loop
      vertex 13.15936666727066 -12.249706663191319 0.5999999999999943
      vertex 13.15936666727066 -12.249706663191319 0
      vertex 13.13182296603918 -12.337626665830612 0.5999999999999943
    endloop
  endfacet
  facet normal 0 0 -1
    outer loop
      vertex 11.976860001683235 -12.565119996666908 0.5999999999999943
      vertex 12.053659997880459 -12.562926419079304 0.5999999999999943
      vertex 11.982260003685951 -12.966559998691082 0.5999999999999943
    endloop
  endfacet
  facet normal 0 0 -1
    outer loop
      vertex 12.053659997880459 -12.562926419079304 0.5999999999999943
      vertex 12.126139998435974 -12.55634567886591 0.5999999999999943
      vertex 12.106890618801117 -12.963261231780052 0.5999999999999943
    endloop
  endfacet
  facet normal 0 0 -1
    outer loop
      vertex 12.126139998435974 -12.55634567886591 0.5999999999999943
      vertex 12.194300003349781 -12.545377776026726 0.5999999999999943
      vertex 12.225191354751587 -12.953364938497543 0.5999999999999943
    endloop
  endfacet
  facet normal 0 0 -1
    outer loop
      vertex 12.194300003349781 -12.545377776026726 0.5999999999999943
      vertex 12.258139997720718 -12.530022718012333 0.5999999999999943
      vertex 12.337162218987942 -12.936871111392975 0.5999999999999943
    endloop
  endfacet
  facet normal 0 0 -1
    outer loop
      vertex 12.258139997720718 -12.530022718012333 0.5999999999999943
      vertex 12.317659996449947 -12.51028049737215 0.5999999999999943
      vertex 12.442803211510181 -12.913779750466347 0.5999999999999943
    endloop
  endfacet
  facet normal 0 0 -1
    outer loop
      vertex 12.053659997880459 -12.562926419079304 0.5999999999999943
      vertex 12.106890618801117 -12.963261231780052 0.5999999999999943
      vertex 11.982260003685951 -12.966559998691082 0.5999999999999943
    endloop
  endfacet
  facet normal 0 0 -1
    outer loop
      vertex 12.126139998435974 -12.55634567886591 0.5999999999999943
      vertex 12.225191354751587 -12.953364938497543 0.5999999999999943
      vertex 12.106890618801117 -12.963261231780052 0.5999999999999943
    endloop
  endfacet
  facet normal 0 0 -1
    outer loop
      vertex 12.194300003349781 -12.545377776026726 0.5999999999999943
      vertex 12.337162218987942 -12.936871111392975 0.5999999999999943
      vertex 12.225191354751587 -12.953364938497543 0.5999999999999943
    endloop
  endfacet
  facet normal 0 0 -1
    outer loop
      vertex 12.258139997720718 -12.530022718012333 0.5999999999999943
      vertex 12.442803211510181 -12.913779750466347 0.5999999999999943
      vertex 12.337162218987942 -12.936871111392975 0.5999999999999943
    endloop
  endfacet
  facet normal 0 0 -1
    outer loop
      vertex 12.4237399995327 -12.457634568214417 0.5999999999999943
      vertex 12.470299996435642 -12.424730867147446 0.5999999999999943
      vertex 12.721746914088726 -12.804920494556427 0.5999999999999943
    endloop
  endfacet
  facet normal 0 0 -1
    outer loop
      vertex 12.372859999537468 -12.486151114106178 0.5999999999999943
      vertex 12.4237399995327 -12.457634568214417 0.5999999999999943
      vertex 12.635095559060574 -12.847804442048073 0.5999999999999943
    endloop
  endfacet
  facet normal 0 0 -1
    outer loop
      vertex 12.317659996449947 -12.51028049737215 0.5999999999999943
      vertex 12.372859999537468 -12.486151114106178 0.5999999999999943
      vertex 12.542114317417145 -12.88409086316824 0.5999999999999943
    endloop
  endfacet
  facet normal 0 0 -1
    outer loop
      vertex 12.512539997696877 -12.387440003454685 0.5999999999999943
      vertex 12.550401724874973 -12.346364937722683 0.5999999999999943
      vertex 12.876060001552105 -12.699359998106956 0.5999999999999943
    endloop
  endfacet
  facet normal 0 0 -1
    outer loop
      vertex 12.512539997696877 -12.387440003454685 0.5999999999999943
      vertex 12.802068397402763 -12.755439013242722 0.5999999999999943
      vertex 12.470299996435642 -12.424730867147446 0.5999999999999943
    endloop
  endfacet
  facet normal 0 0 -1
    outer loop
      vertex 12.4237399995327 -12.457634568214417 0.5999999999999943
      vertex 12.721746914088726 -12.804920494556427 0.5999999999999943
      vertex 12.635095559060574 -12.847804442048073 0.5999999999999943
    endloop
  endfacet
  facet normal 0 0 -1
    outer loop
      vertex 12.470299996435642 -12.424730867147446 0.5999999999999943
      vertex 12.802068397402763 -12.755439013242722 0.5999999999999943
      vertex 12.721746914088726 -12.804920494556427 0.5999999999999943
    endloop
  endfacet
  facet normal 0 0 -1
    outer loop
      vertex 12.512539997696877 -12.387440003454685 0.5999999999999943
      vertex 12.876060001552105 -12.699359998106956 0.5999999999999943
      vertex 12.802068397402763 -12.755439013242722 0.5999999999999943
    endloop
  endfacet
  facet normal 0 0 -1
    outer loop
      vertex 12.317659996449947 -12.51028049737215 0.5999999999999943
      vertex 12.542114317417145 -12.88409086316824 0.5999999999999943
      vertex 12.442803211510181 -12.913779750466347 0.5999999999999943
    endloop
  endfacet
  facet normal 0 0 -1
    outer loop
      vertex 12.372859999537468 -12.486151114106178 0.5999999999999943
      vertex 12.635095559060574 -12.847804442048073 0.5999999999999943
      vertex 12.542114317417145 -12.88409086316824 0.5999999999999943
    endloop
  endfacet
  facet normal 0 0 -1
    outer loop
      vertex 12.58380913734436 -12.302108645439148 0.5999999999999943
      vertex 13.001974076032639 -12.570239998400211 0.5999999999999943
      vertex 12.94295185059309 -12.637395553290844 0.5999999999999943
    endloop
  endfacet
  facet normal 0 0 -1
    outer loop
      vertex 12.550401724874973 -12.346364937722683 0.5999999999999943
      vertex 12.94295185059309 -12.637395553290844 0.5999999999999943
      vertex 12.876060001552105 -12.699359998106956 0.5999999999999943
    endloop
  endfacet
  facet normal 0.028550566187059936 -0.9995923494957324 0
    outer loop
      vertex 11.976860001683235 -12.565119996666908 0.5999999999999943
      vertex 11.976860001683235 -12.565119996666908 0
      vertex 12.053659997880459 -12.562926419079304 0.5999999999999943
    endloop
  endfacet
  facet normal 0.09042194344614705 -0.995903545602395 0
    outer loop
      vertex 12.053659997880459 -12.562926419079304 0.5999999999999943
      vertex 12.053659997880459 -12.562926419079304 0
      vertex 12.126139998435974 -12.55634567886591 0.5999999999999943
    endloop
  endfacet
  facet normal 0.1588703592687475 -0.9872994525197606 0
    outer loop
      vertex 12.126139998435974 -12.55634567886591 0.5999999999999943
      vertex 12.126139998435974 -12.55634567886591 0
      vertex 12.194300003349781 -12.545377776026726 0.5999999999999943
    endloop
  endfacet
  facet normal 0.31482409015731994 -0.9491500367468862 0
    outer loop
      vertex 12.258139997720718 -12.530022718012333 0.5999999999999943
      vertex 12.258139997720718 -12.530022718012333 0
      vertex 12.317659996449947 -12.51028049737215 0.5999999999999943
    endloop
  endfacet
  facet normal 0.2338547506696472 -0.9722715441630682 0
    outer loop
      vertex 12.194300003349781 -12.545377776026726 0.5999999999999943
      vertex 12.194300003349781 -12.545377776026726 0
      vertex 12.258139997720718 -12.530022718012333 0.5999999999999943
    endloop
  endfacet
  facet normal 0.40053155180092626 -0.9162829672169738 0
    outer loop
      vertex 12.317659996449947 -12.51028049737215 0.5999999999999943
      vertex 12.317659996449947 -12.51028049737215 0
      vertex 12.372859999537468 -12.486151114106178 0.5999999999999943
    endloop
  endfacet
  facet normal -0.026459084713867164 0.9996498971320432 0
    outer loop
      vertex 11.982260003685951 -12.966559998691082 0.5999999999999943
      vertex 12.106890618801117 -12.963261231780052 0.5999999999999943
      vertex 12.106890618801117 -12.963261231780052 0
    endloop
  endfacet
  facet normal -0.0833625171761034 0.9965192876859252 0
    outer loop
      vertex 12.106890618801117 -12.963261231780052 0.5999999999999943
      vertex 12.225191354751587 -12.953364938497543 0.5999999999999943
      vertex 12.225191354751587 -12.953364938497543 0
    endloop
  endfacet
  facet normal -0.1457320240095811 0.9893241011812413 0
    outer loop
      vertex 12.337162218987942 -12.936871111392975 0.5999999999999943
      vertex 12.337162218987942 -12.936871111392975 0
      vertex 12.225191354751587 -12.953364938497543 0.5999999999999943
    endloop
  endfacet
  facet normal -0.21354149496020594 0.9769339946639999 0
    outer loop
      vertex 12.337162218987942 -12.936871111392975 0.5999999999999943
      vertex 12.442803211510181 -12.913779750466347 0.5999999999999943
      vertex 12.442803211510181 -12.913779750466347 0
    endloop
  endfacet
  facet normal -0.2864233230225741 0.9581031677375387 0
    outer loop
      vertex 12.442803211510181 -12.913779750466347 0.5999999999999943
      vertex 12.542114317417145 -12.88409086316824 0.5999999999999943
      vertex 12.542114317417145 -12.88409086316824 0
    endloop
  endfacet
  facet normal -0.44355476022387075 0.8962472731800887 0
    outer loop
      vertex 12.635095559060574 -12.847804442048073 0.5999999999999943
      vertex 12.721746914088726 -12.804920494556427 0.5999999999999943
      vertex 12.721746914088726 -12.804920494556427 0
    endloop
  endfacet
  facet normal -0.3635516893319807 0.9315740277529548 0
    outer loop
      vertex 12.635095559060574 -12.847804442048073 0.5999999999999943
      vertex 12.635095559060574 -12.847804442048073 0
      vertex 12.542114317417145 -12.88409086316824 0.5999999999999943
    endloop
  endfacet
  facet normal -0.6795706760168043 0.7336100437548981 0
    outer loop
      vertex 12.94295185059309 -12.637395553290844 0.5999999999999943
      vertex 12.94295185059309 -12.637395553290844 0
      vertex 12.876060001552105 -12.699359998106956 0.5999999999999943
    endloop
  endfacet
  facet normal -0.6040271828882164 0.7969637145642987 0
    outer loop
      vertex 12.802068397402763 -12.755439013242722 0.5999999999999943
      vertex 12.876060001552105 -12.699359998106956 0.5999999999999943
      vertex 12.876060001552105 -12.699359998106956 0
    endloop
  endfacet
  facet normal -0.7511275288016332 0.6601571293838701 0
    outer loop
      vertex 12.94295185059309 -12.637395553290844 0.5999999999999943
      vertex 13.001974076032639 -12.570239998400211 0.5999999999999943
      vertex 13.001974076032639 -12.570239998400211 0
    endloop
  endfacet
  facet normal -0.8165190878853834 0.5773184382286967 0
    outer loop
      vertex 13.001974076032639 -12.570239998400211 0.5999999999999943
      vertex 13.05312666296959 -12.497893333435059 0.5999999999999943
      vertex 13.05312666296959 -12.497893333435059 0
    endloop
  endfacet
  facet normal -0.5245039000994943 0.8514080448177711 0
    outer loop
      vertex 12.802068397402763 -12.755439013242722 0.5999999999999943
      vertex 12.802068397402763 -12.755439013242722 0
      vertex 12.721746914088726 -12.804920494556427 0.5999999999999943
    endloop
  endfacet
  facet normal 0.7991276474825013 0.6011613785241723 0
    outer loop
      vertex 12.559200249612331 -11.50346913933754 0.5999999999999943
      vertex 12.594682224094868 -11.550635553896427 0
      vertex 12.559200249612331 -11.50346913933754 0
    endloop
  endfacet
  facet normal 0.8594799007272476 0.5111695415866253 0
    outer loop
      vertex 12.594682224094868 -11.550635553896427 0.5999999999999943
      vertex 12.62470543384552 -11.601116545498371 0
      vertex 12.594682224094868 -11.550635553896427 0
    endloop
  endfacet
  facet normal 0.9096521931774583 0.41537078309317843 0
    outer loop
      vertex 12.62470543384552 -11.601116545498371 0.5999999999999943
      vertex 12.649269878864288 -11.65491209924221 0
      vertex 12.62470543384552 -11.601116545498371 0
    endloop
  endfacet
  facet normal 0.9483391422475395 0.31725836676311814 0
    outer loop
      vertex 12.649269878864288 -11.65491209924221 0.5999999999999943
      vertex 12.668375559151173 -11.712022222578526 0
      vertex 12.649269878864288 -11.65491209924221 0
    endloop
  endfacet
  facet normal 0.9754319051690477 0.22030115382875748 0
    outer loop
      vertex 12.668375559151173 -11.712022222578526 0.5999999999999943
      vertex 12.682022467255592 -11.772446915507317 0
      vertex 12.668375559151173 -11.712022222578526 0
    endloop
  endfacet
  facet normal 0.9918493427001469 0.1274161739548256 0
    outer loop
      vertex 12.682022467255592 -11.772446915507317 0.5999999999999943
      vertex 12.690210618078709 -11.836186170578003 0
      vertex 12.682022467255592 -11.772446915507317 0
    endloop
  endfacet
  facet normal 0.9991726083794389 0.04067061180051721 0
    outer loop
      vertex 12.690210618078709 -11.836186170578003 0.5999999999999943
      vertex 12.69293999671936 -11.903240002691746 0
      vertex 12.690210618078709 -11.836186170578003 0
    endloop
  endfacet
  facet normal 0.9994400645416148 -0.03345978764207497 0
    outer loop
      vertex 12.69293999671936 -11.903240002691746 0.5999999999999943
      vertex 12.690712839365005 -11.969764940440655 0
      vertex 12.69293999671936 -11.903240002691746 0
    endloop
  endfacet
  facet normal 0.9944830027718718 -0.10489784172155747 0
    outer loop
      vertex 12.690712839365005 -11.969764940440655 0.5999999999999943
      vertex 12.68403135985136 -12.03310864418745 0
      vertex 12.690712839365005 -11.969764940440655 0
    endloop
  endfacet
  facet normal 0.9832977929622623 -0.18200398444963722 0
    outer loop
      vertex 12.68403135985136 -12.03310864418745 0.5999999999999943
      vertex 12.672895558178425 -12.093271113932133 0
      vertex 12.68403135985136 -12.03310864418745 0
    endloop
  endfacet
  facet normal 0.9370746609920181 -0.3491290301975686 0
    outer loop
      vertex 12.657305434346199 -12.150252342224121 0.5999999999999943
      vertex 12.637260988354683 -12.204052343964577 0
      vertex 12.657305434346199 -12.150252342224121 0
    endloop
  endfacet
  facet normal 0.9001186983117745 -0.4356447279028135 0
    outer loop
      vertex 12.637260988354683 -12.204052343964577 0.5999999999999943
      vertex 12.612762220203876 -12.254671111702919 0
      vertex 12.637260988354683 -12.204052343964577 0
    endloop
  endfacet
  facet normal 0.9645495606542214 -0.26390177157751066 0
    outer loop
      vertex 12.672895558178425 -12.093271113932133 0.5999999999999943
      vertex 12.657305434346199 -12.150252342224121 0
      vertex 12.672895558178425 -12.093271113932133 0
    endloop
  endfacet
  facet normal 0.5771258721153714 -0.8166552073764497 0
    outer loop
      vertex 12.470299996435642 -12.424730867147446 0.5999999999999943
      vertex 12.4237399995327 -12.457634568214417 0
      vertex 12.470299996435642 -12.424730867147446 0
    endloop
  endfacet
  facet normal 0.4889132657356649 -0.8723324014317518 0
    outer loop
      vertex 12.4237399995327 -12.457634568214417 0.5999999999999943
      vertex 12.372859999537468 -12.486151114106178 0
      vertex 12.4237399995327 -12.457634568214417 0
    endloop
  endfacet
  facet normal 0.7352825276003101 -0.6777607281376662 0
    outer loop
      vertex 12.550401724874973 -12.346364937722683 0.5999999999999943
      vertex 12.512539997696877 -12.387440003454685 0
      vertex 12.550401724874973 -12.346364937722683 0
    endloop
  endfacet
  facet normal 0.6618239249702402 -0.7496593175149535 0
    outer loop
      vertex 12.512539997696877 -12.387440003454685 0.5999999999999943
      vertex 12.470299996435642 -12.424730867147446 0
      vertex 12.512539997696877 -12.387440003454685 0
    endloop
  endfacet
  facet normal 0.8535740932257116 -0.5209714650284641 0
    outer loop
      vertex 12.612762220203876 -12.254671111702919 0.5999999999999943
      vertex 12.58380913734436 -12.302108645439148 0
      vertex 12.612762220203876 -12.254671111702919 0
    endloop
  endfacet
  facet normal 0.7981333268134378 -0.6024808649490156 0
    outer loop
      vertex 12.58380913734436 -12.302108645439148 0.5999999999999943
      vertex 12.550401724874973 -12.346364937722683 0
      vertex 12.58380913734436 -12.302108645439148 0
    endloop
  endfacet
  facet normal -0.8749402453803307 -0.4842309025803771 0
    outer loop
      vertex 13.10375777631998 -11.527422219514847 0.5999999999999943
      vertex 13.070888638496399 -11.468032099306583 0
      vertex 13.10375777631998 -11.527422219514847 0
    endloop
  endfacet
  facet normal -0.9142795632389122 -0.405083794101497 0
    outer loop
      vertex 13.131570123136044 -11.590195059776306 0.5999999999999943
      vertex 13.10375777631998 -11.527422219514847 0
      vertex 13.131570123136044 -11.590195059776306 0
    endloop
  endfacet
  facet normal -0.9456225036280187 -0.32526616890214377 0
    outer loop
      vertex 13.154325678944588 -11.656350620090961 0.5999999999999943
      vertex 13.131570123136044 -11.590195059776306 0
      vertex 13.154325678944588 -11.656350620090961 0
    endloop
  endfacet
  facet normal -0.9691034522158064 -0.24665461459986165 0
    outer loop
      vertex 13.172024443745613 -11.725888885557652 0.5999999999999943
      vertex 13.154325678944588 -11.656350620090961 0
      vertex 13.172024443745613 -11.725888885557652 0
    endloop
  endfacet
  facet normal -0.9853027106837844 -0.1708173536827763 0
    outer loop
      vertex 13.18466641753912 -11.798809878528118 0.5999999999999943
      vertex 13.172024443745613 -11.725888885557652 0
      vertex 13.18466641753912 -11.798809878528118 0
    endloop
  endfacet
  facet normal -0.9950953556394527 -0.0989203375691321 0
    outer loop
      vertex 13.192251607775688 -11.87511357665062 0.5999999999999943
      vertex 13.18466641753912 -11.798809878528118 0
      vertex 13.192251607775688 -11.87511357665062 0
    endloop
  endfacet
  facet normal -0.9994970066044575 -0.031713306177831774 0
    outer loop
      vertex 13.194779999554157 -11.954800002276897 0.5999999999999943
      vertex 13.192251607775688 -11.87511357665062 0
      vertex 13.194779999554157 -11.954800002276897 0
    endloop
  endfacet
  facet normal -0.9193135278101711 0.3935259045923378 0
    outer loop
      vertex 13.096409626305103 -12.420355558395386 0.5999999999999943
      vertex 13.13182296603918 -12.337626665830612 0
      vertex 13.096409626305103 -12.420355558395386 0
    endloop
  endfacet
  facet normal -0.8731686315146361 0.4874182402607209 0
    outer loop
      vertex 13.05312666296959 -12.497893333435059 0.5999999999999943
      vertex 13.096409626305103 -12.420355558395386 0
      vertex 13.05312666296959 -12.497893333435059 0
    endloop
  endfacet
  facet normal -0.999278022793459 0.03799254087311507 0
    outer loop
      vertex 13.190845184028149 -12.058293335139751 0.5999999999999943
      vertex 13.194779999554157 -11.954800002276897 0
      vertex 13.190845184028149 -12.058293335139751 0
    endloop
  endfacet
  facet normal -0.9928670617670281 0.11922666504649225 0
    outer loop
      vertex 13.179040737450123 -12.156595557928085 0.5999999999999943
      vertex 13.190845184028149 -12.058293335139751 0
      vertex 13.179040737450123 -12.156595557928085 0
    endloop
  endfacet
  facet normal -0.9783975688947422 0.20673218709445898 0
    outer loop
      vertex 13.15936666727066 -12.249706663191319 0.5999999999999943
      vertex 13.179040737450123 -12.156595557928085 0
      vertex 13.15936666727066 -12.249706663191319 0
    endloop
  endfacet
  facet normal -0.9542674483180241 0.2989542391079398 0
    outer loop
      vertex 13.13182296603918 -12.337626665830612 0.5999999999999943
      vertex 13.15936666727066 -12.249706663191319 0
      vertex 13.13182296603918 -12.337626665830612 0
    endloop
  endfacet
  facet normal 0.028550566187059936 -0.9995923494957324 0
    outer loop
      vertex 12.053659997880459 -12.562926419079304 0.5999999999999943
      vertex 11.976860001683235 -12.565119996666908 0
      vertex 12.053659997880459 -12.562926419079304 0
    endloop
  endfacet
  facet normal 0.09042194344614705 -0.995903545602395 0
    outer loop
      vertex 12.126139998435974 -12.55634567886591 0.5999999999999943
      vertex 12.053659997880459 -12.562926419079304 0
      vertex 12.126139998435974 -12.55634567886591 0
    endloop
  endfacet
  facet normal 0.1588703592687475 -0.9872994525197606 0
    outer loop
      vertex 12.194300003349781 -12.545377776026726 0.5999999999999943
      vertex 12.126139998435974 -12.55634567886591 0
      vertex 12.194300003349781 -12.545377776026726 0
    endloop
  endfacet
  facet normal 0.2338547506696472 -0.9722715441630682 0
    outer loop
      vertex 12.258139997720718 -12.530022718012333 0.5999999999999943
      vertex 12.194300003349781 -12.545377776026726 0
      vertex 12.258139997720718 -12.530022718012333 0
    endloop
  endfacet
  facet normal 0.31482409015731994 -0.9491500367468862 0
    outer loop
      vertex 12.317659996449947 -12.51028049737215 0.5999999999999943
      vertex 12.258139997720718 -12.530022718012333 0
      vertex 12.317659996449947 -12.51028049737215 0
    endloop
  endfacet
  facet normal 0.40053155180092626 -0.9162829672169738 0
    outer loop
      vertex 12.372859999537468 -12.486151114106178 0.5999999999999943
      vertex 12.317659996449947 -12.51028049737215 0
      vertex 12.372859999537468 -12.486151114106178 0
    endloop
  endfacet
  facet normal -0.026459084713867164 0.9996498971320432 0
    outer loop
      vertex 11.982260003685951 -12.966559998691082 0.5999999999999943
      vertex 12.106890618801117 -12.963261231780052 0
      vertex 11.982260003685951 -12.966559998691082 0
    endloop
  endfacet
  facet normal -0.0833625171761034 0.9965192876859252 0
    outer loop
      vertex 12.106890618801117 -12.963261231780052 0.5999999999999943
      vertex 12.225191354751587 -12.953364938497543 0
      vertex 12.106890618801117 -12.963261231780052 0
    endloop
  endfacet
  facet normal -0.1457320240095811 0.9893241011812413 0
    outer loop
      vertex 12.225191354751587 -12.953364938497543 0.5999999999999943
      vertex 12.337162218987942 -12.936871111392975 0
      vertex 12.225191354751587 -12.953364938497543 0
    endloop
  endfacet
  facet normal -0.21354149496020594 0.9769339946639999 0
    outer loop
      vertex 12.337162218987942 -12.936871111392975 0.5999999999999943
      vertex 12.442803211510181 -12.913779750466347 0
      vertex 12.337162218987942 -12.936871111392975 0
    endloop
  endfacet
  facet normal -0.2864233230225741 0.9581031677375387 0
    outer loop
      vertex 12.442803211510181 -12.913779750466347 0.5999999999999943
      vertex 12.542114317417145 -12.88409086316824 0
      vertex 12.442803211510181 -12.913779750466347 0
    endloop
  endfacet
  facet normal -0.44355476022387075 0.8962472731800887 0
    outer loop
      vertex 12.635095559060574 -12.847804442048073 0.5999999999999943
      vertex 12.721746914088726 -12.804920494556427 0
      vertex 12.635095559060574 -12.847804442048073 0
    endloop
  endfacet
  facet normal -0.5245039000994943 0.8514080448177711 0
    outer loop
      vertex 12.721746914088726 -12.804920494556427 0.5999999999999943
      vertex 12.802068397402763 -12.755439013242722 0
      vertex 12.721746914088726 -12.804920494556427 0
    endloop
  endfacet
  facet normal -0.3635516893319807 0.9315740277529548 0
    outer loop
      vertex 12.542114317417145 -12.88409086316824 0.5999999999999943
      vertex 12.635095559060574 -12.847804442048073 0
      vertex 12.542114317417145 -12.88409086316824 0
    endloop
  endfacet
  facet normal -0.6795706760168043 0.7336100437548981 0
    outer loop
      vertex 12.876060001552105 -12.699359998106956 0.5999999999999943
      vertex 12.94295185059309 -12.637395553290844 0
      vertex 12.876060001552105 -12.699359998106956 0
    endloop
  endfacet
  facet normal -0.8165190878853834 0.5773184382286967 0
    outer loop
      vertex 13.001974076032639 -12.570239998400211 0.5999999999999943
      vertex 13.05312666296959 -12.497893333435059 0
      vertex 13.001974076032639 -12.570239998400211 0
    endloop
  endfacet
  facet normal -0.7511275288016332 0.6601571293838701 0
    outer loop
      vertex 12.94295185059309 -12.637395553290844 0.5999999999999943
      vertex 13.001974076032639 -12.570239998400211 0
      vertex 12.94295185059309 -12.637395553290844 0
    endloop
  endfacet
  facet normal -0.6040271828882164 0.7969637145642987 0
    outer loop
      vertex 12.802068397402763 -12.755439013242722 0.5999999999999943
      vertex 12.876060001552105 -12.699359998106956 0
      vertex 12.802068397402763 -12.755439013242722 0
    endloop
  endfacet
  facet normal 0 0 -1
    outer loop
      vertex 34.58262000232935 -9.954240001738071 0.5999999999999943
      vertex 35.032899998128414 -10.339440003037453 0.5999999999999943
      vertex 34.58262000232935 -10.333999998867512 0.5999999999999943
    endloop
  endfacet
  facet normal 0 0 -1
    outer loop
      vertex 34.58262000232935 -10.333999998867512 0.5999999999999943
      vertex 35.032899998128414 -10.339440003037453 0.5999999999999943
      vertex 35.076300002634525 -10.39367999881506 0.5999999999999943
    endloop
  endfacet
  facet normal 0 0 -1
    outer loop
      vertex 34.58262000232935 -9.954240001738071 0.5999999999999943
      vertex 36.38374000042677 -9.954240001738071 0.5999999999999943
      vertex 35.032899998128414 -10.339440003037453 0.5999999999999943
    endloop
  endfacet
  facet normal 0 0 -1
    outer loop
      vertex 35.032899998128414 -10.339440003037453 0.5999999999999943
      vertex 36.38374000042677 -9.954240001738071 0.5999999999999943
      vertex 36.38374000042677 -10.339440003037453 0.5999999999999943
    endloop
  endfacet
  facet normal 0 -1 0
    outer loop
      vertex 34.58262000232935 -9.954240001738071 0.5999999999999943
      vertex 34.58262000232935 -9.954240001738071 0
      vertex 36.38374000042677 -9.954240001738071 0.5999999999999943
    endloop
  endfacet
  facet normal 1 0 0
    outer loop
      vertex 34.58262000232935 -9.954240001738071 0.5999999999999943
      vertex 34.58262000232935 -10.333999998867512 0.5999999999999943
      vertex 34.58262000232935 -10.333999998867512 0
    endloop
  endfacet
  facet normal -0.7808125733037701 -0.6247653362429326 0
    outer loop
      vertex 35.032899998128414 -10.339440003037453 0.5999999999999943
      vertex 35.032899998128414 -10.339440003037453 0
      vertex 35.076300002634525 -10.39367999881506 0.5999999999999943
    endloop
  endfacet
  facet normal -0.8077743923006157 -0.589491756637335 0
    outer loop
      vertex 35.076300002634525 -10.39367999881506 0.5999999999999943
      vertex 35.076300002634525 -10.39367999881506 0
      vertex 35.222779996693134 -10.594400003552437 0.5999999999999943
    endloop
  endfacet
  facet normal 0 1 0
    outer loop
      vertex 35.032899998128414 -10.339440003037453 0.5999999999999943
      vertex 36.38374000042677 -10.339440003037453 0.5999999999999943
      vertex 36.38374000042677 -10.339440003037453 0
    endloop
  endfacet
  facet normal 0 0 -1
    outer loop
      vertex 34.58262000232935 -10.333999998867512 0.5999999999999943
      vertex 35.076300002634525 -10.39367999881506 0.5999999999999943
      vertex 36.38374000042677 -12.360239997506142 0.5999999999999943
    endloop
  endfacet
  facet normal 0 0 -1
    outer loop
      vertex 35.076300002634525 -10.39367999881506 0.5999999999999943
      vertex 35.222779996693134 -10.594400003552437 0.5999999999999943
      vertex 36.307779997587204 -12.216480001807213 0.5999999999999943
    endloop
  endfacet
  facet normal -0.8274772950876695 -0.56149917730518 0
    outer loop
      vertex 35.222779996693134 -10.594400003552437 0.5999999999999943
      vertex 35.222779996693134 -10.594400003552437 0
      vertex 36.201980002224445 -12.037440001964569 0.5999999999999943
    endloop
  endfacet
  facet normal 1 0 0
    outer loop
      vertex 34.58262000232935 -9.954240001738071 0.5999999999999943
      vertex 34.58262000232935 -10.333999998867512 0
      vertex 34.58262000232935 -9.954240001738071 0
    endloop
  endfacet
  facet normal -0.7808125733037701 -0.6247653362429326 0
    outer loop
      vertex 35.076300002634525 -10.39367999881506 0.5999999999999943
      vertex 35.032899998128414 -10.339440003037453 0
      vertex 35.076300002634525 -10.39367999881506 0
    endloop
  endfacet
  facet normal 0 -1 0
    outer loop
      vertex 36.38374000042677 -9.954240001738071 0.5999999999999943
      vertex 34.58262000232935 -9.954240001738071 0
      vertex 36.38374000042677 -9.954240001738071 0
    endloop
  endfacet
  facet normal 0 1 0
    outer loop
      vertex 35.032899998128414 -10.339440003037453 0.5999999999999943
      vertex 36.38374000042677 -10.339440003037453 0
      vertex 35.032899998128414 -10.339440003037453 0
    endloop
  endfacet
  facet normal -0.8077743923006157 -0.589491756637335 0
    outer loop
      vertex 35.222779996693134 -10.594400003552437 0.5999999999999943
      vertex 35.076300002634525 -10.39367999881506 0
      vertex 35.222779996693134 -10.594400003552437 0
    endloop
  endfacet
  facet normal 0.827332114774031 0.5617130689805335 0
    outer loop
      vertex 34.58262000232935 -10.333999998867512 0.5999999999999943
      vertex 36.33218000084162 -12.910879999399185 0
      vertex 34.58262000232935 -10.333999998867512 0
    endloop
  endfacet
  facet normal 0 0 -1
    outer loop
      vertex 35.222779996693134 -10.594400003552437 0.5999999999999943
      vertex 36.201980002224445 -12.037440001964569 0.5999999999999943
      vertex 36.210255064070225 -12.049835063517094 0.5999999999999943
    endloop
  endfacet
  facet normal 0 0 -1
    outer loop
      vertex 35.222779996693134 -10.594400003552437 0.5999999999999943
      vertex 36.210255064070225 -12.049835063517094 0.5999999999999943
      vertex 36.2194002494216 -12.064104691147804 0.5999999999999943
    endloop
  endfacet
  facet normal 0 0 -1
    outer loop
      vertex 35.222779996693134 -10.594400003552437 0.5999999999999943
      vertex 36.2194002494216 -12.064104691147804 0.5999999999999943
      vertex 36.22941555827856 -12.080248892307281 0.5999999999999943
    endloop
  endfacet
  facet normal 0 0 -1
    outer loop
      vertex 35.222779996693134 -10.594400003552437 0.5999999999999943
      vertex 36.22941555827856 -12.080248892307281 0.5999999999999943
      vertex 36.24030099064112 -12.098267652094364 0.5999999999999943
    endloop
  endfacet
  facet normal 0 0 -1
    outer loop
      vertex 35.222779996693134 -10.594400003552437 0.5999999999999943
      vertex 36.24030099064112 -12.098267652094364 0.5999999999999943
      vertex 36.252056546509266 -12.118160985410213 0.5999999999999943
    endloop
  endfacet
  facet normal 0 0 -1
    outer loop
      vertex 35.076300002634525 -10.39367999881506 0.5999999999999943
      vertex 36.307779997587204 -12.216480001807213 0.5999999999999943
      vertex 36.32264765352011 -12.24343604594469 0.5999999999999943
    endloop
  endfacet
  facet normal 0 0 -1
    outer loop
      vertex 35.222779996693134 -10.594400003552437 0.5999999999999943
      vertex 36.252056546509266 -12.118160985410213 0.5999999999999943
      vertex 36.26468222588301 -12.13992889225483 0.5999999999999943
    endloop
  endfacet
  facet normal 0 0 -1
    outer loop
      vertex 35.222779996693134 -10.594400003552437 0.5999999999999943
      vertex 36.26468222588301 -12.13992889225483 0.5999999999999943
      vertex 36.27817802131176 -12.16357135772705 0.5999999999999943
    endloop
  endfacet
  facet normal 0 0 -1
    outer loop
      vertex 35.076300002634525 -10.39367999881506 0.5999999999999943
      vertex 36.32264765352011 -12.24343604594469 0.5999999999999943
      vertex 36.33590839803219 -12.267646417021751 0.5999999999999943
    endloop
  endfacet
  facet normal 0 0 -1
    outer loop
      vertex 35.076300002634525 -10.39367999881506 0.5999999999999943
      vertex 36.33590839803219 -12.267646417021751 0.5999999999999943
      vertex 36.34756222367287 -12.289111107587814 0.5999999999999943
    endloop
  endfacet
  facet normal 0 0 -1
    outer loop
      vertex 35.222779996693134 -10.594400003552437 0.5999999999999943
      vertex 36.27817802131176 -12.16357135772705 0.5999999999999943
      vertex 36.292543947696686 -12.189088396728039 0.5999999999999943
    endloop
  endfacet
  facet normal 0 0 -1
    outer loop
      vertex 35.076300002634525 -10.39367999881506 0.5999999999999943
      vertex 36.34756222367287 -12.289111107587814 0.5999999999999943
      vertex 36.35760913789272 -12.30783012509346 0.5999999999999943
    endloop
  endfacet
  facet normal 0 0 -1
    outer loop
      vertex 35.222779996693134 -10.594400003552437 0.5999999999999943
      vertex 36.292543947696686 -12.189088396728039 0.5999999999999943
      vertex 36.307779997587204 -12.216480001807213 0.5999999999999943
    endloop
  endfacet
  facet normal 0 0 -1
    outer loop
      vertex 35.076300002634525 -10.39367999881506 0.5999999999999943
      vertex 36.35760913789272 -12.30783012509346 0.5999999999999943
      vertex 36.36604913324118 -12.323803454637527 0.5999999999999943
    endloop
  endfacet
  facet normal 0 0 -1
    outer loop
      vertex 35.076300002634525 -10.39367999881506 0.5999999999999943
      vertex 36.36604913324118 -12.323803454637527 0.5999999999999943
      vertex 36.37288222461939 -12.337031111121178 0.5999999999999943
    endloop
  endfacet
  facet normal 0 0 -1
    outer loop
      vertex 35.076300002634525 -10.39367999881506 0.5999999999999943
      vertex 36.37288222461939 -12.337031111121178 0.5999999999999943
      vertex 36.3781083971262 -12.34751308709383 0.5999999999999943
    endloop
  endfacet
  facet normal 0 0 -1
    outer loop
      vertex 35.076300002634525 -10.39367999881506 0.5999999999999943
      vertex 36.3781083971262 -12.34751308709383 0.5999999999999943
      vertex 36.381727650761604 -12.355249382555485 0.5999999999999943
    endloop
  endfacet
  facet normal 0 0 -1
    outer loop
      vertex 35.076300002634525 -10.39367999881506 0.5999999999999943
      vertex 36.381727650761604 -12.355249382555485 0.5999999999999943
      vertex 36.38374000042677 -12.360239997506142 0.5999999999999943
    endloop
  endfacet
  facet normal 0 0 -1
    outer loop
      vertex 34.58262000232935 -10.333999998867512 0.5999999999999943
      vertex 36.38374000042677 -12.360239997506142 0.5999999999999943
      vertex 36.33218000084162 -12.910879999399185 0.5999999999999943
    endloop
  endfacet
  facet normal 0.827332114774031 0.5617130689805335 0
    outer loop
      vertex 34.58262000232935 -10.333999998867512 0.5999999999999943
      vertex 36.33218000084162 -12.910879999399185 0.5999999999999943
      vertex 36.33218000084162 -12.910879999399185 0
    endloop
  endfacet
  facet normal -0.8274772950876695 -0.56149917730518 0
    outer loop
      vertex 36.201980002224445 -12.037440001964569 0.5999999999999943
      vertex 35.222779996693134 -10.594400003552437 0
      vertex 36.201980002224445 -12.037440001964569 0
    endloop
  endfacet
  facet normal 0 0 -1
    outer loop
      vertex 36.38374000042677 -9.088959999382496 0.5999999999999943
      vertex 36.84486000239849 -9.088959999382496 0.5999999999999943
      vertex 36.38374000042677 -9.954240001738071 0.5999999999999943
    endloop
  endfacet
  facet normal 0 -1 0
    outer loop
      vertex 36.38374000042677 -9.088959999382496 0.5999999999999943
      vertex 36.38374000042677 -9.088959999382496 0
      vertex 36.84486000239849 -9.088959999382496 0.5999999999999943
    endloop
  endfacet
  facet normal -1 0 0
    outer loop
      vertex 36.84486000239849 -9.088959999382496 0.5999999999999943
      vertex 36.84486000239849 -9.088959999382496 0
      vertex 36.84486000239849 -9.954240001738071 0.5999999999999943
    endloop
  endfacet
  facet normal 0 -1 0
    outer loop
      vertex 36.84486000239849 -9.088959999382496 0.5999999999999943
      vertex 36.38374000042677 -9.088959999382496 0
      vertex 36.84486000239849 -9.088959999382496 0
    endloop
  endfacet
  facet normal 1 0 0
    outer loop
      vertex 36.38374000042677 -9.088959999382496 0.5999999999999943
      vertex 36.38374000042677 -9.954240001738071 0
      vertex 36.38374000042677 -9.088959999382496 0
    endloop
  endfacet
  facet normal 0 0 -1
    outer loop
      vertex 36.38374000042677 -9.954240001738071 0.5999999999999943
      vertex 36.84486000239849 -9.088959999382496 0.5999999999999943
      vertex 36.84486000239849 -9.954240001738071 0.5999999999999943
    endloop
  endfacet
  facet normal 0 0 -1
    outer loop
      vertex 36.38374000042677 -9.954240001738071 0.5999999999999943
      vertex 36.84486000239849 -10.339440003037453 0.5999999999999943
      vertex 36.38374000042677 -10.339440003037453 0.5999999999999943
    endloop
  endfacet
  facet normal 0 0 -1
    outer loop
      vertex 36.38374000042677 -9.954240001738071 0.5999999999999943
      vertex 36.84486000239849 -9.954240001738071 0.5999999999999943
      vertex 36.84486000239849 -10.339440003037453 0.5999999999999943
    endloop
  endfacet
  facet normal 0 0 -1
    outer loop
      vertex 36.84486000239849 -9.954240001738071 0.5999999999999943
      vertex 37.3819399997592 -10.339440003037453 0.5999999999999943
      vertex 36.84486000239849 -10.339440003037453 0.5999999999999943
    endloop
  endfacet
  facet normal 0 0 -1
    outer loop
      vertex 36.84486000239849 -9.954240001738071 0.5999999999999943
      vertex 37.3819399997592 -9.954240001738071 0.5999999999999943
      vertex 37.3819399997592 -10.339440003037453 0.5999999999999943
    endloop
  endfacet
  facet normal 1 0 0
    outer loop
      vertex 36.38374000042677 -9.088959999382496 0.5999999999999943
      vertex 36.38374000042677 -9.954240001738071 0.5999999999999943
      vertex 36.38374000042677 -9.954240001738071 0
    endloop
  endfacet
  facet normal 0 -1 0
    outer loop
      vertex 36.84486000239849 -9.954240001738071 0.5999999999999943
      vertex 36.84486000239849 -9.954240001738071 0
      vertex 37.3819399997592 -9.954240001738071 0.5999999999999943
    endloop
  endfacet
  facet normal -1 0 0
    outer loop
      vertex 37.3819399997592 -9.954240001738071 0.5999999999999943
      vertex 37.3819399997592 -9.954240001738071 0
      vertex 37.3819399997592 -10.339440003037453 0.5999999999999943
    endloop
  endfacet
  facet normal 0 1 0
    outer loop
      vertex 36.84486000239849 -10.339440003037453 0.5999999999999943
      vertex 37.3819399997592 -10.339440003037453 0.5999999999999943
      vertex 37.3819399997592 -10.339440003037453 0
    endloop
  endfacet
  facet normal 0 0 -1
    outer loop
      vertex 36.38374000042677 -10.339440003037453 0.5999999999999943
      vertex 36.84486000239849 -10.339440003037453 0.5999999999999943
      vertex 36.38374000042677 -12.360239997506142 0.5999999999999943
    endloop
  endfacet
  facet normal 1 0 0
    outer loop
      vertex 36.38374000042677 -10.339440003037453 0.5999999999999943
      vertex 36.38374000042677 -12.360239997506142 0.5999999999999943
      vertex 36.38374000042677 -10.339440003037453 0
    endloop
  endfacet
  facet normal -1 0 0
    outer loop
      vertex 36.84486000239849 -10.339440003037453 0.5999999999999943
      vertex 36.84486000239849 -10.339440003037453 0
      vertex 36.84486000239849 -12.910879999399185 0.5999999999999943
    endloop
  endfacet
  facet normal -1 0 0
    outer loop
      vertex 36.84486000239849 -9.954240001738071 0.5999999999999943
      vertex 36.84486000239849 -9.088959999382496 0
      vertex 36.84486000239849 -9.954240001738071 0
    endloop
  endfacet
  facet normal 0 -1 0
    outer loop
      vertex 37.3819399997592 -9.954240001738071 0.5999999999999943
      vertex 36.84486000239849 -9.954240001738071 0
      vertex 37.3819399997592 -9.954240001738071 0
    endloop
  endfacet
  facet normal 0 1 0
    outer loop
      vertex 36.84486000239849 -10.339440003037453 0.5999999999999943
      vertex 37.3819399997592 -10.339440003037453 0
      vertex 36.84486000239849 -10.339440003037453 0
    endloop
  endfacet
  facet normal -1 0 0
    outer loop
      vertex 37.3819399997592 -10.339440003037453 0.5999999999999943
      vertex 37.3819399997592 -9.954240001738071 0
      vertex 37.3819399997592 -10.339440003037453 0
    endloop
  endfacet
  facet normal 0 0 -1
    outer loop
      vertex 36.84486000239849 -10.339440003037453 0.5999999999999943
      vertex 36.84486000239849 -12.910879999399185 0.5999999999999943
      vertex 36.38374000042677 -12.360239997506142 0.5999999999999943
    endloop
  endfacet
  facet normal -0.8316881739278883 -0.5552429930656438 0
    outer loop
      vertex 36.201980002224445 -12.037440001964569 0.5999999999999943
      vertex 36.201980002224445 -12.037440001964569 0
      vertex 36.210255064070225 -12.049835063517094 0.5999999999999943
    endloop
  endfacet
  facet normal -0.8419330653221709 -0.5395819803488745 0
    outer loop
      vertex 36.210255064070225 -12.049835063517094 0.5999999999999943
      vertex 36.210255064070225 -12.049835063517094 0
      vertex 36.2194002494216 -12.064104691147804 0.5999999999999943
    endloop
  endfacet
  facet normal -0.849763484862407 -0.5271641298443 0
    outer loop
      vertex 36.2194002494216 -12.064104691147804 0.5999999999999943
      vertex 36.2194002494216 -12.064104691147804 0
      vertex 36.22941555827856 -12.080248892307281 0.5999999999999943
    endloop
  endfacet
  facet normal -0.8559344990195896 -0.5170842614004841 0
    outer loop
      vertex 36.22941555827856 -12.080248892307281 0.5999999999999943
      vertex 36.22941555827856 -12.080248892307281 0
      vertex 36.24030099064112 -12.098267652094364 0.5999999999999943
    endloop
  endfacet
  facet normal -0.8609188636968945 -0.5087422826253465 0
    outer loop
      vertex 36.24030099064112 -12.098267652094364 0.5999999999999943
      vertex 36.24030099064112 -12.098267652094364 0
      vertex 36.252056546509266 -12.118160985410213 0.5999999999999943
    endloop
  endfacet
  facet normal -0.865026128991836 -0.5017268142738631 0
    outer loop
      vertex 36.252056546509266 -12.118160985410213 0.5999999999999943
      vertex 36.252056546509266 -12.118160985410213 0
      vertex 36.26468222588301 -12.13992889225483 0.5999999999999943
    endloop
  endfacet
  facet normal -0.8684675086228041 -0.49574609072235737 0
    outer loop
      vertex 36.26468222588301 -12.13992889225483 0.5999999999999943
      vertex 36.26468222588301 -12.13992889225483 0
      vertex 36.27817802131176 -12.16357135772705 0.5999999999999943
    endloop
  endfacet
  facet normal -0.8713917338308347 -0.49058785779031655 0
    outer loop
      vertex 36.27817802131176 -12.16357135772705 0.5999999999999943
      vertex 36.27817802131176 -12.16357135772705 0
      vertex 36.292543947696686 -12.189088396728039 0.5999999999999943
    endloop
  endfacet
  facet normal -0.8739067066141409 -0.4860936824675112 0
    outer loop
      vertex 36.292543947696686 -12.189088396728039 0.5999999999999943
      vertex 36.292543947696686 -12.189088396728039 0
      vertex 36.307779997587204 -12.216480001807213 0.5999999999999943
    endloop
  endfacet
  facet normal -0.8756414880418854 -0.4829616800738883 0
    outer loop
      vertex 36.307779997587204 -12.216480001807213 0.5999999999999943
      vertex 36.307779997587204 -12.216480001807213 0
      vertex 36.32264765352011 -12.24343604594469 0.5999999999999943
    endloop
  endfacet
  facet normal -0.8770553002079235 -0.48038942575496923 0
    outer loop
      vertex 36.32264765352011 -12.24343604594469 0.5999999999999943
      vertex 36.32264765352011 -12.24343604594469 0
      vertex 36.33590839803219 -12.267646417021751 0.5999999999999943
    endloop
  endfacet
  facet normal -0.8788265629379756 -0.47714135460534596 0
    outer loop
      vertex 36.33590839803219 -12.267646417021751 0.5999999999999943
      vertex 36.33590839803219 -12.267646417021751 0
      vertex 36.34756222367287 -12.289111107587814 0.5999999999999943
    endloop
  endfacet
  facet normal -0.8811099934342913 -0.4729113864882331 0
    outer loop
      vertex 36.34756222367287 -12.289111107587814 0.5999999999999943
      vertex 36.34756222367287 -12.289111107587814 0
      vertex 36.35760913789272 -12.30783012509346 0.5999999999999943
    endloop
  endfacet
  facet normal -0.8841646857376325 -0.46717535090635254 0
    outer loop
      vertex 36.35760913789272 -12.30783012509346 0.5999999999999943
      vertex 36.35760913789272 -12.30783012509346 0
      vertex 36.36604913324118 -12.323803454637527 0.5999999999999943
    endloop
  endfacet
  facet normal -0.8884587136141374 -0.45895654936291325 0
    outer loop
      vertex 36.36604913324118 -12.323803454637527 0.5999999999999943
      vertex 36.36604913324118 -12.323803454637527 0
      vertex 36.37288222461939 -12.337031111121178 0.5999999999999943
    endloop
  endfacet
  facet normal -0.8949325863433021 -0.44620137371022095 0
    outer loop
      vertex 36.37288222461939 -12.337031111121178 0.5999999999999943
      vertex 36.37288222461939 -12.337031111121178 0
      vertex 36.3781083971262 -12.34751308709383 0.5999999999999943
    endloop
  endfacet
  facet normal -0.9057797130888566 -0.4237488777054973 0
    outer loop
      vertex 36.3781083971262 -12.34751308709383 0.5999999999999943
      vertex 36.3781083971262 -12.34751308709383 0
      vertex 36.381727650761604 -12.355249382555485 0.5999999999999943
    endloop
  endfacet
  facet normal -0.9274411544646672 -0.37396912306398405 0
    outer loop
      vertex 36.381727650761604 -12.355249382555485 0.5999999999999943
      vertex 36.381727650761604 -12.355249382555485 0
      vertex 36.38374000042677 -12.360239997506142 0.5999999999999943
    endloop
  endfacet
  facet normal 0 0 -1
    outer loop
      vertex 36.38374000042677 -12.360239997506142 0.5999999999999943
      vertex 36.84486000239849 -12.910879999399185 0.5999999999999943
      vertex 36.33218000084162 -12.910879999399185 0.5999999999999943
    endloop
  endfacet
  facet normal 0 1 0
    outer loop
      vertex 36.33218000084162 -12.910879999399185 0.5999999999999943
      vertex 36.84486000239849 -12.910879999399185 0.5999999999999943
      vertex 36.84486000239849 -12.910879999399185 0
    endloop
  endfacet
  facet normal 1 0 0
    outer loop
      vertex 36.38374000042677 -12.360239997506142 0.5999999999999943
      vertex 36.38374000042677 -12.360239997506142 0
      vertex 36.38374000042677 -10.339440003037453 0
    endloop
  endfacet
  facet normal -0.8316881739278883 -0.5552429930656438 0
    outer loop
      vertex 36.210255064070225 -12.049835063517094 0.5999999999999943
      vertex 36.201980002224445 -12.037440001964569 0
      vertex 36.210255064070225 -12.049835063517094 0
    endloop
  endfacet
  facet normal -0.8419330653221709 -0.5395819803488745 0
    outer loop
      vertex 36.2194002494216 -12.064104691147804 0.5999999999999943
      vertex 36.210255064070225 -12.049835063517094 0
      vertex 36.2194002494216 -12.064104691147804 0
    endloop
  endfacet
  facet normal -0.849763484862407 -0.5271641298443 0
    outer loop
      vertex 36.22941555827856 -12.080248892307281 0.5999999999999943
      vertex 36.2194002494216 -12.064104691147804 0
      vertex 36.22941555827856 -12.080248892307281 0
    endloop
  endfacet
  facet normal -0.8559344990195896 -0.5170842614004841 0
    outer loop
      vertex 36.24030099064112 -12.098267652094364 0.5999999999999943
      vertex 36.22941555827856 -12.080248892307281 0
      vertex 36.24030099064112 -12.098267652094364 0
    endloop
  endfacet
  facet normal -0.8609188636968945 -0.5087422826253465 0
    outer loop
      vertex 36.252056546509266 -12.118160985410213 0.5999999999999943
      vertex 36.24030099064112 -12.098267652094364 0
      vertex 36.252056546509266 -12.118160985410213 0
    endloop
  endfacet
  facet normal -0.865026128991836 -0.5017268142738631 0
    outer loop
      vertex 36.26468222588301 -12.13992889225483 0.5999999999999943
      vertex 36.252056546509266 -12.118160985410213 0
      vertex 36.26468222588301 -12.13992889225483 0
    endloop
  endfacet
  facet normal -0.8684675086228041 -0.49574609072235737 0
    outer loop
      vertex 36.27817802131176 -12.16357135772705 0.5999999999999943
      vertex 36.26468222588301 -12.13992889225483 0
      vertex 36.27817802131176 -12.16357135772705 0
    endloop
  endfacet
  facet normal -0.8713917338308347 -0.49058785779031655 0
    outer loop
      vertex 36.292543947696686 -12.189088396728039 0.5999999999999943
      vertex 36.27817802131176 -12.16357135772705 0
      vertex 36.292543947696686 -12.189088396728039 0
    endloop
  endfacet
  facet normal -0.8739067066141409 -0.4860936824675112 0
    outer loop
      vertex 36.307779997587204 -12.216480001807213 0.5999999999999943
      vertex 36.292543947696686 -12.189088396728039 0
      vertex 36.307779997587204 -12.216480001807213 0
    endloop
  endfacet
  facet normal -0.8756414880418854 -0.4829616800738883 0
    outer loop
      vertex 36.32264765352011 -12.24343604594469 0.5999999999999943
      vertex 36.307779997587204 -12.216480001807213 0
      vertex 36.32264765352011 -12.24343604594469 0
    endloop
  endfacet
  facet normal -0.8770553002079235 -0.48038942575496923 0
    outer loop
      vertex 36.33590839803219 -12.267646417021751 0.5999999999999943
      vertex 36.32264765352011 -12.24343604594469 0
      vertex 36.33590839803219 -12.267646417021751 0
    endloop
  endfacet
  facet normal -0.8788265629379756 -0.47714135460534596 0
    outer loop
      vertex 36.34756222367287 -12.289111107587814 0.5999999999999943
      vertex 36.33590839803219 -12.267646417021751 0
      vertex 36.34756222367287 -12.289111107587814 0
    endloop
  endfacet
  facet normal -0.8811099934342913 -0.4729113864882331 0
    outer loop
      vertex 36.35760913789272 -12.30783012509346 0.5999999999999943
      vertex 36.34756222367287 -12.289111107587814 0
      vertex 36.35760913789272 -12.30783012509346 0
    endloop
  endfacet
  facet normal -0.8841646857376325 -0.46717535090635254 0
    outer loop
      vertex 36.36604913324118 -12.323803454637527 0.5999999999999943
      vertex 36.35760913789272 -12.30783012509346 0
      vertex 36.36604913324118 -12.323803454637527 0
    endloop
  endfacet
  facet normal -0.8884587136141374 -0.45895654936291325 0
    outer loop
      vertex 36.37288222461939 -12.337031111121178 0.5999999999999943
      vertex 36.36604913324118 -12.323803454637527 0
      vertex 36.37288222461939 -12.337031111121178 0
    endloop
  endfacet
  facet normal -0.8949325863433021 -0.44620137371022095 0
    outer loop
      vertex 36.3781083971262 -12.34751308709383 0.5999999999999943
      vertex 36.37288222461939 -12.337031111121178 0
      vertex 36.3781083971262 -12.34751308709383 0
    endloop
  endfacet
  facet normal -0.9057797130888566 -0.4237488777054973 0
    outer loop
      vertex 36.381727650761604 -12.355249382555485 0.5999999999999943
      vertex 36.3781083971262 -12.34751308709383 0
      vertex 36.381727650761604 -12.355249382555485 0
    endloop
  endfacet
  facet normal -0.9274411544646672 -0.37396912306398405 0
    outer loop
      vertex 36.38374000042677 -12.360239997506142 0.5999999999999943
      vertex 36.381727650761604 -12.355249382555485 0
      vertex 36.38374000042677 -12.360239997506142 0
    endloop
  endfacet
  facet normal -1 0 0
    outer loop
      vertex 36.84486000239849 -12.910879999399185 0.5999999999999943
      vertex 36.84486000239849 -10.339440003037453 0
      vertex 36.84486000239849 -12.910879999399185 0
    endloop
  endfacet
  facet normal 0 1 0
    outer loop
      vertex 36.33218000084162 -12.910879999399185 0.5999999999999943
      vertex 36.84486000239849 -12.910879999399185 0
      vertex 36.33218000084162 -12.910879999399185 0
    endloop
  endfacet
  facet normal 0.5956993044924306 -0.803207531480647 0
    outer loop
      vertex -4.282154668104607 -44.782179439801524 3
      vertex -4.282154668104607 -44.782179439801524 0
      vertex -3.750099072882315 -44.38758011695782 3
    endloop
  endfacet
  facet normal 0.5141027441932261 -0.8577286100002693 0
    outer loop
      vertex -3.750099072882315 -44.38758011695782 0
      vertex -3.181927973575484 -44.0470314656486 3
      vertex -3.750099072882315 -44.38758011695782 3
    endloop
  endfacet
  facet normal 0.4275550934302757 -0.9039892931234464 0
    outer loop
      vertex -3.181927973575484 -44.0470314656486 0
      vertex -2.5831131684643562 -43.76381315554882 3
      vertex -3.181927973575484 -44.0470314656486 3
    endloop
  endfacet
  facet normal 0.33688985339222327 -0.9415440651830196 0
    outer loop
      vertex -2.5831131684643562 -43.76381315554882 3
      vertex -2.5831131684643562 -43.76381315554882 0
      vertex -1.9594215714676206 -43.54065273380759 3
    endloop
  endfacet
  facet normal 0.24298017990325838 -0.9700312531945453 0
    outer loop
      vertex -1.9594215714676206 -43.54065273380759 3
      vertex -1.9594215714676206 -43.54065273380759 0
      vertex -1.3168596736088656 -43.3796993572782 3
    endloop
  endfacet
  facet normal 0.14673047445536824 -0.98917650996478 0
    outer loop
      vertex -1.3168596736088656 -43.3796993572782 3
      vertex -1.3168596736088656 -43.3796993572782 0
      vertex -0.6616156972245341 -43.28250309496267 3
    endloop
  endfacet
  facet normal 0.04906767432741766 -0.9987954562051724 0
    outer loop
      vertex -0.6616156972245341 -43.28250309496267 3
      vertex -0.6616156972245341 -43.28250309496267 0
      vertex 0 -43.25 3
    endloop
  endfacet
  facet normal 0.6715589548470169 -0.7409511253549604 0
    outer loop
      vertex -4.772970773009196 -45.2270292269908 0
      vertex -4.282154668104607 -44.782179439801524 0
      vertex -4.282154668104607 -44.782179439801524 3
    endloop
  endfacet
  facet normal 0.5956993044924306 -0.803207531480647 0
    outer loop
      vertex -3.750099072882315 -44.38758011695782 3
      vertex -4.282154668104607 -44.782179439801524 0
      vertex -3.750099072882315 -44.38758011695782 0
    endloop
  endfacet
  facet normal 0.5141027441932261 -0.8577286100002693 0
    outer loop
      vertex -3.181927973575484 -44.0470314656486 3
      vertex -3.750099072882315 -44.38758011695782 0
      vertex -3.181927973575484 -44.0470314656486 0
    endloop
  endfacet
  facet normal 0.42755509343027975 -0.9039892931234444 -1.002722688577004e-15
    outer loop
      vertex -2.62204697649569 -43.78222747533895 0
      vertex -2.5831131684643562 -43.76381315554882 3
      vertex -3.181927973575484 -44.0470314656486 0
    endloop
  endfacet
  facet normal 0.42755509343021664 -0.9039892931234742 0
    outer loop
      vertex -2.62204697649569 -43.78222747533895 0
      vertex -2.5831131684643562 -43.76381315554882 0
      vertex -2.5831131684643562 -43.76381315554882 3
    endloop
  endfacet
  facet normal 0.24298017990325838 -0.9700312531945453 0
    outer loop
      vertex -1.3168596736088656 -43.3796993572782 3
      vertex -1.9594215714676206 -43.54065273380759 0
      vertex -1.3168596736088656 -43.3796993572782 0
    endloop
  endfacet
  facet normal 0.33688985339222327 -0.9415440651830196 0
    outer loop
      vertex -1.9594215714676206 -43.54065273380759 3
      vertex -2.5831131684643562 -43.76381315554882 0
      vertex -1.9594215714676206 -43.54065273380759 0
    endloop
  endfacet
  facet normal 0.14673047445536824 -0.98917650996478 0
    outer loop
      vertex -0.6616156972245341 -43.28250309496267 3
      vertex -1.3168596736088656 -43.3796993572782 0
      vertex -0.6616156972245341 -43.28250309496267 0
    endloop
  endfacet
  facet normal 0.04906767432741766 -0.9987954562051724 0
    outer loop
      vertex 0 -43.25 3
      vertex -0.6616156972245341 -43.28250309496267 0
      vertex 0 -43.25 0
    endloop
  endfacet
  facet normal 0.9039892931234426 -0.42755509343028375 0
    outer loop
      vertex -5.952968534351396 -46.81807202642452 3
      vertex -6.236186844451185 -47.41688683153564 3
      vertex -6.236186844451185 -47.41688683153564 0
    endloop
  endfacet
  facet normal 0.9415440651830209 -0.3368898533922197 0
    outer loop
      vertex -6.236186844451185 -47.41688683153564 3
      vertex -6.45934726619241 -48.04057842853238 3
      vertex -6.45934726619241 -48.04057842853238 0
    endloop
  endfacet
  facet normal 0.9700312531945441 -0.24298017990326343 0
    outer loop
      vertex -6.45934726619241 -48.04057842853238 3
      vertex -6.620300642721805 -48.68314032639113 3
      vertex -6.620300642721805 -48.68314032639113 0
    endloop
  endfacet
  facet normal 0.9891765099647809 -0.14673047445536247 0
    outer loop
      vertex -6.620300642721805 -48.68314032639113 3
      vertex -6.717496905037329 -49.33838430277547 3
      vertex -6.717496905037329 -49.33838430277547 0
    endloop
  endfacet
  facet normal 0.9987954562051724 -0.0490676743274177 0
    outer loop
      vertex -6.717496905037329 -49.33838430277547 3
      vertex -6.75 -50 3
      vertex -6.75 -50 0
    endloop
  endfacet
  facet normal 0.9987954562051724 0.0490676743274177 0
    outer loop
      vertex -6.75 -50 3
      vertex -6.717496905037329 -50.66161569722453 3
      vertex -6.717496905037329 -50.66161569722453 0
    endloop
  endfacet
  facet normal 0.9891765099647809 0.14673047445536247 0
    outer loop
      vertex -6.717496905037329 -50.66161569722453 3
      vertex -6.620300642721805 -51.31685967360887 3
      vertex -6.620300642721805 -51.31685967360887 0
    endloop
  endfacet
  facet normal 0.9700312531945441 0.24298017990326343 0
    outer loop
      vertex -6.620300642721805 -51.31685967360887 3
      vertex -6.45934726619241 -51.95942157146762 3
      vertex -6.45934726619241 -51.95942157146762 0
    endloop
  endfacet
  facet normal 0.9415440651830209 0.3368898533922197 0
    outer loop
      vertex -6.45934726619241 -51.95942157146762 3
      vertex -6.236186844451185 -52.58311316846436 3
      vertex -6.236186844451185 -52.58311316846436 0
    endloop
  endfacet
  facet normal 0.6715589548470169 -0.7409511253549604 0
    outer loop
      vertex -4.772970773009196 -45.2270292269908 3
      vertex -4.772970773009196 -45.2270292269908 0
      vertex -4.282154668104607 -44.782179439801524 3
    endloop
  endfacet
  facet normal 0.7409511253549591 -0.6715589548470183 0
    outer loop
      vertex -4.772970773009196 -45.2270292269908 3
      vertex -5.217820560198475 -45.71784533189539 3
      vertex -5.217820560198475 -45.71784533189539 0
    endloop
  endfacet
  facet normal 0.803207531480647 -0.5956993044924306 0
    outer loop
      vertex -5.217820560198475 -45.71784533189539 3
      vertex -5.612419883042181 -46.249900927117686 3
      vertex -5.612419883042181 -46.249900927117686 0
    endloop
  endfacet
  facet normal 0.8577286100002723 -0.5141027441932211 0
    outer loop
      vertex -5.612419883042181 -46.249900927117686 3
      vertex -5.952968534351396 -46.81807202642452 3
      vertex -5.952968534351396 -46.81807202642452 0
    endloop
  endfacet
  facet normal 0.9039892931234426 -0.42755509343028375 0
    outer loop
      vertex -5.952968534351396 -46.81807202642452 3
      vertex -6.236186844451185 -47.41688683153564 0
      vertex -5.952968534351396 -46.81807202642452 0
    endloop
  endfacet
  facet normal 0.9415440651830209 -0.3368898533922197 0
    outer loop
      vertex -6.236186844451185 -47.41688683153564 3
      vertex -6.45934726619241 -48.04057842853238 0
      vertex -6.236186844451185 -47.41688683153564 0
    endloop
  endfacet
  facet normal 0.9700312531945441 -0.24298017990326343 0
    outer loop
      vertex -6.45934726619241 -48.04057842853238 3
      vertex -6.620300642721805 -48.68314032639113 0
      vertex -6.45934726619241 -48.04057842853238 0
    endloop
  endfacet
  facet normal 0.9891765099647809 -0.14673047445536247 0
    outer loop
      vertex -6.620300642721805 -48.68314032639113 3
      vertex -6.717496905037329 -49.33838430277547 0
      vertex -6.620300642721805 -48.68314032639113 0
    endloop
  endfacet
  facet normal 0.9987954562051724 -0.0490676743274177 0
    outer loop
      vertex -6.717496905037329 -49.33838430277547 3
      vertex -6.75 -50 0
      vertex -6.717496905037329 -49.33838430277547 0
    endloop
  endfacet
  facet normal 0.9987954562051724 0.0490676743274177 0
    outer loop
      vertex -6.717496905037329 -50.66161569722453 0
      vertex -6.75 -50 0
      vertex -6.75 -50 3
    endloop
  endfacet
  facet normal 0.9891765099647809 0.14673047445536247 0
    outer loop
      vertex -6.717496905037329 -50.66161569722453 3
      vertex -6.620300642721805 -51.31685967360887 0
      vertex -6.717496905037329 -50.66161569722453 0
    endloop
  endfacet
  facet normal 0.9700312531945441 0.24298017990326343 0
    outer loop
      vertex -6.620300642721805 -51.31685967360887 3
      vertex -6.45934726619241 -51.95942157146762 0
      vertex -6.620300642721805 -51.31685967360887 0
    endloop
  endfacet
  facet normal 0.9415440651830209 0.3368898533922197 0
    outer loop
      vertex -6.45934726619241 -51.95942157146762 3
      vertex -6.236186844451185 -52.58311316846436 0
      vertex -6.45934726619241 -51.95942157146762 0
    endloop
  endfacet
  facet normal 0.9039892931234426 0.42755509343028375 0
    outer loop
      vertex -5.952968534351396 -53.18192797357548 0
      vertex -6.236186844451185 -52.58311316846436 0
      vertex -6.236186844451185 -52.58311316846436 3
    endloop
  endfacet
  facet normal 0.803207531480647 -0.5956993044924306 0
    outer loop
      vertex -5.217820560198475 -45.71784533189539 3
      vertex -5.612419883042181 -46.249900927117686 0
      vertex -5.217820560198475 -45.71784533189539 0
    endloop
  endfacet
  facet normal 0.7409511253549591 -0.6715589548470183 0
    outer loop
      vertex -4.772970773009196 -45.2270292269908 3
      vertex -5.217820560198475 -45.71784533189539 0
      vertex -4.772970773009196 -45.2270292269908 0
    endloop
  endfacet
  facet normal 0.8577286100002723 -0.5141027441932211 0
    outer loop
      vertex -5.612419883042181 -46.249900927117686 3
      vertex -5.952968534351396 -46.81807202642452 0
      vertex -5.612419883042181 -46.249900927117686 0
    endloop
  endfacet
  facet normal 0.9039892931234426 0.42755509343028375 0
    outer loop
      vertex -6.236186844451185 -52.58311316846436 3
      vertex -5.952968534351396 -53.18192797357548 3
      vertex -5.952968534351396 -53.18192797357548 0
    endloop
  endfacet
  facet normal 0.8577286100002723 0.5141027441932211 0
    outer loop
      vertex -5.952968534351396 -53.18192797357548 3
      vertex -5.612419883042181 -53.750099072882314 3
      vertex -5.612419883042181 -53.750099072882314 0
    endloop
  endfacet
  facet normal 0.803207531480647 0.5956993044924306 0
    outer loop
      vertex -5.612419883042181 -53.750099072882314 3
      vertex -5.217820560198475 -54.28215466810461 3
      vertex -5.217820560198475 -54.28215466810461 0
    endloop
  endfacet
  facet normal 0.7409511253549591 0.6715589548470183 0
    outer loop
      vertex -5.217820560198475 -54.28215466810461 3
      vertex -4.772970773009196 -54.7729707730092 3
      vertex -4.772970773009196 -54.7729707730092 0
    endloop
  endfacet
  facet normal 0.6715589548470169 0.7409511253549604 0
    outer loop
      vertex -4.282154668104607 -55.217820560198476 3
      vertex -4.282154668104607 -55.217820560198476 0
      vertex -4.772970773009196 -54.7729707730092 3
    endloop
  endfacet
  facet normal 0.5956993044924306 0.803207531480647 0
    outer loop
      vertex -3.750099072882315 -55.61241988304218 0
      vertex -4.282154668104607 -55.217820560198476 3
      vertex -3.750099072882315 -55.61241988304218 3
    endloop
  endfacet
  facet normal 0.5141027441932261 0.8577286100002693 0
    outer loop
      vertex -3.181927973575484 -55.9529685343514 3
      vertex -3.181927973575484 -55.9529685343514 0
      vertex -3.750099072882315 -55.61241988304218 3
    endloop
  endfacet
  facet normal 0.4275550934302757 0.9039892931234464 0
    outer loop
      vertex -2.5831131684643562 -56.23618684445118 3
      vertex -2.5831131684643562 -56.23618684445118 0
      vertex -3.181927973575484 -55.9529685343514 3
    endloop
  endfacet
  facet normal 0.33688985339222327 0.9415440651830196 0
    outer loop
      vertex -1.9594215714676206 -56.45934726619241 3
      vertex -1.9594215714676206 -56.45934726619241 0
      vertex -2.5831131684643562 -56.23618684445118 3
    endloop
  endfacet
  facet normal 0.24298017990325838 0.9700312531945453 0
    outer loop
      vertex -1.3168596736088656 -56.6203006427218 3
      vertex -1.3168596736088656 -56.6203006427218 0
      vertex -1.9594215714676206 -56.45934726619241 3
    endloop
  endfacet
  facet normal 0.14673047445536824 0.98917650996478 0
    outer loop
      vertex -0.6616156972245341 -56.71749690503733 3
      vertex -0.6616156972245341 -56.71749690503733 0
      vertex -1.3168596736088656 -56.6203006427218 3
    endloop
  endfacet
  facet normal 0.04906767432741766 0.9987954562051724 0
    outer loop
      vertex -0.6616156972245341 -56.71749690503733 3
      vertex 0 -56.75 3
      vertex 0 -56.75 0
    endloop
  endfacet
  facet normal 0.8577286100002723 0.5141027441932211 0
    outer loop
      vertex -5.612419883042181 -53.750099072882314 0
      vertex -5.952968534351396 -53.18192797357548 0
      vertex -5.952968534351396 -53.18192797357548 3
    endloop
  endfacet
  facet normal 0.803207531480647 0.5956993044924306 0
    outer loop
      vertex -5.612419883042181 -53.750099072882314 3
      vertex -5.217820560198475 -54.28215466810461 0
      vertex -5.612419883042181 -53.750099072882314 0
    endloop
  endfacet
  facet normal 0.7409511253549591 0.6715589548470183 0
    outer loop
      vertex -4.772970773009196 -54.7729707730092 0
      vertex -5.217820560198475 -54.28215466810461 0
      vertex -5.217820560198475 -54.28215466810461 3
    endloop
  endfacet
  facet normal 0.6715589548470169 0.7409511253549604 0
    outer loop
      vertex -4.772970773009196 -54.7729707730092 3
      vertex -4.282154668104607 -55.217820560198476 0
      vertex -4.772970773009196 -54.7729707730092 0
    endloop
  endfacet
  facet normal 0.5956993044924306 0.803207531480647 0
    outer loop
      vertex -4.282154668104607 -55.217820560198476 3
      vertex -3.750099072882315 -55.61241988304218 0
      vertex -4.282154668104607 -55.217820560198476 0
    endloop
  endfacet
  facet normal 0.5141027441932261 0.8577286100002693 0
    outer loop
      vertex -3.750099072882315 -55.61241988304218 3
      vertex -3.181927973575484 -55.9529685343514 0
      vertex -3.750099072882315 -55.61241988304218 0
    endloop
  endfacet
  facet normal 0.4275550934302757 0.9039892931234464 0
    outer loop
      vertex -3.181927973575484 -55.9529685343514 3
      vertex -2.5831131684643562 -56.23618684445118 0
      vertex -3.181927973575484 -55.9529685343514 0
    endloop
  endfacet
  facet normal 0.33688985339222327 0.9415440651830196 0
    outer loop
      vertex -2.5831131684643562 -56.23618684445118 3
      vertex -1.9594215714676206 -56.45934726619241 0
      vertex -2.5831131684643562 -56.23618684445118 0
    endloop
  endfacet
  facet normal 0.24298017990325838 0.9700312531945453 0
    outer loop
      vertex -1.9594215714676206 -56.45934726619241 3
      vertex -1.3168596736088656 -56.6203006427218 0
      vertex -1.9594215714676206 -56.45934726619241 0
    endloop
  endfacet
  facet normal 0.14673047445536824 0.98917650996478 0
    outer loop
      vertex -1.3168596736088656 -56.6203006427218 3
      vertex -0.6616156972245341 -56.71749690503733 0
      vertex -1.3168596736088656 -56.6203006427218 0
    endloop
  endfacet
  facet normal 0.04906767432741766 0.9987954562051724 0
    outer loop
      vertex -0.6616156972245341 -56.71749690503733 3
      vertex 0 -56.75 0
      vertex -0.6616156972245341 -56.71749690503733 0
    endloop
  endfacet
  facet normal -0.04906767432741766 -0.9987954562051724 0
    outer loop
      vertex 0 -43.25 3
      vertex 0 -43.25 0
      vertex 0.6616156972245341 -43.28250309496267 3
    endloop
  endfacet
  facet normal -0.14673047445536824 -0.98917650996478 0
    outer loop
      vertex 0.6616156972245341 -43.28250309496267 3
      vertex 0.6616156972245341 -43.28250309496267 0
      vertex 1.3168596736088656 -43.3796993572782 3
    endloop
  endfacet
  facet normal -0.24298017990325838 -0.9700312531945453 0
    outer loop
      vertex 1.3168596736088656 -43.3796993572782 3
      vertex 1.3168596736088656 -43.3796993572782 0
      vertex 1.9594215714676206 -43.54065273380759 3
    endloop
  endfacet
  facet normal -0.33688985339222327 -0.9415440651830196 0
    outer loop
      vertex 1.9594215714676206 -43.54065273380759 3
      vertex 1.9594215714676206 -43.54065273380759 0
      vertex 2.5831131684643562 -43.76381315554882 3
    endloop
  endfacet
  facet normal -0.4275550934302757 -0.9039892931234464 0
    outer loop
      vertex 2.5831131684643562 -43.76381315554882 3
      vertex 2.5831131684643562 -43.76381315554882 0
      vertex 3.181927973575484 -44.0470314656486 3
    endloop
  endfacet
  facet normal -0.5141027441932261 -0.8577286100002693 0
    outer loop
      vertex 3.181927973575484 -44.0470314656486 3
      vertex 3.181927973575484 -44.0470314656486 0
      vertex 3.750099072882315 -44.38758011695782 3
    endloop
  endfacet
  facet normal -0.5956993044924306 -0.803207531480647 0
    outer loop
      vertex 4.282154668104607 -44.782179439801524 3
      vertex 3.750099072882315 -44.38758011695782 3
      vertex 3.750099072882315 -44.38758011695782 0
    endloop
  endfacet
  facet normal -0.6715589548470169 -0.7409511253549604 0
    outer loop
      vertex 4.282154668104607 -44.782179439801524 3
      vertex 4.282154668104607 -44.782179439801524 0
      vertex 4.772970773009196 -45.2270292269908 3
    endloop
  endfacet
  facet normal -0.04906767432741766 -0.9987954562051724 0
    outer loop
      vertex 0.6616156972245341 -43.28250309496267 3
      vertex 0 -43.25 0
      vertex 0.6616156972245341 -43.28250309496267 0
    endloop
  endfacet
  facet normal -0.14673047445536824 -0.98917650996478 0
    outer loop
      vertex 1.3168596736088656 -43.3796993572782 3
      vertex 0.6616156972245341 -43.28250309496267 0
      vertex 1.3168596736088656 -43.3796993572782 0
    endloop
  endfacet
  facet normal -0.24298017990325838 -0.9700312531945453 0
    outer loop
      vertex 1.9594215714676206 -43.54065273380759 3
      vertex 1.3168596736088656 -43.3796993572782 0
      vertex 1.9594215714676206 -43.54065273380759 0
    endloop
  endfacet
  facet normal -0.33688985339222327 -0.9415440651830196 0
    outer loop
      vertex 2.5831131684643562 -43.76381315554882 3
      vertex 1.9594215714676206 -43.54065273380759 0
      vertex 2.5831131684643562 -43.76381315554882 0
    endloop
  endfacet
  facet normal -0.4275550934302757 -0.9039892931234464 0
    outer loop
      vertex 3.181927973575484 -44.0470314656486 3
      vertex 2.5831131684643562 -43.76381315554882 0
      vertex 3.181927973575484 -44.0470314656486 0
    endloop
  endfacet
  facet normal -0.5141027441932261 -0.8577286100002693 0
    outer loop
      vertex 3.750099072882315 -44.38758011695782 3
      vertex 3.181927973575484 -44.0470314656486 0
      vertex 3.750099072882315 -44.38758011695782 0
    endloop
  endfacet
  facet normal -0.5956993044924306 -0.803207531480647 0
    outer loop
      vertex 4.282154668104607 -44.782179439801524 3
      vertex 3.750099072882315 -44.38758011695782 0
      vertex 4.282154668104607 -44.782179439801524 0
    endloop
  endfacet
  facet normal -0.7409511253549591 -0.6715589548470183 0
    outer loop
      vertex 4.772970773009196 -45.2270292269908 3
      vertex 4.772970773009196 -45.2270292269908 0
      vertex 5.217820560198475 -45.71784533189539 3
    endloop
  endfacet
  facet normal -0.803207531480647 -0.5956993044924306 0
    outer loop
      vertex 5.612419883042181 -46.249900927117686 3
      vertex 5.217820560198475 -45.71784533189539 3
      vertex 5.217820560198475 -45.71784533189539 0
    endloop
  endfacet
  facet normal -0.8577286100002723 -0.5141027441932211 0
    outer loop
      vertex 5.952968534351396 -46.81807202642452 3
      vertex 5.612419883042181 -46.249900927117686 3
      vertex 5.612419883042181 -46.249900927117686 0
    endloop
  endfacet
  facet normal -0.9039892931234426 -0.42755509343028375 0
    outer loop
      vertex 6.236186844451185 -47.41688683153564 3
      vertex 5.952968534351396 -46.81807202642452 3
      vertex 5.952968534351396 -46.81807202642452 0
    endloop
  endfacet
  facet normal -0.9415440651830209 -0.3368898533922197 0
    outer loop
      vertex 6.45934726619241 -48.04057842853238 3
      vertex 6.236186844451185 -47.41688683153564 3
      vertex 6.236186844451185 -47.41688683153564 0
    endloop
  endfacet
  facet normal -0.9700312531945441 -0.24298017990326343 0
    outer loop
      vertex 6.620300642721805 -48.68314032639113 3
      vertex 6.45934726619241 -48.04057842853238 3
      vertex 6.45934726619241 -48.04057842853238 0
    endloop
  endfacet
  facet normal -0.9891765099647809 -0.14673047445536247 0
    outer loop
      vertex 6.717496905037329 -49.33838430277547 3
      vertex 6.620300642721805 -48.68314032639113 3
      vertex 6.620300642721805 -48.68314032639113 0
    endloop
  endfacet
  facet normal -0.9987954562051724 -0.0490676743274177 0
    outer loop
      vertex 6.75 -50 3
      vertex 6.717496905037329 -49.33838430277547 3
      vertex 6.717496905037329 -49.33838430277547 0
    endloop
  endfacet
  facet normal -0.9987954562051724 0.0490676743274177 0
    outer loop
      vertex 6.717496905037329 -50.66161569722453 3
      vertex 6.75 -50 3
      vertex 6.75 -50 0
    endloop
  endfacet
  facet normal -0.9891765099647809 0.14673047445536247 0
    outer loop
      vertex 6.620300642721805 -51.31685967360887 3
      vertex 6.717496905037329 -50.66161569722453 3
      vertex 6.717496905037329 -50.66161569722453 0
    endloop
  endfacet
  facet normal -0.9700312531945441 0.24298017990326343 0
    outer loop
      vertex 6.45934726619241 -51.95942157146762 3
      vertex 6.620300642721805 -51.31685967360887 3
      vertex 6.620300642721805 -51.31685967360887 0
    endloop
  endfacet
  facet normal -0.9415440651830209 0.3368898533922197 0
    outer loop
      vertex 6.236186844451185 -52.58311316846436 3
      vertex 6.45934726619241 -51.95942157146762 3
      vertex 6.45934726619241 -51.95942157146762 0
    endloop
  endfacet
  facet normal -0.9039892931234426 0.42755509343028375 0
    outer loop
      vertex 5.952968534351396 -53.18192797357548 3
      vertex 6.236186844451185 -52.58311316846436 3
      vertex 6.236186844451185 -52.58311316846436 0
    endloop
  endfacet
  facet normal -0.6715589548470169 -0.7409511253549604 0
    outer loop
      vertex 4.772970773009196 -45.2270292269908 3
      vertex 4.282154668104607 -44.782179439801524 0
      vertex 4.772970773009196 -45.2270292269908 0
    endloop
  endfacet
  facet normal -0.7409511253549591 -0.6715589548470183 0
    outer loop
      vertex 5.217820560198475 -45.71784533189539 3
      vertex 4.772970773009196 -45.2270292269908 0
      vertex 5.217820560198475 -45.71784533189539 0
    endloop
  endfacet
  facet normal -0.803207531480647 -0.5956993044924306 0
    outer loop
      vertex 5.612419883042181 -46.249900927117686 3
      vertex 5.217820560198475 -45.71784533189539 0
      vertex 5.612419883042181 -46.249900927117686 0
    endloop
  endfacet
  facet normal -0.8577286100002723 -0.5141027441932211 0
    outer loop
      vertex 5.952968534351396 -46.81807202642452 3
      vertex 5.612419883042181 -46.249900927117686 0
      vertex 5.952968534351396 -46.81807202642452 0
    endloop
  endfacet
  facet normal -0.9039892931234426 -0.42755509343028375 0
    outer loop
      vertex 6.236186844451185 -47.41688683153564 3
      vertex 5.952968534351396 -46.81807202642452 0
      vertex 6.236186844451185 -47.41688683153564 0
    endloop
  endfacet
  facet normal -0.9415440651830209 -0.3368898533922197 0
    outer loop
      vertex 6.45934726619241 -48.04057842853238 3
      vertex 6.236186844451185 -47.41688683153564 0
      vertex 6.45934726619241 -48.04057842853238 0
    endloop
  endfacet
  facet normal -0.9700312531945441 -0.24298017990326343 0
    outer loop
      vertex 6.620300642721805 -48.68314032639113 3
      vertex 6.45934726619241 -48.04057842853238 0
      vertex 6.620300642721805 -48.68314032639113 0
    endloop
  endfacet
  facet normal -0.9891765099647809 -0.14673047445536247 0
    outer loop
      vertex 6.620300642721805 -48.68314032639113 0
      vertex 6.717496905037329 -49.33838430277547 0
      vertex 6.717496905037329 -49.33838430277547 3
    endloop
  endfacet
  facet normal -0.9987954562051724 -0.0490676743274177 0
    outer loop
      vertex 6.75 -50 3
      vertex 6.717496905037329 -49.33838430277547 0
      vertex 6.75 -50 0
    endloop
  endfacet
  facet normal -0.9987954562051724 0.0490676743274177 0
    outer loop
      vertex 6.717496905037329 -50.66161569722453 3
      vertex 6.75 -50 0
      vertex 6.717496905037329 -50.66161569722453 0
    endloop
  endfacet
  facet normal -0.9891765099647809 0.14673047445536247 0
    outer loop
      vertex 6.717496905037329 -50.66161569722453 0
      vertex 6.620300642721805 -51.31685967360887 0
      vertex 6.620300642721805 -51.31685967360887 3
    endloop
  endfacet
  facet normal -0.9700312531945441 0.24298017990326343 0
    outer loop
      vertex 6.620300642721805 -51.31685967360887 0
      vertex 6.45934726619241 -51.95942157146762 0
      vertex 6.45934726619241 -51.95942157146762 3
    endloop
  endfacet
  facet normal -0.9415440651830209 0.3368898533922197 0
    outer loop
      vertex 6.236186844451185 -52.58311316846436 3
      vertex 6.45934726619241 -51.95942157146762 0
      vertex 6.236186844451185 -52.58311316846436 0
    endloop
  endfacet
  facet normal -0.04906767432741766 0.9987954562051724 0
    outer loop
      vertex 0.6616156972245341 -56.71749690503733 0
      vertex 0 -56.75 3
      vertex 0.6616156972245341 -56.71749690503733 3
    endloop
  endfacet
  facet normal -0.14673047445536824 0.98917650996478 0
    outer loop
      vertex 0.6616156972245341 -56.71749690503733 3
      vertex 1.3168596736088656 -56.6203006427218 3
      vertex 1.3168596736088656 -56.6203006427218 0
    endloop
  endfacet
  facet normal -0.24298017990325838 0.9700312531945453 0
    outer loop
      vertex 1.9594215714676206 -56.45934726619241 3
      vertex 1.9594215714676206 -56.45934726619241 0
      vertex 1.3168596736088656 -56.6203006427218 3
    endloop
  endfacet
  facet normal -0.33688985339222327 0.9415440651830196 0
    outer loop
      vertex 2.5831131684643562 -56.23618684445118 0
      vertex 1.9594215714676206 -56.45934726619241 3
      vertex 2.5831131684643562 -56.23618684445118 3
    endloop
  endfacet
  facet normal -0.4275550934302757 0.9039892931234464 0
    outer loop
      vertex 3.181927973575484 -55.9529685343514 3
      vertex 3.181927973575484 -55.9529685343514 0
      vertex 2.5831131684643562 -56.23618684445118 3
    endloop
  endfacet
  facet normal -0.8577286100002723 0.5141027441932211 0
    outer loop
      vertex 5.612419883042181 -53.750099072882314 3
      vertex 5.952968534351396 -53.18192797357548 3
      vertex 5.952968534351396 -53.18192797357548 0
    endloop
  endfacet
  facet normal -0.7409511253549591 0.6715589548470183 0
    outer loop
      vertex 4.772970773009196 -54.7729707730092 3
      vertex 5.217820560198475 -54.28215466810461 3
      vertex 5.217820560198475 -54.28215466810461 0
    endloop
  endfacet
  facet normal -0.803207531480647 0.5956993044924306 0
    outer loop
      vertex 5.217820560198475 -54.28215466810461 3
      vertex 5.612419883042181 -53.750099072882314 3
      vertex 5.612419883042181 -53.750099072882314 0
    endloop
  endfacet
  facet normal -0.5141027441932261 0.8577286100002693 0
    outer loop
      vertex 3.181927973575484 -55.9529685343514 3
      vertex 3.750099072882315 -55.61241988304218 3
      vertex 3.750099072882315 -55.61241988304218 0
    endloop
  endfacet
  facet normal -0.5956993044924306 0.803207531480647 0
    outer loop
      vertex 4.282154668104607 -55.217820560198476 3
      vertex 4.282154668104607 -55.217820560198476 0
      vertex 3.750099072882315 -55.61241988304218 3
    endloop
  endfacet
  facet normal -0.6715589548470169 0.7409511253549604 0
    outer loop
      vertex 4.282154668104607 -55.217820560198476 3
      vertex 4.772970773009196 -54.7729707730092 3
      vertex 4.772970773009196 -54.7729707730092 0
    endloop
  endfacet
  facet normal -0.04906767432741766 0.9987954562051724 0
    outer loop
      vertex 0 -56.75 3
      vertex 0.6616156972245341 -56.71749690503733 0
      vertex 0 -56.75 0
    endloop
  endfacet
  facet normal -0.14673047445536824 0.98917650996478 0
    outer loop
      vertex 0.6616156972245341 -56.71749690503733 3
      vertex 1.3168596736088656 -56.6203006427218 0
      vertex 0.6616156972245341 -56.71749690503733 0
    endloop
  endfacet
  facet normal -0.24298017990325838 0.9700312531945453 0
    outer loop
      vertex 1.3168596736088656 -56.6203006427218 3
      vertex 1.9594215714676206 -56.45934726619241 0
      vertex 1.3168596736088656 -56.6203006427218 0
    endloop
  endfacet
  facet normal -0.33688985339222327 0.9415440651830196 0
    outer loop
      vertex 1.9594215714676206 -56.45934726619241 3
      vertex 2.5831131684643562 -56.23618684445118 0
      vertex 1.9594215714676206 -56.45934726619241 0
    endloop
  endfacet
  facet normal -0.4275550934302757 0.9039892931234464 0
    outer loop
      vertex 2.5831131684643562 -56.23618684445118 3
      vertex 3.181927973575484 -55.9529685343514 0
      vertex 2.5831131684643562 -56.23618684445118 0
    endloop
  endfacet
  facet normal -0.8577286100002723 0.5141027441932211 0
    outer loop
      vertex 5.952968534351396 -53.18192797357548 0
      vertex 5.612419883042181 -53.750099072882314 0
      vertex 5.612419883042181 -53.750099072882314 3
    endloop
  endfacet
  facet normal -0.7409511253549591 0.6715589548470183 0
    outer loop
      vertex 4.772970773009196 -54.7729707730092 3
      vertex 5.217820560198475 -54.28215466810461 0
      vertex 4.772970773009196 -54.7729707730092 0
    endloop
  endfacet
  facet normal -0.803207531480647 0.5956993044924306 0
    outer loop
      vertex 5.217820560198475 -54.28215466810461 3
      vertex 5.612419883042181 -53.750099072882314 0
      vertex 5.217820560198475 -54.28215466810461 0
    endloop
  endfacet
  facet normal -0.6715589548470169 0.7409511253549604 0
    outer loop
      vertex 4.282154668104607 -55.217820560198476 3
      vertex 4.772970773009196 -54.7729707730092 0
      vertex 4.282154668104607 -55.217820560198476 0
    endloop
  endfacet
  facet normal -0.5956993044924306 0.803207531480647 0
    outer loop
      vertex 3.750099072882315 -55.61241988304218 3
      vertex 4.282154668104607 -55.217820560198476 0
      vertex 3.750099072882315 -55.61241988304218 0
    endloop
  endfacet
  facet normal -0.5141027441932261 0.8577286100002693 0
    outer loop
      vertex 3.181927973575484 -55.9529685343514 3
      vertex 3.750099072882315 -55.61241988304218 0
      vertex 3.181927973575484 -55.9529685343514 0
    endloop
  endfacet
  facet normal -0.9039892931234426 0.42755509343028375 0
    outer loop
      vertex 6.236186844451185 -52.58311316846436 0
      vertex 5.952968534351396 -53.18192797357548 0
      vertex 5.952968534351396 -53.18192797357548 3
    endloop
  endfacet
endsolid OpenSCAD_Model
