solid OpenSCAD_Model
  facet normal 0 0 1
    outer loop
      vertex 50 -52.3 20.299999999999997
      vertex 93.29999999701977 -52.3 20.299999999999997
      vertex 50 -50.3 20.299999999999997
    endloop
  endfacet
  facet normal -1 0 0
    outer loop
      vertex 50 -52.3 20.299999999999997
      vertex 50 -50.3 20.299999999999997
      vertex 50 -50.3 2.9802293965985882e-9
    endloop
  endfacet
  facet normal 0 0 1
    outer loop
      vertex 50 -50.3 20.299999999999997
      vertex 93.29999999701977 -52.3 20.299999999999997
      vertex 93.29999999701977 -50.3 20.299999999999997
    endloop
  endfacet
  facet normal 1 0 0
    outer loop
      vertex 93.29999999701977 -52.3 20.299999999999997
      vertex 93.29999999701977 -52.3 7.299999999999997
      vertex 93.29999999701977 -50.3 20.299999999999997
    endloop
  endfacet
  facet normal 0 -1 0
    outer loop
      vertex 50 -52.3 20.299999999999997
      vertex 86.60294134169817 -52.3 0.02684681415557577
      vertex 93.29999999701977 -52.3 20.299999999999997
    endloop
  endfacet
  facet normal 0 1 0
    outer loop
      vertex 50 -50.3 20.299999999999997
      vertex 93.29999999701977 -50.3 20.299999999999997
      vertex 86.60294134169817 -50.3 0.02684681415557577
    endloop
  endfacet
  facet normal 1 0 0
    outer loop
      vertex 93.29999999701977 -50.3 20.299999999999997
      vertex 93.29999999701977 -52.3 7.299999999999997
      vertex 93.29999999701977 -50.3 7.299999999999997
    endloop
  endfacet
  facet normal -1 0 0
    outer loop
      vertex 50 -52.3 20.299999999999997
      vertex 50 -50.3 2.9802293965985882e-9
      vertex 50 -52.3 2.9802293965985882e-9
    endloop
  endfacet
  facet normal 0 -1 0
    outer loop
      vertex 50 -52.3 20.299999999999997
      vertex 50 -52.3 2.9802293965985882e-9
      vertex 86.11285564303398 -52.3 0.0027704492211313436
    endloop
  endfacet
  facet normal 0 1 0
    outer loop
      vertex 50 -50.3 20.299999999999997
      vertex 86.11285564303398 -50.3 0.0027704492211313436
      vertex 50 -50.3 2.9802293965985882e-9
    endloop
  endfacet
  facet normal 0 0 -1
    outer loop
      vertex 50 -52.3 2.9802293965985882e-9
      vertex 50 -50.3 2.9802293965985882e-9
      vertex 86 -50.3 2.9802293965985882e-9
    endloop
  endfacet
  facet normal 0 -1 0
    outer loop
      vertex 50 -52.3 20.299999999999997
      vertex 86.11285564303398 -52.3 0.0027704492211313436
      vertex 86.60294134169817 -52.3 0.02684681415557577
    endloop
  endfacet
  facet normal 0 1 0
    outer loop
      vertex 50 -50.3 20.299999999999997
      vertex 86.60294134169817 -50.3 0.02684681415557577
      vertex 86.11285564303398 -50.3 0.0027704492211313436
    endloop
  endfacet
  facet normal 0 -1 0
    outer loop
      vertex 93.29999999701977 -52.3 20.299999999999997
      vertex 86.8275657966733 -52.3 0.04897038936614706
      vertex 93.29999999701977 -52.3 7.299999999999997
    endloop
  endfacet
  facet normal 0 1 0
    outer loop
      vertex 93.29999999701977 -50.3 20.299999999999997
      vertex 93.29999999701977 -50.3 7.299999999999997
      vertex 86.8275657966733 -50.3 0.04897038936614706
    endloop
  endfacet
  facet normal 0 -1 0
    outer loop
      vertex 93.29999999701977 -52.3 20.299999999999997
      vertex 86.60294134169817 -52.3 0.02684681415557577
      vertex 86.8275657966733 -52.3 0.04897038936614706
    endloop
  endfacet
  facet normal 0 1 0
    outer loop
      vertex 93.29999999701977 -50.3 20.299999999999997
      vertex 86.8275657966733 -50.3 0.04897038936614706
      vertex 86.60294134169817 -50.3 0.02684681415557577
    endloop
  endfacet
  facet normal 0.9996988196291398 0 -0.02454119051930546
    outer loop
      vertex 93.29999999701977 -52.3 7.299999999999997
      vertex 93.29722955077887 -52.3 7.187144356966016
      vertex 93.29999999701977 -50.3 7.299999999999997
    endloop
  endfacet
  facet normal 0.9996988196291398 0 -0.02454119051930546
    outer loop
      vertex 93.29999999701977 -50.3 7.299999999999997
      vertex 93.29722955077887 -52.3 7.187144356966016
      vertex 93.29722955077887 -50.3 7.187144356966016
    endloop
  endfacet
  facet normal 0.9987954564339008 0 -0.04906766967154417
    outer loop
      vertex 93.29722955077887 -52.3 7.187144356966016
      vertex 93.27315318584442 -52.3 6.697058643400666
      vertex 93.29722955077887 -50.3 7.187144356966016
    endloop
  endfacet
  facet normal 0.9987954564339008 0 -0.04906766967154417
    outer loop
      vertex 93.29722955077887 -50.3 7.187144356966016
      vertex 93.27315318584442 -52.3 6.697058643400666
      vertex 93.27315318584442 -50.3 6.697058643400666
    endloop
  endfacet
  facet normal 0.9951847271564975 0 -0.09801713541237368
    outer loop
      vertex 93.27315318584442 -52.3 6.697058643400666
      vertex 93.25102961063385 -52.3 6.472434203326699
      vertex 93.27315318584442 -50.3 6.697058643400666
    endloop
  endfacet
  facet normal 0.9951847271564975 0 -0.09801713541237368
    outer loop
      vertex 93.27315318584442 -50.3 6.697058643400666
      vertex 93.25102961063385 -52.3 6.472434203326699
      vertex 93.25102961063385 -50.3 6.472434203326699
    endloop
  endfacet
  facet normal 0.9891765097240051 0 -0.14673047607854156
    outer loop
      vertex 93.25102961063385 -52.3 6.472434203326699
      vertex 93.1790323778987 -52.3 5.98706829100847
      vertex 93.25102961063385 -50.3 6.472434203326699
    endloop
  endfacet
  facet normal 0.9891765097240051 0 -0.14673047607854156
    outer loop
      vertex 93.25102961063385 -50.3 6.472434203326699
      vertex 93.1790323778987 -52.3 5.98706829100847
      vertex 93.1790323778987 -50.3 5.98706829100847
    endloop
  endfacet
  facet normal 0.980785273253678 0 -0.1950903579593522
    outer loop
      vertex 93.1790323778987 -52.3 5.98706829100847
      vertex 93.13499827682972 -52.3 5.765693958103654
      vertex 93.1790323778987 -50.3 5.98706829100847
    endloop
  endfacet
  facet normal 0.980785273253678 0 -0.1950903579593522
    outer loop
      vertex 93.13499827682972 -52.3 5.765693958103654
      vertex 93.13499827682972 -50.3 5.765693958103654
      vertex 93.1790323778987 -50.3 5.98706829100847
    endloop
  endfacet
  facet normal 0.9700312510179107 0 -0.24298018859287096
    outer loop
      vertex 93.13499827682972 -52.3 5.765693958103654
      vertex 93.01577354967594 -52.3 5.289722184836862
      vertex 93.13499827682972 -50.3 5.765693958103654
    endloop
  endfacet
  facet normal 0.9700312510179107 0 -0.24298018859287096
    outer loop
      vertex 93.13499827682972 -50.3 5.765693958103654
      vertex 93.01577354967594 -52.3 5.289722184836862
      vertex 93.01577354967594 -50.3 5.289722184836862
    endloop
  endfacet
  facet normal 0.9569403431372855 0 -0.29028465284319516
    outer loop
      vertex 93.01577354967594 -52.3 5.289722184836862
      vertex 92.95025303214788 -52.3 5.073729965090749
      vertex 93.01577354967594 -50.3 5.289722184836862
    endloop
  endfacet
  facet normal 0.9569403431372855 0 -0.29028465284319516
    outer loop
      vertex 93.01577354967594 -50.3 5.289722184836862
      vertex 92.95025303214788 -52.3 5.073729965090749
      vertex 92.95025303214788 -50.3 5.073729965090749
    endloop
  endfacet
  facet normal 0 0 -1
    outer loop
      vertex 50 -52.3 2.9802293965985882e-9
      vertex 86 -50.3 2.9802293965985882e-9
      vertex 86 -52.3 2.9802293965985882e-9
    endloop
  endfacet
  facet normal 0 -1 0
    outer loop
      vertex 50 -52.3 2.9802293965985882e-9
      vertex 86 -52.3 2.9802293965985882e-9
      vertex 86.11285564303398 -52.3 0.0027704492211313436
    endloop
  endfacet
  facet normal 0 1 0
    outer loop
      vertex 50 -50.3 2.9802293965985882e-9
      vertex 86.11285564303398 -50.3 0.0027704492211313436
      vertex 86 -50.3 2.9802293965985882e-9
    endloop
  endfacet
  facet normal 0 -1 0
    outer loop
      vertex 93.29999999701977 -52.3 7.299999999999997
      vertex 87.31293170899153 -52.3 0.12096762210130407
      vertex 93.29722955077887 -52.3 7.187144356966016
    endloop
  endfacet
  facet normal 0 1 0
    outer loop
      vertex 93.29999999701977 -50.3 7.299999999999997
      vertex 93.29722955077887 -50.3 7.187144356966016
      vertex 87.31293170899153 -50.3 0.12096762210130407
    endloop
  endfacet
  facet normal 0 -1 0
    outer loop
      vertex 93.29722955077887 -52.3 7.187144356966016
      vertex 87.53430602699518 -52.3 0.16500171571969702
      vertex 93.27315318584442 -52.3 6.697058643400666
    endloop
  endfacet
  facet normal 0 -1 0
    outer loop
      vertex 93.27315318584442 -52.3 6.697058643400666
      vertex 88.01027781516314 -52.3 0.2842264503240557
      vertex 93.25102961063385 -52.3 6.472434203326699
    endloop
  endfacet
  facet normal 0 1 0
    outer loop
      vertex 93.29722955077887 -50.3 7.187144356966016
      vertex 93.27315318584442 -50.3 6.697058643400666
      vertex 87.53430602699518 -50.3 0.16500171571969702
    endloop
  endfacet
  facet normal 0 1 0
    outer loop
      vertex 93.27315318584442 -50.3 6.697058643400666
      vertex 93.25102961063385 -50.3 6.472434203326699
      vertex 88.01027781516314 -50.3 0.2842264503240557
    endloop
  endfacet
  facet normal 0.9415440676146769 0 -0.33688984659619614
    outer loop
      vertex 92.95025303214788 -52.3 5.073729965090749
      vertex 92.78494901955128 -52.3 4.611736188828942
      vertex 92.95025303214788 -50.3 5.073729965090749
    endloop
  endfacet
  facet normal 0.9415440676146769 0 -0.33688984659619614
    outer loop
      vertex 92.95025303214788 -50.3 5.073729965090749
      vertex 92.78494901955128 -52.3 4.611736188828942
      vertex 92.78494901955128 -50.3 4.611736188828942
    endloop
  endfacet
  facet normal 0.9238795291238309 0 -0.38268344054313175
    outer loop
      vertex 92.78494901955128 -52.3 4.611736188828942
      vertex 92.69857303798199 -52.3 4.403206127882001
      vertex 92.78494901955128 -50.3 4.611736188828942
    endloop
  endfacet
  facet normal 0.9238795291238309 0 -0.38268344054313175
    outer loop
      vertex 92.78494901955128 -50.3 4.611736188828942
      vertex 92.69857303798199 -52.3 4.403206127882001
      vertex 92.69857303798199 -50.3 4.403206127882001
    endloop
  endfacet
  facet normal 0 -1 0
    outer loop
      vertex 93.25102961063385 -52.3 6.472434203326699
      vertex 88.22627003490925 -52.3 0.3497469678521128
      vertex 93.1790323778987 -52.3 5.98706829100847
    endloop
  endfacet
  facet normal 0 1 0
    outer loop
      vertex 93.25102961063385 -50.3 6.472434203326699
      vertex 93.1790323778987 -50.3 5.98706829100847
      vertex 88.22627003490925 -50.3 0.3497469678521128
    endloop
  endfacet
  facet normal 0 -1 0
    outer loop
      vertex 93.1790323778987 -52.3 5.98706829100847
      vertex 88.68826381117105 -52.3 0.51505098044872
      vertex 93.13499827682972 -52.3 5.765693958103654
    endloop
  endfacet
  facet normal 0 -1 0
    outer loop
      vertex 93.13499827682972 -52.3 5.765693958103654
      vertex 88.89679385721684 -52.3 0.6014269545674296
      vertex 93.01577354967594 -52.3 5.289722184836862
    endloop
  endfacet
  facet normal 0 1 0
    outer loop
      vertex 93.1790323778987 -50.3 5.98706829100847
      vertex 93.13499827682972 -50.3 5.765693958103654
      vertex 88.68826381117105 -50.3 0.51505098044872
    endloop
  endfacet
  facet normal 0 1 0
    outer loop
      vertex 93.13499827682972 -50.3 5.765693958103654
      vertex 93.01577354967594 -50.3 5.289722184836862
      vertex 88.89679385721684 -50.3 0.6014269545674296
    endloop
  endfacet
  facet normal 0.903989293942426 0 -0.42755509169868866
    outer loop
      vertex 92.69857303798199 -52.3 4.403206127882001
      vertex 92.48878169059753 -52.3 3.9596395894885035
      vertex 92.69857303798199 -50.3 4.403206127882001
    endloop
  endfacet
  facet normal 0.903989293942426 0 -0.42755509169868866
    outer loop
      vertex 92.69857303798199 -50.3 4.403206127882001
      vertex 92.48878169059753 -52.3 3.9596395894885035
      vertex 92.48878169059753 -50.3 3.9596395894885035
    endloop
  endfacet
  facet normal 0.8819212616632702 0 -0.471396741849438
    outer loop
      vertex 92.48878169059753 -52.3 3.9596395894885035
      vertex 92.38238211721182 -52.3 3.7605799913406344
      vertex 92.48878169059753 -50.3 3.9596395894885035
    endloop
  endfacet
  facet normal 0.8819212616632702 0 -0.471396741849438
    outer loop
      vertex 92.48878169059753 -50.3 3.9596395894885035
      vertex 92.38238211721182 -52.3 3.7605799913406344
      vertex 92.38238211721182 -50.3 3.7605799913406344
    endloop
  endfacet
  facet normal 0 -1 0
    outer loop
      vertex 93.01577354967594 -52.3 5.289722184836862
      vertex 89.34036039561033 -52.3 0.8112183019518824
      vertex 92.95025303214788 -52.3 5.073729965090749
    endloop
  endfacet
  facet normal 0 -1 0
    outer loop
      vertex 92.95025303214788 -52.3 5.073729965090749
      vertex 89.5394199937582 -52.3 0.9176178678870173
      vertex 92.78494901955128 -52.3 4.611736188828942
    endloop
  endfacet
  facet normal 0 1 0
    outer loop
      vertex 93.01577354967594 -50.3 5.289722184836862
      vertex 92.95025303214788 -50.3 5.073729965090749
      vertex 89.34036039561033 -50.3 0.8112183019518824
    endloop
  endfacet
  facet normal 0 1 0
    outer loop
      vertex 92.95025303214788 -50.3 5.073729965090749
      vertex 92.78494901955128 -50.3 4.611736188828942
      vertex 89.5394199937582 -50.3 0.9176178678870173
    endloop
  endfacet
  facet normal 0 -1 0
    outer loop
      vertex 92.78494901955128 -52.3 4.611736188828942
      vertex 89.96028748899698 -52.3 1.1698761463165255
      vertex 92.69857303798199 -52.3 4.403206127882001
    endloop
  endfacet
  facet normal 0 -1 0
    outer loop
      vertex 92.69857303798199 -52.3 4.403206127882001
      vertex 90.14795956015587 -52.3 1.2952746108174296
      vertex 92.48878169059753 -52.3 3.9596395894885035
    endloop
  endfacet
  facet normal 0 1 0
    outer loop
      vertex 92.78494901955128 -50.3 4.611736188828942
      vertex 92.69857303798199 -50.3 4.403206127882001
      vertex 89.96028748899698 -50.3 1.1698761463165255
    endloop
  endfacet
  facet normal 0 1 0
    outer loop
      vertex 92.69857303798199 -50.3 4.403206127882001
      vertex 92.48878169059753 -50.3 3.9596395894885035
      vertex 90.14795956015587 -50.3 1.2952746108174296
    endloop
  endfacet
  facet normal 0.8577286066956991 0 -0.5141027497065687
    outer loop
      vertex 92.38238211721182 -52.3 3.7605799913406344
      vertex 92.13012385368347 -52.3 3.3397125110030146
      vertex 92.38238211721182 -50.3 3.7605799913406344
    endloop
  endfacet
  facet normal 0.8577286066956991 0 -0.5141027497065687
    outer loop
      vertex 92.38238211721182 -50.3 3.7605799913406344
      vertex 92.13012385368347 -52.3 3.3397125110030146
      vertex 92.13012385368347 -50.3 3.3397125110030146
    endloop
  endfacet
  facet normal 0.8314696212697746 0 -0.5555702195991948
    outer loop
      vertex 92.13012385368347 -52.3 3.3397125110030146
      vertex 92.00472538918257 -52.3 3.1520404398441286
      vertex 92.13012385368347 -50.3 3.3397125110030146
    endloop
  endfacet
  facet normal 0.8314696212697746 0 -0.5555702195991948
    outer loop
      vertex 92.13012385368347 -50.3 3.3397125110030146
      vertex 92.00472538918257 -52.3 3.1520404398441286
      vertex 92.00472538918257 -50.3 3.1520404398441286
    endloop
  endfacet
  facet normal 0 -1 0
    outer loop
      vertex 92.48878169059753 -52.3 3.9596395894885035
      vertex 90.54207481443882 -52.3 1.5875704020261736
      vertex 92.38238211721182 -52.3 3.7605799913406344
    endloop
  endfacet
  facet normal 0.8032075338446834 0 -0.5956993013048966
    outer loop
      vertex 91.71242959797382 -52.3 2.7579251855611773
      vertex 92.00472538918257 -50.3 3.1520404398441286
      vertex 92.00472538918257 -52.3 3.1520404398441286
    endloop
  endfacet
  facet normal 0 -1 0
    outer loop
      vertex 92.38238211721182 -52.3 3.7605799913406344
      vertex 90.71655201166868 -52.3 1.7307601377367945
      vertex 92.13012385368347 -52.3 3.3397125110030146
    endloop
  endfacet
  facet normal 0.8032075338446834 0 -0.5956993013048966
    outer loop
      vertex 91.71242959797382 -52.3 2.7579251855611773
      vertex 91.71242959797382 -50.3 2.7579251855611773
      vertex 92.00472538918257 -50.3 3.1520404398441286
    endloop
  endfacet
  facet normal 0 1 0
    outer loop
      vertex 92.48878169059753 -50.3 3.9596395894885035
      vertex 92.38238211721182 -50.3 3.7605799913406344
      vertex 90.54207481443882 -50.3 1.5875704020261736
    endloop
  endfacet
  facet normal 0 1 0
    outer loop
      vertex 92.38238211721182 -50.3 3.7605799913406344
      vertex 92.13012385368347 -50.3 3.3397125110030146
      vertex 90.71655201166868 -50.3 1.7307601377367945
    endloop
  endfacet
  facet normal 0 -1 0
    outer loop
      vertex 92.13012385368347 -52.3 3.3397125110030146
      vertex 91.08011950552464 -52.3 2.060278508067128
      vertex 92.00472538918257 -52.3 3.1520404398441286
    endloop
  endfacet
  facet normal 0 -1 0
    outer loop
      vertex 91.71242959797382 -52.3 2.7579251855611773
      vertex 92.00472538918257 -52.3 3.1520404398441286
      vertex 91.23972149193287 -52.3 2.219880494475362
    endloop
  endfacet
  facet normal 0.7730104494587141 0 -0.634393288920711
    outer loop
      vertex 91.71242959797382 -52.3 2.7579251855611773
      vertex 91.56923985481262 -52.3 2.5834479808807345
      vertex 91.71242959797382 -50.3 2.7579251855611773
    endloop
  endfacet
  facet normal 0.7730104494587141 0 -0.634393288920711
    outer loop
      vertex 91.56923985481262 -52.3 2.5834479808807345
      vertex 91.56923985481262 -50.3 2.5834479808807345
      vertex 91.71242959797382 -50.3 2.7579251855611773
    endloop
  endfacet
  facet normal 0 1 0
    outer loop
      vertex 92.13012385368347 -50.3 3.3397125110030146
      vertex 92.00472538918257 -50.3 3.1520404398441286
      vertex 91.08011950552464 -50.3 2.060278508067128
    endloop
  endfacet
  facet normal 0 1 0
    outer loop
      vertex 91.71242959797382 -50.3 2.7579251855611773
      vertex 91.23972149193287 -50.3 2.219880494475362
      vertex 92.00472538918257 -50.3 3.1520404398441286
    endloop
  endfacet
  facet normal 0.02454119051930546 0 -0.9996988196291398
    outer loop
      vertex 86 -52.3 2.9802293965985882e-9
      vertex 86.11285564303398 -50.3 0.0027704492211313436
      vertex 86.11285564303398 -52.3 0.0027704492211313436
    endloop
  endfacet
  facet normal 0.049067671159865246 0 -0.9987954563607844
    outer loop
      vertex 86.11285564303398 -52.3 0.0027704492211313436
      vertex 86.60294134169817 -50.3 0.02684681415557577
      vertex 86.60294134169817 -52.3 0.02684681415557577
    endloop
  endfacet
  facet normal 0.02454119051930546 0 -0.9996988196291398
    outer loop
      vertex 86 -52.3 2.9802293965985882e-9
      vertex 86 -50.3 2.9802293965985882e-9
      vertex 86.11285564303398 -50.3 0.0027704492211313436
    endloop
  endfacet
  facet normal 0.049067671159865246 0 -0.9987954563607844
    outer loop
      vertex 86.11285564303398 -52.3 0.0027704492211313436
      vertex 86.11285564303398 -50.3 0.0027704492211313436
      vertex 86.60294134169817 -50.3 0.02684681415557577
    endloop
  endfacet
  facet normal 0.09801712897257209 0 -0.9951847277907626
    outer loop
      vertex 86.60294134169817 -52.3 0.02684681415557577
      vertex 86.8275657966733 -50.3 0.04897038936614706
      vertex 86.8275657966733 -52.3 0.04897038936614706
    endloop
  endfacet
  facet normal 0.14673047607854156 0 -0.9891765097240051
    outer loop
      vertex 86.8275657966733 -52.3 0.04897038936614706
      vertex 87.31293170899153 -50.3 0.12096762210130407
      vertex 87.31293170899153 -52.3 0.12096762210130407
    endloop
  endfacet
  facet normal 0.09801712897257209 0 -0.9951847277907626
    outer loop
      vertex 86.60294134169817 -52.3 0.02684681415557577
      vertex 86.60294134169817 -50.3 0.02684681415557577
      vertex 86.8275657966733 -50.3 0.04897038936614706
    endloop
  endfacet
  facet normal 0.14673047607854156 0 -0.9891765097240051
    outer loop
      vertex 86.8275657966733 -52.3 0.04897038936614706
      vertex 86.8275657966733 -50.3 0.04897038936614706
      vertex 87.31293170899153 -50.3 0.12096762210130407
    endloop
  endfacet
  facet normal 0.24298019572286733 0 -0.9700312492319395
    outer loop
      vertex 87.53430602699518 -52.3 0.16500171571969702
      vertex 88.01027781516314 -50.3 0.2842264503240557
      vertex 88.01027781516314 -52.3 0.2842264503240557
    endloop
  endfacet
  facet normal 0.24298019572286733 0 -0.9700312492319395
    outer loop
      vertex 87.53430602699518 -52.3 0.16500171571969702
      vertex 87.53430602699518 -50.3 0.16500171571969702
      vertex 88.01027781516314 -50.3 0.2842264503240557
    endloop
  endfacet
  facet normal 0.19509033883848656 0 -0.9807852770570551
    outer loop
      vertex 87.53430602699518 -52.3 0.16500171571969702
      vertex 87.31293170899153 -52.3 0.12096762210130407
      vertex 87.53430602699518 -50.3 0.16500171571969702
    endloop
  endfacet
  facet normal 0.19509033883848656 0 -0.9807852770570551
    outer loop
      vertex 87.31293170899153 -52.3 0.12096762210130407
      vertex 87.31293170899153 -50.3 0.12096762210130407
      vertex 87.53430602699518 -50.3 0.16500171571969702
    endloop
  endfacet
  facet normal 0 -1 0
    outer loop
      vertex 93.29999999701977 -52.3 7.299999999999997
      vertex 86.8275657966733 -52.3 0.04897038936614706
      vertex 87.31293170899153 -52.3 0.12096762210130407
    endloop
  endfacet
  facet normal 0 1 0
    outer loop
      vertex 93.29999999701977 -50.3 7.299999999999997
      vertex 87.31293170899153 -50.3 0.12096762210130407
      vertex 86.8275657966733 -50.3 0.04897038936614706
    endloop
  endfacet
  facet normal 0 -1 0
    outer loop
      vertex 93.29722955077887 -52.3 7.187144356966016
      vertex 87.31293170899153 -52.3 0.12096762210130407
      vertex 87.53430602699518 -52.3 0.16500171571969702
    endloop
  endfacet
  facet normal 0 -1 0
    outer loop
      vertex 93.27315318584442 -52.3 6.697058643400666
      vertex 87.53430602699518 -52.3 0.16500171571969702
      vertex 88.01027781516314 -52.3 0.2842264503240557
    endloop
  endfacet
  facet normal 0 -1 0
    outer loop
      vertex 93.25102961063385 -52.3 6.472434203326699
      vertex 88.01027781516314 -52.3 0.2842264503240557
      vertex 88.22627003490925 -52.3 0.3497469678521128
    endloop
  endfacet
  facet normal 0 -1 0
    outer loop
      vertex 93.1790323778987 -52.3 5.98706829100847
      vertex 88.22627003490925 -52.3 0.3497469678521128
      vertex 88.68826381117105 -52.3 0.51505098044872
    endloop
  endfacet
  facet normal 0 -1 0
    outer loop
      vertex 93.13499827682972 -52.3 5.765693958103654
      vertex 88.68826381117105 -52.3 0.51505098044872
      vertex 88.89679385721684 -52.3 0.6014269545674296
    endloop
  endfacet
  facet normal 0 -1 0
    outer loop
      vertex 93.01577354967594 -52.3 5.289722184836862
      vertex 88.89679385721684 -52.3 0.6014269545674296
      vertex 89.34036039561033 -52.3 0.8112183019518824
    endloop
  endfacet
  facet normal 0 1 0
    outer loop
      vertex 93.29722955077887 -50.3 7.187144356966016
      vertex 87.53430602699518 -50.3 0.16500171571969702
      vertex 87.31293170899153 -50.3 0.12096762210130407
    endloop
  endfacet
  facet normal 0 1 0
    outer loop
      vertex 93.27315318584442 -50.3 6.697058643400666
      vertex 88.01027781516314 -50.3 0.2842264503240557
      vertex 87.53430602699518 -50.3 0.16500171571969702
    endloop
  endfacet
  facet normal 0 1 0
    outer loop
      vertex 93.25102961063385 -50.3 6.472434203326699
      vertex 88.22627003490925 -50.3 0.3497469678521128
      vertex 88.01027781516314 -50.3 0.2842264503240557
    endloop
  endfacet
  facet normal 0 1 0
    outer loop
      vertex 93.1790323778987 -50.3 5.98706829100847
      vertex 88.68826381117105 -50.3 0.51505098044872
      vertex 88.22627003490925 -50.3 0.3497469678521128
    endloop
  endfacet
  facet normal 0 1 0
    outer loop
      vertex 93.13499827682972 -50.3 5.765693958103654
      vertex 88.89679385721684 -50.3 0.6014269545674296
      vertex 88.68826381117105 -50.3 0.51505098044872
    endloop
  endfacet
  facet normal 0 1 0
    outer loop
      vertex 93.01577354967594 -50.3 5.289722184836862
      vertex 89.34036039561033 -50.3 0.8112183019518824
      vertex 88.89679385721684 -50.3 0.6014269545674296
    endloop
  endfacet
  facet normal 0.5956993013048966 0 -0.8032075338446834
    outer loop
      vertex 90.54207481443882 -52.3 1.5875704020261736
      vertex 90.14795956015587 -52.3 1.2952746108174296
      vertex 90.54207481443882 -50.3 1.5875704020261736
    endloop
  endfacet
  facet normal 0.5956993013048966 0 -0.8032075338446834
    outer loop
      vertex 90.54207481443882 -50.3 1.5875704020261736
      vertex 90.14795956015587 -52.3 1.2952746108174296
      vertex 90.14795956015587 -50.3 1.2952746108174296
    endloop
  endfacet
  facet normal 0 -1 0
    outer loop
      vertex 92.95025303214788 -52.3 5.073729965090749
      vertex 89.34036039561033 -52.3 0.8112183019518824
      vertex 89.5394199937582 -52.3 0.9176178678870173
    endloop
  endfacet
  facet normal 0 -1 0
    outer loop
      vertex 92.78494901955128 -52.3 4.611736188828942
      vertex 89.5394199937582 -52.3 0.9176178678870173
      vertex 89.96028748899698 -52.3 1.1698761463165255
    endloop
  endfacet
  facet normal 0 -1 0
    outer loop
      vertex 92.38238211721182 -52.3 3.7605799913406344
      vertex 90.54207481443882 -52.3 1.5875704020261736
      vertex 90.71655201166868 -52.3 1.7307601377367945
    endloop
  endfacet
  facet normal 0 -1 0
    outer loop
      vertex 92.69857303798199 -52.3 4.403206127882001
      vertex 89.96028748899698 -52.3 1.1698761463165255
      vertex 90.14795956015587 -52.3 1.2952746108174296
    endloop
  endfacet
  facet normal 0 -1 0
    outer loop
      vertex 92.48878169059753 -52.3 3.9596395894885035
      vertex 90.14795956015587 -52.3 1.2952746108174296
      vertex 90.54207481443882 -52.3 1.5875704020261736
    endloop
  endfacet
  facet normal 0 -1 0
    outer loop
      vertex 91.71242959797382 -52.3 2.7579251855611773
      vertex 91.23972149193287 -52.3 2.219880494475362
      vertex 91.56923985481262 -52.3 2.5834479808807345
    endloop
  endfacet
  facet normal 0 -1 0
    outer loop
      vertex 92.00472538918257 -52.3 3.1520404398441286
      vertex 91.08011950552464 -52.3 2.060278508067128
      vertex 91.23972149193287 -52.3 2.219880494475362
    endloop
  endfacet
  facet normal 0.740951124514441 0 -0.6715589557743871
    outer loop
      vertex 91.56923985481262 -52.3 2.5834479808807345
      vertex 91.23972149193287 -52.3 2.219880494475362
      vertex 91.56923985481262 -50.3 2.5834479808807345
    endloop
  endfacet
  facet normal 0 -1 0
    outer loop
      vertex 92.13012385368347 -52.3 3.3397125110030146
      vertex 90.71655201166868 -52.3 1.7307601377367945
      vertex 91.08011950552464 -52.3 2.060278508067128
    endloop
  endfacet
  facet normal 0.740951124514441 0 -0.6715589557743871
    outer loop
      vertex 91.56923985481262 -50.3 2.5834479808807345
      vertex 91.23972149193287 -52.3 2.219880494475362
      vertex 91.23972149193287 -50.3 2.219880494475362
    endloop
  endfacet
  facet normal 0 1 0
    outer loop
      vertex 92.95025303214788 -50.3 5.073729965090749
      vertex 89.5394199937582 -50.3 0.9176178678870173
      vertex 89.34036039561033 -50.3 0.8112183019518824
    endloop
  endfacet
  facet normal 0 1 0
    outer loop
      vertex 92.78494901955128 -50.3 4.611736188828942
      vertex 89.96028748899698 -50.3 1.1698761463165255
      vertex 89.5394199937582 -50.3 0.9176178678870173
    endloop
  endfacet
  facet normal 0 1 0
    outer loop
      vertex 92.38238211721182 -50.3 3.7605799913406344
      vertex 90.71655201166868 -50.3 1.7307601377367945
      vertex 90.54207481443882 -50.3 1.5875704020261736
    endloop
  endfacet
  facet normal 0 1 0
    outer loop
      vertex 92.69857303798199 -50.3 4.403206127882001
      vertex 90.14795956015587 -50.3 1.2952746108174296
      vertex 89.96028748899698 -50.3 1.1698761463165255
    endloop
  endfacet
  facet normal 0 1 0
    outer loop
      vertex 92.48878169059753 -50.3 3.9596395894885035
      vertex 90.54207481443882 -50.3 1.5875704020261736
      vertex 90.14795956015587 -50.3 1.2952746108174296
    endloop
  endfacet
  facet normal 0 1 0
    outer loop
      vertex 91.71242959797382 -50.3 2.7579251855611773
      vertex 91.56923985481262 -50.3 2.5834479808807345
      vertex 91.23972149193287 -50.3 2.219880494475362
    endloop
  endfacet
  facet normal 0 1 0
    outer loop
      vertex 92.00472538918257 -50.3 3.1520404398441286
      vertex 91.23972149193287 -50.3 2.219880494475362
      vertex 91.08011950552464 -50.3 2.060278508067128
    endloop
  endfacet
  facet normal 0 1 0
    outer loop
      vertex 92.13012385368347 -50.3 3.3397125110030146
      vertex 91.08011950552464 -50.3 2.060278508067128
      vertex 90.71655201166868 -50.3 1.7307601377367945
    endloop
  endfacet
  facet normal 0.7071067811865475 0 -0.7071067811865475
    outer loop
      vertex 91.23972149193287 -52.3 2.219880494475362
      vertex 91.08011950552464 -52.3 2.060278508067128
      vertex 91.23972149193287 -50.3 2.219880494475362
    endloop
  endfacet
  facet normal 0.7071067811865475 0 -0.7071067811865475
    outer loop
      vertex 91.08011950552464 -52.3 2.060278508067128
      vertex 91.08011950552464 -50.3 2.060278508067128
      vertex 91.23972149193287 -50.3 2.219880494475362
    endloop
  endfacet
  facet normal 0.671558956555106 0 -0.7409511238068388
    outer loop
      vertex 91.08011950552464 -52.3 2.060278508067128
      vertex 90.71655201166868 -52.3 1.7307601377367945
      vertex 91.08011950552464 -50.3 2.060278508067128
    endloop
  endfacet
  facet normal 0.671558956555106 0 -0.7409511238068388
    outer loop
      vertex 91.08011950552464 -50.3 2.060278508067128
      vertex 90.71655201166868 -52.3 1.7307601377367945
      vertex 90.71655201166868 -50.3 1.7307601377367945
    endloop
  endfacet
  facet normal 0.6343932853836776 0 -0.7730104523614826
    outer loop
      vertex 90.54207481443882 -52.3 1.5875704020261736
      vertex 90.71655201166868 -50.3 1.7307601377367945
      vertex 90.71655201166868 -52.3 1.7307601377367945
    endloop
  endfacet
  facet normal 0.6343932853836776 0 -0.7730104523614826
    outer loop
      vertex 90.54207481443882 -52.3 1.5875704020261736
      vertex 90.54207481443882 -50.3 1.5875704020261736
      vertex 90.71655201166868 -50.3 1.7307601377367945
    endloop
  endfacet
  facet normal 0.42755509169868866 0 -0.903989293942426
    outer loop
      vertex 89.34036039561033 -52.3 0.8112183019518824
      vertex 88.89679385721684 -52.3 0.6014269545674296
      vertex 89.34036039561033 -50.3 0.8112183019518824
    endloop
  endfacet
  facet normal 0.42755509169868866 0 -0.903989293942426
    outer loop
      vertex 89.34036039561033 -50.3 0.8112183019518824
      vertex 88.89679385721684 -52.3 0.6014269545674296
      vertex 88.89679385721684 -50.3 0.6014269545674296
    endloop
  endfacet
  facet normal 0.5141027586573377 0 -0.8577286013308144
    outer loop
      vertex 89.96028748899698 -52.3 1.1698761463165255
      vertex 89.5394199937582 -52.3 0.9176178678870173
      vertex 89.96028748899698 -50.3 1.1698761463165255
    endloop
  endfacet
  facet normal 0.5141027586573377 0 -0.8577286013308144
    outer loop
      vertex 89.96028748899698 -50.3 1.1698761463165255
      vertex 89.5394199937582 -52.3 0.9176178678870173
      vertex 89.5394199937582 -50.3 0.9176178678870173
    endloop
  endfacet
  facet normal 0.5555702195991948 0 -0.8314696212697746
    outer loop
      vertex 90.14795956015587 -52.3 1.2952746108174296
      vertex 89.96028748899698 -52.3 1.1698761463165255
      vertex 90.14795956015587 -50.3 1.2952746108174296
    endloop
  endfacet
  facet normal 0.5555702195991948 0 -0.8314696212697746
    outer loop
      vertex 90.14795956015587 -50.3 1.2952746108174296
      vertex 89.96028748899698 -52.3 1.1698761463165255
      vertex 89.96028748899698 -50.3 1.1698761463165255
    endloop
  endfacet
  facet normal 0.4713967161752662 0 -0.8819212753864007
    outer loop
      vertex 89.5394199937582 -52.3 0.9176178678870173
      vertex 89.34036039561033 -52.3 0.8112183019518824
      vertex 89.5394199937582 -50.3 0.9176178678870173
    endloop
  endfacet
  facet normal 0.4713967161752662 0 -0.8819212753864007
    outer loop
      vertex 89.34036039561033 -52.3 0.8112183019518824
      vertex 89.34036039561033 -50.3 0.8112183019518824
      vertex 89.5394199937582 -50.3 0.9176178678870173
    endloop
  endfacet
  facet normal 0.29028465284319516 0 -0.9569403431372855
    outer loop
      vertex 88.22627003490925 -52.3 0.3497469678521128
      vertex 88.01027781516314 -52.3 0.2842264503240557
      vertex 88.22627003490925 -50.3 0.3497469678521128
    endloop
  endfacet
  facet normal 0.33688984659619614 0 -0.9415440676146769
    outer loop
      vertex 88.22627003490925 -52.3 0.3497469678521128
      vertex 88.68826381117105 -50.3 0.51505098044872
      vertex 88.68826381117105 -52.3 0.51505098044872
    endloop
  endfacet
  facet normal 0.33688984659619614 0 -0.9415440676146769
    outer loop
      vertex 88.22627003490925 -52.3 0.3497469678521128
      vertex 88.22627003490925 -50.3 0.3497469678521128
      vertex 88.68826381117105 -50.3 0.51505098044872
    endloop
  endfacet
  facet normal 0.38268343570902663 0 -0.9238795311261827
    outer loop
      vertex 88.89679385721684 -52.3 0.6014269545674296
      vertex 88.68826381117105 -52.3 0.51505098044872
      vertex 88.89679385721684 -50.3 0.6014269545674296
    endloop
  endfacet
  facet normal 0.38268343570902663 0 -0.9238795311261827
    outer loop
      vertex 88.68826381117105 -52.3 0.51505098044872
      vertex 88.68826381117105 -50.3 0.51505098044872
      vertex 88.89679385721684 -50.3 0.6014269545674296
    endloop
  endfacet
  facet normal 0.29028465284319516 0 -0.9569403431372855
    outer loop
      vertex 88.22627003490925 -50.3 0.3497469678521128
      vertex 88.01027781516314 -52.3 0.2842264503240557
      vertex 88.01027781516314 -50.3 0.2842264503240557
    endloop
  endfacet
  facet normal 0 0 1
    outer loop
      vertex 50 50.3 20.299999999999997
      vertex 91.29999999701977 50.3 20.299999999999997
      vertex 50 52.3 20.299999999999997
    endloop
  endfacet
  facet normal -1 0 0
    outer loop
      vertex 50 50.3 20.299999999999997
      vertex 50 52.3 20.299999999999997
      vertex 50 52.3 2.9802293965985882e-9
    endloop
  endfacet
  facet normal 0 0 1
    outer loop
      vertex 50 52.3 20.299999999999997
      vertex 91.29999999701977 50.3 20.299999999999997
      vertex 93.29999999701977 50.3 20.299999999999997
    endloop
  endfacet
  facet normal 0 0 1
    outer loop
      vertex 50 52.3 20.299999999999997
      vertex 93.29999999701977 50.3 20.299999999999997
      vertex 93.29999999701977 52.3 20.299999999999997
    endloop
  endfacet
  facet normal 0 -1 0
    outer loop
      vertex 50 50.3 20.299999999999997
      vertex 91.29999999701977 50.3 7.299999999999997
      vertex 91.29999999701977 50.3 20.299999999999997
    endloop
  endfacet
  facet normal 1 0 0
    outer loop
      vertex 93.29999999701977 50.3 20.299999999999997
      vertex 93.29999999701977 50.3 7.299999999999997
      vertex 93.29999999701977 52.3 20.299999999999997
    endloop
  endfacet
  facet normal 0 1 0
    outer loop
      vertex 50 52.3 20.299999999999997
      vertex 93.29999999701977 52.3 20.299999999999997
      vertex 86.60294134169817 52.3 0.02684681415557577
    endloop
  endfacet
  facet normal 1 0 0
    outer loop
      vertex 93.29999999701977 52.3 20.299999999999997
      vertex 93.29999999701977 50.3 7.299999999999997
      vertex 93.29999999701977 52.3 7.299999999999997
    endloop
  endfacet
  facet normal -1 0 0
    outer loop
      vertex 50 50.3 20.299999999999997
      vertex 50 52.3 2.9802293965985882e-9
      vertex 50 50.3 2.0000000029802294
    endloop
  endfacet
  facet normal 0 -1 0
    outer loop
      vertex 50 50.3 20.299999999999997
      vertex 50 50.3 2.0000000029802294
      vertex 86.01472029834986 50.3 2.000361363589761
    endloop
  endfacet
  facet normal 0 1 0
    outer loop
      vertex 50 52.3 20.299999999999997
      vertex 86.11285564303398 52.3 0.0027704492211313436
      vertex 50 52.3 2.9802293965985882e-9
    endloop
  endfacet
  facet normal -1 0 0
    outer loop
      vertex 50 50.3 2.0000000029802294
      vertex 50 52.3 2.9802293965985882e-9
      vertex 50 50.3 2.9802293965985882e-9
    endloop
  endfacet
  facet normal 0 0 -1
    outer loop
      vertex 50 50.3 2.9802293965985882e-9
      vertex 50 52.3 2.9802293965985882e-9
      vertex 86 52.3 2.9802293965985882e-9
    endloop
  endfacet
  facet normal 0 -1 0
    outer loop
      vertex 50 50.3 20.299999999999997
      vertex 87.04834567010403 50.3 2.1050642237067194
      vertex 91.29999999701977 50.3 7.299999999999997
    endloop
  endfacet
  facet normal 0 -1 0
    outer loop
      vertex 50 50.3 20.299999999999997
      vertex 86.01472029834986 50.3 2.000361363589761
      vertex 86.50480599701405 50.3 2.0244377285242052
    endloop
  endfacet
  facet normal 0 -1 0
    outer loop
      vertex 50 50.3 20.299999999999997
      vertex 86.50480599701405 50.3 2.0244377285242052
      vertex 86.53410483896732 50.3 2.0273234128952
    endloop
  endfacet
  facet normal 0 -1 0
    outer loop
      vertex 50 50.3 20.299999999999997
      vertex 87.01947075128555 50.3 2.099320645630357
      vertex 87.04834567010403 50.3 2.1050642237067194
    endloop
  endfacet
  facet normal 0 -1 0
    outer loop
      vertex 50 50.3 20.299999999999997
      vertex 86.53410483896732 50.3 2.0273234128952
      vertex 87.01947075128555 50.3 2.099320645630357
    endloop
  endfacet
  facet normal 0 1 0
    outer loop
      vertex 50 52.3 20.299999999999997
      vertex 86.60294134169817 52.3 0.02684681415557577
      vertex 86.11285564303398 52.3 0.0027704492211313436
    endloop
  endfacet
  facet normal 0 1 0
    outer loop
      vertex 93.29999999701977 52.3 20.299999999999997
      vertex 93.29999999701977 52.3 7.299999999999997
      vertex 86.8275657966733 52.3 0.04897038936614706
    endloop
  endfacet
  facet normal 0 1 0
    outer loop
      vertex 93.29999999701977 52.3 20.299999999999997
      vertex 86.8275657966733 52.3 0.04897038936614706
      vertex 86.60294134169817 52.3 0.02684681415557577
    endloop
  endfacet
  facet normal 0.9996988196291398 0 -0.02454119051930546
    outer loop
      vertex 93.29999999701977 50.3 7.299999999999997
      vertex 93.29722955077887 50.3 7.187144356966016
      vertex 93.29999999701977 52.3 7.299999999999997
    endloop
  endfacet
  facet normal 0.9996988196291398 0 -0.02454119051930546
    outer loop
      vertex 93.29999999701977 52.3 7.299999999999997
      vertex 93.29722955077887 50.3 7.187144356966016
      vertex 93.29722955077887 52.3 7.187144356966016
    endloop
  endfacet
  facet normal 0.9987954564339008 0 -0.04906766967154417
    outer loop
      vertex 93.29722955077887 50.3 7.187144356966016
      vertex 93.27315318584442 50.3 6.697058643400666
      vertex 93.29722955077887 52.3 7.187144356966016
    endloop
  endfacet
  facet normal 0.9987954564339008 0 -0.04906766967154417
    outer loop
      vertex 93.29722955077887 52.3 7.187144356966016
      vertex 93.27315318584442 50.3 6.697058643400666
      vertex 93.27315318584442 52.3 6.697058643400666
    endloop
  endfacet
  facet normal 0.9951847271564975 0 -0.09801713541237368
    outer loop
      vertex 93.27315318584442 50.3 6.697058643400666
      vertex 93.25102961063385 50.3 6.472434203326699
      vertex 93.27315318584442 52.3 6.697058643400666
    endloop
  endfacet
  facet normal 0.9951847271564975 0 -0.09801713541237368
    outer loop
      vertex 93.27315318584442 52.3 6.697058643400666
      vertex 93.25102961063385 50.3 6.472434203326699
      vertex 93.25102961063385 52.3 6.472434203326699
    endloop
  endfacet
  facet normal 0 -1 0
    outer loop
      vertex 91.29999999701977 50.3 7.299999999999997
      vertex 87.52431744337082 50.3 2.2242889508604975
      vertex 91.29963863641024 50.3 7.28527970165014
    endloop
  endfacet
  facet normal 0 -1 0
    outer loop
      vertex 91.29963863641024 50.3 7.28527970165014
      vertex 87.55249033868313 50.3 2.232835102081296
      vertex 91.27556227147579 50.3 6.795193995535371
    endloop
  endfacet
  facet normal 0 -1 0
    outer loop
      vertex 91.27556227147579 50.3 6.795193995535371
      vertex 87.55249033868313 50.3 2.232835102081296
      vertex 91.2726765871048 50.3 6.765895161032674
    endloop
  endfacet
  facet normal 0 -1 0
    outer loop
      vertex 91.2726765871048 50.3 6.765895161032674
      vertex 87.55249033868313 50.3 2.232835102081296
      vertex 91.20067935436964 50.3 6.280529241263864
    endloop
  endfacet
  facet normal 0.9891765097240051 0 -0.14673047607854156
    outer loop
      vertex 93.25102961063385 50.3 6.472434203326699
      vertex 93.1790323778987 50.3 5.98706829100847
      vertex 93.25102961063385 52.3 6.472434203326699
    endloop
  endfacet
  facet normal 0.9891765097240051 0 -0.14673047607854156
    outer loop
      vertex 93.25102961063385 52.3 6.472434203326699
      vertex 93.1790323778987 50.3 5.98706829100847
      vertex 93.1790323778987 52.3 5.98706829100847
    endloop
  endfacet
  facet normal 0.980785273253678 0 -0.1950903579593522
    outer loop
      vertex 93.1790323778987 50.3 5.98706829100847
      vertex 93.13499827682972 50.3 5.765693958103654
      vertex 93.1790323778987 52.3 5.98706829100847
    endloop
  endfacet
  facet normal 0.980785273253678 0 -0.1950903579593522
    outer loop
      vertex 93.13499827682972 50.3 5.765693958103654
      vertex 93.13499827682972 52.3 5.765693958103654
      vertex 93.1790323778987 52.3 5.98706829100847
    endloop
  endfacet
  facet normal 0.9700312510179107 0 -0.24298018859287096
    outer loop
      vertex 93.13499827682972 50.3 5.765693958103654
      vertex 93.01577354967594 50.3 5.289722184836862
      vertex 93.13499827682972 52.3 5.765693958103654
    endloop
  endfacet
  facet normal 0.9700312510179107 0 -0.24298018859287096
    outer loop
      vertex 93.13499827682972 52.3 5.765693958103654
      vertex 93.01577354967594 50.3 5.289722184836862
      vertex 93.01577354967594 52.3 5.289722184836862
    endloop
  endfacet
  facet normal 0.9569403431372855 0 -0.29028465284319516
    outer loop
      vertex 93.01577354967594 50.3 5.289722184836862
      vertex 92.95025303214788 50.3 5.073729965090749
      vertex 93.01577354967594 52.3 5.289722184836862
    endloop
  endfacet
  facet normal 0.9569403431372855 0 -0.29028465284319516
    outer loop
      vertex 93.01577354967594 52.3 5.289722184836862
      vertex 92.95025303214788 50.3 5.073729965090749
      vertex 92.95025303214788 52.3 5.073729965090749
    endloop
  endfacet
  facet normal 0 -1 0
    outer loop
      vertex 50 50.3 2.0000000029802294
      vertex 86 50.3 2.0000000029802294
      vertex 86.01472029834986 50.3 2.000361363589761
    endloop
  endfacet
  facet normal 0 0 -1
    outer loop
      vertex 50 50.3 2.9802293965985882e-9
      vertex 86 52.3 2.9802293965985882e-9
      vertex 86 50.3 2.9802293965985882e-9
    endloop
  endfacet
  facet normal 0 1 0
    outer loop
      vertex 50 52.3 2.9802293965985882e-9
      vertex 86.11285564303398 52.3 0.0027704492211313436
      vertex 86 52.3 2.9802293965985882e-9
    endloop
  endfacet
  facet normal 0 -1 0
    outer loop
      vertex 91.20067935436964 50.3 6.280529241263864
      vertex 87.55249033868313 50.3 2.232835102081296
      vertex 91.19493577629328 50.3 6.25165432989597
    endloop
  endfacet
  facet normal 0 -1 0
    outer loop
      vertex 91.0757110491395 50.3 5.775682556629178
      vertex 87.55249033868313 50.3 2.232835102081296
      vertex 91.0671648979187 50.3 5.747509661316869
    endloop
  endfacet
  facet normal 0 -1 0
    outer loop
      vertex 91.19493577629328 50.3 6.25165432989597
      vertex 87.55249033868313 50.3 2.232835102081296
      vertex 91.0757110491395 50.3 5.775682556629178
    endloop
  endfacet
  facet normal 0 -1 0
    outer loop
      vertex 91.29963863641024 50.3 7.28527970165014
      vertex 87.52431744337082 50.3 2.2242889508604975
      vertex 87.55249033868313 50.3 2.232835102081296
    endloop
  endfacet
  facet normal 0 -1 0
    outer loop
      vertex 91.29999999701977 50.3 7.299999999999997
      vertex 87.04834567010403 50.3 2.1050642237067194
      vertex 87.52431744337082 50.3 2.2242889508604975
    endloop
  endfacet
  facet normal 0 -1 0
    outer loop
      vertex 91.0671648979187 50.3 5.747509661316869
      vertex 87.55249033868313 50.3 2.232835102081296
      vertex 90.9018608853221 50.3 5.285515885055062
    endloop
  endfacet
  facet normal 0 -1 0
    outer loop
      vertex 90.9018608853221 50.3 5.285515885055062
      vertex 87.55249033868313 50.3 2.232835102081296
      vertex 90.89059445261955 50.3 5.258316311240193
    endloop
  endfacet
  facet normal 0 -1 0
    outer loop
      vertex 90.89059445261955 50.3 5.258316311240193
      vertex 87.55249033868313 50.3 2.232835102081296
      vertex 90.68080311268568 50.3 4.814749787747857
    endloop
  endfacet
  facet normal 0 -1 0
    outer loop
      vertex 90.68080311268568 50.3 4.814749787747857
      vertex 88.01448411494493 50.3 2.398139114677903
      vertex 90.66692490130663 50.3 4.788785490393636
    endloop
  endfacet
  facet normal 0 -1 0
    outer loop
      vertex 90.41466663777828 50.3 4.367918010056016
      vertex 90.66692490130663 50.3 4.788785490393636
      vertex 88.0416836887598 50.3 2.4094055473804445
    endloop
  endfacet
  facet normal 0 1 0
    outer loop
      vertex 93.29999999701977 52.3 7.299999999999997
      vertex 93.29722955077887 52.3 7.187144356966016
      vertex 87.31293170899153 52.3 0.12096762210130407
    endloop
  endfacet
  facet normal 0 1 0
    outer loop
      vertex 93.29722955077887 52.3 7.187144356966016
      vertex 93.27315318584442 52.3 6.697058643400666
      vertex 87.53430602699518 52.3 0.16500171571969702
    endloop
  endfacet
  facet normal 0 1 0
    outer loop
      vertex 93.27315318584442 52.3 6.697058643400666
      vertex 93.25102961063385 52.3 6.472434203326699
      vertex 88.01027781516314 52.3 0.2842264503240557
    endloop
  endfacet
  facet normal 0.9415440676146769 0 -0.33688984659619614
    outer loop
      vertex 92.95025303214788 50.3 5.073729965090749
      vertex 92.78494901955128 50.3 4.611736188828942
      vertex 92.95025303214788 52.3 5.073729965090749
    endloop
  endfacet
  facet normal 0.9415440676146769 0 -0.33688984659619614
    outer loop
      vertex 92.95025303214788 52.3 5.073729965090749
      vertex 92.78494901955128 50.3 4.611736188828942
      vertex 92.78494901955128 52.3 4.611736188828942
    endloop
  endfacet
  facet normal 0.9238795291238309 0 -0.38268344054313175
    outer loop
      vertex 92.78494901955128 50.3 4.611736188828942
      vertex 92.69857303798199 50.3 4.403206127882001
      vertex 92.78494901955128 52.3 4.611736188828942
    endloop
  endfacet
  facet normal 0.9238795291238309 0 -0.38268344054313175
    outer loop
      vertex 92.78494901955128 52.3 4.611736188828942
      vertex 92.69857303798199 50.3 4.403206127882001
      vertex 92.69857303798199 52.3 4.403206127882001
    endloop
  endfacet
  facet normal 0 1 0
    outer loop
      vertex 93.25102961063385 52.3 6.472434203326699
      vertex 93.1790323778987 52.3 5.98706829100847
      vertex 88.22627003490925 52.3 0.3497469678521128
    endloop
  endfacet
  facet normal 0 1 0
    outer loop
      vertex 93.1790323778987 52.3 5.98706829100847
      vertex 93.13499827682972 52.3 5.765693958103654
      vertex 88.68826381117105 52.3 0.51505098044872
    endloop
  endfacet
  facet normal 0 1 0
    outer loop
      vertex 93.13499827682972 52.3 5.765693958103654
      vertex 93.01577354967594 52.3 5.289722184836862
      vertex 88.89679385721684 52.3 0.6014269545674296
    endloop
  endfacet
  facet normal 0.903989293942426 0 -0.42755509169868866
    outer loop
      vertex 92.69857303798199 50.3 4.403206127882001
      vertex 92.48878169059753 50.3 3.9596395894885035
      vertex 92.69857303798199 52.3 4.403206127882001
    endloop
  endfacet
  facet normal 0.903989293942426 0 -0.42755509169868866
    outer loop
      vertex 92.69857303798199 52.3 4.403206127882001
      vertex 92.48878169059753 50.3 3.9596395894885035
      vertex 92.48878169059753 52.3 3.9596395894885035
    endloop
  endfacet
  facet normal 0.8819212616632702 0 -0.471396741849438
    outer loop
      vertex 92.48878169059753 50.3 3.9596395894885035
      vertex 92.38238211721182 50.3 3.7605799913406344
      vertex 92.48878169059753 52.3 3.9596395894885035
    endloop
  endfacet
  facet normal 0.8819212616632702 0 -0.471396741849438
    outer loop
      vertex 92.48878169059753 52.3 3.9596395894885035
      vertex 92.38238211721182 50.3 3.7605799913406344
      vertex 92.38238211721182 52.3 3.7605799913406344
    endloop
  endfacet
  facet normal 0 -1 0
    outer loop
      vertex 90.66692490130663 50.3 4.788785490393636
      vertex 88.01448411494493 50.3 2.398139114677903
      vertex 88.0416836887598 50.3 2.4094055473804445
    endloop
  endfacet
  facet normal 0 -1 0
    outer loop
      vertex 90.41466663777828 50.3 4.367918010056016
      vertex 88.48525021225214 50.3 2.6191968873143168
      vertex 88.51121450960636 50.3 2.6330750912427874
    endloop
  endfacet
  facet normal 0 -1 0
    outer loop
      vertex 90.41466663777828 50.3 4.367918010056016
      vertex 88.51121450960636 50.3 2.6330750912427874
      vertex 90.39831031858921 50.3 4.343439045548436
    endloop
  endfacet
  facet normal 0 -1 0
    outer loop
      vertex 90.39831031858921 50.3 4.343439045548436
      vertex 88.93208198994398 50.3 2.885333362221715
      vertex 90.10601452738047 50.3 3.949323791265485
    endloop
  endfacet
  facet normal 0 -1 0
    outer loop
      vertex 90.10601452738047 50.3 3.949323791265485
      vertex 88.93208198994398 50.3 2.885333362221715
      vertex 90.0873376056552 50.3 3.9265658959746332
    endloop
  endfacet
  facet normal 0 -1 0
    outer loop
      vertex 90.0873376056552 50.3 3.9265658959746332
      vertex 88.95656095445156 50.3 2.9016896814107866
      vertex 89.75781924277544 50.3 3.5629984095692606
    endloop
  endfacet
  facet normal 0 -1 0
    outer loop
      vertex 89.73700159043074 50.3 3.542180757224557
      vertex 89.75781924277544 50.3 3.5629984095692606
      vertex 89.35067620873451 50.3 3.1939854726195307
    endloop
  endfacet
  facet normal 0 -1 0
    outer loop
      vertex 90.39831031858921 50.3 4.343439045548436
      vertex 88.51121450960636 50.3 2.6330750912427874
      vertex 88.93208198994398 50.3 2.885333362221715
    endloop
  endfacet
  facet normal 0 -1 0
    outer loop
      vertex 89.73700159043074 50.3 3.542180757224557
      vertex 89.35067620873451 50.3 3.1939854726195307
      vertex 89.37343410402536 50.3 3.212662394344804
    endloop
  endfacet
  facet normal 0 -1 0
    outer loop
      vertex 90.0873376056552 50.3 3.9265658959746332
      vertex 88.93208198994398 50.3 2.885333362221715
      vertex 88.95656095445156 50.3 2.9016896814107866
    endloop
  endfacet
  facet normal 0 -1 0
    outer loop
      vertex 89.75781924277544 50.3 3.5629984095692606
      vertex 88.95656095445156 50.3 2.9016896814107866
      vertex 89.35067620873451 50.3 3.1939854726195307
    endloop
  endfacet
  facet normal 0 -1 0
    outer loop
      vertex 90.68080311268568 50.3 4.814749787747857
      vertex 87.55249033868313 50.3 2.232835102081296
      vertex 88.01448411494493 50.3 2.398139114677903
    endloop
  endfacet
  facet normal 0 -1 0
    outer loop
      vertex 90.41466663777828 50.3 4.367918010056016
      vertex 88.0416836887598 50.3 2.4094055473804445
      vertex 88.48525021225214 50.3 2.6191968873143168
    endloop
  endfacet
  facet normal 0 1 0
    outer loop
      vertex 93.01577354967594 52.3 5.289722184836862
      vertex 92.95025303214788 52.3 5.073729965090749
      vertex 89.34036039561033 52.3 0.8112183019518824
    endloop
  endfacet
  facet normal 0 1 0
    outer loop
      vertex 92.95025303214788 52.3 5.073729965090749
      vertex 92.78494901955128 52.3 4.611736188828942
      vertex 89.5394199937582 52.3 0.9176178678870173
    endloop
  endfacet
  facet normal 0 1 0
    outer loop
      vertex 92.78494901955128 52.3 4.611736188828942
      vertex 92.69857303798199 52.3 4.403206127882001
      vertex 89.96028748899698 52.3 1.1698761463165255
    endloop
  endfacet
  facet normal 0 1 0
    outer loop
      vertex 92.69857303798199 52.3 4.403206127882001
      vertex 92.48878169059753 52.3 3.9596395894885035
      vertex 90.14795956015587 52.3 1.2952746108174296
    endloop
  endfacet
  facet normal 0.8577286066956991 0 -0.5141027497065687
    outer loop
      vertex 92.38238211721182 50.3 3.7605799913406344
      vertex 92.13012385368347 50.3 3.3397125110030146
      vertex 92.38238211721182 52.3 3.7605799913406344
    endloop
  endfacet
  facet normal 0.8577286066956991 0 -0.5141027497065687
    outer loop
      vertex 92.38238211721182 52.3 3.7605799913406344
      vertex 92.13012385368347 50.3 3.3397125110030146
      vertex 92.13012385368347 52.3 3.3397125110030146
    endloop
  endfacet
  facet normal 0.8314696212697746 0 -0.5555702195991948
    outer loop
      vertex 92.13012385368347 50.3 3.3397125110030146
      vertex 92.00472538918257 50.3 3.1520404398441286
      vertex 92.13012385368347 52.3 3.3397125110030146
    endloop
  endfacet
  facet normal 0.8314696212697746 0 -0.5555702195991948
    outer loop
      vertex 92.13012385368347 52.3 3.3397125110030146
      vertex 92.00472538918257 50.3 3.1520404398441286
      vertex 92.00472538918257 52.3 3.1520404398441286
    endloop
  endfacet
  facet normal 0.8032075338446834 0 -0.5956993013048966
    outer loop
      vertex 91.71242959797382 50.3 2.7579251855611773
      vertex 92.00472538918257 52.3 3.1520404398441286
      vertex 92.00472538918257 50.3 3.1520404398441286
    endloop
  endfacet
  facet normal 0 1 0
    outer loop
      vertex 92.48878169059753 52.3 3.9596395894885035
      vertex 92.38238211721182 52.3 3.7605799913406344
      vertex 90.54207481443882 52.3 1.5875704020261736
    endloop
  endfacet
  facet normal 0 1 0
    outer loop
      vertex 92.38238211721182 52.3 3.7605799913406344
      vertex 92.13012385368347 52.3 3.3397125110030146
      vertex 90.71655201166868 52.3 1.7307601377367945
    endloop
  endfacet
  facet normal 0.8032075338446834 0 -0.5956993013048966
    outer loop
      vertex 91.71242959797382 50.3 2.7579251855611773
      vertex 91.71242959797382 52.3 2.7579251855611773
      vertex 92.00472538918257 52.3 3.1520404398441286
    endloop
  endfacet
  facet normal 0.7730104494587141 0 -0.634393288920711
    outer loop
      vertex 91.71242959797382 50.3 2.7579251855611773
      vertex 91.56923985481262 50.3 2.5834479808807345
      vertex 91.71242959797382 52.3 2.7579251855611773
    endloop
  endfacet
  facet normal 0 1 0
    outer loop
      vertex 92.13012385368347 52.3 3.3397125110030146
      vertex 92.00472538918257 52.3 3.1520404398441286
      vertex 91.08011950552464 52.3 2.060278508067128
    endloop
  endfacet
  facet normal 0 1 0
    outer loop
      vertex 91.71242959797382 52.3 2.7579251855611773
      vertex 91.23972149193287 52.3 2.219880494475362
      vertex 92.00472538918257 52.3 3.1520404398441286
    endloop
  endfacet
  facet normal 0.7730104494587141 0 -0.634393288920711
    outer loop
      vertex 91.56923985481262 50.3 2.5834479808807345
      vertex 91.56923985481262 52.3 2.5834479808807345
      vertex 91.71242959797382 52.3 2.7579251855611773
    endloop
  endfacet
  facet normal 0.02454119051930546 0 -0.9996988196291398
    outer loop
      vertex 86 50.3 2.9802293965985882e-9
      vertex 86.11285564303398 52.3 0.0027704492211313436
      vertex 86.11285564303398 50.3 0.0027704492211313436
    endloop
  endfacet
  facet normal 0.049067671159865246 0 -0.9987954563607844
    outer loop
      vertex 86.11285564303398 50.3 0.0027704492211313436
      vertex 86.60294134169817 52.3 0.02684681415557577
      vertex 86.60294134169817 50.3 0.02684681415557577
    endloop
  endfacet
  facet normal 0.02454119051930546 0 -0.9996988196291398
    outer loop
      vertex 86 50.3 2.9802293965985882e-9
      vertex 86 52.3 2.9802293965985882e-9
      vertex 86.11285564303398 52.3 0.0027704492211313436
    endloop
  endfacet
  facet normal 0.049067671159865246 0 -0.9987954563607844
    outer loop
      vertex 86.11285564303398 50.3 0.0027704492211313436
      vertex 86.11285564303398 52.3 0.0027704492211313436
      vertex 86.60294134169817 52.3 0.02684681415557577
    endloop
  endfacet
  facet normal 0.09801712897257209 0 -0.9951847277907626
    outer loop
      vertex 86.60294134169817 50.3 0.02684681415557577
      vertex 86.8275657966733 52.3 0.04897038936614706
      vertex 86.8275657966733 50.3 0.04897038936614706
    endloop
  endfacet
  facet normal 0.14673047607854156 0 -0.9891765097240051
    outer loop
      vertex 86.8275657966733 50.3 0.04897038936614706
      vertex 87.31293170899153 52.3 0.12096762210130407
      vertex 87.31293170899153 50.3 0.12096762210130407
    endloop
  endfacet
  facet normal 0.09801712897257209 0 -0.9951847277907626
    outer loop
      vertex 86.60294134169817 50.3 0.02684681415557577
      vertex 86.60294134169817 52.3 0.02684681415557577
      vertex 86.8275657966733 52.3 0.04897038936614706
    endloop
  endfacet
  facet normal 0.14673047607854156 0 -0.9891765097240051
    outer loop
      vertex 86.8275657966733 50.3 0.04897038936614706
      vertex 86.8275657966733 52.3 0.04897038936614706
      vertex 87.31293170899153 52.3 0.12096762210130407
    endloop
  endfacet
  facet normal 0.24298019572286733 0 -0.9700312492319395
    outer loop
      vertex 87.53430602699518 50.3 0.16500171571969702
      vertex 88.01027781516314 52.3 0.2842264503240557
      vertex 88.01027781516314 50.3 0.2842264503240557
    endloop
  endfacet
  facet normal 0.24298019572286733 0 -0.9700312492319395
    outer loop
      vertex 87.53430602699518 50.3 0.16500171571969702
      vertex 87.53430602699518 52.3 0.16500171571969702
      vertex 88.01027781516314 52.3 0.2842264503240557
    endloop
  endfacet
  facet normal 0.19509033883848656 0 -0.9807852770570551
    outer loop
      vertex 87.53430602699518 50.3 0.16500171571969702
      vertex 87.31293170899153 50.3 0.12096762210130407
      vertex 87.53430602699518 52.3 0.16500171571969702
    endloop
  endfacet
  facet normal 0.19509033883848656 0 -0.9807852770570551
    outer loop
      vertex 87.31293170899153 50.3 0.12096762210130407
      vertex 87.31293170899153 52.3 0.12096762210130407
      vertex 87.53430602699518 52.3 0.16500171571969702
    endloop
  endfacet
  facet normal 0 1 0
    outer loop
      vertex 93.29999999701977 52.3 7.299999999999997
      vertex 87.31293170899153 52.3 0.12096762210130407
      vertex 86.8275657966733 52.3 0.04897038936614706
    endloop
  endfacet
  facet normal 0 1 0
    outer loop
      vertex 93.29722955077887 52.3 7.187144356966016
      vertex 87.53430602699518 52.3 0.16500171571969702
      vertex 87.31293170899153 52.3 0.12096762210130407
    endloop
  endfacet
  facet normal 0 1 0
    outer loop
      vertex 93.27315318584442 52.3 6.697058643400666
      vertex 88.01027781516314 52.3 0.2842264503240557
      vertex 87.53430602699518 52.3 0.16500171571969702
    endloop
  endfacet
  facet normal 0 1 0
    outer loop
      vertex 93.25102961063385 52.3 6.472434203326699
      vertex 88.22627003490925 52.3 0.3497469678521128
      vertex 88.01027781516314 52.3 0.2842264503240557
    endloop
  endfacet
  facet normal 0 1 0
    outer loop
      vertex 93.1790323778987 52.3 5.98706829100847
      vertex 88.68826381117105 52.3 0.51505098044872
      vertex 88.22627003490925 52.3 0.3497469678521128
    endloop
  endfacet
  facet normal 0 1 0
    outer loop
      vertex 93.13499827682972 52.3 5.765693958103654
      vertex 88.89679385721684 52.3 0.6014269545674296
      vertex 88.68826381117105 52.3 0.51505098044872
    endloop
  endfacet
  facet normal 0 1 0
    outer loop
      vertex 93.01577354967594 52.3 5.289722184836862
      vertex 89.34036039561033 52.3 0.8112183019518824
      vertex 88.89679385721684 52.3 0.6014269545674296
    endloop
  endfacet
  facet normal 0.5956993013048966 0 -0.8032075338446834
    outer loop
      vertex 90.54207481443882 50.3 1.5875704020261736
      vertex 90.14795956015587 50.3 1.2952746108174296
      vertex 90.54207481443882 52.3 1.5875704020261736
    endloop
  endfacet
  facet normal 0.5956993013048966 0 -0.8032075338446834
    outer loop
      vertex 90.54207481443882 52.3 1.5875704020261736
      vertex 90.14795956015587 50.3 1.2952746108174296
      vertex 90.14795956015587 52.3 1.2952746108174296
    endloop
  endfacet
  facet normal 0 1 0
    outer loop
      vertex 92.95025303214788 52.3 5.073729965090749
      vertex 89.5394199937582 52.3 0.9176178678870173
      vertex 89.34036039561033 52.3 0.8112183019518824
    endloop
  endfacet
  facet normal 0 1 0
    outer loop
      vertex 92.78494901955128 52.3 4.611736188828942
      vertex 89.96028748899698 52.3 1.1698761463165255
      vertex 89.5394199937582 52.3 0.9176178678870173
    endloop
  endfacet
  facet normal 0 1 0
    outer loop
      vertex 92.38238211721182 52.3 3.7605799913406344
      vertex 90.71655201166868 52.3 1.7307601377367945
      vertex 90.54207481443882 52.3 1.5875704020261736
    endloop
  endfacet
  facet normal 0 1 0
    outer loop
      vertex 92.69857303798199 52.3 4.403206127882001
      vertex 90.14795956015587 52.3 1.2952746108174296
      vertex 89.96028748899698 52.3 1.1698761463165255
    endloop
  endfacet
  facet normal 0 1 0
    outer loop
      vertex 92.48878169059753 52.3 3.9596395894885035
      vertex 90.54207481443882 52.3 1.5875704020261736
      vertex 90.14795956015587 52.3 1.2952746108174296
    endloop
  endfacet
  facet normal 0.740951124514441 0 -0.6715589557743871
    outer loop
      vertex 91.56923985481262 50.3 2.5834479808807345
      vertex 91.23972149193287 50.3 2.219880494475362
      vertex 91.56923985481262 52.3 2.5834479808807345
    endloop
  endfacet
  facet normal 0 1 0
    outer loop
      vertex 91.71242959797382 52.3 2.7579251855611773
      vertex 91.56923985481262 52.3 2.5834479808807345
      vertex 91.23972149193287 52.3 2.219880494475362
    endloop
  endfacet
  facet normal 0 1 0
    outer loop
      vertex 92.00472538918257 52.3 3.1520404398441286
      vertex 91.23972149193287 52.3 2.219880494475362
      vertex 91.08011950552464 52.3 2.060278508067128
    endloop
  endfacet
  facet normal 0.740951124514441 0 -0.6715589557743871
    outer loop
      vertex 91.56923985481262 52.3 2.5834479808807345
      vertex 91.23972149193287 50.3 2.219880494475362
      vertex 91.23972149193287 52.3 2.219880494475362
    endloop
  endfacet
  facet normal 0 1 0
    outer loop
      vertex 92.13012385368347 52.3 3.3397125110030146
      vertex 91.08011950552464 52.3 2.060278508067128
      vertex 90.71655201166868 52.3 1.7307601377367945
    endloop
  endfacet
  facet normal 0.7071067811865475 0 -0.7071067811865475
    outer loop
      vertex 91.23972149193287 50.3 2.219880494475362
      vertex 91.08011950552464 50.3 2.060278508067128
      vertex 91.23972149193287 52.3 2.219880494475362
    endloop
  endfacet
  facet normal 0.7071067811865475 0 -0.7071067811865475
    outer loop
      vertex 91.08011950552464 50.3 2.060278508067128
      vertex 91.08011950552464 52.3 2.060278508067128
      vertex 91.23972149193287 52.3 2.219880494475362
    endloop
  endfacet
  facet normal 0.671558956555106 0 -0.7409511238068388
    outer loop
      vertex 91.08011950552464 50.3 2.060278508067128
      vertex 90.71655201166868 50.3 1.7307601377367945
      vertex 91.08011950552464 52.3 2.060278508067128
    endloop
  endfacet
  facet normal 0.671558956555106 0 -0.7409511238068388
    outer loop
      vertex 91.08011950552464 52.3 2.060278508067128
      vertex 90.71655201166868 50.3 1.7307601377367945
      vertex 90.71655201166868 52.3 1.7307601377367945
    endloop
  endfacet
  facet normal 0.6343932853836776 0 -0.7730104523614826
    outer loop
      vertex 90.54207481443882 50.3 1.5875704020261736
      vertex 90.71655201166868 52.3 1.7307601377367945
      vertex 90.71655201166868 50.3 1.7307601377367945
    endloop
  endfacet
  facet normal 0.6343932853836776 0 -0.7730104523614826
    outer loop
      vertex 90.54207481443882 50.3 1.5875704020261736
      vertex 90.54207481443882 52.3 1.5875704020261736
      vertex 90.71655201166868 52.3 1.7307601377367945
    endloop
  endfacet
  facet normal 0.42755509169868866 0 -0.903989293942426
    outer loop
      vertex 89.34036039561033 50.3 0.8112183019518824
      vertex 88.89679385721684 50.3 0.6014269545674296
      vertex 89.34036039561033 52.3 0.8112183019518824
    endloop
  endfacet
  facet normal 0.42755509169868866 0 -0.903989293942426
    outer loop
      vertex 89.34036039561033 52.3 0.8112183019518824
      vertex 88.89679385721684 50.3 0.6014269545674296
      vertex 88.89679385721684 52.3 0.6014269545674296
    endloop
  endfacet
  facet normal 0.5141027586573377 0 -0.8577286013308144
    outer loop
      vertex 89.96028748899698 50.3 1.1698761463165255
      vertex 89.5394199937582 50.3 0.9176178678870173
      vertex 89.96028748899698 52.3 1.1698761463165255
    endloop
  endfacet
  facet normal 0.5141027586573377 0 -0.8577286013308144
    outer loop
      vertex 89.96028748899698 52.3 1.1698761463165255
      vertex 89.5394199937582 50.3 0.9176178678870173
      vertex 89.5394199937582 52.3 0.9176178678870173
    endloop
  endfacet
  facet normal 0.5555702195991948 0 -0.8314696212697746
    outer loop
      vertex 90.14795956015587 50.3 1.2952746108174296
      vertex 89.96028748899698 50.3 1.1698761463165255
      vertex 90.14795956015587 52.3 1.2952746108174296
    endloop
  endfacet
  facet normal 0.5555702195991948 0 -0.8314696212697746
    outer loop
      vertex 90.14795956015587 52.3 1.2952746108174296
      vertex 89.96028748899698 50.3 1.1698761463165255
      vertex 89.96028748899698 52.3 1.1698761463165255
    endloop
  endfacet
  facet normal 0.4713967161752662 0 -0.8819212753864007
    outer loop
      vertex 89.5394199937582 50.3 0.9176178678870173
      vertex 89.34036039561033 50.3 0.8112183019518824
      vertex 89.5394199937582 52.3 0.9176178678870173
    endloop
  endfacet
  facet normal 0.4713967161752662 0 -0.8819212753864007
    outer loop
      vertex 89.34036039561033 50.3 0.8112183019518824
      vertex 89.34036039561033 52.3 0.8112183019518824
      vertex 89.5394199937582 52.3 0.9176178678870173
    endloop
  endfacet
  facet normal 0.29028465284319516 0 -0.9569403431372855
    outer loop
      vertex 88.22627003490925 50.3 0.3497469678521128
      vertex 88.01027781516314 50.3 0.2842264503240557
      vertex 88.22627003490925 52.3 0.3497469678521128
    endloop
  endfacet
  facet normal 0.33688984659619614 0 -0.9415440676146769
    outer loop
      vertex 88.22627003490925 50.3 0.3497469678521128
      vertex 88.68826381117105 52.3 0.51505098044872
      vertex 88.68826381117105 50.3 0.51505098044872
    endloop
  endfacet
  facet normal 0.33688984659619614 0 -0.9415440676146769
    outer loop
      vertex 88.22627003490925 50.3 0.3497469678521128
      vertex 88.22627003490925 52.3 0.3497469678521128
      vertex 88.68826381117105 52.3 0.51505098044872
    endloop
  endfacet
  facet normal 0.38268343570902663 0 -0.9238795311261827
    outer loop
      vertex 88.89679385721684 50.3 0.6014269545674296
      vertex 88.68826381117105 50.3 0.51505098044872
      vertex 88.89679385721684 52.3 0.6014269545674296
    endloop
  endfacet
  facet normal 0.38268343570902663 0 -0.9238795311261827
    outer loop
      vertex 88.68826381117105 50.3 0.51505098044872
      vertex 88.68826381117105 52.3 0.51505098044872
      vertex 88.89679385721684 52.3 0.6014269545674296
    endloop
  endfacet
  facet normal 0.29028465284319516 0 -0.9569403431372855
    outer loop
      vertex 88.22627003490925 52.3 0.3497469678521128
      vertex 88.01027781516314 50.3 0.2842264503240557
      vertex 88.01027781516314 52.3 0.2842264503240557
    endloop
  endfacet
  facet normal 0 -1 0
    outer loop
      vertex 91.29999999701977 -50.3 20.299999999999997
      vertex 93.29999999701977 -50.3 7.299999999999997
      vertex 93.29999999701977 -50.3 20.299999999999997
    endloop
  endfacet
  facet normal 0 0 1
    outer loop
      vertex 91.29999999701977 -50.3 20.299999999999997
      vertex 93.29999999701977 -50.3 20.299999999999997
      vertex 91.29999999701977 50.3 20.299999999999997
    endloop
  endfacet
  facet normal 1 0 0
    outer loop
      vertex 93.29999999701977 -50.3 20.299999999999997
      vertex 93.29999999701977 -50.3 7.299999999999997
      vertex 93.29999999701977 50.3 20.299999999999997
    endloop
  endfacet
  facet normal 0 -1 0
    outer loop
      vertex 91.29999999701977 -50.3 20.299999999999997
      vertex 91.29999999701977 -50.3 7.299999999999997
      vertex 93.29999999701977 -50.3 7.299999999999997
    endloop
  endfacet
  facet normal -1 0 0
    outer loop
      vertex 91.29999999701977 -50.3 20.299999999999997
      vertex 91.29999999701977 50.3 7.299999999999997
      vertex 91.29999999701977 -50.3 7.299999999999997
    endloop
  endfacet
  facet normal 0 0 1
    outer loop
      vertex 93.29999999701977 -50.3 20.299999999999997
      vertex 93.29999999701977 50.3 20.299999999999997
      vertex 91.29999999701977 50.3 20.299999999999997
    endloop
  endfacet
  facet normal -1 0 0
    outer loop
      vertex 91.29999999701977 -50.3 20.299999999999997
      vertex 91.29999999701977 50.3 20.299999999999997
      vertex 91.29999999701977 50.3 7.299999999999997
    endloop
  endfacet
  facet normal 1 0 0
    outer loop
      vertex 93.29999999701977 50.3 20.299999999999997
      vertex 93.29999999701977 -50.3 7.299999999999997
      vertex 93.29999999701977 50.3 7.299999999999997
    endloop
  endfacet
  facet normal 0 -1 0
    outer loop
      vertex 50 -50.3 2.0000000029802294
      vertex 50 -50.3 2.9802293965985882e-9
      vertex 86 -50.3 2.0000000029802294
    endloop
  endfacet
  facet normal 0 0 1
    outer loop
      vertex 50 -50.3 2.0000000029802294
      vertex 86 -50.3 2.0000000029802294
      vertex 69 -17.75 2.0000000029802294
    endloop
  endfacet
  facet normal 0 0 -1
    outer loop
      vertex 50 -50.3 2.9802293965985882e-9
      vertex 69.6696960066389 -17.616789181894752 2.9802293965985882e-9
      vertex 86 -50.3 2.9802293965985882e-9
    endloop
  endfacet
  facet normal 0 0 1
    outer loop
      vertex 50 -50.3 2.0000000029802294
      vertex 67.76256313292355 -17.23743686707646 2.0000000029802294
      vertex 67.64723170661522 -17.11018824728638 2.0000000029802294
    endloop
  endfacet
  facet normal 0 0 1
    outer loop
      vertex 50 -50.3 2.0000000029802294
      vertex 67.54492817847054 -16.9722479077843 2.0000000029802294
      vertex 67.45663778739038 -16.824944289445497 2.0000000029802294
    endloop
  endfacet
  facet normal 0 0 1
    outer loop
      vertex 50 -50.3 2.0000000029802294
      vertex 67.38321081810525 -16.669696006638908 2.0000000029802294
      vertex 67.32535441246864 -16.507998185195312 2.0000000029802294
    endloop
  endfacet
  facet normal 0 0 1
    outer loop
      vertex 50 -50.3 2.0000000029802294
      vertex 67.45663778739038 -16.824944289445497 2.0000000029802294
      vertex 67.38321081810525 -16.669696006638908 2.0000000029802294
    endloop
  endfacet
  facet normal 0 0 1
    outer loop
      vertex 50 -50.3 2.0000000029802294
      vertex 67.64723170661522 -17.11018824728638 2.0000000029802294
      vertex 67.54492817847054 -16.9722479077843 2.0000000029802294
    endloop
  endfacet
  facet normal 0 0 1
    outer loop
      vertex 50 -50.3 2.0000000029802294
      vertex 67.88981175271363 -17.35276829338479 2.0000000029802294
      vertex 67.76256313292355 -17.23743686707646 2.0000000029802294
    endloop
  endfacet
  facet normal 0 0 1
    outer loop
      vertex 50 -50.3 2.0000000029802294
      vertex 68.02775209221569 -17.45507182152945 2.0000000029802294
      vertex 67.88981175271363 -17.35276829338479 2.0000000029802294
    endloop
  endfacet
  facet normal 0 0 1
    outer loop
      vertex 50 -50.3 2.0000000029802294
      vertex 68.1750557105545 -17.543362212609622 2.0000000029802294
      vertex 68.02775209221569 -17.45507182152945 2.0000000029802294
    endloop
  endfacet
  facet normal 0 0 1
    outer loop
      vertex 50 -50.3 2.0000000029802294
      vertex 68.3303039933611 -17.616789181894752 2.0000000029802294
      vertex 68.1750557105545 -17.543362212609622 2.0000000029802294
    endloop
  endfacet
  facet normal 0 0 1
    outer loop
      vertex 50 -50.3 2.0000000029802294
      vertex 68.4920018148047 -17.674645587531366 2.0000000029802294
      vertex 68.3303039933611 -17.616789181894752 2.0000000029802294
    endloop
  endfacet
  facet normal 0 0 1
    outer loop
      vertex 50 -50.3 2.0000000029802294
      vertex 68.65859193647178 -17.716374240705655 2.0000000029802294
      vertex 68.4920018148047 -17.674645587531366 2.0000000029802294
    endloop
  endfacet
  facet normal 0 0 1
    outer loop
      vertex 50 -50.3 2.0000000029802294
      vertex 68.82847000442327 -17.741573271676344 2.0000000029802294
      vertex 68.65859193647178 -17.716374240705655 2.0000000029802294
    endloop
  endfacet
  facet normal 0 0 1
    outer loop
      vertex 50 -50.3 2.0000000029802294
      vertex 69 -17.75 2.0000000029802294
      vertex 68.82847000442327 -17.741573271676344 2.0000000029802294
    endloop
  endfacet
  facet normal 0 0 -1
    outer loop
      vertex 50 -50.3 2.9802293965985882e-9
      vertex 67.64723170661522 -17.11018824728638 2.9802293965985882e-9
      vertex 67.76256313292355 -17.23743686707646 2.9802293965985882e-9
    endloop
  endfacet
  facet normal 0 0 -1
    outer loop
      vertex 50 -50.3 2.9802293965985882e-9
      vertex 67.45663778739038 -16.824944289445497 2.9802293965985882e-9
      vertex 67.54492817847054 -16.9722479077843 2.9802293965985882e-9
    endloop
  endfacet
  facet normal 0 0 -1
    outer loop
      vertex 50 -50.3 2.9802293965985882e-9
      vertex 67.32535441246864 -16.507998185195312 2.9802293965985882e-9
      vertex 67.38321081810525 -16.669696006638908 2.9802293965985882e-9
    endloop
  endfacet
  facet normal 0 0 -1
    outer loop
      vertex 50 -50.3 2.9802293965985882e-9
      vertex 67.38321081810525 -16.669696006638908 2.9802293965985882e-9
      vertex 67.45663778739038 -16.824944289445497 2.9802293965985882e-9
    endloop
  endfacet
  facet normal 0 0 -1
    outer loop
      vertex 50 -50.3 2.9802293965985882e-9
      vertex 67.54492817847054 -16.9722479077843 2.9802293965985882e-9
      vertex 67.64723170661522 -17.11018824728638 2.9802293965985882e-9
    endloop
  endfacet
  facet normal 0 0 -1
    outer loop
      vertex 50 -50.3 2.9802293965985882e-9
      vertex 67.76256313292355 -17.23743686707646 2.9802293965985882e-9
      vertex 67.88981175271363 -17.35276829338479 2.9802293965985882e-9
    endloop
  endfacet
  facet normal 0 0 -1
    outer loop
      vertex 50 -50.3 2.9802293965985882e-9
      vertex 67.88981175271363 -17.35276829338479 2.9802293965985882e-9
      vertex 68.02775209221569 -17.45507182152945 2.9802293965985882e-9
    endloop
  endfacet
  facet normal 0 0 -1
    outer loop
      vertex 50 -50.3 2.9802293965985882e-9
      vertex 68.02775209221569 -17.45507182152945 2.9802293965985882e-9
      vertex 68.1750557105545 -17.543362212609622 2.9802293965985882e-9
    endloop
  endfacet
  facet normal 0 0 -1
    outer loop
      vertex 50 -50.3 2.9802293965985882e-9
      vertex 68.1750557105545 -17.543362212609622 2.9802293965985882e-9
      vertex 68.3303039933611 -17.616789181894752 2.9802293965985882e-9
    endloop
  endfacet
  facet normal 0 0 -1
    outer loop
      vertex 50 -50.3 2.9802293965985882e-9
      vertex 67.28362575929435 -16.341408063528228 2.9802293965985882e-9
      vertex 67.32535441246864 -16.507998185195312 2.9802293965985882e-9
    endloop
  endfacet
  facet normal 0 0 -1
    outer loop
      vertex 50 -50.3 2.9802293965985882e-9
      vertex 67.25842672832366 -16.171529995576734 2.9802293965985882e-9
      vertex 67.28362575929435 -16.341408063528228 2.9802293965985882e-9
    endloop
  endfacet
  facet normal 0 0 -1
    outer loop
      vertex 50 -50.3 2.9802293965985882e-9
      vertex 67.25 -16 2.9802293965985882e-9
      vertex 67.25842672832366 -16.171529995576734 2.9802293965985882e-9
    endloop
  endfacet
  facet normal 0 0 -1
    outer loop
      vertex 50 -50.3 2.9802293965985882e-9
      vertex 67.25842672832366 -15.828470004423266 2.9802293965985882e-9
      vertex 67.25 -16 2.9802293965985882e-9
    endloop
  endfacet
  facet normal 0 0 -1
    outer loop
      vertex 50 -50.3 2.9802293965985882e-9
      vertex 67.28362575929435 -15.658591936471772 2.9802293965985882e-9
      vertex 67.25842672832366 -15.828470004423266 2.9802293965985882e-9
    endloop
  endfacet
  facet normal 0 0 -1
    outer loop
      vertex 50 -50.3 2.9802293965985882e-9
      vertex 67.32535441246864 -15.492001814804688 2.9802293965985882e-9
      vertex 67.28362575929435 -15.658591936471772 2.9802293965985882e-9
    endloop
  endfacet
  facet normal 0 0 -1
    outer loop
      vertex 50 -50.3 2.9802293965985882e-9
      vertex 67.38321081810525 -15.330303993361092 2.9802293965985882e-9
      vertex 67.32535441246864 -15.492001814804688 2.9802293965985882e-9
    endloop
  endfacet
  facet normal 0 0 -1
    outer loop
      vertex 50 -50.3 2.9802293965985882e-9
      vertex 67.45663778739038 -15.175055710554503 2.9802293965985882e-9
      vertex 67.38321081810525 -15.330303993361092 2.9802293965985882e-9
    endloop
  endfacet
  facet normal 0 0 -1
    outer loop
      vertex 50 -50.3 2.9802293965985882e-9
      vertex 68.3303039933611 -17.616789181894752 2.9802293965985882e-9
      vertex 68.4920018148047 -17.674645587531366 2.9802293965985882e-9
    endloop
  endfacet
  facet normal 0 0 -1
    outer loop
      vertex 50 -50.3 2.9802293965985882e-9
      vertex 68.4920018148047 -17.674645587531366 2.9802293965985882e-9
      vertex 68.65859193647178 -17.716374240705655 2.9802293965985882e-9
    endloop
  endfacet
  facet normal 0 0 -1
    outer loop
      vertex 50 -50.3 2.9802293965985882e-9
      vertex 68.65859193647178 -17.716374240705655 2.9802293965985882e-9
      vertex 68.82847000442327 -17.741573271676344 2.9802293965985882e-9
    endloop
  endfacet
  facet normal 0 0 -1
    outer loop
      vertex 50 -50.3 2.9802293965985882e-9
      vertex 68.82847000442327 -17.741573271676344 2.9802293965985882e-9
      vertex 69 -17.75 2.9802293965985882e-9
    endloop
  endfacet
  facet normal 0 0 -1
    outer loop
      vertex 50 -50.3 2.9802293965985882e-9
      vertex 69 -17.75 2.9802293965985882e-9
      vertex 69.17152999557673 -17.741573271676344 2.9802293965985882e-9
    endloop
  endfacet
  facet normal 0 0 -1
    outer loop
      vertex 50 -50.3 2.9802293965985882e-9
      vertex 69.17152999557673 -17.741573271676344 2.9802293965985882e-9
      vertex 69.34140806352822 -17.716374240705655 2.9802293965985882e-9
    endloop
  endfacet
  facet normal 0 0 -1
    outer loop
      vertex 50 -50.3 2.9802293965985882e-9
      vertex 69.34140806352822 -17.716374240705655 2.9802293965985882e-9
      vertex 69.5079981851953 -17.674645587531366 2.9802293965985882e-9
    endloop
  endfacet
  facet normal 0 0 -1
    outer loop
      vertex 50 -50.3 2.9802293965985882e-9
      vertex 69.5079981851953 -17.674645587531366 2.9802293965985882e-9
      vertex 69.6696960066389 -17.616789181894752 2.9802293965985882e-9
    endloop
  endfacet
  facet normal -1 0 0
    outer loop
      vertex 50 -50.3 2.0000000029802294
      vertex 50 50.3 2.9802293965985882e-9
      vertex 50 -50.3 2.9802293965985882e-9
    endloop
  endfacet
  facet normal 0 0 1
    outer loop
      vertex 50 -50.3 2.0000000029802294
      vertex 67.32535441246864 -16.507998185195312 2.0000000029802294
      vertex 50 50.3 2.0000000029802294
    endloop
  endfacet
  facet normal 0 0 -1
    outer loop
      vertex 50 -50.3 2.9802293965985882e-9
      vertex 67.45663778739038 15.175055710554503 2.9802293965985882e-9
      vertex 67.54492817847054 15.027752092215692 2.9802293965985882e-9
    endloop
  endfacet
  facet normal 0 0 -1
    outer loop
      vertex 50 -50.3 2.9802293965985882e-9
      vertex 67.38321081810525 15.330303993361099 2.9802293965985882e-9
      vertex 67.45663778739038 15.175055710554503 2.9802293965985882e-9
    endloop
  endfacet
  facet normal 0 0 -1
    outer loop
      vertex 50 -50.3 2.9802293965985882e-9
      vertex 67.54492817847054 15.027752092215692 2.9802293965985882e-9
      vertex 67.64723170661522 14.889811752713626 2.9802293965985882e-9
    endloop
  endfacet
  facet normal 0 0 -1
    outer loop
      vertex 50 -50.3 2.9802293965985882e-9
      vertex 67.64723170661522 14.889811752713626 2.9802293965985882e-9
      vertex 67.76256313292355 14.762563132923546 2.9802293965985882e-9
    endloop
  endfacet
  facet normal 0 0 -1
    outer loop
      vertex 50 -50.3 2.9802293965985882e-9
      vertex 67.76256313292355 14.762563132923546 2.9802293965985882e-9
      vertex 67.88981175271363 14.647231706615216 2.9802293965985882e-9
    endloop
  endfacet
  facet normal 0 0 -1
    outer loop
      vertex 50 -50.3 2.9802293965985882e-9
      vertex 67.88981175271363 14.647231706615216 2.9802293965985882e-9
      vertex 68.02775209221569 14.544928178470542 2.9802293965985882e-9
    endloop
  endfacet
  facet normal 0 0 -1
    outer loop
      vertex 50 -50.3 2.9802293965985882e-9
      vertex 68.1750557105545 14.456637787390378 2.9802293965985882e-9
      vertex 68.3303039933611 14.383210818105255 2.9802293965985882e-9
    endloop
  endfacet
  facet normal 0 0 -1
    outer loop
      vertex 50 -50.3 2.9802293965985882e-9
      vertex 68.02775209221569 14.544928178470542 2.9802293965985882e-9
      vertex 68.1750557105545 14.456637787390378 2.9802293965985882e-9
    endloop
  endfacet
  facet normal 0 0 -1
    outer loop
      vertex 50 -50.3 2.9802293965985882e-9
      vertex 68.3303039933611 14.383210818105255 2.9802293965985882e-9
      vertex 68.4920018148047 14.325354412468641 2.9802293965985882e-9
    endloop
  endfacet
  facet normal 0 0 -1
    outer loop
      vertex 50 -50.3 2.9802293965985882e-9
      vertex 68.4920018148047 14.325354412468641 2.9802293965985882e-9
      vertex 68.65859193647178 14.283625759294353 2.9802293965985882e-9
    endloop
  endfacet
  facet normal 0 0 -1
    outer loop
      vertex 50 -50.3 2.9802293965985882e-9
      vertex 68.65859193647178 14.283625759294353 2.9802293965985882e-9
      vertex 68.82847000442327 14.258426728323656 2.9802293965985882e-9
    endloop
  endfacet
  facet normal 0 0 -1
    outer loop
      vertex 50 -50.3 2.9802293965985882e-9
      vertex 68.82847000442327 14.258426728323656 2.9802293965985882e-9
      vertex 69 14.25 2.9802293965985882e-9
    endloop
  endfacet
  facet normal 0 0 -1
    outer loop
      vertex 50 -50.3 2.9802293965985882e-9
      vertex 69 14.25 2.9802293965985882e-9
      vertex 69.17152999557673 14.258426728323656 2.9802293965985882e-9
    endloop
  endfacet
  facet normal 0 0 -1
    outer loop
      vertex 50 -50.3 2.9802293965985882e-9
      vertex 69.17152999557673 14.258426728323656 2.9802293965985882e-9
      vertex 69.34140806352822 14.283625759294353 2.9802293965985882e-9
    endloop
  endfacet
  facet normal 0 0 -1
    outer loop
      vertex 50 -50.3 2.9802293965985882e-9
      vertex 69.34140806352822 14.283625759294353 2.9802293965985882e-9
      vertex 69.5079981851953 14.325354412468641 2.9802293965985882e-9
    endloop
  endfacet
  facet normal 0 0 -1
    outer loop
      vertex 50 -50.3 2.9802293965985882e-9
      vertex 69.5079981851953 14.325354412468641 2.9802293965985882e-9
      vertex 69.6696960066389 14.383210818105255 2.9802293965985882e-9
    endloop
  endfacet
  facet normal 0 0 -1
    outer loop
      vertex 50 -50.3 2.9802293965985882e-9
      vertex 69.6696960066389 14.383210818105255 2.9802293965985882e-9
      vertex 69.8249442894455 14.456637787390378 2.9802293965985882e-9
    endloop
  endfacet
  facet normal 0 0 -1
    outer loop
      vertex 50 -50.3 2.9802293965985882e-9
      vertex 69.8249442894455 14.456637787390378 2.9802293965985882e-9
      vertex 69.97224790778431 14.544928178470542 2.9802293965985882e-9
    endloop
  endfacet
  facet normal 0 0 -1
    outer loop
      vertex 50 -50.3 2.9802293965985882e-9
      vertex 69.97224790778431 14.544928178470542 2.9802293965985882e-9
      vertex 70.11018824728637 14.647231706615216 2.9802293965985882e-9
    endloop
  endfacet
  facet normal 0 0 -1
    outer loop
      vertex 50 -50.3 2.9802293965985882e-9
      vertex 70.11018824728637 14.647231706615216 2.9802293965985882e-9
      vertex 70.23743686707645 14.762563132923546 2.9802293965985882e-9
    endloop
  endfacet
  facet normal 0 0 -1
    outer loop
      vertex 50 -50.3 2.9802293965985882e-9
      vertex 70.23743686707645 14.762563132923546 2.9802293965985882e-9
      vertex 70.35276829338478 14.889811752713626 2.9802293965985882e-9
    endloop
  endfacet
  facet normal 0 0 -1
    outer loop
      vertex 50 -50.3 2.9802293965985882e-9
      vertex 70.35276829338478 14.889811752713626 2.9802293965985882e-9
      vertex 70.45507182152946 15.027752092215692 2.9802293965985882e-9
    endloop
  endfacet
  facet normal 0 0 -1
    outer loop
      vertex 50 -50.3 2.9802293965985882e-9
      vertex 70.45507182152946 15.027752092215692 2.9802293965985882e-9
      vertex 70.54336221260962 15.175055710554503 2.9802293965985882e-9
    endloop
  endfacet
  facet normal 0 0 -1
    outer loop
      vertex 50 -50.3 2.9802293965985882e-9
      vertex 70.54336221260962 15.175055710554503 2.9802293965985882e-9
      vertex 70.61678918189475 15.330303993361099 2.9802293965985882e-9
    endloop
  endfacet
  facet normal 0 0 -1
    outer loop
      vertex 50 -50.3 2.9802293965985882e-9
      vertex 67.32535441246864 15.492001814804695 2.9802293965985882e-9
      vertex 67.38321081810525 15.330303993361099 2.9802293965985882e-9
    endloop
  endfacet
  facet normal 0 0 -1
    outer loop
      vertex 50 -50.3 2.9802293965985882e-9
      vertex 67.28362575929435 15.65859193647178 2.9802293965985882e-9
      vertex 67.32535441246864 15.492001814804695 2.9802293965985882e-9
    endloop
  endfacet
  facet normal 0 0 -1
    outer loop
      vertex 50 -50.3 2.9802293965985882e-9
      vertex 67.25842672832366 15.828470004423266 2.9802293965985882e-9
      vertex 67.28362575929435 15.65859193647178 2.9802293965985882e-9
    endloop
  endfacet
  facet normal 0 0 -1
    outer loop
      vertex 50 -50.3 2.9802293965985882e-9
      vertex 67.25 16 2.9802293965985882e-9
      vertex 67.25842672832366 15.828470004423266 2.9802293965985882e-9
    endloop
  endfacet
  facet normal 0 0 -1
    outer loop
      vertex 50 -50.3 2.9802293965985882e-9
      vertex 67.25842672832366 16.171529995576734 2.9802293965985882e-9
      vertex 67.25 16 2.9802293965985882e-9
    endloop
  endfacet
  facet normal 0 0 -1
    outer loop
      vertex 50 -50.3 2.9802293965985882e-9
      vertex 67.28362575929435 16.34140806352822 2.9802293965985882e-9
      vertex 67.25842672832366 16.171529995576734 2.9802293965985882e-9
    endloop
  endfacet
  facet normal 0 0 -1
    outer loop
      vertex 50 -50.3 2.9802293965985882e-9
      vertex 67.32535441246864 16.507998185195305 2.9802293965985882e-9
      vertex 67.28362575929435 16.34140806352822 2.9802293965985882e-9
    endloop
  endfacet
  facet normal 0 0 -1
    outer loop
      vertex 50 -50.3 2.9802293965985882e-9
      vertex 70.61678918189475 15.330303993361099 2.9802293965985882e-9
      vertex 70.67464558753136 15.492001814804695 2.9802293965985882e-9
    endloop
  endfacet
  facet normal 0 0 1
    outer loop
      vertex 86 -50.3 2.0000000029802294
      vertex 50 50.3 2.0000000029802294
      vertex 70.67464558753136 -15.492001814804688 2.0000000029802294
    endloop
  endfacet
  facet normal 0 0 -1
    outer loop
      vertex 50 -50.3 2.9802293965985882e-9
      vertex 86 50.3 2.9802293965985882e-9
      vertex 67.45663778739038 -15.175055710554503 2.9802293965985882e-9
    endloop
  endfacet
  facet normal 0 -1 0
    outer loop
      vertex 91.29999999701977 -50.3 7.299999999999997
      vertex 91.29963863641024 -50.3 7.28527970165014
      vertex 93.29722955077887 -50.3 7.187144356966016
    endloop
  endfacet
  facet normal 0 -1 0
    outer loop
      vertex 91.29963863641024 -50.3 7.28527970165014
      vertex 91.27556227147579 -50.3 6.795193995535371
      vertex 93.29722955077887 -50.3 7.187144356966016
    endloop
  endfacet
  facet normal 0 -1 0
    outer loop
      vertex 91.29999999701977 -50.3 7.299999999999997
      vertex 93.29722955077887 -50.3 7.187144356966016
      vertex 93.29999999701977 -50.3 7.299999999999997
    endloop
  endfacet
  facet normal 0 -1 0
    outer loop
      vertex 91.27556227147579 -50.3 6.795193995535371
      vertex 91.2726765871048 -50.3 6.765895161032674
      vertex 93.25102961063385 -50.3 6.472434203326699
    endloop
  endfacet
  facet normal 0 -1 0
    outer loop
      vertex 91.2726765871048 -50.3 6.765895161032674
      vertex 91.20067935436964 -50.3 6.280529241263864
      vertex 93.25102961063385 -50.3 6.472434203326699
    endloop
  endfacet
  facet normal 0 -1 0
    outer loop
      vertex 93.29722955077887 -50.3 7.187144356966016
      vertex 91.27556227147579 -50.3 6.795193995535371
      vertex 93.27315318584442 -50.3 6.697058643400666
    endloop
  endfacet
  facet normal 0 -1 0
    outer loop
      vertex 91.27556227147579 -50.3 6.795193995535371
      vertex 93.25102961063385 -50.3 6.472434203326699
      vertex 93.27315318584442 -50.3 6.697058643400666
    endloop
  endfacet
  facet normal 0 -1 0
    outer loop
      vertex 91.20067935436964 -50.3 6.280529241263864
      vertex 91.19493577629328 -50.3 6.25165432989597
      vertex 93.13499827682972 -50.3 5.765693958103654
    endloop
  endfacet
  facet normal 0 -1 0
    outer loop
      vertex 91.19493577629328 -50.3 6.25165432989597
      vertex 91.0757110491395 -50.3 5.775682556629178
      vertex 93.01577354967594 -50.3 5.289722184836862
    endloop
  endfacet
  facet normal 0 -1 0
    outer loop
      vertex 93.25102961063385 -50.3 6.472434203326699
      vertex 91.20067935436964 -50.3 6.280529241263864
      vertex 93.1790323778987 -50.3 5.98706829100847
    endloop
  endfacet
  facet normal 0 -1 0
    outer loop
      vertex 91.20067935436964 -50.3 6.280529241263864
      vertex 93.13499827682972 -50.3 5.765693958103654
      vertex 93.1790323778987 -50.3 5.98706829100847
    endloop
  endfacet
  facet normal 0 -1 0
    outer loop
      vertex 91.19493577629328 -50.3 6.25165432989597
      vertex 93.01577354967594 -50.3 5.289722184836862
      vertex 93.13499827682972 -50.3 5.765693958103654
    endloop
  endfacet
  facet normal 0 -1 0
    outer loop
      vertex 91.0757110491395 -50.3 5.775682556629178
      vertex 91.0671648979187 -50.3 5.747509661316869
      vertex 92.95025303214788 -50.3 5.073729965090749
    endloop
  endfacet
  facet normal 0 -1 0
    outer loop
      vertex 91.0671648979187 -50.3 5.747509661316869
      vertex 90.9018608853221 -50.3 5.285515885055062
      vertex 92.95025303214788 -50.3 5.073729965090749
    endloop
  endfacet
  facet normal 0 -1 0
    outer loop
      vertex 91.0757110491395 -50.3 5.775682556629178
      vertex 92.95025303214788 -50.3 5.073729965090749
      vertex 93.01577354967594 -50.3 5.289722184836862
    endloop
  endfacet
  facet normal -0.9996988227482874 0 0.024541063458788384
    outer loop
      vertex 91.29999999701977 -50.3 7.299999999999997
      vertex 91.29963863641024 50.3 7.28527970165014
      vertex 91.29963863641024 -50.3 7.28527970165014
    endloop
  endfacet
  facet normal 0.9996988196291395 0 -0.024541190519305454
    outer loop
      vertex 93.29999999701977 -50.3 7.299999999999997
      vertex 93.29722955077887 -50.3 7.187144356966016
      vertex 93.29999999701977 50.3 7.299999999999997
    endloop
  endfacet
  facet normal 0.9987954564339008 0 -0.049067669671544176
    outer loop
      vertex 93.29722955077887 -50.3 7.187144356966016
      vertex 93.27315318584442 -50.3 6.697058643400666
      vertex 93.29722955077887 50.3 7.187144356966016
    endloop
  endfacet
  facet normal -0.9987954563973426 0 0.0490676704157047
    outer loop
      vertex 91.29963863641024 -50.3 7.28527970165014
      vertex 91.27556227147579 50.3 6.795193995535371
      vertex 91.27556227147579 -50.3 6.795193995535371
    endloop
  endfacet
  facet normal -0.9951847232128109 0 0.09801717545329021
    outer loop
      vertex 91.27556227147579 -50.3 6.795193995535371
      vertex 91.2726765871048 50.3 6.765895161032674
      vertex 91.2726765871048 -50.3 6.765895161032674
    endloop
  endfacet
  facet normal -0.9891765100509203 0 0.14673047387465746
    outer loop
      vertex 91.2726765871048 -50.3 6.765895161032674
      vertex 91.20067935436964 50.3 6.280529241263864
      vertex 91.20067935436964 -50.3 6.280529241263864
    endloop
  endfacet
  facet normal 0.9951847271564975 0 -0.09801713541237368
    outer loop
      vertex 93.27315318584442 -50.3 6.697058643400666
      vertex 93.25102961063385 -50.3 6.472434203326699
      vertex 93.27315318584442 50.3 6.697058643400666
    endloop
  endfacet
  facet normal -0.9807852732651268 0 0.19509035790179488
    outer loop
      vertex 91.20067935436964 -50.3 6.280529241263864
      vertex 91.19493577629328 50.3 6.25165432989597
      vertex 91.19493577629328 -50.3 6.25165432989597
    endloop
  endfacet
  facet normal -0.9700312510179108 0 0.24298018859287096
    outer loop
      vertex 91.19493577629328 -50.3 6.25165432989597
      vertex 91.0757110491395 50.3 5.775682556629178
      vertex 91.0757110491395 -50.3 5.775682556629178
    endloop
  endfacet
  facet normal -0.9569403653576821 0 0.29028457959234744
    outer loop
      vertex 91.0757110491395 -50.3 5.775682556629178
      vertex 91.0671648979187 50.3 5.747509661316869
      vertex 91.0671648979187 -50.3 5.747509661316869
    endloop
  endfacet
  facet normal 0.989176509724005 0 -0.14673047607854153
    outer loop
      vertex 93.25102961063385 -50.3 6.472434203326699
      vertex 93.1790323778987 -50.3 5.98706829100847
      vertex 93.25102961063385 50.3 6.472434203326699
    endloop
  endfacet
  facet normal 0.9807852732536779 0 -0.19509035795935217
    outer loop
      vertex 93.1790323778987 -50.3 5.98706829100847
      vertex 93.13499827682972 -50.3 5.765693958103654
      vertex 93.1790323778987 50.3 5.98706829100847
    endloop
  endfacet
  facet normal -0.941544067614677 0 0.33688984659619614
    outer loop
      vertex 91.0671648979187 -50.3 5.747509661316869
      vertex 90.9018608853221 50.3 5.285515885055062
      vertex 90.9018608853221 -50.3 5.285515885055062
    endloop
  endfacet
  facet normal -0.9238795284563802 0 0.38268344215449995
    outer loop
      vertex 90.9018608853221 -50.3 5.285515885055062
      vertex 90.89059445261955 50.3 5.258316311240193
      vertex 90.89059445261955 -50.3 5.258316311240193
    endloop
  endfacet
  facet normal 0.9700312510179108 0 -0.24298018859287096
    outer loop
      vertex 93.13499827682972 -50.3 5.765693958103654
      vertex 93.01577354967594 -50.3 5.289722184836862
      vertex 93.13499827682972 50.3 5.765693958103654
    endloop
  endfacet
  facet normal 0.9569403431372854 0 -0.29028465284319516
    outer loop
      vertex 93.01577354967594 -50.3 5.289722184836862
      vertex 92.95025303214788 -50.3 5.073729965090749
      vertex 93.01577354967594 50.3 5.289722184836862
    endloop
  endfacet
  facet normal 0 -1 0
    outer loop
      vertex 50 -50.3 2.9802293965985882e-9
      vertex 86 -50.3 2.9802293965985882e-9
      vertex 86 -50.3 2.0000000029802294
    endloop
  endfacet
  facet normal 0 0 1
    outer loop
      vertex 86 -50.3 2.0000000029802294
      vertex 69.17152999557673 -17.741573271676344 2.0000000029802294
      vertex 69 -17.75 2.0000000029802294
    endloop
  endfacet
  facet normal 0 0 1
    outer loop
      vertex 86 -50.3 2.0000000029802294
      vertex 69.34140806352822 -17.716374240705655 2.0000000029802294
      vertex 69.17152999557673 -17.741573271676344 2.0000000029802294
    endloop
  endfacet
  facet normal 0 0 1
    outer loop
      vertex 86 -50.3 2.0000000029802294
      vertex 69.5079981851953 -17.674645587531366 2.0000000029802294
      vertex 69.34140806352822 -17.716374240705655 2.0000000029802294
    endloop
  endfacet
  facet normal 0 0 1
    outer loop
      vertex 86 -50.3 2.0000000029802294
      vertex 69.6696960066389 -17.616789181894752 2.0000000029802294
      vertex 69.5079981851953 -17.674645587531366 2.0000000029802294
    endloop
  endfacet
  facet normal 0 0 1
    outer loop
      vertex 86 -50.3 2.0000000029802294
      vertex 69.8249442894455 -17.543362212609622 2.0000000029802294
      vertex 69.6696960066389 -17.616789181894752 2.0000000029802294
    endloop
  endfacet
  facet normal 0 0 1
    outer loop
      vertex 86 -50.3 2.0000000029802294
      vertex 69.97224790778431 -17.45507182152945 2.0000000029802294
      vertex 69.8249442894455 -17.543362212609622 2.0000000029802294
    endloop
  endfacet
  facet normal 0 0 1
    outer loop
      vertex 86 -50.3 2.0000000029802294
      vertex 70.11018824728637 -17.35276829338479 2.0000000029802294
      vertex 69.97224790778431 -17.45507182152945 2.0000000029802294
    endloop
  endfacet
  facet normal 0 0 1
    outer loop
      vertex 86 -50.3 2.0000000029802294
      vertex 70.23743686707645 -17.23743686707646 2.0000000029802294
      vertex 70.11018824728637 -17.35276829338479 2.0000000029802294
    endloop
  endfacet
  facet normal 0 0 1
    outer loop
      vertex 86 -50.3 2.0000000029802294
      vertex 70.35276829338478 -17.11018824728638 2.0000000029802294
      vertex 70.23743686707645 -17.23743686707646 2.0000000029802294
    endloop
  endfacet
  facet normal 0 0 1
    outer loop
      vertex 86 -50.3 2.0000000029802294
      vertex 70.45507182152946 -16.9722479077843 2.0000000029802294
      vertex 70.35276829338478 -17.11018824728638 2.0000000029802294
    endloop
  endfacet
  facet normal 0 0 1
    outer loop
      vertex 86 -50.3 2.0000000029802294
      vertex 70.54336221260962 -16.824944289445497 2.0000000029802294
      vertex 70.45507182152946 -16.9722479077843 2.0000000029802294
    endloop
  endfacet
  facet normal 0 0 1
    outer loop
      vertex 86 -50.3 2.0000000029802294
      vertex 70.61678918189475 -16.669696006638908 2.0000000029802294
      vertex 70.54336221260962 -16.824944289445497 2.0000000029802294
    endloop
  endfacet
  facet normal 0 0 1
    outer loop
      vertex 86 -50.3 2.0000000029802294
      vertex 70.67464558753136 -16.507998185195312 2.0000000029802294
      vertex 70.61678918189475 -16.669696006638908 2.0000000029802294
    endloop
  endfacet
  facet normal 0 0 1
    outer loop
      vertex 86 -50.3 2.0000000029802294
      vertex 70.71637424070565 -16.341408063528228 2.0000000029802294
      vertex 70.67464558753136 -16.507998185195312 2.0000000029802294
    endloop
  endfacet
  facet normal 0 0 1
    outer loop
      vertex 86 -50.3 2.0000000029802294
      vertex 70.74157327167634 -16.171529995576734 2.0000000029802294
      vertex 70.71637424070565 -16.341408063528228 2.0000000029802294
    endloop
  endfacet
  facet normal 0 0 1
    outer loop
      vertex 86 -50.3 2.0000000029802294
      vertex 70.75 -16 2.0000000029802294
      vertex 70.74157327167634 -16.171529995576734 2.0000000029802294
    endloop
  endfacet
  facet normal 0 0 1
    outer loop
      vertex 86 -50.3 2.0000000029802294
      vertex 70.74157327167634 -15.828470004423266 2.0000000029802294
      vertex 70.75 -16 2.0000000029802294
    endloop
  endfacet
  facet normal 0 0 1
    outer loop
      vertex 86 -50.3 2.0000000029802294
      vertex 70.71637424070565 -15.658591936471772 2.0000000029802294
      vertex 70.74157327167634 -15.828470004423266 2.0000000029802294
    endloop
  endfacet
  facet normal 0 0 1
    outer loop
      vertex 86 -50.3 2.0000000029802294
      vertex 70.67464558753136 -15.492001814804688 2.0000000029802294
      vertex 70.71637424070565 -15.658591936471772 2.0000000029802294
    endloop
  endfacet
  facet normal 0 0 -1
    outer loop
      vertex 86 -50.3 2.9802293965985882e-9
      vertex 69.6696960066389 -17.616789181894752 2.9802293965985882e-9
      vertex 69.8249442894455 -17.543362212609622 2.9802293965985882e-9
    endloop
  endfacet
  facet normal 0 0 -1
    outer loop
      vertex 86 -50.3 2.9802293965985882e-9
      vertex 69.8249442894455 -17.543362212609622 2.9802293965985882e-9
      vertex 69.97224790778431 -17.45507182152945 2.9802293965985882e-9
    endloop
  endfacet
  facet normal 0 0 -1
    outer loop
      vertex 86 -50.3 2.9802293965985882e-9
      vertex 69.97224790778431 -17.45507182152945 2.9802293965985882e-9
      vertex 70.11018824728637 -17.35276829338479 2.9802293965985882e-9
    endloop
  endfacet
  facet normal 0 0 -1
    outer loop
      vertex 86 -50.3 2.9802293965985882e-9
      vertex 70.11018824728637 -17.35276829338479 2.9802293965985882e-9
      vertex 70.23743686707645 -17.23743686707646 2.9802293965985882e-9
    endloop
  endfacet
  facet normal 0 0 -1
    outer loop
      vertex 86 -50.3 2.9802293965985882e-9
      vertex 70.23743686707645 -17.23743686707646 2.9802293965985882e-9
      vertex 70.35276829338478 -17.11018824728638 2.9802293965985882e-9
    endloop
  endfacet
  facet normal 0 0 -1
    outer loop
      vertex 86 -50.3 2.9802293965985882e-9
      vertex 70.35276829338478 -17.11018824728638 2.9802293965985882e-9
      vertex 70.45507182152946 -16.9722479077843 2.9802293965985882e-9
    endloop
  endfacet
  facet normal 0 0 -1
    outer loop
      vertex 86 -50.3 2.9802293965985882e-9
      vertex 70.45507182152946 -16.9722479077843 2.9802293965985882e-9
      vertex 70.54336221260962 -16.824944289445497 2.9802293965985882e-9
    endloop
  endfacet
  facet normal 0 0 -1
    outer loop
      vertex 86 -50.3 2.9802293965985882e-9
      vertex 70.54336221260962 -16.824944289445497 2.9802293965985882e-9
      vertex 70.61678918189475 -16.669696006638908 2.9802293965985882e-9
    endloop
  endfacet
  facet normal 0 0 -1
    outer loop
      vertex 86 -50.3 2.9802293965985882e-9
      vertex 70.61678918189475 -16.669696006638908 2.9802293965985882e-9
      vertex 70.67464558753136 -16.507998185195312 2.9802293965985882e-9
    endloop
  endfacet
  facet normal 0 0 -1
    outer loop
      vertex 86 -50.3 2.9802293965985882e-9
      vertex 70.67464558753136 -16.507998185195312 2.9802293965985882e-9
      vertex 70.71637424070565 -16.341408063528228 2.9802293965985882e-9
    endloop
  endfacet
  facet normal 0 0 -1
    outer loop
      vertex 86 -50.3 2.9802293965985882e-9
      vertex 70.71637424070565 -16.341408063528228 2.9802293965985882e-9
      vertex 70.74157327167634 -16.171529995576734 2.9802293965985882e-9
    endloop
  endfacet
  facet normal 0 0 -1
    outer loop
      vertex 86 -50.3 2.9802293965985882e-9
      vertex 70.74157327167634 -16.171529995576734 2.9802293965985882e-9
      vertex 70.75 -16 2.9802293965985882e-9
    endloop
  endfacet
  facet normal 0 0 -1
    outer loop
      vertex 86 -50.3 2.9802293965985882e-9
      vertex 70.75 -16 2.9802293965985882e-9
      vertex 70.74157327167634 -15.828470004423266 2.9802293965985882e-9
    endloop
  endfacet
  facet normal 0 0 -1
    outer loop
      vertex 86 -50.3 2.9802293965985882e-9
      vertex 70.74157327167634 -15.828470004423266 2.9802293965985882e-9
      vertex 70.71637424070565 -15.658591936471772 2.9802293965985882e-9
    endloop
  endfacet
  facet normal 0 0 -1
    outer loop
      vertex 86 -50.3 2.9802293965985882e-9
      vertex 70.67464558753136 -15.492001814804688 2.9802293965985882e-9
      vertex 70.61678918189475 -15.330303993361092 2.9802293965985882e-9
    endloop
  endfacet
  facet normal 0 0 -1
    outer loop
      vertex 86 -50.3 2.9802293965985882e-9
      vertex 70.71637424070565 -15.658591936471772 2.9802293965985882e-9
      vertex 70.67464558753136 -15.492001814804688 2.9802293965985882e-9
    endloop
  endfacet
  facet normal 0 -1 0
    outer loop
      vertex 90.9018608853221 -50.3 5.285515885055062
      vertex 90.89059445261955 -50.3 5.258316311240193
      vertex 92.69857303798199 -50.3 4.403206127882001
    endloop
  endfacet
  facet normal 0 -1 0
    outer loop
      vertex 90.89059445261955 -50.3 5.258316311240193
      vertex 90.68080311268568 -50.3 4.814749787747857
      vertex 92.69857303798199 -50.3 4.403206127882001
    endloop
  endfacet
  facet normal 0 -1 0
    outer loop
      vertex 90.68080311268568 -50.3 4.814749787747857
      vertex 90.66692490130663 -50.3 4.788785490393636
      vertex 92.38238211721182 -50.3 3.7605799913406344
    endloop
  endfacet
  facet normal 0 -1 0
    outer loop
      vertex 90.9018608853221 -50.3 5.285515885055062
      vertex 92.78494901955128 -50.3 4.611736188828942
      vertex 92.95025303214788 -50.3 5.073729965090749
    endloop
  endfacet
  facet normal 0 -1 0
    outer loop
      vertex 90.9018608853221 -50.3 5.285515885055062
      vertex 92.69857303798199 -50.3 4.403206127882001
      vertex 92.78494901955128 -50.3 4.611736188828942
    endloop
  endfacet
  facet normal 0 -1 0
    outer loop
      vertex 90.41466663777828 -50.3 4.367918010056016
      vertex 92.13012385368347 -50.3 3.3397125110030146
      vertex 90.66692490130663 -50.3 4.788785490393636
    endloop
  endfacet
  facet normal 0 -1 0
    outer loop
      vertex 90.68080311268568 -50.3 4.814749787747857
      vertex 92.38238211721182 -50.3 3.7605799913406344
      vertex 92.48878169059753 -50.3 3.9596395894885035
    endloop
  endfacet
  facet normal 0 -1 0
    outer loop
      vertex 90.39831031858921 -50.3 4.343439045548436
      vertex 90.10601452738047 -50.3 3.949323791265485
      vertex 92.00472538918257 -50.3 3.1520404398441286
    endloop
  endfacet
  facet normal 0 -1 0
    outer loop
      vertex 90.41466663777828 -50.3 4.367918010056016
      vertex 90.39831031858921 -50.3 4.343439045548436
      vertex 92.00472538918257 -50.3 3.1520404398441286
    endloop
  endfacet
  facet normal 0 -1 0
    outer loop
      vertex 90.66692490130663 -50.3 4.788785490393636
      vertex 92.13012385368347 -50.3 3.3397125110030146
      vertex 92.38238211721182 -50.3 3.7605799913406344
    endloop
  endfacet
  facet normal 0 -1 0
    outer loop
      vertex 90.68080311268568 -50.3 4.814749787747857
      vertex 92.48878169059753 -50.3 3.9596395894885035
      vertex 92.69857303798199 -50.3 4.403206127882001
    endloop
  endfacet
  facet normal 0 -1 0
    outer loop
      vertex 90.10601452738047 -50.3 3.949323791265485
      vertex 90.0873376056552 -50.3 3.9265658959746332
      vertex 91.56923985481262 -50.3 2.5834479808807345
    endloop
  endfacet
  facet normal 0 -1 0
    outer loop
      vertex 90.0873376056552 -50.3 3.9265658959746332
      vertex 89.75781924277544 -50.3 3.5629984095692606
      vertex 91.56923985481262 -50.3 2.5834479808807345
    endloop
  endfacet
  facet normal 0 -1 0
    outer loop
      vertex 89.73700159043074 -50.3 3.542180757224557
      vertex 91.08011950552464 -50.3 2.060278508067128
      vertex 89.75781924277544 -50.3 3.5629984095692606
    endloop
  endfacet
  facet normal 0 -1 0
    outer loop
      vertex 89.73700159043074 -50.3 3.542180757224557
      vertex 89.37343410402536 -50.3 3.212662394344804
      vertex 91.08011950552464 -50.3 2.060278508067128
    endloop
  endfacet
  facet normal 0 -1 0
    outer loop
      vertex 89.37343410402536 -50.3 3.212662394344804
      vertex 89.35067620873451 -50.3 3.1939854726195307
      vertex 90.54207481443882 -50.3 1.5875704020261736
    endloop
  endfacet
  facet normal 0 -1 0
    outer loop
      vertex 90.41466663777828 -50.3 4.367918010056016
      vertex 92.00472538918257 -50.3 3.1520404398441286
      vertex 92.13012385368347 -50.3 3.3397125110030146
    endloop
  endfacet
  facet normal 0 -1 0
    outer loop
      vertex 90.10601452738047 -50.3 3.949323791265485
      vertex 91.71242959797382 -50.3 2.7579251855611773
      vertex 92.00472538918257 -50.3 3.1520404398441286
    endloop
  endfacet
  facet normal 0 -1 0
    outer loop
      vertex 90.10601452738047 -50.3 3.949323791265485
      vertex 91.56923985481262 -50.3 2.5834479808807345
      vertex 91.71242959797382 -50.3 2.7579251855611773
    endloop
  endfacet
  facet normal 0 -1 0
    outer loop
      vertex 89.75781924277544 -50.3 3.5629984095692606
      vertex 91.23972149193287 -50.3 2.219880494475362
      vertex 91.56923985481262 -50.3 2.5834479808807345
    endloop
  endfacet
  facet normal 0 -1 0
    outer loop
      vertex 89.75781924277544 -50.3 3.5629984095692606
      vertex 91.08011950552464 -50.3 2.060278508067128
      vertex 91.23972149193287 -50.3 2.219880494475362
    endloop
  endfacet
  facet normal 0 -1 0
    outer loop
      vertex 86.01472029834986 -50.3 2.000361363589761
      vertex 86 -50.3 2.0000000029802294
      vertex 86.11285564303398 -50.3 0.0027704492211313436
    endloop
  endfacet
  facet normal 0 -1 0
    outer loop
      vertex 86.01472029834986 -50.3 2.000361363589761
      vertex 86.11285564303398 -50.3 0.0027704492211313436
      vertex 86.50480599701405 -50.3 2.0244377285242052
    endloop
  endfacet
  facet normal 0 -1 0
    outer loop
      vertex 87.01947075128555 -50.3 2.099320645630357
      vertex 87.53430602699518 -50.3 0.16500171571969702
      vertex 87.04834567010403 -50.3 2.1050642237067194
    endloop
  endfacet
  facet normal 0 -1 0
    outer loop
      vertex 86.53410483896732 -50.3 2.0273234128952
      vertex 86.50480599701405 -50.3 2.0244377285242052
      vertex 86.8275657966733 -50.3 0.04897038936614706
    endloop
  endfacet
  facet normal 0 -1 0
    outer loop
      vertex 86.53410483896732 -50.3 2.0273234128952
      vertex 86.8275657966733 -50.3 0.04897038936614706
      vertex 87.01947075128555 -50.3 2.099320645630357
    endloop
  endfacet
  facet normal 0 -1 0
    outer loop
      vertex 87.52431744337082 -50.3 2.2242889508604975
      vertex 87.04834567010403 -50.3 2.1050642237067194
      vertex 88.01027781516314 -50.3 0.2842264503240557
    endloop
  endfacet
  facet normal 0 -1 0
    outer loop
      vertex 87.52431744337082 -50.3 2.2242889508604975
      vertex 88.01027781516314 -50.3 0.2842264503240557
      vertex 87.55249033868313 -50.3 2.232835102081296
    endloop
  endfacet
  facet normal 0 -1 0
    outer loop
      vertex 86 -50.3 2.0000000029802294
      vertex 86 -50.3 2.9802293965985882e-9
      vertex 86.11285564303398 -50.3 0.0027704492211313436
    endloop
  endfacet
  facet normal 0 -1 0
    outer loop
      vertex 86.50480599701405 -50.3 2.0244377285242052
      vertex 86.11285564303398 -50.3 0.0027704492211313436
      vertex 86.60294134169817 -50.3 0.02684681415557577
    endloop
  endfacet
  facet normal 0 -1 0
    outer loop
      vertex 86.50480599701405 -50.3 2.0244377285242052
      vertex 86.60294134169817 -50.3 0.02684681415557577
      vertex 86.8275657966733 -50.3 0.04897038936614706
    endloop
  endfacet
  facet normal 0 -1 0
    outer loop
      vertex 87.01947075128555 -50.3 2.099320645630357
      vertex 86.8275657966733 -50.3 0.04897038936614706
      vertex 87.31293170899153 -50.3 0.12096762210130407
    endloop
  endfacet
  facet normal 0 -1 0
    outer loop
      vertex 87.01947075128555 -50.3 2.099320645630357
      vertex 87.31293170899153 -50.3 0.12096762210130407
      vertex 87.53430602699518 -50.3 0.16500171571969702
    endloop
  endfacet
  facet normal 0 -1 0
    outer loop
      vertex 87.04834567010403 -50.3 2.1050642237067194
      vertex 87.53430602699518 -50.3 0.16500171571969702
      vertex 88.01027781516314 -50.3 0.2842264503240557
    endloop
  endfacet
  facet normal 0 -1 0
    outer loop
      vertex 88.93208198994398 -50.3 2.885333362221715
      vertex 88.51121450960636 -50.3 2.6330750912427874
      vertex 89.96028748899698 -50.3 1.1698761463165255
    endloop
  endfacet
  facet normal 0 -1 0
    outer loop
      vertex 88.51121450960636 -50.3 2.6330750912427874
      vertex 88.48525021225214 -50.3 2.6191968873143168
      vertex 89.34036039561033 -50.3 0.8112183019518824
    endloop
  endfacet
  facet normal 0 -1 0
    outer loop
      vertex 88.48525021225214 -50.3 2.6191968873143168
      vertex 88.0416836887598 -50.3 2.4094055473804445
      vertex 89.34036039561033 -50.3 0.8112183019518824
    endloop
  endfacet
  facet normal 0 -1 0
    outer loop
      vertex 89.35067620873451 -50.3 3.1939854726195307
      vertex 88.95656095445156 -50.3 2.9016896814107866
      vertex 90.14795956015587 -50.3 1.2952746108174296
    endloop
  endfacet
  facet normal 0 -1 0
    outer loop
      vertex 88.95656095445156 -50.3 2.9016896814107866
      vertex 88.93208198994398 -50.3 2.885333362221715
      vertex 89.96028748899698 -50.3 1.1698761463165255
    endloop
  endfacet
  facet normal 0 -1 0
    outer loop
      vertex 89.37343410402536 -50.3 3.212662394344804
      vertex 90.71655201166868 -50.3 1.7307601377367945
      vertex 91.08011950552464 -50.3 2.060278508067128
    endloop
  endfacet
  facet normal 0 -1 0
    outer loop
      vertex 89.37343410402536 -50.3 3.212662394344804
      vertex 90.54207481443882 -50.3 1.5875704020261736
      vertex 90.71655201166868 -50.3 1.7307601377367945
    endloop
  endfacet
  facet normal 0 -1 0
    outer loop
      vertex 89.35067620873451 -50.3 3.1939854726195307
      vertex 90.14795956015587 -50.3 1.2952746108174296
      vertex 90.54207481443882 -50.3 1.5875704020261736
    endloop
  endfacet
  facet normal 0 -1 0
    outer loop
      vertex 88.0416836887598 -50.3 2.4094055473804445
      vertex 88.01448411494493 -50.3 2.398139114677903
      vertex 88.68826381117105 -50.3 0.51505098044872
    endloop
  endfacet
  facet normal 0 -1 0
    outer loop
      vertex 87.55249033868313 -50.3 2.232835102081296
      vertex 88.22627003490925 -50.3 0.3497469678521128
      vertex 88.01448411494493 -50.3 2.398139114677903
    endloop
  endfacet
  facet normal 0 -1 0
    outer loop
      vertex 88.51121450960636 -50.3 2.6330750912427874
      vertex 89.34036039561033 -50.3 0.8112183019518824
      vertex 89.5394199937582 -50.3 0.9176178678870173
    endloop
  endfacet
  facet normal 0 -1 0
    outer loop
      vertex 88.0416836887598 -50.3 2.4094055473804445
      vertex 88.89679385721684 -50.3 0.6014269545674296
      vertex 89.34036039561033 -50.3 0.8112183019518824
    endloop
  endfacet
  facet normal 0 -1 0
    outer loop
      vertex 88.95656095445156 -50.3 2.9016896814107866
      vertex 89.96028748899698 -50.3 1.1698761463165255
      vertex 90.14795956015587 -50.3 1.2952746108174296
    endloop
  endfacet
  facet normal 0 -1 0
    outer loop
      vertex 88.51121450960636 -50.3 2.6330750912427874
      vertex 89.5394199937582 -50.3 0.9176178678870173
      vertex 89.96028748899698 -50.3 1.1698761463165255
    endloop
  endfacet
  facet normal 0 -1 0
    outer loop
      vertex 88.0416836887598 -50.3 2.4094055473804445
      vertex 88.68826381117105 -50.3 0.51505098044872
      vertex 88.89679385721684 -50.3 0.6014269545674296
    endloop
  endfacet
  facet normal 0 -1 0
    outer loop
      vertex 87.55249033868313 -50.3 2.232835102081296
      vertex 88.01027781516314 -50.3 0.2842264503240557
      vertex 88.22627003490925 -50.3 0.3497469678521128
    endloop
  endfacet
  facet normal 0 -1 0
    outer loop
      vertex 88.01448411494493 -50.3 2.398139114677903
      vertex 88.22627003490925 -50.3 0.3497469678521128
      vertex 88.68826381117105 -50.3 0.51505098044872
    endloop
  endfacet
  facet normal 0 0 1
    outer loop
      vertex 86 -50.3 2.0000000029802294
      vertex 67.54492817847054 15.027752092215692 2.0000000029802294
      vertex 67.45663778739038 15.175055710554503 2.0000000029802294
    endloop
  endfacet
  facet normal 0 0 1
    outer loop
      vertex 86 -50.3 2.0000000029802294
      vertex 67.88981175271363 14.647231706615216 2.0000000029802294
      vertex 67.76256313292355 14.762563132923546 2.0000000029802294
    endloop
  endfacet
  facet normal 0 0 1
    outer loop
      vertex 86 -50.3 2.0000000029802294
      vertex 68.02775209221569 14.544928178470542 2.0000000029802294
      vertex 67.88981175271363 14.647231706615216 2.0000000029802294
    endloop
  endfacet
  facet normal 0 0 1
    outer loop
      vertex 86 -50.3 2.0000000029802294
      vertex 67.64723170661522 14.889811752713626 2.0000000029802294
      vertex 67.54492817847054 15.027752092215692 2.0000000029802294
    endloop
  endfacet
  facet normal 0 0 1
    outer loop
      vertex 86 -50.3 2.0000000029802294
      vertex 67.76256313292355 14.762563132923546 2.0000000029802294
      vertex 67.64723170661522 14.889811752713626 2.0000000029802294
    endloop
  endfacet
  facet normal 0 0 1
    outer loop
      vertex 86 -50.3 2.0000000029802294
      vertex 68.3303039933611 14.383210818105255 2.0000000029802294
      vertex 68.1750557105545 14.456637787390378 2.0000000029802294
    endloop
  endfacet
  facet normal 0 0 1
    outer loop
      vertex 86 -50.3 2.0000000029802294
      vertex 68.1750557105545 14.456637787390378 2.0000000029802294
      vertex 68.02775209221569 14.544928178470542 2.0000000029802294
    endloop
  endfacet
  facet normal 0 0 1
    outer loop
      vertex 86 -50.3 2.0000000029802294
      vertex 68.4920018148047 14.325354412468641 2.0000000029802294
      vertex 68.3303039933611 14.383210818105255 2.0000000029802294
    endloop
  endfacet
  facet normal 0 0 1
    outer loop
      vertex 86 -50.3 2.0000000029802294
      vertex 68.65859193647178 14.283625759294353 2.0000000029802294
      vertex 68.4920018148047 14.325354412468641 2.0000000029802294
    endloop
  endfacet
  facet normal 0 0 1
    outer loop
      vertex 86 -50.3 2.0000000029802294
      vertex 68.82847000442327 14.258426728323656 2.0000000029802294
      vertex 68.65859193647178 14.283625759294353 2.0000000029802294
    endloop
  endfacet
  facet normal 0 0 1
    outer loop
      vertex 86 -50.3 2.0000000029802294
      vertex 69 14.25 2.0000000029802294
      vertex 68.82847000442327 14.258426728323656 2.0000000029802294
    endloop
  endfacet
  facet normal 0 0 1
    outer loop
      vertex 86 -50.3 2.0000000029802294
      vertex 69.17152999557673 14.258426728323656 2.0000000029802294
      vertex 69 14.25 2.0000000029802294
    endloop
  endfacet
  facet normal 0 0 1
    outer loop
      vertex 86 -50.3 2.0000000029802294
      vertex 69.34140806352822 14.283625759294353 2.0000000029802294
      vertex 69.17152999557673 14.258426728323656 2.0000000029802294
    endloop
  endfacet
  facet normal 0 0 1
    outer loop
      vertex 86 -50.3 2.0000000029802294
      vertex 69.5079981851953 14.325354412468641 2.0000000029802294
      vertex 69.34140806352822 14.283625759294353 2.0000000029802294
    endloop
  endfacet
  facet normal 0 0 1
    outer loop
      vertex 86 -50.3 2.0000000029802294
      vertex 69.6696960066389 14.383210818105255 2.0000000029802294
      vertex 69.5079981851953 14.325354412468641 2.0000000029802294
    endloop
  endfacet
  facet normal 0 0 1
    outer loop
      vertex 86 -50.3 2.0000000029802294
      vertex 69.8249442894455 14.456637787390378 2.0000000029802294
      vertex 69.6696960066389 14.383210818105255 2.0000000029802294
    endloop
  endfacet
  facet normal 0 0 1
    outer loop
      vertex 86 -50.3 2.0000000029802294
      vertex 69.97224790778431 14.544928178470542 2.0000000029802294
      vertex 69.8249442894455 14.456637787390378 2.0000000029802294
    endloop
  endfacet
  facet normal 0 0 1
    outer loop
      vertex 86 -50.3 2.0000000029802294
      vertex 70.11018824728637 14.647231706615216 2.0000000029802294
      vertex 69.97224790778431 14.544928178470542 2.0000000029802294
    endloop
  endfacet
  facet normal 0 0 1
    outer loop
      vertex 86 -50.3 2.0000000029802294
      vertex 70.23743686707645 14.762563132923546 2.0000000029802294
      vertex 70.11018824728637 14.647231706615216 2.0000000029802294
    endloop
  endfacet
  facet normal 0 0 1
    outer loop
      vertex 86 -50.3 2.0000000029802294
      vertex 70.35276829338478 14.889811752713626 2.0000000029802294
      vertex 70.23743686707645 14.762563132923546 2.0000000029802294
    endloop
  endfacet
  facet normal 0 0 1
    outer loop
      vertex 86 -50.3 2.0000000029802294
      vertex 70.45507182152946 15.027752092215692 2.0000000029802294
      vertex 70.35276829338478 14.889811752713626 2.0000000029802294
    endloop
  endfacet
  facet normal 0 0 1
    outer loop
      vertex 86 -50.3 2.0000000029802294
      vertex 70.54336221260962 15.175055710554503 2.0000000029802294
      vertex 70.45507182152946 15.027752092215692 2.0000000029802294
    endloop
  endfacet
  facet normal 0 0 1
    outer loop
      vertex 86 -50.3 2.0000000029802294
      vertex 70.61678918189475 15.330303993361099 2.0000000029802294
      vertex 70.54336221260962 15.175055710554503 2.0000000029802294
    endloop
  endfacet
  facet normal 0 0 -1
    outer loop
      vertex 86 -50.3 2.9802293965985882e-9
      vertex 70.61678918189475 -15.330303993361092 2.9802293965985882e-9
      vertex 86 50.3 2.9802293965985882e-9
    endloop
  endfacet
  facet normal -0.857728606695699 0 0.5141027497065687
    outer loop
      vertex 90.41466663777828 -50.3 4.367918010056016
      vertex 90.66692490130663 -50.3 4.788785490393636
      vertex 90.41466663777828 50.3 4.367918010056016
    endloop
  endfacet
  facet normal -0.8314696432643974 0 0.5555701866819128
    outer loop
      vertex 90.41466663777828 -50.3 4.367918010056016
      vertex 90.39831031858921 50.3 4.343439045548436
      vertex 90.39831031858921 -50.3 4.343439045548436
    endloop
  endfacet
  facet normal -0.8032075338446832 0 0.5956993013048966
    outer loop
      vertex 90.39831031858921 -50.3 4.343439045548436
      vertex 90.10601452738047 50.3 3.949323791265485
      vertex 90.10601452738047 -50.3 3.949323791265485
    endloop
  endfacet
  facet normal -0.773010457757328 0 0.6343932788088209
    outer loop
      vertex 90.10601452738047 -50.3 3.949323791265485
      vertex 90.0873376056552 50.3 3.9265658959746332
      vertex 90.0873376056552 -50.3 3.9265658959746332
    endloop
  endfacet
  facet normal -0.9039892942597552 0 0.42755509102775247
    outer loop
      vertex 90.89059445261955 -50.3 5.258316311240193
      vertex 90.68080311268568 50.3 4.814749787747857
      vertex 90.68080311268568 -50.3 4.814749787747857
    endloop
  endfacet
  facet normal -0.8819211894204432 0 0.4713968770062342
    outer loop
      vertex 90.68080311268568 -50.3 4.814749787747857
      vertex 90.66692490130663 50.3 4.788785490393636
      vertex 90.66692490130663 -50.3 4.788785490393636
    endloop
  endfacet
  facet normal 0.941544067614677 0 -0.33688984659619614
    outer loop
      vertex 92.95025303214788 -50.3 5.073729965090749
      vertex 92.78494901955128 -50.3 4.611736188828942
      vertex 92.95025303214788 50.3 5.073729965090749
    endloop
  endfacet
  facet normal 0.9238795291238309 0 -0.38268344054313175
    outer loop
      vertex 92.78494901955128 -50.3 4.611736188828942
      vertex 92.69857303798199 -50.3 4.403206127882001
      vertex 92.78494901955128 50.3 4.611736188828942
    endloop
  endfacet
  facet normal 0.903989293942426 0 -0.4275550916986887
    outer loop
      vertex 92.69857303798199 -50.3 4.403206127882001
      vertex 92.48878169059753 -50.3 3.9596395894885035
      vertex 92.69857303798199 50.3 4.403206127882001
    endloop
  endfacet
  facet normal 0.8819212616632702 0 -0.4713967418494379
    outer loop
      vertex 92.48878169059753 -50.3 3.9596395894885035
      vertex 92.38238211721182 -50.3 3.7605799913406344
      vertex 92.48878169059753 50.3 3.9596395894885035
    endloop
  endfacet
  facet normal -0.7409511245144411 0 0.6715589557743871
    outer loop
      vertex 90.0873376056552 -50.3 3.9265658959746332
      vertex 89.75781924277544 50.3 3.5629984095692606
      vertex 89.75781924277544 -50.3 3.5629984095692606
    endloop
  endfacet
  facet normal -0.7071067811865475 0 0.7071067811865475
    outer loop
      vertex 89.73700159043074 -50.3 3.542180757224557
      vertex 89.75781924277544 -50.3 3.5629984095692606
      vertex 89.73700159043074 50.3 3.542180757224557
    endloop
  endfacet
  facet normal -0.6715589557743871 0 0.7409511245144411
    outer loop
      vertex 89.73700159043074 -50.3 3.542180757224557
      vertex 89.37343410402536 50.3 3.212662394344804
      vertex 89.37343410402536 -50.3 3.212662394344804
    endloop
  endfacet
  facet normal -0.6343932788088209 0 0.773010457757328
    outer loop
      vertex 89.37343410402536 -50.3 3.212662394344804
      vertex 89.35067620873451 50.3 3.1939854726195307
      vertex 89.35067620873451 -50.3 3.1939854726195307
    endloop
  endfacet
  facet normal -0.5956993013048966 0 0.8032075338446832
    outer loop
      vertex 89.35067620873451 -50.3 3.1939854726195307
      vertex 88.95656095445156 50.3 2.9016896814107866
      vertex 88.95656095445156 -50.3 2.9016896814107866
    endloop
  endfacet
  facet normal -0.5555701866819128 0 0.8314696432643974
    outer loop
      vertex 88.95656095445156 -50.3 2.9016896814107866
      vertex 88.93208198994398 50.3 2.885333362221715
      vertex 88.93208198994398 -50.3 2.885333362221715
    endloop
  endfacet
  facet normal -0.47139668017094966 0 0.8819212946311068
    outer loop
      vertex 88.51121450960636 -50.3 2.6330750912427874
      vertex 88.48525021225214 50.3 2.6191968873143168
      vertex 88.48525021225214 -50.3 2.6191968873143168
    endloop
  endfacet
  facet normal -0.5141027608776297 0 0.8577286000000225
    outer loop
      vertex 88.93208198994398 -50.3 2.885333362221715
      vertex 88.51121450960636 50.3 2.6330750912427874
      vertex 88.51121450960636 -50.3 2.6330750912427874
    endloop
  endfacet
  facet normal 0.857728606695699 0 -0.5141027497065687
    outer loop
      vertex 92.38238211721182 -50.3 3.7605799913406344
      vertex 92.13012385368347 -50.3 3.3397125110030146
      vertex 92.38238211721182 50.3 3.7605799913406344
    endloop
  endfacet
  facet normal 0.8314696212697745 0 -0.5555702195991948
    outer loop
      vertex 92.13012385368347 -50.3 3.3397125110030146
      vertex 92.00472538918257 -50.3 3.1520404398441286
      vertex 92.13012385368347 50.3 3.3397125110030146
    endloop
  endfacet
  facet normal 0.8032075338446832 0 -0.5956993013048966
    outer loop
      vertex 91.71242959797382 -50.3 2.7579251855611773
      vertex 92.00472538918257 50.3 3.1520404398441286
      vertex 92.00472538918257 -50.3 3.1520404398441286
    endloop
  endfacet
  facet normal 0.7730104494587141 0 -0.6343932889207109
    outer loop
      vertex 91.71242959797382 -50.3 2.7579251855611773
      vertex 91.56923985481262 -50.3 2.5834479808807345
      vertex 91.71242959797382 50.3 2.7579251855611773
    endloop
  endfacet
  facet normal -0.024541063458788384 0 0.9996988227482874
    outer loop
      vertex 86.01472029834986 -50.3 2.000361363589761
      vertex 86 50.3 2.0000000029802294
      vertex 86 -50.3 2.0000000029802294
    endloop
  endfacet
  facet normal -0.049067671159865246 0 0.9987954563607843
    outer loop
      vertex 86.01472029834986 -50.3 2.000361363589761
      vertex 86.50480599701405 -50.3 2.0244377285242052
      vertex 86.01472029834986 50.3 2.000361363589761
    endloop
  endfacet
  facet normal -0.09801715076737412 0 0.9951847256441619
    outer loop
      vertex 86.53410483896732 -50.3 2.0273234128952
      vertex 86.50480599701405 50.3 2.0244377285242052
      vertex 86.50480599701405 -50.3 2.0244377285242052
    endloop
  endfacet
  facet normal -0.29028457959234744 0 0.9569403653576821
    outer loop
      vertex 87.52431744337082 -50.3 2.2242889508604975
      vertex 87.55249033868313 -50.3 2.232835102081296
      vertex 87.52431744337082 50.3 2.2242889508604975
    endloop
  endfacet
  facet normal -0.33688984659619614 0 0.941544067614677
    outer loop
      vertex 87.55249033868313 -50.3 2.232835102081296
      vertex 88.01448411494493 -50.3 2.398139114677903
      vertex 87.55249033868313 50.3 2.232835102081296
    endloop
  endfacet
  facet normal -0.24298018859287096 0 0.9700312510179108
    outer loop
      vertex 87.52431744337082 -50.3 2.2242889508604975
      vertex 87.04834567010403 50.3 2.1050642237067194
      vertex 87.04834567010403 -50.3 2.1050642237067194
    endloop
  endfacet
  facet normal -0.1950903094786458 0 0.9807852828970907
    outer loop
      vertex 87.01947075128555 -50.3 2.099320645630357
      vertex 87.04834567010403 -50.3 2.1050642237067194
      vertex 87.01947075128555 50.3 2.099320645630357
    endloop
  endfacet
  facet normal -0.14673047607854153 0 0.989176509724005
    outer loop
      vertex 86.53410483896732 -50.3 2.0273234128952
      vertex 87.01947075128555 -50.3 2.099320645630357
      vertex 86.53410483896732 50.3 2.0273234128952
    endloop
  endfacet
  facet normal 0.024541190519305454 0 -0.9996988196291395
    outer loop
      vertex 86 -50.3 2.9802293965985882e-9
      vertex 86.11285564303398 50.3 0.0027704492211313436
      vertex 86.11285564303398 -50.3 0.0027704492211313436
    endloop
  endfacet
  facet normal 0.049067671159865246 0 -0.9987954563607843
    outer loop
      vertex 86.11285564303398 -50.3 0.0027704492211313436
      vertex 86.60294134169817 50.3 0.02684681415557577
      vertex 86.60294134169817 -50.3 0.02684681415557577
    endloop
  endfacet
  facet normal 0.09801712897257209 0 -0.9951847277907626
    outer loop
      vertex 86.60294134169817 -50.3 0.02684681415557577
      vertex 86.8275657966733 50.3 0.04897038936614706
      vertex 86.8275657966733 -50.3 0.04897038936614706
    endloop
  endfacet
  facet normal 0.14673047607854153 0 -0.989176509724005
    outer loop
      vertex 86.8275657966733 -50.3 0.04897038936614706
      vertex 87.31293170899153 50.3 0.12096762210130407
      vertex 87.31293170899153 -50.3 0.12096762210130407
    endloop
  endfacet
  facet normal 0.24298019572286736 0 -0.9700312492319395
    outer loop
      vertex 87.53430602699518 -50.3 0.16500171571969702
      vertex 88.01027781516314 50.3 0.2842264503240557
      vertex 88.01027781516314 -50.3 0.2842264503240557
    endloop
  endfacet
  facet normal 0.1950903388384866 0 -0.9807852770570552
    outer loop
      vertex 87.53430602699518 -50.3 0.16500171571969702
      vertex 87.31293170899153 -50.3 0.12096762210130407
      vertex 87.53430602699518 50.3 0.16500171571969702
    endloop
  endfacet
  facet normal -0.42755509102775247 0 0.9039892942597552
    outer loop
      vertex 88.48525021225214 -50.3 2.6191968873143168
      vertex 88.0416836887598 50.3 2.4094055473804445
      vertex 88.0416836887598 -50.3 2.4094055473804445
    endloop
  endfacet
  facet normal -0.38268344215449995 0 0.9238795284563802
    outer loop
      vertex 88.0416836887598 -50.3 2.4094055473804445
      vertex 88.01448411494493 50.3 2.398139114677903
      vertex 88.01448411494493 -50.3 2.398139114677903
    endloop
  endfacet
  facet normal 0.5956993013048966 0 -0.8032075338446832
    outer loop
      vertex 90.54207481443882 -50.3 1.5875704020261736
      vertex 90.14795956015587 -50.3 1.2952746108174296
      vertex 90.54207481443882 50.3 1.5875704020261736
    endloop
  endfacet
  facet normal 0.7409511245144411 0 -0.6715589557743871
    outer loop
      vertex 91.56923985481262 -50.3 2.5834479808807345
      vertex 91.23972149193287 -50.3 2.219880494475362
      vertex 91.56923985481262 50.3 2.5834479808807345
    endloop
  endfacet
  facet normal 0.7071067811865475 0 -0.7071067811865475
    outer loop
      vertex 91.23972149193287 -50.3 2.219880494475362
      vertex 91.08011950552464 -50.3 2.060278508067128
      vertex 91.23972149193287 50.3 2.219880494475362
    endloop
  endfacet
  facet normal 0.6715589565551059 0 -0.7409511238068388
    outer loop
      vertex 91.08011950552464 -50.3 2.060278508067128
      vertex 90.71655201166868 -50.3 1.7307601377367945
      vertex 91.08011950552464 50.3 2.060278508067128
    endloop
  endfacet
  facet normal 0.6343932853836777 0 -0.7730104523614826
    outer loop
      vertex 90.54207481443882 -50.3 1.5875704020261736
      vertex 90.71655201166868 50.3 1.7307601377367945
      vertex 90.71655201166868 -50.3 1.7307601377367945
    endloop
  endfacet
  facet normal 0.4275550916986887 0 -0.903989293942426
    outer loop
      vertex 89.34036039561033 -50.3 0.8112183019518824
      vertex 88.89679385721684 -50.3 0.6014269545674296
      vertex 89.34036039561033 50.3 0.8112183019518824
    endloop
  endfacet
  facet normal 0.5141027586573377 0 -0.8577286013308144
    outer loop
      vertex 89.96028748899698 -50.3 1.1698761463165255
      vertex 89.5394199937582 -50.3 0.9176178678870173
      vertex 89.96028748899698 50.3 1.1698761463165255
    endloop
  endfacet
  facet normal 0.5555702195991948 0 -0.8314696212697745
    outer loop
      vertex 90.14795956015587 -50.3 1.2952746108174296
      vertex 89.96028748899698 -50.3 1.1698761463165255
      vertex 90.14795956015587 50.3 1.2952746108174296
    endloop
  endfacet
  facet normal 0.47139671617526613 0 -0.8819212753864006
    outer loop
      vertex 89.5394199937582 -50.3 0.9176178678870173
      vertex 89.34036039561033 -50.3 0.8112183019518824
      vertex 89.5394199937582 50.3 0.9176178678870173
    endloop
  endfacet
  facet normal 0.29028465284319516 0 -0.9569403431372854
    outer loop
      vertex 88.22627003490925 -50.3 0.3497469678521128
      vertex 88.01027781516314 -50.3 0.2842264503240557
      vertex 88.22627003490925 50.3 0.3497469678521128
    endloop
  endfacet
  facet normal 0.33688984659619614 0 -0.941544067614677
    outer loop
      vertex 88.22627003490925 -50.3 0.3497469678521128
      vertex 88.68826381117105 50.3 0.51505098044872
      vertex 88.68826381117105 -50.3 0.51505098044872
    endloop
  endfacet
  facet normal 0.3826834357090267 0 -0.9238795311261827
    outer loop
      vertex 88.89679385721684 -50.3 0.6014269545674296
      vertex 88.68826381117105 -50.3 0.51505098044872
      vertex 88.89679385721684 50.3 0.6014269545674296
    endloop
  endfacet
  facet normal 0 0 -1
    outer loop
      vertex 50 -50.3 2.9802293965985882e-9
      vertex 50 50.3 2.9802293965985882e-9
      vertex 67.32535441246864 16.507998185195305 2.9802293965985882e-9
    endloop
  endfacet
  facet normal -1 0 0
    outer loop
      vertex 50 -50.3 2.0000000029802294
      vertex 50 50.3 2.0000000029802294
      vertex 50 50.3 2.9802293965985882e-9
    endloop
  endfacet
  facet normal 0 0 1
    outer loop
      vertex 50 50.3 2.0000000029802294
      vertex 67.32535441246864 -16.507998185195312 2.0000000029802294
      vertex 67.28362575929435 -16.341408063528228 2.0000000029802294
    endloop
  endfacet
  facet normal 0 0 1
    outer loop
      vertex 50 50.3 2.0000000029802294
      vertex 67.28362575929435 -16.341408063528228 2.0000000029802294
      vertex 67.25842672832366 -16.171529995576734 2.0000000029802294
    endloop
  endfacet
  facet normal 0 0 1
    outer loop
      vertex 50 50.3 2.0000000029802294
      vertex 67.25842672832366 -16.171529995576734 2.0000000029802294
      vertex 67.25 -16 2.0000000029802294
    endloop
  endfacet
  facet normal 0 0 1
    outer loop
      vertex 50 50.3 2.0000000029802294
      vertex 67.25 -16 2.0000000029802294
      vertex 67.25842672832366 -15.828470004423266 2.0000000029802294
    endloop
  endfacet
  facet normal 0 0 1
    outer loop
      vertex 50 50.3 2.0000000029802294
      vertex 67.25842672832366 -15.828470004423266 2.0000000029802294
      vertex 67.28362575929435 -15.658591936471772 2.0000000029802294
    endloop
  endfacet
  facet normal 0 0 1
    outer loop
      vertex 50 50.3 2.0000000029802294
      vertex 67.28362575929435 -15.658591936471772 2.0000000029802294
      vertex 67.32535441246864 -15.492001814804688 2.0000000029802294
    endloop
  endfacet
  facet normal 0 0 1
    outer loop
      vertex 50 50.3 2.0000000029802294
      vertex 67.32535441246864 -15.492001814804688 2.0000000029802294
      vertex 67.38321081810525 -15.330303993361092 2.0000000029802294
    endloop
  endfacet
  facet normal 0 0 1
    outer loop
      vertex 50 50.3 2.0000000029802294
      vertex 70.61678918189475 -15.330303993361092 2.0000000029802294
      vertex 70.67464558753136 -15.492001814804688 2.0000000029802294
    endloop
  endfacet
  facet normal 0 0 1
    outer loop
      vertex 50 50.3 2.0000000029802294
      vertex 67.38321081810525 -15.330303993361092 2.0000000029802294
      vertex 67.45663778739038 -15.175055710554503 2.0000000029802294
    endloop
  endfacet
  facet normal 0 0 1
    outer loop
      vertex 50 50.3 2.0000000029802294
      vertex 67.45663778739038 -15.175055710554503 2.0000000029802294
      vertex 67.54492817847054 -15.0277520922157 2.0000000029802294
    endloop
  endfacet
  facet normal 0 0 1
    outer loop
      vertex 50 50.3 2.0000000029802294
      vertex 67.54492817847054 -15.0277520922157 2.0000000029802294
      vertex 67.64723170661522 -14.88981175271362 2.0000000029802294
    endloop
  endfacet
  facet normal 0 0 1
    outer loop
      vertex 50 50.3 2.0000000029802294
      vertex 67.64723170661522 -14.88981175271362 2.0000000029802294
      vertex 67.76256313292355 -14.762563132923539 2.0000000029802294
    endloop
  endfacet
  facet normal 0 0 1
    outer loop
      vertex 50 50.3 2.0000000029802294
      vertex 67.76256313292355 -14.762563132923539 2.0000000029802294
      vertex 67.88981175271363 -14.647231706615209 2.0000000029802294
    endloop
  endfacet
  facet normal 0 0 1
    outer loop
      vertex 50 50.3 2.0000000029802294
      vertex 67.88981175271363 -14.647231706615209 2.0000000029802294
      vertex 68.02775209221569 -14.544928178470549 2.0000000029802294
    endloop
  endfacet
  facet normal 0 0 1
    outer loop
      vertex 50 50.3 2.0000000029802294
      vertex 68.02775209221569 -14.544928178470549 2.0000000029802294
      vertex 68.1750557105545 -14.456637787390378 2.0000000029802294
    endloop
  endfacet
  facet normal 0 0 1
    outer loop
      vertex 50 50.3 2.0000000029802294
      vertex 68.1750557105545 -14.456637787390378 2.0000000029802294
      vertex 68.3303039933611 -14.383210818105248 2.0000000029802294
    endloop
  endfacet
  facet normal 0 0 1
    outer loop
      vertex 50 50.3 2.0000000029802294
      vertex 68.3303039933611 -14.383210818105248 2.0000000029802294
      vertex 68.4920018148047 -14.325354412468634 2.0000000029802294
    endloop
  endfacet
  facet normal 0 0 1
    outer loop
      vertex 50 50.3 2.0000000029802294
      vertex 68.4920018148047 -14.325354412468634 2.0000000029802294
      vertex 68.65859193647178 -14.283625759294345 2.0000000029802294
    endloop
  endfacet
  facet normal 0 0 1
    outer loop
      vertex 50 50.3 2.0000000029802294
      vertex 68.65859193647178 -14.283625759294345 2.0000000029802294
      vertex 68.82847000442327 -14.258426728323656 2.0000000029802294
    endloop
  endfacet
  facet normal 0 0 1
    outer loop
      vertex 50 50.3 2.0000000029802294
      vertex 68.82847000442327 -14.258426728323656 2.0000000029802294
      vertex 69 -14.25 2.0000000029802294
    endloop
  endfacet
  facet normal 0 0 1
    outer loop
      vertex 50 50.3 2.0000000029802294
      vertex 69 -14.25 2.0000000029802294
      vertex 69.17152999557673 -14.258426728323656 2.0000000029802294
    endloop
  endfacet
  facet normal 0 0 1
    outer loop
      vertex 50 50.3 2.0000000029802294
      vertex 69.17152999557673 -14.258426728323656 2.0000000029802294
      vertex 69.34140806352822 -14.283625759294345 2.0000000029802294
    endloop
  endfacet
  facet normal 0 0 1
    outer loop
      vertex 50 50.3 2.0000000029802294
      vertex 69.34140806352822 -14.283625759294345 2.0000000029802294
      vertex 69.5079981851953 -14.325354412468634 2.0000000029802294
    endloop
  endfacet
  facet normal 0 0 1
    outer loop
      vertex 50 50.3 2.0000000029802294
      vertex 69.5079981851953 -14.325354412468634 2.0000000029802294
      vertex 69.6696960066389 -14.383210818105248 2.0000000029802294
    endloop
  endfacet
  facet normal 0 0 1
    outer loop
      vertex 50 50.3 2.0000000029802294
      vertex 69.6696960066389 -14.383210818105248 2.0000000029802294
      vertex 69.8249442894455 -14.456637787390378 2.0000000029802294
    endloop
  endfacet
  facet normal 0 0 1
    outer loop
      vertex 50 50.3 2.0000000029802294
      vertex 70.23743686707645 -14.762563132923539 2.0000000029802294
      vertex 70.35276829338478 -14.88981175271362 2.0000000029802294
    endloop
  endfacet
  facet normal 0 0 1
    outer loop
      vertex 50 50.3 2.0000000029802294
      vertex 69.8249442894455 -14.456637787390378 2.0000000029802294
      vertex 69.97224790778431 -14.544928178470549 2.0000000029802294
    endloop
  endfacet
  facet normal 0 0 1
    outer loop
      vertex 50 50.3 2.0000000029802294
      vertex 69.97224790778431 -14.544928178470549 2.0000000029802294
      vertex 70.11018824728637 -14.647231706615209 2.0000000029802294
    endloop
  endfacet
  facet normal 0 0 1
    outer loop
      vertex 50 50.3 2.0000000029802294
      vertex 70.11018824728637 -14.647231706615209 2.0000000029802294
      vertex 70.23743686707645 -14.762563132923539 2.0000000029802294
    endloop
  endfacet
  facet normal 0 0 1
    outer loop
      vertex 50 50.3 2.0000000029802294
      vertex 70.45507182152946 -15.0277520922157 2.0000000029802294
      vertex 70.54336221260962 -15.175055710554503 2.0000000029802294
    endloop
  endfacet
  facet normal 0 0 1
    outer loop
      vertex 50 50.3 2.0000000029802294
      vertex 70.35276829338478 -14.88981175271362 2.0000000029802294
      vertex 70.45507182152946 -15.0277520922157 2.0000000029802294
    endloop
  endfacet
  facet normal 0 0 1
    outer loop
      vertex 50 50.3 2.0000000029802294
      vertex 70.54336221260962 -15.175055710554503 2.0000000029802294
      vertex 70.61678918189475 -15.330303993361092 2.0000000029802294
    endloop
  endfacet
  facet normal 0 0 1
    outer loop
      vertex 86 -50.3 2.0000000029802294
      vertex 67.45663778739038 15.175055710554503 2.0000000029802294
      vertex 50 50.3 2.0000000029802294
    endloop
  endfacet
  facet normal 0 0 -1
    outer loop
      vertex 50 -50.3 2.9802293965985882e-9
      vertex 70.67464558753136 15.492001814804695 2.9802293965985882e-9
      vertex 86 50.3 2.9802293965985882e-9
    endloop
  endfacet
  facet normal 0 0 1
    outer loop
      vertex 50 50.3 2.0000000029802294
      vertex 67.45663778739038 15.175055710554503 2.0000000029802294
      vertex 67.38321081810525 15.330303993361099 2.0000000029802294
    endloop
  endfacet
  facet normal 0 0 1
    outer loop
      vertex 50 50.3 2.0000000029802294
      vertex 67.38321081810525 15.330303993361099 2.0000000029802294
      vertex 67.32535441246864 15.492001814804695 2.0000000029802294
    endloop
  endfacet
  facet normal 0 0 1
    outer loop
      vertex 50 50.3 2.0000000029802294
      vertex 67.32535441246864 15.492001814804695 2.0000000029802294
      vertex 67.28362575929435 15.65859193647178 2.0000000029802294
    endloop
  endfacet
  facet normal 0 0 1
    outer loop
      vertex 50 50.3 2.0000000029802294
      vertex 67.28362575929435 15.65859193647178 2.0000000029802294
      vertex 67.25842672832366 15.828470004423266 2.0000000029802294
    endloop
  endfacet
  facet normal 0 0 1
    outer loop
      vertex 50 50.3 2.0000000029802294
      vertex 67.25842672832366 15.828470004423266 2.0000000029802294
      vertex 67.25 16 2.0000000029802294
    endloop
  endfacet
  facet normal 0 0 1
    outer loop
      vertex 50 50.3 2.0000000029802294
      vertex 67.25 16 2.0000000029802294
      vertex 67.25842672832366 16.171529995576734 2.0000000029802294
    endloop
  endfacet
  facet normal 0 0 1
    outer loop
      vertex 50 50.3 2.0000000029802294
      vertex 67.25842672832366 16.171529995576734 2.0000000029802294
      vertex 67.28362575929435 16.34140806352822 2.0000000029802294
    endloop
  endfacet
  facet normal 0 0 1
    outer loop
      vertex 50 50.3 2.0000000029802294
      vertex 67.28362575929435 16.34140806352822 2.0000000029802294
      vertex 67.32535441246864 16.507998185195305 2.0000000029802294
    endloop
  endfacet
  facet normal 0 0 1
    outer loop
      vertex 50 50.3 2.0000000029802294
      vertex 67.32535441246864 16.507998185195305 2.0000000029802294
      vertex 67.38321081810525 16.6696960066389 2.0000000029802294
    endloop
  endfacet
  facet normal 0 0 1
    outer loop
      vertex 50 50.3 2.0000000029802294
      vertex 67.38321081810525 16.6696960066389 2.0000000029802294
      vertex 67.45663778739038 16.824944289445497 2.0000000029802294
    endloop
  endfacet
  facet normal 0 0 1
    outer loop
      vertex 50 50.3 2.0000000029802294
      vertex 67.45663778739038 16.824944289445497 2.0000000029802294
      vertex 67.54492817847054 16.972247907784308 2.0000000029802294
    endloop
  endfacet
  facet normal 0 0 1
    outer loop
      vertex 50 50.3 2.0000000029802294
      vertex 67.54492817847054 16.972247907784308 2.0000000029802294
      vertex 67.64723170661522 17.110188247286374 2.0000000029802294
    endloop
  endfacet
  facet normal 0 0 1
    outer loop
      vertex 50 50.3 2.0000000029802294
      vertex 67.64723170661522 17.110188247286374 2.0000000029802294
      vertex 67.76256313292355 17.237436867076454 2.0000000029802294
    endloop
  endfacet
  facet normal 0 0 1
    outer loop
      vertex 50 50.3 2.0000000029802294
      vertex 67.76256313292355 17.237436867076454 2.0000000029802294
      vertex 67.88981175271363 17.352768293384784 2.0000000029802294
    endloop
  endfacet
  facet normal 0 0 1
    outer loop
      vertex 50 50.3 2.0000000029802294
      vertex 67.88981175271363 17.352768293384784 2.0000000029802294
      vertex 68.02775209221569 17.455071821529458 2.0000000029802294
    endloop
  endfacet
  facet normal 0 0 1
    outer loop
      vertex 50 50.3 2.0000000029802294
      vertex 68.02775209221569 17.455071821529458 2.0000000029802294
      vertex 68.1750557105545 17.543362212609622 2.0000000029802294
    endloop
  endfacet
  facet normal 0 0 1
    outer loop
      vertex 50 50.3 2.0000000029802294
      vertex 68.1750557105545 17.543362212609622 2.0000000029802294
      vertex 68.3303039933611 17.616789181894745 2.0000000029802294
    endloop
  endfacet
  facet normal 0 0 1
    outer loop
      vertex 50 50.3 2.0000000029802294
      vertex 68.3303039933611 17.616789181894745 2.0000000029802294
      vertex 68.4920018148047 17.67464558753136 2.0000000029802294
    endloop
  endfacet
  facet normal 0 0 1
    outer loop
      vertex 50 50.3 2.0000000029802294
      vertex 68.4920018148047 17.67464558753136 2.0000000029802294
      vertex 68.65859193647178 17.716374240705647 2.0000000029802294
    endloop
  endfacet
  facet normal 0 0 1
    outer loop
      vertex 50 50.3 2.0000000029802294
      vertex 68.65859193647178 17.716374240705647 2.0000000029802294
      vertex 68.82847000442327 17.741573271676344 2.0000000029802294
    endloop
  endfacet
  facet normal 0 0 1
    outer loop
      vertex 50 50.3 2.0000000029802294
      vertex 68.82847000442327 17.741573271676344 2.0000000029802294
      vertex 69 17.75 2.0000000029802294
    endloop
  endfacet
  facet normal 0 0 1
    outer loop
      vertex 50 50.3 2.0000000029802294
      vertex 69 17.75 2.0000000029802294
      vertex 69.17152999557673 17.741573271676344 2.0000000029802294
    endloop
  endfacet
  facet normal 0 0 1
    outer loop
      vertex 50 50.3 2.0000000029802294
      vertex 69.17152999557673 17.741573271676344 2.0000000029802294
      vertex 69.34140806352822 17.716374240705647 2.0000000029802294
    endloop
  endfacet
  facet normal 0 0 1
    outer loop
      vertex 50 50.3 2.0000000029802294
      vertex 69.34140806352822 17.716374240705647 2.0000000029802294
      vertex 69.5079981851953 17.67464558753136 2.0000000029802294
    endloop
  endfacet
  facet normal 0 0 1
    outer loop
      vertex 50 50.3 2.0000000029802294
      vertex 69.5079981851953 17.67464558753136 2.0000000029802294
      vertex 69.6696960066389 17.616789181894745 2.0000000029802294
    endloop
  endfacet
  facet normal 0 0 -1
    outer loop
      vertex 50 50.3 2.9802293965985882e-9
      vertex 67.38321081810525 16.6696960066389 2.9802293965985882e-9
      vertex 67.32535441246864 16.507998185195305 2.9802293965985882e-9
    endloop
  endfacet
  facet normal 0 0 -1
    outer loop
      vertex 50 50.3 2.9802293965985882e-9
      vertex 67.45663778739038 16.824944289445497 2.9802293965985882e-9
      vertex 67.38321081810525 16.6696960066389 2.9802293965985882e-9
    endloop
  endfacet
  facet normal 0 0 -1
    outer loop
      vertex 50 50.3 2.9802293965985882e-9
      vertex 67.54492817847054 16.972247907784308 2.9802293965985882e-9
      vertex 67.45663778739038 16.824944289445497 2.9802293965985882e-9
    endloop
  endfacet
  facet normal 0 0 -1
    outer loop
      vertex 50 50.3 2.9802293965985882e-9
      vertex 67.64723170661522 17.110188247286374 2.9802293965985882e-9
      vertex 67.54492817847054 16.972247907784308 2.9802293965985882e-9
    endloop
  endfacet
  facet normal 0 0 -1
    outer loop
      vertex 50 50.3 2.9802293965985882e-9
      vertex 67.76256313292355 17.237436867076454 2.9802293965985882e-9
      vertex 67.64723170661522 17.110188247286374 2.9802293965985882e-9
    endloop
  endfacet
  facet normal 0 0 -1
    outer loop
      vertex 50 50.3 2.9802293965985882e-9
      vertex 67.88981175271363 17.352768293384784 2.9802293965985882e-9
      vertex 67.76256313292355 17.237436867076454 2.9802293965985882e-9
    endloop
  endfacet
  facet normal 0 0 -1
    outer loop
      vertex 50 50.3 2.9802293965985882e-9
      vertex 68.02775209221569 17.455071821529458 2.9802293965985882e-9
      vertex 67.88981175271363 17.352768293384784 2.9802293965985882e-9
    endloop
  endfacet
  facet normal 0 0 -1
    outer loop
      vertex 50 50.3 2.9802293965985882e-9
      vertex 68.1750557105545 17.543362212609622 2.9802293965985882e-9
      vertex 68.02775209221569 17.455071821529458 2.9802293965985882e-9
    endloop
  endfacet
  facet normal 0 0 -1
    outer loop
      vertex 50 50.3 2.9802293965985882e-9
      vertex 68.3303039933611 17.616789181894745 2.9802293965985882e-9
      vertex 68.1750557105545 17.543362212609622 2.9802293965985882e-9
    endloop
  endfacet
  facet normal 0 0 -1
    outer loop
      vertex 50 50.3 2.9802293965985882e-9
      vertex 68.4920018148047 17.67464558753136 2.9802293965985882e-9
      vertex 68.3303039933611 17.616789181894745 2.9802293965985882e-9
    endloop
  endfacet
  facet normal 0 0 -1
    outer loop
      vertex 50 50.3 2.9802293965985882e-9
      vertex 68.65859193647178 17.716374240705647 2.9802293965985882e-9
      vertex 68.4920018148047 17.67464558753136 2.9802293965985882e-9
    endloop
  endfacet
  facet normal 0 0 -1
    outer loop
      vertex 50 50.3 2.9802293965985882e-9
      vertex 68.82847000442327 17.741573271676344 2.9802293965985882e-9
      vertex 68.65859193647178 17.716374240705647 2.9802293965985882e-9
    endloop
  endfacet
  facet normal 0 0 -1
    outer loop
      vertex 50 50.3 2.9802293965985882e-9
      vertex 69 17.75 2.9802293965985882e-9
      vertex 68.82847000442327 17.741573271676344 2.9802293965985882e-9
    endloop
  endfacet
  facet normal 0 0 1
    outer loop
      vertex 50 50.3 2.0000000029802294
      vertex 69.6696960066389 17.616789181894745 2.0000000029802294
      vertex 86 50.3 2.0000000029802294
    endloop
  endfacet
  facet normal 0 0 -1
    outer loop
      vertex 50 50.3 2.9802293965985882e-9
      vertex 86 50.3 2.9802293965985882e-9
      vertex 69 17.75 2.9802293965985882e-9
    endloop
  endfacet
  facet normal -0.9996988227482874 0 0.024541063458788384
    outer loop
      vertex 91.29999999701977 -50.3 7.299999999999997
      vertex 91.29999999701977 50.3 7.299999999999997
      vertex 91.29963863641024 50.3 7.28527970165014
    endloop
  endfacet
  facet normal -0.9987954563973426 0 0.0490676704157047
    outer loop
      vertex 91.29963863641024 -50.3 7.28527970165014
      vertex 91.29963863641024 50.3 7.28527970165014
      vertex 91.27556227147579 50.3 6.795193995535371
    endloop
  endfacet
  facet normal 0.9996988196291395 0 -0.024541190519305454
    outer loop
      vertex 93.29722955077887 -50.3 7.187144356966016
      vertex 93.29722955077887 50.3 7.187144356966016
      vertex 93.29999999701977 50.3 7.299999999999997
    endloop
  endfacet
  facet normal -0.9951847232128109 0 0.09801717545329021
    outer loop
      vertex 91.27556227147579 -50.3 6.795193995535371
      vertex 91.27556227147579 50.3 6.795193995535371
      vertex 91.2726765871048 50.3 6.765895161032674
    endloop
  endfacet
  facet normal -0.9891765100509203 0 0.14673047387465746
    outer loop
      vertex 91.2726765871048 -50.3 6.765895161032674
      vertex 91.2726765871048 50.3 6.765895161032674
      vertex 91.20067935436964 50.3 6.280529241263864
    endloop
  endfacet
  facet normal 0.9987954564339008 0 -0.049067669671544176
    outer loop
      vertex 93.27315318584442 -50.3 6.697058643400666
      vertex 93.27315318584442 50.3 6.697058643400666
      vertex 93.29722955077887 50.3 7.187144356966016
    endloop
  endfacet
  facet normal 0.9951847271564975 0 -0.09801713541237368
    outer loop
      vertex 93.25102961063385 -50.3 6.472434203326699
      vertex 93.25102961063385 50.3 6.472434203326699
      vertex 93.27315318584442 50.3 6.697058643400666
    endloop
  endfacet
  facet normal -0.9807852732651268 0 0.19509035790179488
    outer loop
      vertex 91.20067935436964 -50.3 6.280529241263864
      vertex 91.20067935436964 50.3 6.280529241263864
      vertex 91.19493577629328 50.3 6.25165432989597
    endloop
  endfacet
  facet normal -0.9700312510179108 0 0.24298018859287096
    outer loop
      vertex 91.19493577629328 -50.3 6.25165432989597
      vertex 91.19493577629328 50.3 6.25165432989597
      vertex 91.0757110491395 50.3 5.775682556629178
    endloop
  endfacet
  facet normal -0.9569403653576821 0 0.29028457959234744
    outer loop
      vertex 91.0757110491395 -50.3 5.775682556629178
      vertex 91.0757110491395 50.3 5.775682556629178
      vertex 91.0671648979187 50.3 5.747509661316869
    endloop
  endfacet
  facet normal 0.989176509724005 0 -0.14673047607854153
    outer loop
      vertex 93.1790323778987 -50.3 5.98706829100847
      vertex 93.1790323778987 50.3 5.98706829100847
      vertex 93.25102961063385 50.3 6.472434203326699
    endloop
  endfacet
  facet normal 0.9807852732536779 0 -0.19509035795935217
    outer loop
      vertex 93.13499827682972 -50.3 5.765693958103654
      vertex 93.13499827682972 50.3 5.765693958103654
      vertex 93.1790323778987 50.3 5.98706829100847
    endloop
  endfacet
  facet normal -0.941544067614677 0 0.33688984659619614
    outer loop
      vertex 91.0671648979187 -50.3 5.747509661316869
      vertex 91.0671648979187 50.3 5.747509661316869
      vertex 90.9018608853221 50.3 5.285515885055062
    endloop
  endfacet
  facet normal -0.9238795284563802 0 0.38268344215449995
    outer loop
      vertex 90.9018608853221 -50.3 5.285515885055062
      vertex 90.9018608853221 50.3 5.285515885055062
      vertex 90.89059445261955 50.3 5.258316311240193
    endloop
  endfacet
  facet normal -0.9039892942597552 0 0.42755509102775247
    outer loop
      vertex 90.89059445261955 -50.3 5.258316311240193
      vertex 90.89059445261955 50.3 5.258316311240193
      vertex 90.68080311268568 50.3 4.814749787747857
    endloop
  endfacet
  facet normal 0.9700312510179108 0 -0.24298018859287096
    outer loop
      vertex 93.01577354967594 -50.3 5.289722184836862
      vertex 93.01577354967594 50.3 5.289722184836862
      vertex 93.13499827682972 50.3 5.765693958103654
    endloop
  endfacet
  facet normal 0.9569403431372854 0 -0.29028465284319516
    outer loop
      vertex 92.95025303214788 -50.3 5.073729965090749
      vertex 92.95025303214788 50.3 5.073729965090749
      vertex 93.01577354967594 50.3 5.289722184836862
    endloop
  endfacet
  facet normal 0 0 -1
    outer loop
      vertex 86 50.3 2.9802293965985882e-9
      vertex 67.54492817847054 -15.0277520922157 2.9802293965985882e-9
      vertex 67.45663778739038 -15.175055710554503 2.9802293965985882e-9
    endloop
  endfacet
  facet normal 0 0 -1
    outer loop
      vertex 86 50.3 2.9802293965985882e-9
      vertex 67.64723170661522 -14.88981175271362 2.9802293965985882e-9
      vertex 67.54492817847054 -15.0277520922157 2.9802293965985882e-9
    endloop
  endfacet
  facet normal 0 0 -1
    outer loop
      vertex 86 50.3 2.9802293965985882e-9
      vertex 67.76256313292355 -14.762563132923539 2.9802293965985882e-9
      vertex 67.64723170661522 -14.88981175271362 2.9802293965985882e-9
    endloop
  endfacet
  facet normal 0 0 -1
    outer loop
      vertex 86 50.3 2.9802293965985882e-9
      vertex 67.88981175271363 -14.647231706615209 2.9802293965985882e-9
      vertex 67.76256313292355 -14.762563132923539 2.9802293965985882e-9
    endloop
  endfacet
  facet normal 0 0 -1
    outer loop
      vertex 86 50.3 2.9802293965985882e-9
      vertex 68.02775209221569 -14.544928178470549 2.9802293965985882e-9
      vertex 67.88981175271363 -14.647231706615209 2.9802293965985882e-9
    endloop
  endfacet
  facet normal 0 0 -1
    outer loop
      vertex 86 50.3 2.9802293965985882e-9
      vertex 68.1750557105545 -14.456637787390378 2.9802293965985882e-9
      vertex 68.02775209221569 -14.544928178470549 2.9802293965985882e-9
    endloop
  endfacet
  facet normal 0 0 -1
    outer loop
      vertex 86 50.3 2.9802293965985882e-9
      vertex 68.3303039933611 -14.383210818105248 2.9802293965985882e-9
      vertex 68.1750557105545 -14.456637787390378 2.9802293965985882e-9
    endloop
  endfacet
  facet normal 0 0 -1
    outer loop
      vertex 86 50.3 2.9802293965985882e-9
      vertex 68.4920018148047 -14.325354412468634 2.9802293965985882e-9
      vertex 68.3303039933611 -14.383210818105248 2.9802293965985882e-9
    endloop
  endfacet
  facet normal 0 0 -1
    outer loop
      vertex 86 50.3 2.9802293965985882e-9
      vertex 68.65859193647178 -14.283625759294345 2.9802293965985882e-9
      vertex 68.4920018148047 -14.325354412468634 2.9802293965985882e-9
    endloop
  endfacet
  facet normal 0 0 -1
    outer loop
      vertex 86 50.3 2.9802293965985882e-9
      vertex 68.82847000442327 -14.258426728323656 2.9802293965985882e-9
      vertex 68.65859193647178 -14.283625759294345 2.9802293965985882e-9
    endloop
  endfacet
  facet normal 0 0 -1
    outer loop
      vertex 86 50.3 2.9802293965985882e-9
      vertex 69 -14.25 2.9802293965985882e-9
      vertex 68.82847000442327 -14.258426728323656 2.9802293965985882e-9
    endloop
  endfacet
  facet normal 0 0 -1
    outer loop
      vertex 86 50.3 2.9802293965985882e-9
      vertex 69.17152999557673 -14.258426728323656 2.9802293965985882e-9
      vertex 69 -14.25 2.9802293965985882e-9
    endloop
  endfacet
  facet normal 0 0 -1
    outer loop
      vertex 86 50.3 2.9802293965985882e-9
      vertex 69.34140806352822 -14.283625759294345 2.9802293965985882e-9
      vertex 69.17152999557673 -14.258426728323656 2.9802293965985882e-9
    endloop
  endfacet
  facet normal 0 0 -1
    outer loop
      vertex 86 50.3 2.9802293965985882e-9
      vertex 69.5079981851953 -14.325354412468634 2.9802293965985882e-9
      vertex 69.34140806352822 -14.283625759294345 2.9802293965985882e-9
    endloop
  endfacet
  facet normal 0 0 -1
    outer loop
      vertex 86 50.3 2.9802293965985882e-9
      vertex 69.6696960066389 -14.383210818105248 2.9802293965985882e-9
      vertex 69.5079981851953 -14.325354412468634 2.9802293965985882e-9
    endloop
  endfacet
  facet normal 0 0 -1
    outer loop
      vertex 86 50.3 2.9802293965985882e-9
      vertex 69.8249442894455 -14.456637787390378 2.9802293965985882e-9
      vertex 69.6696960066389 -14.383210818105248 2.9802293965985882e-9
    endloop
  endfacet
  facet normal 0 0 -1
    outer loop
      vertex 86 50.3 2.9802293965985882e-9
      vertex 69.97224790778431 -14.544928178470549 2.9802293965985882e-9
      vertex 69.8249442894455 -14.456637787390378 2.9802293965985882e-9
    endloop
  endfacet
  facet normal 0 0 -1
    outer loop
      vertex 86 50.3 2.9802293965985882e-9
      vertex 70.11018824728637 -14.647231706615209 2.9802293965985882e-9
      vertex 69.97224790778431 -14.544928178470549 2.9802293965985882e-9
    endloop
  endfacet
  facet normal 0 0 -1
    outer loop
      vertex 86 50.3 2.9802293965985882e-9
      vertex 70.35276829338478 -14.88981175271362 2.9802293965985882e-9
      vertex 70.23743686707645 -14.762563132923539 2.9802293965985882e-9
    endloop
  endfacet
  facet normal 0 0 -1
    outer loop
      vertex 86 50.3 2.9802293965985882e-9
      vertex 70.54336221260962 -15.175055710554503 2.9802293965985882e-9
      vertex 70.45507182152946 -15.0277520922157 2.9802293965985882e-9
    endloop
  endfacet
  facet normal 0 0 -1
    outer loop
      vertex 86 50.3 2.9802293965985882e-9
      vertex 70.45507182152946 -15.0277520922157 2.9802293965985882e-9
      vertex 70.35276829338478 -14.88981175271362 2.9802293965985882e-9
    endloop
  endfacet
  facet normal 0 0 -1
    outer loop
      vertex 86 50.3 2.9802293965985882e-9
      vertex 70.23743686707645 -14.762563132923539 2.9802293965985882e-9
      vertex 70.11018824728637 -14.647231706615209 2.9802293965985882e-9
    endloop
  endfacet
  facet normal 0 0 -1
    outer loop
      vertex 86 50.3 2.9802293965985882e-9
      vertex 70.61678918189475 -15.330303993361092 2.9802293965985882e-9
      vertex 70.54336221260962 -15.175055710554503 2.9802293965985882e-9
    endloop
  endfacet
  facet normal 0 0 1
    outer loop
      vertex 86 -50.3 2.0000000029802294
      vertex 86 50.3 2.0000000029802294
      vertex 70.61678918189475 15.330303993361099 2.0000000029802294
    endloop
  endfacet
  facet normal -0.857728606695699 0 0.5141027497065687
    outer loop
      vertex 90.66692490130663 -50.3 4.788785490393636
      vertex 90.66692490130663 50.3 4.788785490393636
      vertex 90.41466663777828 50.3 4.367918010056016
    endloop
  endfacet
  facet normal -0.8314696432643974 0 0.5555701866819128
    outer loop
      vertex 90.41466663777828 -50.3 4.367918010056016
      vertex 90.41466663777828 50.3 4.367918010056016
      vertex 90.39831031858921 50.3 4.343439045548436
    endloop
  endfacet
  facet normal -0.8032075338446832 0 0.5956993013048966
    outer loop
      vertex 90.39831031858921 -50.3 4.343439045548436
      vertex 90.39831031858921 50.3 4.343439045548436
      vertex 90.10601452738047 50.3 3.949323791265485
    endloop
  endfacet
  facet normal -0.773010457757328 0 0.6343932788088209
    outer loop
      vertex 90.10601452738047 -50.3 3.949323791265485
      vertex 90.10601452738047 50.3 3.949323791265485
      vertex 90.0873376056552 50.3 3.9265658959746332
    endloop
  endfacet
  facet normal -0.8819211894204432 0 0.4713968770062342
    outer loop
      vertex 90.68080311268568 -50.3 4.814749787747857
      vertex 90.68080311268568 50.3 4.814749787747857
      vertex 90.66692490130663 50.3 4.788785490393636
    endloop
  endfacet
  facet normal 0.941544067614677 0 -0.33688984659619614
    outer loop
      vertex 92.78494901955128 -50.3 4.611736188828942
      vertex 92.78494901955128 50.3 4.611736188828942
      vertex 92.95025303214788 50.3 5.073729965090749
    endloop
  endfacet
  facet normal 0.9238795291238309 0 -0.38268344054313175
    outer loop
      vertex 92.69857303798199 -50.3 4.403206127882001
      vertex 92.69857303798199 50.3 4.403206127882001
      vertex 92.78494901955128 50.3 4.611736188828942
    endloop
  endfacet
  facet normal 0.903989293942426 0 -0.4275550916986887
    outer loop
      vertex 92.48878169059753 -50.3 3.9596395894885035
      vertex 92.48878169059753 50.3 3.9596395894885035
      vertex 92.69857303798199 50.3 4.403206127882001
    endloop
  endfacet
  facet normal 0.8819212616632702 0 -0.4713967418494379
    outer loop
      vertex 92.38238211721182 -50.3 3.7605799913406344
      vertex 92.38238211721182 50.3 3.7605799913406344
      vertex 92.48878169059753 50.3 3.9596395894885035
    endloop
  endfacet
  facet normal -0.7071067811865475 0 0.7071067811865475
    outer loop
      vertex 89.75781924277544 -50.3 3.5629984095692606
      vertex 89.75781924277544 50.3 3.5629984095692606
      vertex 89.73700159043074 50.3 3.542180757224557
    endloop
  endfacet
  facet normal -0.7409511245144411 0 0.6715589557743871
    outer loop
      vertex 90.0873376056552 -50.3 3.9265658959746332
      vertex 90.0873376056552 50.3 3.9265658959746332
      vertex 89.75781924277544 50.3 3.5629984095692606
    endloop
  endfacet
  facet normal -0.6715589557743871 0 0.7409511245144411
    outer loop
      vertex 89.73700159043074 -50.3 3.542180757224557
      vertex 89.73700159043074 50.3 3.542180757224557
      vertex 89.37343410402536 50.3 3.212662394344804
    endloop
  endfacet
  facet normal -0.6343932788088209 0 0.773010457757328
    outer loop
      vertex 89.37343410402536 -50.3 3.212662394344804
      vertex 89.37343410402536 50.3 3.212662394344804
      vertex 89.35067620873451 50.3 3.1939854726195307
    endloop
  endfacet
  facet normal -0.5956993013048966 0 0.8032075338446832
    outer loop
      vertex 89.35067620873451 -50.3 3.1939854726195307
      vertex 89.35067620873451 50.3 3.1939854726195307
      vertex 88.95656095445156 50.3 2.9016896814107866
    endloop
  endfacet
  facet normal -0.5555701866819128 0 0.8314696432643974
    outer loop
      vertex 88.95656095445156 -50.3 2.9016896814107866
      vertex 88.95656095445156 50.3 2.9016896814107866
      vertex 88.93208198994398 50.3 2.885333362221715
    endloop
  endfacet
  facet normal -0.47139668017094966 0 0.8819212946311068
    outer loop
      vertex 88.51121450960636 -50.3 2.6330750912427874
      vertex 88.51121450960636 50.3 2.6330750912427874
      vertex 88.48525021225214 50.3 2.6191968873143168
    endloop
  endfacet
  facet normal -0.42755509102775247 0 0.9039892942597552
    outer loop
      vertex 88.48525021225214 -50.3 2.6191968873143168
      vertex 88.48525021225214 50.3 2.6191968873143168
      vertex 88.0416836887598 50.3 2.4094055473804445
    endloop
  endfacet
  facet normal -0.5141027608776297 0 0.8577286000000225
    outer loop
      vertex 88.93208198994398 -50.3 2.885333362221715
      vertex 88.93208198994398 50.3 2.885333362221715
      vertex 88.51121450960636 50.3 2.6330750912427874
    endloop
  endfacet
  facet normal 0.857728606695699 0 -0.5141027497065687
    outer loop
      vertex 92.13012385368347 -50.3 3.3397125110030146
      vertex 92.13012385368347 50.3 3.3397125110030146
      vertex 92.38238211721182 50.3 3.7605799913406344
    endloop
  endfacet
  facet normal 0.8314696212697745 0 -0.5555702195991948
    outer loop
      vertex 92.00472538918257 -50.3 3.1520404398441286
      vertex 92.00472538918257 50.3 3.1520404398441286
      vertex 92.13012385368347 50.3 3.3397125110030146
    endloop
  endfacet
  facet normal 0.8032075338446832 0 -0.5956993013048966
    outer loop
      vertex 91.71242959797382 -50.3 2.7579251855611773
      vertex 91.71242959797382 50.3 2.7579251855611773
      vertex 92.00472538918257 50.3 3.1520404398441286
    endloop
  endfacet
  facet normal 0.7730104494587141 0 -0.6343932889207109
    outer loop
      vertex 91.56923985481262 -50.3 2.5834479808807345
      vertex 91.56923985481262 50.3 2.5834479808807345
      vertex 91.71242959797382 50.3 2.7579251855611773
    endloop
  endfacet
  facet normal -0.024541063458788384 0 0.9996988227482874
    outer loop
      vertex 86.01472029834986 -50.3 2.000361363589761
      vertex 86.01472029834986 50.3 2.000361363589761
      vertex 86 50.3 2.0000000029802294
    endloop
  endfacet
  facet normal -0.049067671159865246 0 0.9987954563607843
    outer loop
      vertex 86.50480599701405 -50.3 2.0244377285242052
      vertex 86.50480599701405 50.3 2.0244377285242052
      vertex 86.01472029834986 50.3 2.000361363589761
    endloop
  endfacet
  facet normal -0.09801715076737412 0 0.9951847256441619
    outer loop
      vertex 86.53410483896732 -50.3 2.0273234128952
      vertex 86.53410483896732 50.3 2.0273234128952
      vertex 86.50480599701405 50.3 2.0244377285242052
    endloop
  endfacet
  facet normal -0.29028457959234744 0 0.9569403653576821
    outer loop
      vertex 87.55249033868313 -50.3 2.232835102081296
      vertex 87.55249033868313 50.3 2.232835102081296
      vertex 87.52431744337082 50.3 2.2242889508604975
    endloop
  endfacet
  facet normal -0.33688984659619614 0 0.941544067614677
    outer loop
      vertex 88.01448411494493 -50.3 2.398139114677903
      vertex 88.01448411494493 50.3 2.398139114677903
      vertex 87.55249033868313 50.3 2.232835102081296
    endloop
  endfacet
  facet normal -0.14673047607854153 0 0.989176509724005
    outer loop
      vertex 87.01947075128555 -50.3 2.099320645630357
      vertex 87.01947075128555 50.3 2.099320645630357
      vertex 86.53410483896732 50.3 2.0273234128952
    endloop
  endfacet
  facet normal -0.1950903094786458 0 0.9807852828970907
    outer loop
      vertex 87.04834567010403 -50.3 2.1050642237067194
      vertex 87.04834567010403 50.3 2.1050642237067194
      vertex 87.01947075128555 50.3 2.099320645630357
    endloop
  endfacet
  facet normal -0.24298018859287096 0 0.9700312510179108
    outer loop
      vertex 87.52431744337082 -50.3 2.2242889508604975
      vertex 87.52431744337082 50.3 2.2242889508604975
      vertex 87.04834567010403 50.3 2.1050642237067194
    endloop
  endfacet
  facet normal 0.024541190519305454 0 -0.9996988196291395
    outer loop
      vertex 86 -50.3 2.9802293965985882e-9
      vertex 86 50.3 2.9802293965985882e-9
      vertex 86.11285564303398 50.3 0.0027704492211313436
    endloop
  endfacet
  facet normal 0.049067671159865246 0 -0.9987954563607843
    outer loop
      vertex 86.11285564303398 -50.3 0.0027704492211313436
      vertex 86.11285564303398 50.3 0.0027704492211313436
      vertex 86.60294134169817 50.3 0.02684681415557577
    endloop
  endfacet
  facet normal 0.09801712897257209 0 -0.9951847277907626
    outer loop
      vertex 86.60294134169817 -50.3 0.02684681415557577
      vertex 86.60294134169817 50.3 0.02684681415557577
      vertex 86.8275657966733 50.3 0.04897038936614706
    endloop
  endfacet
  facet normal 0.14673047607854153 0 -0.989176509724005
    outer loop
      vertex 86.8275657966733 -50.3 0.04897038936614706
      vertex 86.8275657966733 50.3 0.04897038936614706
      vertex 87.31293170899153 50.3 0.12096762210130407
    endloop
  endfacet
  facet normal 0.24298019572286736 0 -0.9700312492319395
    outer loop
      vertex 87.53430602699518 -50.3 0.16500171571969702
      vertex 87.53430602699518 50.3 0.16500171571969702
      vertex 88.01027781516314 50.3 0.2842264503240557
    endloop
  endfacet
  facet normal 0.1950903388384866 0 -0.9807852770570552
    outer loop
      vertex 87.31293170899153 -50.3 0.12096762210130407
      vertex 87.31293170899153 50.3 0.12096762210130407
      vertex 87.53430602699518 50.3 0.16500171571969702
    endloop
  endfacet
  facet normal -0.38268344215449995 0 0.9238795284563802
    outer loop
      vertex 88.0416836887598 -50.3 2.4094055473804445
      vertex 88.0416836887598 50.3 2.4094055473804445
      vertex 88.01448411494493 50.3 2.398139114677903
    endloop
  endfacet
  facet normal 0.5956993013048966 0 -0.8032075338446832
    outer loop
      vertex 90.14795956015587 -50.3 1.2952746108174296
      vertex 90.14795956015587 50.3 1.2952746108174296
      vertex 90.54207481443882 50.3 1.5875704020261736
    endloop
  endfacet
  facet normal 0.7409511245144411 0 -0.6715589557743871
    outer loop
      vertex 91.23972149193287 -50.3 2.219880494475362
      vertex 91.23972149193287 50.3 2.219880494475362
      vertex 91.56923985481262 50.3 2.5834479808807345
    endloop
  endfacet
  facet normal 0.7071067811865475 0 -0.7071067811865475
    outer loop
      vertex 91.08011950552464 -50.3 2.060278508067128
      vertex 91.08011950552464 50.3 2.060278508067128
      vertex 91.23972149193287 50.3 2.219880494475362
    endloop
  endfacet
  facet normal 0.6715589565551059 0 -0.7409511238068388
    outer loop
      vertex 90.71655201166868 -50.3 1.7307601377367945
      vertex 90.71655201166868 50.3 1.7307601377367945
      vertex 91.08011950552464 50.3 2.060278508067128
    endloop
  endfacet
  facet normal 0.6343932853836777 0 -0.7730104523614826
    outer loop
      vertex 90.54207481443882 -50.3 1.5875704020261736
      vertex 90.54207481443882 50.3 1.5875704020261736
      vertex 90.71655201166868 50.3 1.7307601377367945
    endloop
  endfacet
  facet normal 0.4275550916986887 0 -0.903989293942426
    outer loop
      vertex 88.89679385721684 -50.3 0.6014269545674296
      vertex 88.89679385721684 50.3 0.6014269545674296
      vertex 89.34036039561033 50.3 0.8112183019518824
    endloop
  endfacet
  facet normal 0.5141027586573377 0 -0.8577286013308144
    outer loop
      vertex 89.5394199937582 -50.3 0.9176178678870173
      vertex 89.5394199937582 50.3 0.9176178678870173
      vertex 89.96028748899698 50.3 1.1698761463165255
    endloop
  endfacet
  facet normal 0.5555702195991948 0 -0.8314696212697745
    outer loop
      vertex 89.96028748899698 -50.3 1.1698761463165255
      vertex 89.96028748899698 50.3 1.1698761463165255
      vertex 90.14795956015587 50.3 1.2952746108174296
    endloop
  endfacet
  facet normal 0.47139671617526613 0 -0.8819212753864006
    outer loop
      vertex 89.34036039561033 -50.3 0.8112183019518824
      vertex 89.34036039561033 50.3 0.8112183019518824
      vertex 89.5394199937582 50.3 0.9176178678870173
    endloop
  endfacet
  facet normal 0.33688984659619614 0 -0.941544067614677
    outer loop
      vertex 88.22627003490925 -50.3 0.3497469678521128
      vertex 88.22627003490925 50.3 0.3497469678521128
      vertex 88.68826381117105 50.3 0.51505098044872
    endloop
  endfacet
  facet normal 0.3826834357090267 0 -0.9238795311261827
    outer loop
      vertex 88.68826381117105 -50.3 0.51505098044872
      vertex 88.68826381117105 50.3 0.51505098044872
      vertex 88.89679385721684 50.3 0.6014269545674296
    endloop
  endfacet
  facet normal 0.29028465284319516 0 -0.9569403431372854
    outer loop
      vertex 88.01027781516314 -50.3 0.2842264503240557
      vertex 88.01027781516314 50.3 0.2842264503240557
      vertex 88.22627003490925 50.3 0.3497469678521128
    endloop
  endfacet
  facet normal 0 0 1
    outer loop
      vertex 86 50.3 2.0000000029802294
      vertex 69.6696960066389 17.616789181894745 2.0000000029802294
      vertex 69.8249442894455 17.543362212609622 2.0000000029802294
    endloop
  endfacet
  facet normal 0 0 1
    outer loop
      vertex 86 50.3 2.0000000029802294
      vertex 69.97224790778431 17.455071821529458 2.0000000029802294
      vertex 70.11018824728637 17.352768293384784 2.0000000029802294
    endloop
  endfacet
  facet normal 0 0 1
    outer loop
      vertex 86 50.3 2.0000000029802294
      vertex 69.8249442894455 17.543362212609622 2.0000000029802294
      vertex 69.97224790778431 17.455071821529458 2.0000000029802294
    endloop
  endfacet
  facet normal 0 0 1
    outer loop
      vertex 86 50.3 2.0000000029802294
      vertex 70.35276829338478 17.110188247286374 2.0000000029802294
      vertex 70.45507182152946 16.972247907784308 2.0000000029802294
    endloop
  endfacet
  facet normal 0 0 1
    outer loop
      vertex 86 50.3 2.0000000029802294
      vertex 70.45507182152946 16.972247907784308 2.0000000029802294
      vertex 70.54336221260962 16.824944289445497 2.0000000029802294
    endloop
  endfacet
  facet normal 0 0 1
    outer loop
      vertex 86 50.3 2.0000000029802294
      vertex 70.11018824728637 17.352768293384784 2.0000000029802294
      vertex 70.23743686707645 17.237436867076454 2.0000000029802294
    endloop
  endfacet
  facet normal 0 0 1
    outer loop
      vertex 86 50.3 2.0000000029802294
      vertex 70.23743686707645 17.237436867076454 2.0000000029802294
      vertex 70.35276829338478 17.110188247286374 2.0000000029802294
    endloop
  endfacet
  facet normal 0 0 1
    outer loop
      vertex 86 50.3 2.0000000029802294
      vertex 70.67464558753136 15.492001814804695 2.0000000029802294
      vertex 70.61678918189475 15.330303993361099 2.0000000029802294
    endloop
  endfacet
  facet normal 0 0 1
    outer loop
      vertex 86 50.3 2.0000000029802294
      vertex 70.71637424070565 15.65859193647178 2.0000000029802294
      vertex 70.67464558753136 15.492001814804695 2.0000000029802294
    endloop
  endfacet
  facet normal 0 0 1
    outer loop
      vertex 86 50.3 2.0000000029802294
      vertex 70.74157327167634 15.828470004423266 2.0000000029802294
      vertex 70.71637424070565 15.65859193647178 2.0000000029802294
    endloop
  endfacet
  facet normal 0 0 1
    outer loop
      vertex 86 50.3 2.0000000029802294
      vertex 70.75 16 2.0000000029802294
      vertex 70.74157327167634 15.828470004423266 2.0000000029802294
    endloop
  endfacet
  facet normal 0 0 1
    outer loop
      vertex 86 50.3 2.0000000029802294
      vertex 70.74157327167634 16.171529995576734 2.0000000029802294
      vertex 70.75 16 2.0000000029802294
    endloop
  endfacet
  facet normal 0 0 1
    outer loop
      vertex 86 50.3 2.0000000029802294
      vertex 70.71637424070565 16.34140806352822 2.0000000029802294
      vertex 70.74157327167634 16.171529995576734 2.0000000029802294
    endloop
  endfacet
  facet normal 0 0 1
    outer loop
      vertex 86 50.3 2.0000000029802294
      vertex 70.67464558753136 16.507998185195305 2.0000000029802294
      vertex 70.71637424070565 16.34140806352822 2.0000000029802294
    endloop
  endfacet
  facet normal 0 0 1
    outer loop
      vertex 86 50.3 2.0000000029802294
      vertex 70.61678918189475 16.6696960066389 2.0000000029802294
      vertex 70.67464558753136 16.507998185195305 2.0000000029802294
    endloop
  endfacet
  facet normal 0 0 1
    outer loop
      vertex 86 50.3 2.0000000029802294
      vertex 70.54336221260962 16.824944289445497 2.0000000029802294
      vertex 70.61678918189475 16.6696960066389 2.0000000029802294
    endloop
  endfacet
  facet normal 0 0 -1
    outer loop
      vertex 86 50.3 2.9802293965985882e-9
      vertex 69.17152999557673 17.741573271676344 2.9802293965985882e-9
      vertex 69 17.75 2.9802293965985882e-9
    endloop
  endfacet
  facet normal 0 0 -1
    outer loop
      vertex 86 50.3 2.9802293965985882e-9
      vertex 69.34140806352822 17.716374240705647 2.9802293965985882e-9
      vertex 69.17152999557673 17.741573271676344 2.9802293965985882e-9
    endloop
  endfacet
  facet normal 0 0 -1
    outer loop
      vertex 86 50.3 2.9802293965985882e-9
      vertex 69.5079981851953 17.67464558753136 2.9802293965985882e-9
      vertex 69.34140806352822 17.716374240705647 2.9802293965985882e-9
    endloop
  endfacet
  facet normal 0 0 -1
    outer loop
      vertex 86 50.3 2.9802293965985882e-9
      vertex 69.6696960066389 17.616789181894745 2.9802293965985882e-9
      vertex 69.5079981851953 17.67464558753136 2.9802293965985882e-9
    endloop
  endfacet
  facet normal 0 0 -1
    outer loop
      vertex 86 50.3 2.9802293965985882e-9
      vertex 69.8249442894455 17.543362212609622 2.9802293965985882e-9
      vertex 69.6696960066389 17.616789181894745 2.9802293965985882e-9
    endloop
  endfacet
  facet normal 0 0 -1
    outer loop
      vertex 86 50.3 2.9802293965985882e-9
      vertex 70.11018824728637 17.352768293384784 2.9802293965985882e-9
      vertex 69.97224790778431 17.455071821529458 2.9802293965985882e-9
    endloop
  endfacet
  facet normal 0 0 -1
    outer loop
      vertex 86 50.3 2.9802293965985882e-9
      vertex 69.97224790778431 17.455071821529458 2.9802293965985882e-9
      vertex 69.8249442894455 17.543362212609622 2.9802293965985882e-9
    endloop
  endfacet
  facet normal 0 0 -1
    outer loop
      vertex 86 50.3 2.9802293965985882e-9
      vertex 70.45507182152946 16.972247907784308 2.9802293965985882e-9
      vertex 70.35276829338478 17.110188247286374 2.9802293965985882e-9
    endloop
  endfacet
  facet normal 0 0 -1
    outer loop
      vertex 86 50.3 2.9802293965985882e-9
      vertex 70.54336221260962 16.824944289445497 2.9802293965985882e-9
      vertex 70.45507182152946 16.972247907784308 2.9802293965985882e-9
    endloop
  endfacet
  facet normal 0 0 -1
    outer loop
      vertex 86 50.3 2.9802293965985882e-9
      vertex 70.23743686707645 17.237436867076454 2.9802293965985882e-9
      vertex 70.11018824728637 17.352768293384784 2.9802293965985882e-9
    endloop
  endfacet
  facet normal 0 0 -1
    outer loop
      vertex 86 50.3 2.9802293965985882e-9
      vertex 70.35276829338478 17.110188247286374 2.9802293965985882e-9
      vertex 70.23743686707645 17.237436867076454 2.9802293965985882e-9
    endloop
  endfacet
  facet normal 0 0 -1
    outer loop
      vertex 86 50.3 2.9802293965985882e-9
      vertex 70.67464558753136 15.492001814804695 2.9802293965985882e-9
      vertex 70.71637424070565 15.65859193647178 2.9802293965985882e-9
    endloop
  endfacet
  facet normal 0 0 -1
    outer loop
      vertex 86 50.3 2.9802293965985882e-9
      vertex 70.71637424070565 15.65859193647178 2.9802293965985882e-9
      vertex 70.74157327167634 15.828470004423266 2.9802293965985882e-9
    endloop
  endfacet
  facet normal 0 0 -1
    outer loop
      vertex 86 50.3 2.9802293965985882e-9
      vertex 70.74157327167634 15.828470004423266 2.9802293965985882e-9
      vertex 70.75 16 2.9802293965985882e-9
    endloop
  endfacet
  facet normal 0 0 -1
    outer loop
      vertex 86 50.3 2.9802293965985882e-9
      vertex 70.75 16 2.9802293965985882e-9
      vertex 70.74157327167634 16.171529995576734 2.9802293965985882e-9
    endloop
  endfacet
  facet normal 0 0 -1
    outer loop
      vertex 86 50.3 2.9802293965985882e-9
      vertex 70.74157327167634 16.171529995576734 2.9802293965985882e-9
      vertex 70.71637424070565 16.34140806352822 2.9802293965985882e-9
    endloop
  endfacet
  facet normal 0 0 -1
    outer loop
      vertex 86 50.3 2.9802293965985882e-9
      vertex 70.71637424070565 16.34140806352822 2.9802293965985882e-9
      vertex 70.67464558753136 16.507998185195305 2.9802293965985882e-9
    endloop
  endfacet
  facet normal 0 0 -1
    outer loop
      vertex 86 50.3 2.9802293965985882e-9
      vertex 70.67464558753136 16.507998185195305 2.9802293965985882e-9
      vertex 70.61678918189475 16.6696960066389 2.9802293965985882e-9
    endloop
  endfacet
  facet normal 0 0 -1
    outer loop
      vertex 86 50.3 2.9802293965985882e-9
      vertex 70.61678918189475 16.6696960066389 2.9802293965985882e-9
      vertex 70.54336221260962 16.824944289445497 2.9802293965985882e-9
    endloop
  endfacet
  facet normal 0.903989293123461 0.4275550934302448 0
    outer loop
      vertex 67.45663778739038 -16.824944289445497 2.0000000029802294
      vertex 67.45663778739038 -16.824944289445497 2.9802293965985882e-9
      vertex 67.38321081810525 -16.669696006638908 2.0000000029802294
    endloop
  endfacet
  facet normal 0.8577286100002717 0.5141027441932225 0
    outer loop
      vertex 67.54492817847054 -16.9722479077843 2.0000000029802294
      vertex 67.54492817847054 -16.9722479077843 2.9802293965985882e-9
      vertex 67.45663778739038 -16.824944289445497 2.0000000029802294
    endloop
  endfacet
  facet normal 0.9415440651830201 0.3368898533922217 0
    outer loop
      vertex 67.38321081810525 -16.669696006638908 2.0000000029802294
      vertex 67.38321081810525 -16.669696006638908 2.9802293965985882e-9
      vertex 67.32535441246864 -16.507998185195312 2.0000000029802294
    endloop
  endfacet
  facet normal 0.9700312531945424 0.24298017990326992 0
    outer loop
      vertex 67.32535441246864 -16.507998185195312 2.0000000029802294
      vertex 67.32535441246864 -16.507998185195312 2.9802293965985882e-9
      vertex 67.28362575929435 -16.341408063528228 2.0000000029802294
    endloop
  endfacet
  facet normal 0.7409511253549675 0.671558954847009 0
    outer loop
      vertex 67.64723170661522 -17.11018824728638 2.0000000029802294
      vertex 67.76256313292355 -17.23743686707646 2.0000000029802294
      vertex 67.76256313292355 -17.23743686707646 2.9802293965985882e-9
    endloop
  endfacet
  facet normal 0.671558954847009 0.7409511253549675 0
    outer loop
      vertex 67.76256313292355 -17.23743686707646 2.0000000029802294
      vertex 67.88981175271363 -17.35276829338479 2.0000000029802294
      vertex 67.88981175271363 -17.35276829338479 2.9802293965985882e-9
    endloop
  endfacet
  facet normal 0.5956993044924421 0.8032075314806384 0
    outer loop
      vertex 67.88981175271363 -17.35276829338479 2.0000000029802294
      vertex 68.02775209221569 -17.45507182152945 2.0000000029802294
      vertex 68.02775209221569 -17.45507182152945 2.9802293965985882e-9
    endloop
  endfacet
  facet normal 0.5141027441932348 0.8577286100002643 0
    outer loop
      vertex 68.02775209221569 -17.45507182152945 2.0000000029802294
      vertex 68.1750557105545 -17.543362212609622 2.0000000029802294
      vertex 68.1750557105545 -17.543362212609622 2.9802293965985882e-9
    endloop
  endfacet
  facet normal 0.8032075314806282 0.595699304492456 0
    outer loop
      vertex 67.64723170661522 -17.11018824728638 2.0000000029802294
      vertex 67.64723170661522 -17.11018824728638 2.9802293965985882e-9
      vertex 67.54492817847054 -16.9722479077843 2.0000000029802294
    endloop
  endfacet
  facet normal 0.42755509343026254 0.9039892931234524 0
    outer loop
      vertex 68.1750557105545 -17.543362212609622 2.0000000029802294
      vertex 68.3303039933611 -17.616789181894752 2.0000000029802294
      vertex 68.3303039933611 -17.616789181894752 2.9802293965985882e-9
    endloop
  endfacet
  facet normal 0.3368898533922217 0.9415440651830201 0
    outer loop
      vertex 68.3303039933611 -17.616789181894752 2.0000000029802294
      vertex 68.4920018148047 -17.674645587531366 2.0000000029802294
      vertex 68.4920018148047 -17.674645587531366 2.9802293965985882e-9
    endloop
  endfacet
  facet normal 0.24298017990326992 0.9700312531945424 0
    outer loop
      vertex 68.4920018148047 -17.674645587531366 2.0000000029802294
      vertex 68.65859193647178 -17.716374240705655 2.0000000029802294
      vertex 68.65859193647178 -17.716374240705655 2.9802293965985882e-9
    endloop
  endfacet
  facet normal 0.14673047445535872 0.9891765099647813 0
    outer loop
      vertex 68.65859193647178 -17.716374240705655 2.0000000029802294
      vertex 68.82847000442327 -17.741573271676344 2.0000000029802294
      vertex 68.82847000442327 -17.741573271676344 2.9802293965985882e-9
    endloop
  endfacet
  facet normal 0.04906767432741849 0.9987954562051724 0
    outer loop
      vertex 68.82847000442327 -17.741573271676344 2.0000000029802294
      vertex 69 -17.75 2.0000000029802294
      vertex 69 -17.75 2.9802293965985882e-9
    endloop
  endfacet
  facet normal 0.9891765099647762 0.1467304744553932 0
    outer loop
      vertex 67.28362575929435 -16.341408063528228 2.0000000029802294
      vertex 67.28362575929435 -16.341408063528228 2.9802293965985882e-9
      vertex 67.25842672832366 -16.171529995576734 2.0000000029802294
    endloop
  endfacet
  facet normal 0.9987954562051724 0.04906767432741849 0
    outer loop
      vertex 67.25842672832366 -16.171529995576734 2.0000000029802294
      vertex 67.25842672832366 -16.171529995576734 2.9802293965985882e-9
      vertex 67.25 -16 2.0000000029802294
    endloop
  endfacet
  facet normal 0.9987954562051724 -0.04906767432741849 0
    outer loop
      vertex 67.25 -16 2.0000000029802294
      vertex 67.25 -16 2.9802293965985882e-9
      vertex 67.25842672832366 -15.828470004423266 2.0000000029802294
    endloop
  endfacet
  facet normal 0.9891765099647762 -0.1467304744553932 0
    outer loop
      vertex 67.25842672832366 -15.828470004423266 2.0000000029802294
      vertex 67.25842672832366 -15.828470004423266 2.9802293965985882e-9
      vertex 67.28362575929435 -15.658591936471772 2.0000000029802294
    endloop
  endfacet
  facet normal 0.9700312531945424 -0.24298017990326992 0
    outer loop
      vertex 67.28362575929435 -15.658591936471772 2.0000000029802294
      vertex 67.28362575929435 -15.658591936471772 2.9802293965985882e-9
      vertex 67.32535441246864 -15.492001814804688 2.0000000029802294
    endloop
  endfacet
  facet normal 0.9415440651830201 -0.3368898533922217 0
    outer loop
      vertex 67.32535441246864 -15.492001814804688 2.0000000029802294
      vertex 67.32535441246864 -15.492001814804688 2.9802293965985882e-9
      vertex 67.38321081810525 -15.330303993361092 2.0000000029802294
    endloop
  endfacet
  facet normal 0.903989293123461 -0.4275550934302448 0
    outer loop
      vertex 67.38321081810525 -15.330303993361092 2.0000000029802294
      vertex 67.38321081810525 -15.330303993361092 2.9802293965985882e-9
      vertex 67.45663778739038 -15.175055710554503 2.0000000029802294
    endloop
  endfacet
  facet normal 0.8577286100002717 -0.5141027441932225 0
    outer loop
      vertex 67.45663778739038 -15.175055710554503 2.0000000029802294
      vertex 67.45663778739038 -15.175055710554503 2.9802293965985882e-9
      vertex 67.54492817847054 -15.0277520922157 2.0000000029802294
    endloop
  endfacet
  facet normal 0.8032075314806282 -0.595699304492456 0
    outer loop
      vertex 67.54492817847054 -15.0277520922157 2.0000000029802294
      vertex 67.54492817847054 -15.0277520922157 2.9802293965985882e-9
      vertex 67.64723170661522 -14.88981175271362 2.0000000029802294
    endloop
  endfacet
  facet normal 0.7409511253549675 -0.671558954847009 0
    outer loop
      vertex 67.64723170661522 -14.88981175271362 2.0000000029802294
      vertex 67.64723170661522 -14.88981175271362 2.9802293965985882e-9
      vertex 67.76256313292355 -14.762563132923539 2.0000000029802294
    endloop
  endfacet
  facet normal 0.671558954847009 -0.7409511253549675 0
    outer loop
      vertex 67.76256313292355 -14.762563132923539 2.0000000029802294
      vertex 67.76256313292355 -14.762563132923539 2.9802293965985882e-9
      vertex 67.88981175271363 -14.647231706615209 2.0000000029802294
    endloop
  endfacet
  facet normal 0.5956993044924421 -0.8032075314806384 0
    outer loop
      vertex 68.02775209221569 -14.544928178470549 2.0000000029802294
      vertex 67.88981175271363 -14.647231706615209 2.0000000029802294
      vertex 67.88981175271363 -14.647231706615209 2.9802293965985882e-9
    endloop
  endfacet
  facet normal 0.5141027441932348 -0.8577286100002643 0
    outer loop
      vertex 68.1750557105545 -14.456637787390378 2.0000000029802294
      vertex 68.02775209221569 -14.544928178470549 2.0000000029802294
      vertex 68.02775209221569 -14.544928178470549 2.9802293965985882e-9
    endloop
  endfacet
  facet normal 0.42755509343026254 -0.9039892931234524 0
    outer loop
      vertex 68.3303039933611 -14.383210818105248 2.0000000029802294
      vertex 68.1750557105545 -14.456637787390378 2.0000000029802294
      vertex 68.1750557105545 -14.456637787390378 2.9802293965985882e-9
    endloop
  endfacet
  facet normal 0.3368898533922217 -0.9415440651830201 0
    outer loop
      vertex 68.4920018148047 -14.325354412468634 2.0000000029802294
      vertex 68.3303039933611 -14.383210818105248 2.0000000029802294
      vertex 68.3303039933611 -14.383210818105248 2.9802293965985882e-9
    endloop
  endfacet
  facet normal 0.24298017990326992 -0.9700312531945424 0
    outer loop
      vertex 68.65859193647178 -14.283625759294345 2.0000000029802294
      vertex 68.4920018148047 -14.325354412468634 2.0000000029802294
      vertex 68.4920018148047 -14.325354412468634 2.9802293965985882e-9
    endloop
  endfacet
  facet normal 0.14673047445535872 -0.9891765099647813 0
    outer loop
      vertex 68.82847000442327 -14.258426728323656 2.0000000029802294
      vertex 68.65859193647178 -14.283625759294345 2.0000000029802294
      vertex 68.65859193647178 -14.283625759294345 2.9802293965985882e-9
    endloop
  endfacet
  facet normal 0.04906767432741849 -0.9987954562051724 0
    outer loop
      vertex 69 -14.25 2.0000000029802294
      vertex 68.82847000442327 -14.258426728323656 2.0000000029802294
      vertex 68.82847000442327 -14.258426728323656 2.9802293965985882e-9
    endloop
  endfacet
  facet normal -0.04906767432741849 0.9987954562051724 0
    outer loop
      vertex 69 -17.75 2.0000000029802294
      vertex 69.17152999557673 -17.741573271676344 2.0000000029802294
      vertex 69.17152999557673 -17.741573271676344 2.9802293965985882e-9
    endloop
  endfacet
  facet normal -0.14673047445535872 0.9891765099647813 0
    outer loop
      vertex 69.17152999557673 -17.741573271676344 2.0000000029802294
      vertex 69.34140806352822 -17.716374240705655 2.0000000029802294
      vertex 69.34140806352822 -17.716374240705655 2.9802293965985882e-9
    endloop
  endfacet
  facet normal -0.24298017990326992 0.9700312531945424 0
    outer loop
      vertex 69.34140806352822 -17.716374240705655 2.0000000029802294
      vertex 69.5079981851953 -17.674645587531366 2.0000000029802294
      vertex 69.5079981851953 -17.674645587531366 2.9802293965985882e-9
    endloop
  endfacet
  facet normal -0.3368898533922217 0.9415440651830201 0
    outer loop
      vertex 69.5079981851953 -17.674645587531366 2.0000000029802294
      vertex 69.6696960066389 -17.616789181894752 2.0000000029802294
      vertex 69.6696960066389 -17.616789181894752 2.9802293965985882e-9
    endloop
  endfacet
  facet normal -0.42755509343026254 0.9039892931234524 0
    outer loop
      vertex 69.6696960066389 -17.616789181894752 2.0000000029802294
      vertex 69.8249442894455 -17.543362212609622 2.0000000029802294
      vertex 69.8249442894455 -17.543362212609622 2.9802293965985882e-9
    endloop
  endfacet
  facet normal -0.5141027441932348 0.8577286100002643 0
    outer loop
      vertex 69.8249442894455 -17.543362212609622 2.0000000029802294
      vertex 69.97224790778431 -17.45507182152945 2.0000000029802294
      vertex 69.97224790778431 -17.45507182152945 2.9802293965985882e-9
    endloop
  endfacet
  facet normal -0.5956993044924421 0.8032075314806384 0
    outer loop
      vertex 69.97224790778431 -17.45507182152945 2.0000000029802294
      vertex 70.11018824728637 -17.35276829338479 2.0000000029802294
      vertex 70.11018824728637 -17.35276829338479 2.9802293965985882e-9
    endloop
  endfacet
  facet normal -0.671558954847009 0.7409511253549675 0
    outer loop
      vertex 70.11018824728637 -17.35276829338479 2.0000000029802294
      vertex 70.23743686707645 -17.23743686707646 2.0000000029802294
      vertex 70.23743686707645 -17.23743686707646 2.9802293965985882e-9
    endloop
  endfacet
  facet normal -0.7409511253549675 0.671558954847009 0
    outer loop
      vertex 70.35276829338478 -17.11018824728638 2.0000000029802294
      vertex 70.35276829338478 -17.11018824728638 2.9802293965985882e-9
      vertex 70.23743686707645 -17.23743686707646 2.0000000029802294
    endloop
  endfacet
  facet normal -0.8032075314806282 0.595699304492456 0
    outer loop
      vertex 70.45507182152946 -16.9722479077843 2.0000000029802294
      vertex 70.45507182152946 -16.9722479077843 2.9802293965985882e-9
      vertex 70.35276829338478 -17.11018824728638 2.0000000029802294
    endloop
  endfacet
  facet normal -0.8577286100002717 0.5141027441932225 0
    outer loop
      vertex 70.54336221260962 -16.824944289445497 2.0000000029802294
      vertex 70.54336221260962 -16.824944289445497 2.9802293965985882e-9
      vertex 70.45507182152946 -16.9722479077843 2.0000000029802294
    endloop
  endfacet
  facet normal -0.903989293123461 0.4275550934302448 0
    outer loop
      vertex 70.61678918189475 -16.669696006638908 2.0000000029802294
      vertex 70.61678918189475 -16.669696006638908 2.9802293965985882e-9
      vertex 70.54336221260962 -16.824944289445497 2.0000000029802294
    endloop
  endfacet
  facet normal -0.9415440651830201 0.3368898533922217 0
    outer loop
      vertex 70.67464558753136 -16.507998185195312 2.0000000029802294
      vertex 70.67464558753136 -16.507998185195312 2.9802293965985882e-9
      vertex 70.61678918189475 -16.669696006638908 2.0000000029802294
    endloop
  endfacet
  facet normal -0.9700312531945424 0.24298017990326992 0
    outer loop
      vertex 70.71637424070565 -16.341408063528228 2.0000000029802294
      vertex 70.71637424070565 -16.341408063528228 2.9802293965985882e-9
      vertex 70.67464558753136 -16.507998185195312 2.0000000029802294
    endloop
  endfacet
  facet normal -0.7409511253549675 -0.671558954847009 0
    outer loop
      vertex 70.23743686707645 -14.762563132923539 2.0000000029802294
      vertex 70.23743686707645 -14.762563132923539 2.9802293965985882e-9
      vertex 70.35276829338478 -14.88981175271362 2.0000000029802294
    endloop
  endfacet
  facet normal -0.04906767432741849 -0.9987954562051724 0
    outer loop
      vertex 69.17152999557673 -14.258426728323656 2.0000000029802294
      vertex 69 -14.25 2.0000000029802294
      vertex 69 -14.25 2.9802293965985882e-9
    endloop
  endfacet
  facet normal -0.14673047445535872 -0.9891765099647813 0
    outer loop
      vertex 69.34140806352822 -14.283625759294345 2.0000000029802294
      vertex 69.17152999557673 -14.258426728323656 2.0000000029802294
      vertex 69.17152999557673 -14.258426728323656 2.9802293965985882e-9
    endloop
  endfacet
  facet normal -0.3368898533922217 -0.9415440651830201 0
    outer loop
      vertex 69.6696960066389 -14.383210818105248 2.0000000029802294
      vertex 69.5079981851953 -14.325354412468634 2.0000000029802294
      vertex 69.5079981851953 -14.325354412468634 2.9802293965985882e-9
    endloop
  endfacet
  facet normal -0.24298017990326992 -0.9700312531945424 0
    outer loop
      vertex 69.5079981851953 -14.325354412468634 2.0000000029802294
      vertex 69.34140806352822 -14.283625759294345 2.0000000029802294
      vertex 69.34140806352822 -14.283625759294345 2.9802293965985882e-9
    endloop
  endfacet
  facet normal -0.42755509343026254 -0.9039892931234524 0
    outer loop
      vertex 69.8249442894455 -14.456637787390378 2.0000000029802294
      vertex 69.6696960066389 -14.383210818105248 2.0000000029802294
      vertex 69.6696960066389 -14.383210818105248 2.9802293965985882e-9
    endloop
  endfacet
  facet normal -0.5141027441932348 -0.8577286100002643 0
    outer loop
      vertex 69.97224790778431 -14.544928178470549 2.0000000029802294
      vertex 69.8249442894455 -14.456637787390378 2.0000000029802294
      vertex 69.8249442894455 -14.456637787390378 2.9802293965985882e-9
    endloop
  endfacet
  facet normal -0.5956993044924421 -0.8032075314806384 0
    outer loop
      vertex 70.11018824728637 -14.647231706615209 2.0000000029802294
      vertex 69.97224790778431 -14.544928178470549 2.0000000029802294
      vertex 69.97224790778431 -14.544928178470549 2.9802293965985882e-9
    endloop
  endfacet
  facet normal -0.671558954847009 -0.7409511253549675 0
    outer loop
      vertex 70.23743686707645 -14.762563132923539 2.0000000029802294
      vertex 70.11018824728637 -14.647231706615209 2.0000000029802294
      vertex 70.11018824728637 -14.647231706615209 2.9802293965985882e-9
    endloop
  endfacet
  facet normal -0.9891765099647762 0.1467304744553932 0
    outer loop
      vertex 70.74157327167634 -16.171529995576734 2.0000000029802294
      vertex 70.74157327167634 -16.171529995576734 2.9802293965985882e-9
      vertex 70.71637424070565 -16.341408063528228 2.0000000029802294
    endloop
  endfacet
  facet normal -0.9987954562051724 0.04906767432741849 0
    outer loop
      vertex 70.75 -16 2.0000000029802294
      vertex 70.75 -16 2.9802293965985882e-9
      vertex 70.74157327167634 -16.171529995576734 2.0000000029802294
    endloop
  endfacet
  facet normal -0.9987954562051724 -0.04906767432741849 0
    outer loop
      vertex 70.74157327167634 -15.828470004423266 2.0000000029802294
      vertex 70.74157327167634 -15.828470004423266 2.9802293965985882e-9
      vertex 70.75 -16 2.0000000029802294
    endloop
  endfacet
  facet normal -0.9700312531945424 -0.24298017990326992 0
    outer loop
      vertex 70.67464558753136 -15.492001814804688 2.0000000029802294
      vertex 70.67464558753136 -15.492001814804688 2.9802293965985882e-9
      vertex 70.71637424070565 -15.658591936471772 2.0000000029802294
    endloop
  endfacet
  facet normal -0.9891765099647762 -0.1467304744553932 0
    outer loop
      vertex 70.71637424070565 -15.658591936471772 2.0000000029802294
      vertex 70.71637424070565 -15.658591936471772 2.9802293965985882e-9
      vertex 70.74157327167634 -15.828470004423266 2.0000000029802294
    endloop
  endfacet
  facet normal -0.903989293123461 -0.4275550934302448 0
    outer loop
      vertex 70.54336221260962 -15.175055710554503 2.0000000029802294
      vertex 70.54336221260962 -15.175055710554503 2.9802293965985882e-9
      vertex 70.61678918189475 -15.330303993361092 2.0000000029802294
    endloop
  endfacet
  facet normal -0.8032075314806282 -0.595699304492456 0
    outer loop
      vertex 70.35276829338478 -14.88981175271362 2.0000000029802294
      vertex 70.35276829338478 -14.88981175271362 2.9802293965985882e-9
      vertex 70.45507182152946 -15.0277520922157 2.0000000029802294
    endloop
  endfacet
  facet normal -0.8577286100002717 -0.5141027441932225 0
    outer loop
      vertex 70.45507182152946 -15.0277520922157 2.0000000029802294
      vertex 70.45507182152946 -15.0277520922157 2.9802293965985882e-9
      vertex 70.54336221260962 -15.175055710554503 2.0000000029802294
    endloop
  endfacet
  facet normal -0.9415440651830201 -0.3368898533922217 0
    outer loop
      vertex 70.61678918189475 -15.330303993361092 2.0000000029802294
      vertex 70.61678918189475 -15.330303993361092 2.9802293965985882e-9
      vertex 70.67464558753136 -15.492001814804688 2.0000000029802294
    endloop
  endfacet
  facet normal 0.8032075314806282 0.595699304492456 0
    outer loop
      vertex 67.54492817847054 -16.9722479077843 2.0000000029802294
      vertex 67.64723170661522 -17.11018824728638 2.9802293965985882e-9
      vertex 67.54492817847054 -16.9722479077843 2.9802293965985882e-9
    endloop
  endfacet
  facet normal 0.8577286100002717 0.5141027441932225 0
    outer loop
      vertex 67.45663778739038 -16.824944289445497 2.0000000029802294
      vertex 67.54492817847054 -16.9722479077843 2.9802293965985882e-9
      vertex 67.45663778739038 -16.824944289445497 2.9802293965985882e-9
    endloop
  endfacet
  facet normal 0.903989293123461 0.4275550934302448 0
    outer loop
      vertex 67.38321081810525 -16.669696006638908 2.0000000029802294
      vertex 67.45663778739038 -16.824944289445497 2.9802293965985882e-9
      vertex 67.38321081810525 -16.669696006638908 2.9802293965985882e-9
    endloop
  endfacet
  facet normal 0.9415440651830201 0.3368898533922217 0
    outer loop
      vertex 67.32535441246864 -16.507998185195312 2.0000000029802294
      vertex 67.38321081810525 -16.669696006638908 2.9802293965985882e-9
      vertex 67.32535441246864 -16.507998185195312 2.9802293965985882e-9
    endloop
  endfacet
  facet normal 0.9700312531945424 0.24298017990326992 0
    outer loop
      vertex 67.28362575929435 -16.341408063528228 2.0000000029802294
      vertex 67.32535441246864 -16.507998185195312 2.9802293965985882e-9
      vertex 67.28362575929435 -16.341408063528228 2.9802293965985882e-9
    endloop
  endfacet
  facet normal 0.671558954847009 0.7409511253549675 0
    outer loop
      vertex 67.76256313292355 -17.23743686707646 2.0000000029802294
      vertex 67.88981175271363 -17.35276829338479 2.9802293965985882e-9
      vertex 67.76256313292355 -17.23743686707646 2.9802293965985882e-9
    endloop
  endfacet
  facet normal 0.5956993044924421 0.8032075314806384 0
    outer loop
      vertex 67.88981175271363 -17.35276829338479 2.0000000029802294
      vertex 68.02775209221569 -17.45507182152945 2.9802293965985882e-9
      vertex 67.88981175271363 -17.35276829338479 2.9802293965985882e-9
    endloop
  endfacet
  facet normal 0.5141027441932348 0.8577286100002643 0
    outer loop
      vertex 68.02775209221569 -17.45507182152945 2.0000000029802294
      vertex 68.1750557105545 -17.543362212609622 2.9802293965985882e-9
      vertex 68.02775209221569 -17.45507182152945 2.9802293965985882e-9
    endloop
  endfacet
  facet normal 0.42755509343026254 0.9039892931234524 0
    outer loop
      vertex 68.1750557105545 -17.543362212609622 2.0000000029802294
      vertex 68.3303039933611 -17.616789181894752 2.9802293965985882e-9
      vertex 68.1750557105545 -17.543362212609622 2.9802293965985882e-9
    endloop
  endfacet
  facet normal 0.7409511253549675 0.671558954847009 0
    outer loop
      vertex 67.64723170661522 -17.11018824728638 2.0000000029802294
      vertex 67.76256313292355 -17.23743686707646 2.9802293965985882e-9
      vertex 67.64723170661522 -17.11018824728638 2.9802293965985882e-9
    endloop
  endfacet
  facet normal 0.3368898533922217 0.9415440651830201 0
    outer loop
      vertex 68.3303039933611 -17.616789181894752 2.0000000029802294
      vertex 68.4920018148047 -17.674645587531366 2.9802293965985882e-9
      vertex 68.3303039933611 -17.616789181894752 2.9802293965985882e-9
    endloop
  endfacet
  facet normal 0.24298017990326992 0.9700312531945424 0
    outer loop
      vertex 68.4920018148047 -17.674645587531366 2.0000000029802294
      vertex 68.65859193647178 -17.716374240705655 2.9802293965985882e-9
      vertex 68.4920018148047 -17.674645587531366 2.9802293965985882e-9
    endloop
  endfacet
  facet normal 0.14673047445535872 0.9891765099647813 0
    outer loop
      vertex 68.65859193647178 -17.716374240705655 2.0000000029802294
      vertex 68.82847000442327 -17.741573271676344 2.9802293965985882e-9
      vertex 68.65859193647178 -17.716374240705655 2.9802293965985882e-9
    endloop
  endfacet
  facet normal 0.04906767432741849 0.9987954562051724 0
    outer loop
      vertex 68.82847000442327 -17.741573271676344 2.0000000029802294
      vertex 69 -17.75 2.9802293965985882e-9
      vertex 68.82847000442327 -17.741573271676344 2.9802293965985882e-9
    endloop
  endfacet
  facet normal 0.9891765099647762 0.1467304744553932 0
    outer loop
      vertex 67.25842672832366 -16.171529995576734 2.0000000029802294
      vertex 67.28362575929435 -16.341408063528228 2.9802293965985882e-9
      vertex 67.25842672832366 -16.171529995576734 2.9802293965985882e-9
    endloop
  endfacet
  facet normal 0.9987954562051724 0.04906767432741849 0
    outer loop
      vertex 67.25 -16 2.0000000029802294
      vertex 67.25842672832366 -16.171529995576734 2.9802293965985882e-9
      vertex 67.25 -16 2.9802293965985882e-9
    endloop
  endfacet
  facet normal 0.9987954562051724 -0.04906767432741849 0
    outer loop
      vertex 67.25842672832366 -15.828470004423266 2.0000000029802294
      vertex 67.25 -16 2.9802293965985882e-9
      vertex 67.25842672832366 -15.828470004423266 2.9802293965985882e-9
    endloop
  endfacet
  facet normal 0.9891765099647762 -0.1467304744553932 0
    outer loop
      vertex 67.28362575929435 -15.658591936471772 2.0000000029802294
      vertex 67.25842672832366 -15.828470004423266 2.9802293965985882e-9
      vertex 67.28362575929435 -15.658591936471772 2.9802293965985882e-9
    endloop
  endfacet
  facet normal 0.9700312531945424 -0.24298017990326992 0
    outer loop
      vertex 67.32535441246864 -15.492001814804688 2.0000000029802294
      vertex 67.28362575929435 -15.658591936471772 2.9802293965985882e-9
      vertex 67.32535441246864 -15.492001814804688 2.9802293965985882e-9
    endloop
  endfacet
  facet normal 0.9415440651830201 -0.3368898533922217 0
    outer loop
      vertex 67.38321081810525 -15.330303993361092 2.0000000029802294
      vertex 67.32535441246864 -15.492001814804688 2.9802293965985882e-9
      vertex 67.38321081810525 -15.330303993361092 2.9802293965985882e-9
    endloop
  endfacet
  facet normal 0.903989293123461 -0.4275550934302448 0
    outer loop
      vertex 67.45663778739038 -15.175055710554503 2.0000000029802294
      vertex 67.38321081810525 -15.330303993361092 2.9802293965985882e-9
      vertex 67.45663778739038 -15.175055710554503 2.9802293965985882e-9
    endloop
  endfacet
  facet normal 0.8577286100002717 -0.5141027441932225 0
    outer loop
      vertex 67.54492817847054 -15.0277520922157 2.0000000029802294
      vertex 67.45663778739038 -15.175055710554503 2.9802293965985882e-9
      vertex 67.54492817847054 -15.0277520922157 2.9802293965985882e-9
    endloop
  endfacet
  facet normal 0.8032075314806282 -0.595699304492456 0
    outer loop
      vertex 67.64723170661522 -14.88981175271362 2.0000000029802294
      vertex 67.54492817847054 -15.0277520922157 2.9802293965985882e-9
      vertex 67.64723170661522 -14.88981175271362 2.9802293965985882e-9
    endloop
  endfacet
  facet normal 0.7409511253549675 -0.671558954847009 0
    outer loop
      vertex 67.76256313292355 -14.762563132923539 2.0000000029802294
      vertex 67.64723170661522 -14.88981175271362 2.9802293965985882e-9
      vertex 67.76256313292355 -14.762563132923539 2.9802293965985882e-9
    endloop
  endfacet
  facet normal 0.671558954847009 -0.7409511253549675 0
    outer loop
      vertex 67.88981175271363 -14.647231706615209 2.0000000029802294
      vertex 67.76256313292355 -14.762563132923539 2.9802293965985882e-9
      vertex 67.88981175271363 -14.647231706615209 2.9802293965985882e-9
    endloop
  endfacet
  facet normal 0.5956993044924421 -0.8032075314806384 0
    outer loop
      vertex 68.02775209221569 -14.544928178470549 2.0000000029802294
      vertex 67.88981175271363 -14.647231706615209 2.9802293965985882e-9
      vertex 68.02775209221569 -14.544928178470549 2.9802293965985882e-9
    endloop
  endfacet
  facet normal 0.5141027441932348 -0.8577286100002643 0
    outer loop
      vertex 68.1750557105545 -14.456637787390378 2.0000000029802294
      vertex 68.02775209221569 -14.544928178470549 2.9802293965985882e-9
      vertex 68.1750557105545 -14.456637787390378 2.9802293965985882e-9
    endloop
  endfacet
  facet normal 0.42755509343026254 -0.9039892931234524 0
    outer loop
      vertex 68.3303039933611 -14.383210818105248 2.0000000029802294
      vertex 68.1750557105545 -14.456637787390378 2.9802293965985882e-9
      vertex 68.3303039933611 -14.383210818105248 2.9802293965985882e-9
    endloop
  endfacet
  facet normal 0.3368898533922217 -0.9415440651830201 0
    outer loop
      vertex 68.4920018148047 -14.325354412468634 2.0000000029802294
      vertex 68.3303039933611 -14.383210818105248 2.9802293965985882e-9
      vertex 68.4920018148047 -14.325354412468634 2.9802293965985882e-9
    endloop
  endfacet
  facet normal 0.24298017990326992 -0.9700312531945424 0
    outer loop
      vertex 68.65859193647178 -14.283625759294345 2.0000000029802294
      vertex 68.4920018148047 -14.325354412468634 2.9802293965985882e-9
      vertex 68.65859193647178 -14.283625759294345 2.9802293965985882e-9
    endloop
  endfacet
  facet normal 0.14673047445535872 -0.9891765099647813 0
    outer loop
      vertex 68.82847000442327 -14.258426728323656 2.0000000029802294
      vertex 68.65859193647178 -14.283625759294345 2.9802293965985882e-9
      vertex 68.82847000442327 -14.258426728323656 2.9802293965985882e-9
    endloop
  endfacet
  facet normal 0.04906767432741849 -0.9987954562051724 0
    outer loop
      vertex 69 -14.25 2.0000000029802294
      vertex 68.82847000442327 -14.258426728323656 2.9802293965985882e-9
      vertex 69 -14.25 2.9802293965985882e-9
    endloop
  endfacet
  facet normal -0.04906767432741849 0.9987954562051724 0
    outer loop
      vertex 69 -17.75 2.0000000029802294
      vertex 69.17152999557673 -17.741573271676344 2.9802293965985882e-9
      vertex 69 -17.75 2.9802293965985882e-9
    endloop
  endfacet
  facet normal -0.14673047445535872 0.9891765099647813 0
    outer loop
      vertex 69.17152999557673 -17.741573271676344 2.0000000029802294
      vertex 69.34140806352822 -17.716374240705655 2.9802293965985882e-9
      vertex 69.17152999557673 -17.741573271676344 2.9802293965985882e-9
    endloop
  endfacet
  facet normal -0.24298017990326992 0.9700312531945424 0
    outer loop
      vertex 69.34140806352822 -17.716374240705655 2.0000000029802294
      vertex 69.5079981851953 -17.674645587531366 2.9802293965985882e-9
      vertex 69.34140806352822 -17.716374240705655 2.9802293965985882e-9
    endloop
  endfacet
  facet normal -0.3368898533922217 0.9415440651830201 0
    outer loop
      vertex 69.5079981851953 -17.674645587531366 2.0000000029802294
      vertex 69.6696960066389 -17.616789181894752 2.9802293965985882e-9
      vertex 69.5079981851953 -17.674645587531366 2.9802293965985882e-9
    endloop
  endfacet
  facet normal -0.42755509343026254 0.9039892931234524 0
    outer loop
      vertex 69.6696960066389 -17.616789181894752 2.0000000029802294
      vertex 69.8249442894455 -17.543362212609622 2.9802293965985882e-9
      vertex 69.6696960066389 -17.616789181894752 2.9802293965985882e-9
    endloop
  endfacet
  facet normal -0.5141027441932348 0.8577286100002643 0
    outer loop
      vertex 69.8249442894455 -17.543362212609622 2.0000000029802294
      vertex 69.97224790778431 -17.45507182152945 2.9802293965985882e-9
      vertex 69.8249442894455 -17.543362212609622 2.9802293965985882e-9
    endloop
  endfacet
  facet normal -0.5956993044924421 0.8032075314806384 0
    outer loop
      vertex 69.97224790778431 -17.45507182152945 2.0000000029802294
      vertex 70.11018824728637 -17.35276829338479 2.9802293965985882e-9
      vertex 69.97224790778431 -17.45507182152945 2.9802293965985882e-9
    endloop
  endfacet
  facet normal -0.671558954847009 0.7409511253549675 0
    outer loop
      vertex 70.11018824728637 -17.35276829338479 2.0000000029802294
      vertex 70.23743686707645 -17.23743686707646 2.9802293965985882e-9
      vertex 70.11018824728637 -17.35276829338479 2.9802293965985882e-9
    endloop
  endfacet
  facet normal -0.7409511253549675 0.671558954847009 0
    outer loop
      vertex 70.23743686707645 -17.23743686707646 2.0000000029802294
      vertex 70.35276829338478 -17.11018824728638 2.9802293965985882e-9
      vertex 70.23743686707645 -17.23743686707646 2.9802293965985882e-9
    endloop
  endfacet
  facet normal -0.8032075314806282 0.595699304492456 0
    outer loop
      vertex 70.35276829338478 -17.11018824728638 2.0000000029802294
      vertex 70.45507182152946 -16.9722479077843 2.9802293965985882e-9
      vertex 70.35276829338478 -17.11018824728638 2.9802293965985882e-9
    endloop
  endfacet
  facet normal -0.8577286100002717 0.5141027441932225 0
    outer loop
      vertex 70.45507182152946 -16.9722479077843 2.0000000029802294
      vertex 70.54336221260962 -16.824944289445497 2.9802293965985882e-9
      vertex 70.45507182152946 -16.9722479077843 2.9802293965985882e-9
    endloop
  endfacet
  facet normal -0.903989293123461 0.4275550934302448 0
    outer loop
      vertex 70.54336221260962 -16.824944289445497 2.0000000029802294
      vertex 70.61678918189475 -16.669696006638908 2.9802293965985882e-9
      vertex 70.54336221260962 -16.824944289445497 2.9802293965985882e-9
    endloop
  endfacet
  facet normal -0.9415440651830201 0.3368898533922217 0
    outer loop
      vertex 70.61678918189475 -16.669696006638908 2.0000000029802294
      vertex 70.67464558753136 -16.507998185195312 2.9802293965985882e-9
      vertex 70.61678918189475 -16.669696006638908 2.9802293965985882e-9
    endloop
  endfacet
  facet normal -0.9700312531945424 0.24298017990326992 0
    outer loop
      vertex 70.67464558753136 -16.507998185195312 2.0000000029802294
      vertex 70.71637424070565 -16.341408063528228 2.9802293965985882e-9
      vertex 70.67464558753136 -16.507998185195312 2.9802293965985882e-9
    endloop
  endfacet
  facet normal -0.671558954847009 -0.7409511253549675 0
    outer loop
      vertex 70.23743686707645 -14.762563132923539 2.0000000029802294
      vertex 70.11018824728637 -14.647231706615209 2.9802293965985882e-9
      vertex 70.23743686707645 -14.762563132923539 2.9802293965985882e-9
    endloop
  endfacet
  facet normal -0.04906767432741849 -0.9987954562051724 0
    outer loop
      vertex 69.17152999557673 -14.258426728323656 2.0000000029802294
      vertex 69 -14.25 2.9802293965985882e-9
      vertex 69.17152999557673 -14.258426728323656 2.9802293965985882e-9
    endloop
  endfacet
  facet normal -0.24298017990326992 -0.9700312531945424 0
    outer loop
      vertex 69.5079981851953 -14.325354412468634 2.0000000029802294
      vertex 69.34140806352822 -14.283625759294345 2.9802293965985882e-9
      vertex 69.5079981851953 -14.325354412468634 2.9802293965985882e-9
    endloop
  endfacet
  facet normal -0.3368898533922217 -0.9415440651830201 0
    outer loop
      vertex 69.6696960066389 -14.383210818105248 2.0000000029802294
      vertex 69.5079981851953 -14.325354412468634 2.9802293965985882e-9
      vertex 69.6696960066389 -14.383210818105248 2.9802293965985882e-9
    endloop
  endfacet
  facet normal -0.14673047445535872 -0.9891765099647813 0
    outer loop
      vertex 69.34140806352822 -14.283625759294345 2.0000000029802294
      vertex 69.17152999557673 -14.258426728323656 2.9802293965985882e-9
      vertex 69.34140806352822 -14.283625759294345 2.9802293965985882e-9
    endloop
  endfacet
  facet normal -0.42755509343026254 -0.9039892931234524 0
    outer loop
      vertex 69.8249442894455 -14.456637787390378 2.0000000029802294
      vertex 69.6696960066389 -14.383210818105248 2.9802293965985882e-9
      vertex 69.8249442894455 -14.456637787390378 2.9802293965985882e-9
    endloop
  endfacet
  facet normal -0.5141027441932348 -0.8577286100002643 0
    outer loop
      vertex 69.97224790778431 -14.544928178470549 2.0000000029802294
      vertex 69.8249442894455 -14.456637787390378 2.9802293965985882e-9
      vertex 69.97224790778431 -14.544928178470549 2.9802293965985882e-9
    endloop
  endfacet
  facet normal -0.5956993044924421 -0.8032075314806384 0
    outer loop
      vertex 70.11018824728637 -14.647231706615209 2.0000000029802294
      vertex 69.97224790778431 -14.544928178470549 2.9802293965985882e-9
      vertex 70.11018824728637 -14.647231706615209 2.9802293965985882e-9
    endloop
  endfacet
  facet normal -0.9891765099647762 0.1467304744553932 0
    outer loop
      vertex 70.71637424070565 -16.341408063528228 2.0000000029802294
      vertex 70.74157327167634 -16.171529995576734 2.9802293965985882e-9
      vertex 70.71637424070565 -16.341408063528228 2.9802293965985882e-9
    endloop
  endfacet
  facet normal -0.9987954562051724 0.04906767432741849 0
    outer loop
      vertex 70.74157327167634 -16.171529995576734 2.0000000029802294
      vertex 70.75 -16 2.9802293965985882e-9
      vertex 70.74157327167634 -16.171529995576734 2.9802293965985882e-9
    endloop
  endfacet
  facet normal -0.9987954562051724 -0.04906767432741849 0
    outer loop
      vertex 70.75 -16 2.0000000029802294
      vertex 70.74157327167634 -15.828470004423266 2.9802293965985882e-9
      vertex 70.75 -16 2.9802293965985882e-9
    endloop
  endfacet
  facet normal -0.9891765099647762 -0.1467304744553932 0
    outer loop
      vertex 70.74157327167634 -15.828470004423266 2.0000000029802294
      vertex 70.71637424070565 -15.658591936471772 2.9802293965985882e-9
      vertex 70.74157327167634 -15.828470004423266 2.9802293965985882e-9
    endloop
  endfacet
  facet normal -0.9700312531945424 -0.24298017990326992 0
    outer loop
      vertex 70.71637424070565 -15.658591936471772 2.0000000029802294
      vertex 70.67464558753136 -15.492001814804688 2.9802293965985882e-9
      vertex 70.71637424070565 -15.658591936471772 2.9802293965985882e-9
    endloop
  endfacet
  facet normal -0.8577286100002717 -0.5141027441932225 0
    outer loop
      vertex 70.54336221260962 -15.175055710554503 2.0000000029802294
      vertex 70.45507182152946 -15.0277520922157 2.9802293965985882e-9
      vertex 70.54336221260962 -15.175055710554503 2.9802293965985882e-9
    endloop
  endfacet
  facet normal -0.903989293123461 -0.4275550934302448 0
    outer loop
      vertex 70.61678918189475 -15.330303993361092 2.0000000029802294
      vertex 70.54336221260962 -15.175055710554503 2.9802293965985882e-9
      vertex 70.61678918189475 -15.330303993361092 2.9802293965985882e-9
    endloop
  endfacet
  facet normal -0.8032075314806282 -0.595699304492456 0
    outer loop
      vertex 70.45507182152946 -15.0277520922157 2.0000000029802294
      vertex 70.35276829338478 -14.88981175271362 2.9802293965985882e-9
      vertex 70.45507182152946 -15.0277520922157 2.9802293965985882e-9
    endloop
  endfacet
  facet normal -0.7409511253549675 -0.671558954847009 0
    outer loop
      vertex 70.35276829338478 -14.88981175271362 2.0000000029802294
      vertex 70.23743686707645 -14.762563132923539 2.9802293965985882e-9
      vertex 70.35276829338478 -14.88981175271362 2.9802293965985882e-9
    endloop
  endfacet
  facet normal -0.9415440651830201 -0.3368898533922217 0
    outer loop
      vertex 70.67464558753136 -15.492001814804688 2.0000000029802294
      vertex 70.61678918189475 -15.330303993361092 2.9802293965985882e-9
      vertex 70.67464558753136 -15.492001814804688 2.9802293965985882e-9
    endloop
  endfacet
  facet normal 0.8577286100002826 0.5141027441932042 0
    outer loop
      vertex 67.54492817847054 15.027752092215692 2.9802293965985882e-9
      vertex 67.45663778739038 15.175055710554503 2.0000000029802294
      vertex 67.54492817847054 15.027752092215692 2.0000000029802294
    endloop
  endfacet
  facet normal 0.9415440651830201 0.3368898533922217 0
    outer loop
      vertex 67.38321081810525 15.330303993361099 2.9802293965985882e-9
      vertex 67.32535441246864 15.492001814804695 2.0000000029802294
      vertex 67.38321081810525 15.330303993361099 2.0000000029802294
    endloop
  endfacet
  facet normal 0.9039892931234685 0.4275550934302288 0
    outer loop
      vertex 67.45663778739038 15.175055710554503 2.9802293965985882e-9
      vertex 67.38321081810525 15.330303993361099 2.0000000029802294
      vertex 67.45663778739038 15.175055710554503 2.0000000029802294
    endloop
  endfacet
  facet normal 0.9700312531945424 0.24298017990326992 0
    outer loop
      vertex 67.32535441246864 15.492001814804695 2.9802293965985882e-9
      vertex 67.28362575929435 15.65859193647178 2.0000000029802294
      vertex 67.32535441246864 15.492001814804695 2.0000000029802294
    endloop
  endfacet
  facet normal 0.9891765099647755 0.14673047445539922 0
    outer loop
      vertex 67.28362575929435 15.65859193647178 2.9802293965985882e-9
      vertex 67.25842672832366 15.828470004423266 2.0000000029802294
      vertex 67.28362575929435 15.65859193647178 2.0000000029802294
    endloop
  endfacet
  facet normal 0.9987954562051724 0.04906767432741849 0
    outer loop
      vertex 67.25842672832366 15.828470004423266 2.9802293965985882e-9
      vertex 67.25 16 2.0000000029802294
      vertex 67.25842672832366 15.828470004423266 2.0000000029802294
    endloop
  endfacet
  facet normal 0.9987954562051724 -0.04906767432741849 0
    outer loop
      vertex 67.25 16 2.9802293965985882e-9
      vertex 67.25842672832366 16.171529995576734 2.0000000029802294
      vertex 67.25 16 2.0000000029802294
    endloop
  endfacet
  facet normal 0.9891765099647755 -0.14673047445539922 0
    outer loop
      vertex 67.25842672832366 16.171529995576734 2.9802293965985882e-9
      vertex 67.28362575929435 16.34140806352822 2.0000000029802294
      vertex 67.25842672832366 16.171529995576734 2.0000000029802294
    endloop
  endfacet
  facet normal 0.671558954847009 0.7409511253549675 0
    outer loop
      vertex 67.88981175271363 14.647231706615216 2.9802293965985882e-9
      vertex 67.76256313292355 14.762563132923546 2.0000000029802294
      vertex 67.88981175271363 14.647231706615216 2.0000000029802294
    endloop
  endfacet
  facet normal 0.5956993044924955 0.8032075314805988 0
    outer loop
      vertex 68.02775209221569 14.544928178470542 2.9802293965985882e-9
      vertex 67.88981175271363 14.647231706615216 2.0000000029802294
      vertex 68.02775209221569 14.544928178470542 2.0000000029802294
    endloop
  endfacet
  facet normal 0.5141027441932042 0.8577286100002826 0
    outer loop
      vertex 68.1750557105545 14.456637787390378 2.9802293965985882e-9
      vertex 68.02775209221569 14.544928178470542 2.0000000029802294
      vertex 68.1750557105545 14.456637787390378 2.0000000029802294
    endloop
  endfacet
  facet normal 0.24298017990326992 0.9700312531945424 0
    outer loop
      vertex 68.65859193647178 14.283625759294353 2.9802293965985882e-9
      vertex 68.4920018148047 14.325354412468641 2.0000000029802294
      vertex 68.65859193647178 14.283625759294353 2.0000000029802294
    endloop
  endfacet
  facet normal 0.4275550934302288 0.9039892931234685 0
    outer loop
      vertex 68.3303039933611 14.383210818105255 2.9802293965985882e-9
      vertex 68.1750557105545 14.456637787390378 2.0000000029802294
      vertex 68.3303039933611 14.383210818105255 2.0000000029802294
    endloop
  endfacet
  facet normal 0.3368898533922217 0.9415440651830201 0
    outer loop
      vertex 68.4920018148047 14.325354412468641 2.9802293965985882e-9
      vertex 68.3303039933611 14.383210818105255 2.0000000029802294
      vertex 68.4920018148047 14.325354412468641 2.0000000029802294
    endloop
  endfacet
  facet normal 0.14673047445539922 0.9891765099647755 0
    outer loop
      vertex 68.82847000442327 14.258426728323656 2.9802293965985882e-9
      vertex 68.65859193647178 14.283625759294353 2.0000000029802294
      vertex 68.82847000442327 14.258426728323656 2.0000000029802294
    endloop
  endfacet
  facet normal 0.04906767432741849 0.9987954562051724 0
    outer loop
      vertex 69 14.25 2.9802293965985882e-9
      vertex 68.82847000442327 14.258426728323656 2.0000000029802294
      vertex 69 14.25 2.0000000029802294
    endloop
  endfacet
  facet normal 0.7409511253549675 0.671558954847009 0
    outer loop
      vertex 67.64723170661522 14.889811752713626 2.0000000029802294
      vertex 67.76256313292355 14.762563132923546 2.0000000029802294
      vertex 67.76256313292355 14.762563132923546 2.9802293965985882e-9
    endloop
  endfacet
  facet normal 0.8032075314805988 0.5956993044924955 0
    outer loop
      vertex 67.64723170661522 14.889811752713626 2.9802293965985882e-9
      vertex 67.54492817847054 15.027752092215692 2.0000000029802294
      vertex 67.64723170661522 14.889811752713626 2.0000000029802294
    endloop
  endfacet
  facet normal 0.9700312531945424 -0.24298017990326992 0
    outer loop
      vertex 67.28362575929435 16.34140806352822 2.9802293965985882e-9
      vertex 67.32535441246864 16.507998185195305 2.0000000029802294
      vertex 67.28362575929435 16.34140806352822 2.0000000029802294
    endloop
  endfacet
  facet normal 0.9415440651830201 -0.3368898533922217 0
    outer loop
      vertex 67.32535441246864 16.507998185195305 2.9802293965985882e-9
      vertex 67.38321081810525 16.6696960066389 2.0000000029802294
      vertex 67.32535441246864 16.507998185195305 2.0000000029802294
    endloop
  endfacet
  facet normal 0.9039892931234685 -0.4275550934302288 0
    outer loop
      vertex 67.38321081810525 16.6696960066389 2.9802293965985882e-9
      vertex 67.45663778739038 16.824944289445497 2.0000000029802294
      vertex 67.38321081810525 16.6696960066389 2.0000000029802294
    endloop
  endfacet
  facet normal 0.8577286100002826 -0.5141027441932042 0
    outer loop
      vertex 67.45663778739038 16.824944289445497 2.9802293965985882e-9
      vertex 67.54492817847054 16.972247907784308 2.0000000029802294
      vertex 67.45663778739038 16.824944289445497 2.0000000029802294
    endloop
  endfacet
  facet normal 0.8032075314805988 -0.5956993044924955 0
    outer loop
      vertex 67.54492817847054 16.972247907784308 2.9802293965985882e-9
      vertex 67.64723170661522 17.110188247286374 2.0000000029802294
      vertex 67.54492817847054 16.972247907784308 2.0000000029802294
    endloop
  endfacet
  facet normal 0.7409511253549675 -0.671558954847009 0
    outer loop
      vertex 67.64723170661522 17.110188247286374 2.9802293965985882e-9
      vertex 67.76256313292355 17.237436867076454 2.0000000029802294
      vertex 67.64723170661522 17.110188247286374 2.0000000029802294
    endloop
  endfacet
  facet normal 0.671558954847009 -0.7409511253549675 0
    outer loop
      vertex 67.76256313292355 17.237436867076454 2.0000000029802294
      vertex 67.76256313292355 17.237436867076454 2.9802293965985882e-9
      vertex 67.88981175271363 17.352768293384784 2.0000000029802294
    endloop
  endfacet
  facet normal 0.5956993044924955 -0.8032075314805988 0
    outer loop
      vertex 67.88981175271363 17.352768293384784 2.9802293965985882e-9
      vertex 68.02775209221569 17.455071821529458 2.0000000029802294
      vertex 67.88981175271363 17.352768293384784 2.0000000029802294
    endloop
  endfacet
  facet normal 0.5141027441932042 -0.8577286100002826 0
    outer loop
      vertex 68.02775209221569 17.455071821529458 2.9802293965985882e-9
      vertex 68.1750557105545 17.543362212609622 2.0000000029802294
      vertex 68.02775209221569 17.455071821529458 2.0000000029802294
    endloop
  endfacet
  facet normal 0.4275550934302288 -0.9039892931234685 0
    outer loop
      vertex 68.1750557105545 17.543362212609622 2.9802293965985882e-9
      vertex 68.3303039933611 17.616789181894745 2.0000000029802294
      vertex 68.1750557105545 17.543362212609622 2.0000000029802294
    endloop
  endfacet
  facet normal 0.3368898533922217 -0.9415440651830201 0
    outer loop
      vertex 68.3303039933611 17.616789181894745 2.9802293965985882e-9
      vertex 68.4920018148047 17.67464558753136 2.0000000029802294
      vertex 68.3303039933611 17.616789181894745 2.0000000029802294
    endloop
  endfacet
  facet normal 0.24298017990326992 -0.9700312531945424 0
    outer loop
      vertex 68.4920018148047 17.67464558753136 2.9802293965985882e-9
      vertex 68.65859193647178 17.716374240705647 2.0000000029802294
      vertex 68.4920018148047 17.67464558753136 2.0000000029802294
    endloop
  endfacet
  facet normal 0.14673047445539922 -0.9891765099647755 0
    outer loop
      vertex 68.65859193647178 17.716374240705647 2.9802293965985882e-9
      vertex 68.82847000442327 17.741573271676344 2.0000000029802294
      vertex 68.65859193647178 17.716374240705647 2.0000000029802294
    endloop
  endfacet
  facet normal 0.04906767432741849 -0.9987954562051724 0
    outer loop
      vertex 68.82847000442327 17.741573271676344 2.9802293965985882e-9
      vertex 69 17.75 2.0000000029802294
      vertex 68.82847000442327 17.741573271676344 2.0000000029802294
    endloop
  endfacet
  facet normal -0.04906767432741849 0.9987954562051724 0
    outer loop
      vertex 69.17152999557673 14.258426728323656 2.9802293965985882e-9
      vertex 69 14.25 2.0000000029802294
      vertex 69.17152999557673 14.258426728323656 2.0000000029802294
    endloop
  endfacet
  facet normal -0.14673047445539922 0.9891765099647755 0
    outer loop
      vertex 69.34140806352822 14.283625759294353 2.9802293965985882e-9
      vertex 69.17152999557673 14.258426728323656 2.0000000029802294
      vertex 69.34140806352822 14.283625759294353 2.0000000029802294
    endloop
  endfacet
  facet normal -0.24298017990326992 0.9700312531945424 0
    outer loop
      vertex 69.5079981851953 14.325354412468641 2.9802293965985882e-9
      vertex 69.34140806352822 14.283625759294353 2.0000000029802294
      vertex 69.5079981851953 14.325354412468641 2.0000000029802294
    endloop
  endfacet
  facet normal -0.3368898533922217 0.9415440651830201 0
    outer loop
      vertex 69.6696960066389 14.383210818105255 2.9802293965985882e-9
      vertex 69.5079981851953 14.325354412468641 2.0000000029802294
      vertex 69.6696960066389 14.383210818105255 2.0000000029802294
    endloop
  endfacet
  facet normal -0.4275550934302288 0.9039892931234685 0
    outer loop
      vertex 69.8249442894455 14.456637787390378 2.9802293965985882e-9
      vertex 69.6696960066389 14.383210818105255 2.0000000029802294
      vertex 69.8249442894455 14.456637787390378 2.0000000029802294
    endloop
  endfacet
  facet normal -0.5141027441932042 0.8577286100002826 0
    outer loop
      vertex 69.97224790778431 14.544928178470542 2.9802293965985882e-9
      vertex 69.8249442894455 14.456637787390378 2.0000000029802294
      vertex 69.97224790778431 14.544928178470542 2.0000000029802294
    endloop
  endfacet
  facet normal -0.5956993044924955 0.8032075314805988 0
    outer loop
      vertex 70.11018824728637 14.647231706615216 2.9802293965985882e-9
      vertex 69.97224790778431 14.544928178470542 2.0000000029802294
      vertex 70.11018824728637 14.647231706615216 2.0000000029802294
    endloop
  endfacet
  facet normal -0.671558954847009 0.7409511253549675 0
    outer loop
      vertex 70.23743686707645 14.762563132923546 2.9802293965985882e-9
      vertex 70.11018824728637 14.647231706615216 2.0000000029802294
      vertex 70.23743686707645 14.762563132923546 2.0000000029802294
    endloop
  endfacet
  facet normal -0.7409511253549675 0.671558954847009 0
    outer loop
      vertex 70.35276829338478 14.889811752713626 2.9802293965985882e-9
      vertex 70.23743686707645 14.762563132923546 2.0000000029802294
      vertex 70.35276829338478 14.889811752713626 2.0000000029802294
    endloop
  endfacet
  facet normal -0.8032075314805988 0.5956993044924955 0
    outer loop
      vertex 70.45507182152946 15.027752092215692 2.9802293965985882e-9
      vertex 70.35276829338478 14.889811752713626 2.0000000029802294
      vertex 70.45507182152946 15.027752092215692 2.0000000029802294
    endloop
  endfacet
  facet normal -0.8577286100002826 0.5141027441932042 0
    outer loop
      vertex 70.54336221260962 15.175055710554503 2.9802293965985882e-9
      vertex 70.45507182152946 15.027752092215692 2.0000000029802294
      vertex 70.54336221260962 15.175055710554503 2.0000000029802294
    endloop
  endfacet
  facet normal -0.9039892931234685 0.4275550934302288 0
    outer loop
      vertex 70.61678918189475 15.330303993361099 2.9802293965985882e-9
      vertex 70.54336221260962 15.175055710554503 2.0000000029802294
      vertex 70.61678918189475 15.330303993361099 2.0000000029802294
    endloop
  endfacet
  facet normal -0.9415440651830201 0.3368898533922217 0
    outer loop
      vertex 70.67464558753136 15.492001814804695 2.9802293965985882e-9
      vertex 70.61678918189475 15.330303993361099 2.0000000029802294
      vertex 70.67464558753136 15.492001814804695 2.0000000029802294
    endloop
  endfacet
  facet normal -0.9700312531945424 0.24298017990326992 0
    outer loop
      vertex 70.71637424070565 15.65859193647178 2.9802293965985882e-9
      vertex 70.67464558753136 15.492001814804695 2.0000000029802294
      vertex 70.71637424070565 15.65859193647178 2.0000000029802294
    endloop
  endfacet
  facet normal -0.9891765099647755 0.14673047445539922 0
    outer loop
      vertex 70.74157327167634 15.828470004423266 2.9802293965985882e-9
      vertex 70.71637424070565 15.65859193647178 2.0000000029802294
      vertex 70.74157327167634 15.828470004423266 2.0000000029802294
    endloop
  endfacet
  facet normal -0.9987954562051724 0.04906767432741849 0
    outer loop
      vertex 70.75 16 2.9802293965985882e-9
      vertex 70.74157327167634 15.828470004423266 2.0000000029802294
      vertex 70.75 16 2.0000000029802294
    endloop
  endfacet
  facet normal -0.9987954562051724 -0.04906767432741849 0
    outer loop
      vertex 70.74157327167634 16.171529995576734 2.9802293965985882e-9
      vertex 70.75 16 2.0000000029802294
      vertex 70.74157327167634 16.171529995576734 2.0000000029802294
    endloop
  endfacet
  facet normal -0.9891765099647755 -0.14673047445539922 0
    outer loop
      vertex 70.71637424070565 16.34140806352822 2.9802293965985882e-9
      vertex 70.74157327167634 16.171529995576734 2.0000000029802294
      vertex 70.71637424070565 16.34140806352822 2.0000000029802294
    endloop
  endfacet
  facet normal -0.04906767432741849 -0.9987954562051724 0
    outer loop
      vertex 69 17.75 2.9802293965985882e-9
      vertex 69.17152999557673 17.741573271676344 2.0000000029802294
      vertex 69 17.75 2.0000000029802294
    endloop
  endfacet
  facet normal -0.14673047445539922 -0.9891765099647755 0
    outer loop
      vertex 69.17152999557673 17.741573271676344 2.9802293965985882e-9
      vertex 69.34140806352822 17.716374240705647 2.0000000029802294
      vertex 69.17152999557673 17.741573271676344 2.0000000029802294
    endloop
  endfacet
  facet normal -0.24298017990326992 -0.9700312531945424 0
    outer loop
      vertex 69.34140806352822 17.716374240705647 2.9802293965985882e-9
      vertex 69.5079981851953 17.67464558753136 2.0000000029802294
      vertex 69.34140806352822 17.716374240705647 2.0000000029802294
    endloop
  endfacet
  facet normal -0.3368898533922217 -0.9415440651830201 0
    outer loop
      vertex 69.5079981851953 17.67464558753136 2.9802293965985882e-9
      vertex 69.6696960066389 17.616789181894745 2.0000000029802294
      vertex 69.5079981851953 17.67464558753136 2.0000000029802294
    endloop
  endfacet
  facet normal -0.5141027441932042 -0.8577286100002826 0
    outer loop
      vertex 69.8249442894455 17.543362212609622 2.9802293965985882e-9
      vertex 69.97224790778431 17.455071821529458 2.0000000029802294
      vertex 69.8249442894455 17.543362212609622 2.0000000029802294
    endloop
  endfacet
  facet normal -0.4275550934302288 -0.9039892931234685 0
    outer loop
      vertex 69.6696960066389 17.616789181894745 2.9802293965985882e-9
      vertex 69.8249442894455 17.543362212609622 2.0000000029802294
      vertex 69.6696960066389 17.616789181894745 2.0000000029802294
    endloop
  endfacet
  facet normal -0.5956993044924955 -0.8032075314805988 0
    outer loop
      vertex 69.97224790778431 17.455071821529458 2.9802293965985882e-9
      vertex 70.11018824728637 17.352768293384784 2.0000000029802294
      vertex 69.97224790778431 17.455071821529458 2.0000000029802294
    endloop
  endfacet
  facet normal -0.671558954847009 -0.7409511253549675 0
    outer loop
      vertex 70.11018824728637 17.352768293384784 2.9802293965985882e-9
      vertex 70.23743686707645 17.237436867076454 2.0000000029802294
      vertex 70.11018824728637 17.352768293384784 2.0000000029802294
    endloop
  endfacet
  facet normal -0.7409511253549675 -0.671558954847009 0
    outer loop
      vertex 70.23743686707645 17.237436867076454 2.9802293965985882e-9
      vertex 70.35276829338478 17.110188247286374 2.0000000029802294
      vertex 70.23743686707645 17.237436867076454 2.0000000029802294
    endloop
  endfacet
  facet normal -0.8032075314805988 -0.5956993044924955 0
    outer loop
      vertex 70.35276829338478 17.110188247286374 2.9802293965985882e-9
      vertex 70.45507182152946 16.972247907784308 2.0000000029802294
      vertex 70.35276829338478 17.110188247286374 2.0000000029802294
    endloop
  endfacet
  facet normal -0.8577286100002826 -0.5141027441932042 0
    outer loop
      vertex 70.45507182152946 16.972247907784308 2.9802293965985882e-9
      vertex 70.54336221260962 16.824944289445497 2.0000000029802294
      vertex 70.45507182152946 16.972247907784308 2.0000000029802294
    endloop
  endfacet
  facet normal -0.9039892931234685 -0.4275550934302288 0
    outer loop
      vertex 70.54336221260962 16.824944289445497 2.9802293965985882e-9
      vertex 70.61678918189475 16.6696960066389 2.0000000029802294
      vertex 70.54336221260962 16.824944289445497 2.0000000029802294
    endloop
  endfacet
  facet normal -0.9700312531945424 -0.24298017990326992 0
    outer loop
      vertex 70.67464558753136 16.507998185195305 2.9802293965985882e-9
      vertex 70.71637424070565 16.34140806352822 2.0000000029802294
      vertex 70.67464558753136 16.507998185195305 2.0000000029802294
    endloop
  endfacet
  facet normal -0.9415440651830201 -0.3368898533922217 0
    outer loop
      vertex 70.61678918189475 16.6696960066389 2.9802293965985882e-9
      vertex 70.67464558753136 16.507998185195305 2.0000000029802294
      vertex 70.61678918189475 16.6696960066389 2.0000000029802294
    endloop
  endfacet
  facet normal 0.8032075314805988 0.5956993044924955 0
    outer loop
      vertex 67.54492817847054 15.027752092215692 2.9802293965985882e-9
      vertex 67.54492817847054 15.027752092215692 2.0000000029802294
      vertex 67.64723170661522 14.889811752713626 2.9802293965985882e-9
    endloop
  endfacet
  facet normal 0.9039892931234685 0.4275550934302288 0
    outer loop
      vertex 67.38321081810525 15.330303993361099 2.9802293965985882e-9
      vertex 67.38321081810525 15.330303993361099 2.0000000029802294
      vertex 67.45663778739038 15.175055710554503 2.9802293965985882e-9
    endloop
  endfacet
  facet normal 0.9415440651830201 0.3368898533922217 0
    outer loop
      vertex 67.32535441246864 15.492001814804695 2.9802293965985882e-9
      vertex 67.32535441246864 15.492001814804695 2.0000000029802294
      vertex 67.38321081810525 15.330303993361099 2.9802293965985882e-9
    endloop
  endfacet
  facet normal 0.8577286100002826 0.5141027441932042 0
    outer loop
      vertex 67.45663778739038 15.175055710554503 2.9802293965985882e-9
      vertex 67.45663778739038 15.175055710554503 2.0000000029802294
      vertex 67.54492817847054 15.027752092215692 2.9802293965985882e-9
    endloop
  endfacet
  facet normal 0.9700312531945424 0.24298017990326992 0
    outer loop
      vertex 67.28362575929435 15.65859193647178 2.9802293965985882e-9
      vertex 67.28362575929435 15.65859193647178 2.0000000029802294
      vertex 67.32535441246864 15.492001814804695 2.9802293965985882e-9
    endloop
  endfacet
  facet normal 0.9891765099647755 0.14673047445539922 0
    outer loop
      vertex 67.25842672832366 15.828470004423266 2.9802293965985882e-9
      vertex 67.25842672832366 15.828470004423266 2.0000000029802294
      vertex 67.28362575929435 15.65859193647178 2.9802293965985882e-9
    endloop
  endfacet
  facet normal 0.9987954562051724 0.04906767432741849 0
    outer loop
      vertex 67.25 16 2.9802293965985882e-9
      vertex 67.25 16 2.0000000029802294
      vertex 67.25842672832366 15.828470004423266 2.9802293965985882e-9
    endloop
  endfacet
  facet normal 0.9987954562051724 -0.04906767432741849 0
    outer loop
      vertex 67.25842672832366 16.171529995576734 2.9802293965985882e-9
      vertex 67.25842672832366 16.171529995576734 2.0000000029802294
      vertex 67.25 16 2.9802293965985882e-9
    endloop
  endfacet
  facet normal 0.9891765099647755 -0.14673047445539922 0
    outer loop
      vertex 67.28362575929435 16.34140806352822 2.9802293965985882e-9
      vertex 67.28362575929435 16.34140806352822 2.0000000029802294
      vertex 67.25842672832366 16.171529995576734 2.9802293965985882e-9
    endloop
  endfacet
  facet normal 0.5956993044924955 0.8032075314805988 0
    outer loop
      vertex 68.02775209221569 14.544928178470542 2.9802293965985882e-9
      vertex 67.88981175271363 14.647231706615216 2.9802293965985882e-9
      vertex 67.88981175271363 14.647231706615216 2.0000000029802294
    endloop
  endfacet
  facet normal 0.5141027441932042 0.8577286100002826 0
    outer loop
      vertex 68.1750557105545 14.456637787390378 2.9802293965985882e-9
      vertex 68.02775209221569 14.544928178470542 2.9802293965985882e-9
      vertex 68.02775209221569 14.544928178470542 2.0000000029802294
    endloop
  endfacet
  facet normal 0.4275550934302288 0.9039892931234685 0
    outer loop
      vertex 68.3303039933611 14.383210818105255 2.9802293965985882e-9
      vertex 68.1750557105545 14.456637787390378 2.9802293965985882e-9
      vertex 68.1750557105545 14.456637787390378 2.0000000029802294
    endloop
  endfacet
  facet normal 0.3368898533922217 0.9415440651830201 0
    outer loop
      vertex 68.4920018148047 14.325354412468641 2.9802293965985882e-9
      vertex 68.3303039933611 14.383210818105255 2.9802293965985882e-9
      vertex 68.3303039933611 14.383210818105255 2.0000000029802294
    endloop
  endfacet
  facet normal 0.24298017990326992 0.9700312531945424 0
    outer loop
      vertex 68.65859193647178 14.283625759294353 2.9802293965985882e-9
      vertex 68.4920018148047 14.325354412468641 2.9802293965985882e-9
      vertex 68.4920018148047 14.325354412468641 2.0000000029802294
    endloop
  endfacet
  facet normal 0.14673047445539922 0.9891765099647755 0
    outer loop
      vertex 68.82847000442327 14.258426728323656 2.9802293965985882e-9
      vertex 68.65859193647178 14.283625759294353 2.9802293965985882e-9
      vertex 68.65859193647178 14.283625759294353 2.0000000029802294
    endloop
  endfacet
  facet normal 0.04906767432741849 0.9987954562051724 0
    outer loop
      vertex 69 14.25 2.9802293965985882e-9
      vertex 68.82847000442327 14.258426728323656 2.9802293965985882e-9
      vertex 68.82847000442327 14.258426728323656 2.0000000029802294
    endloop
  endfacet
  facet normal 0.7409511253549675 0.671558954847009 0
    outer loop
      vertex 67.64723170661522 14.889811752713626 2.9802293965985882e-9
      vertex 67.64723170661522 14.889811752713626 2.0000000029802294
      vertex 67.76256313292355 14.762563132923546 2.9802293965985882e-9
    endloop
  endfacet
  facet normal 0.671558954847009 0.7409511253549675 0
    outer loop
      vertex 67.88981175271363 14.647231706615216 2.9802293965985882e-9
      vertex 67.76256313292355 14.762563132923546 2.9802293965985882e-9
      vertex 67.76256313292355 14.762563132923546 2.0000000029802294
    endloop
  endfacet
  facet normal 0.9700312531945424 -0.24298017990326992 0
    outer loop
      vertex 67.32535441246864 16.507998185195305 2.9802293965985882e-9
      vertex 67.32535441246864 16.507998185195305 2.0000000029802294
      vertex 67.28362575929435 16.34140806352822 2.9802293965985882e-9
    endloop
  endfacet
  facet normal 0.9415440651830201 -0.3368898533922217 0
    outer loop
      vertex 67.38321081810525 16.6696960066389 2.9802293965985882e-9
      vertex 67.38321081810525 16.6696960066389 2.0000000029802294
      vertex 67.32535441246864 16.507998185195305 2.9802293965985882e-9
    endloop
  endfacet
  facet normal 0.9039892931234685 -0.4275550934302288 0
    outer loop
      vertex 67.45663778739038 16.824944289445497 2.9802293965985882e-9
      vertex 67.45663778739038 16.824944289445497 2.0000000029802294
      vertex 67.38321081810525 16.6696960066389 2.9802293965985882e-9
    endloop
  endfacet
  facet normal 0.8577286100002826 -0.5141027441932042 0
    outer loop
      vertex 67.54492817847054 16.972247907784308 2.9802293965985882e-9
      vertex 67.54492817847054 16.972247907784308 2.0000000029802294
      vertex 67.45663778739038 16.824944289445497 2.9802293965985882e-9
    endloop
  endfacet
  facet normal 0.8032075314805988 -0.5956993044924955 0
    outer loop
      vertex 67.64723170661522 17.110188247286374 2.9802293965985882e-9
      vertex 67.64723170661522 17.110188247286374 2.0000000029802294
      vertex 67.54492817847054 16.972247907784308 2.9802293965985882e-9
    endloop
  endfacet
  facet normal 0.7409511253549675 -0.671558954847009 0
    outer loop
      vertex 67.76256313292355 17.237436867076454 2.9802293965985882e-9
      vertex 67.76256313292355 17.237436867076454 2.0000000029802294
      vertex 67.64723170661522 17.110188247286374 2.9802293965985882e-9
    endloop
  endfacet
  facet normal 0.671558954847009 -0.7409511253549675 0
    outer loop
      vertex 67.76256313292355 17.237436867076454 2.9802293965985882e-9
      vertex 67.88981175271363 17.352768293384784 2.9802293965985882e-9
      vertex 67.88981175271363 17.352768293384784 2.0000000029802294
    endloop
  endfacet
  facet normal 0.5956993044924955 -0.8032075314805988 0
    outer loop
      vertex 67.88981175271363 17.352768293384784 2.9802293965985882e-9
      vertex 68.02775209221569 17.455071821529458 2.9802293965985882e-9
      vertex 68.02775209221569 17.455071821529458 2.0000000029802294
    endloop
  endfacet
  facet normal 0.5141027441932042 -0.8577286100002826 0
    outer loop
      vertex 68.02775209221569 17.455071821529458 2.9802293965985882e-9
      vertex 68.1750557105545 17.543362212609622 2.9802293965985882e-9
      vertex 68.1750557105545 17.543362212609622 2.0000000029802294
    endloop
  endfacet
  facet normal 0.4275550934302288 -0.9039892931234685 0
    outer loop
      vertex 68.1750557105545 17.543362212609622 2.9802293965985882e-9
      vertex 68.3303039933611 17.616789181894745 2.9802293965985882e-9
      vertex 68.3303039933611 17.616789181894745 2.0000000029802294
    endloop
  endfacet
  facet normal 0.3368898533922217 -0.9415440651830201 0
    outer loop
      vertex 68.3303039933611 17.616789181894745 2.9802293965985882e-9
      vertex 68.4920018148047 17.67464558753136 2.9802293965985882e-9
      vertex 68.4920018148047 17.67464558753136 2.0000000029802294
    endloop
  endfacet
  facet normal 0.24298017990326992 -0.9700312531945424 0
    outer loop
      vertex 68.4920018148047 17.67464558753136 2.9802293965985882e-9
      vertex 68.65859193647178 17.716374240705647 2.9802293965985882e-9
      vertex 68.65859193647178 17.716374240705647 2.0000000029802294
    endloop
  endfacet
  facet normal 0.14673047445539922 -0.9891765099647755 0
    outer loop
      vertex 68.65859193647178 17.716374240705647 2.9802293965985882e-9
      vertex 68.82847000442327 17.741573271676344 2.9802293965985882e-9
      vertex 68.82847000442327 17.741573271676344 2.0000000029802294
    endloop
  endfacet
  facet normal 0.04906767432741849 -0.9987954562051724 0
    outer loop
      vertex 68.82847000442327 17.741573271676344 2.9802293965985882e-9
      vertex 69 17.75 2.9802293965985882e-9
      vertex 69 17.75 2.0000000029802294
    endloop
  endfacet
  facet normal -0.04906767432741849 0.9987954562051724 0
    outer loop
      vertex 69.17152999557673 14.258426728323656 2.9802293965985882e-9
      vertex 69 14.25 2.9802293965985882e-9
      vertex 69 14.25 2.0000000029802294
    endloop
  endfacet
  facet normal -0.14673047445539922 0.9891765099647755 0
    outer loop
      vertex 69.34140806352822 14.283625759294353 2.9802293965985882e-9
      vertex 69.17152999557673 14.258426728323656 2.9802293965985882e-9
      vertex 69.17152999557673 14.258426728323656 2.0000000029802294
    endloop
  endfacet
  facet normal -0.24298017990326992 0.9700312531945424 0
    outer loop
      vertex 69.5079981851953 14.325354412468641 2.9802293965985882e-9
      vertex 69.34140806352822 14.283625759294353 2.9802293965985882e-9
      vertex 69.34140806352822 14.283625759294353 2.0000000029802294
    endloop
  endfacet
  facet normal -0.3368898533922217 0.9415440651830201 0
    outer loop
      vertex 69.6696960066389 14.383210818105255 2.9802293965985882e-9
      vertex 69.5079981851953 14.325354412468641 2.9802293965985882e-9
      vertex 69.5079981851953 14.325354412468641 2.0000000029802294
    endloop
  endfacet
  facet normal -0.4275550934302288 0.9039892931234685 0
    outer loop
      vertex 69.8249442894455 14.456637787390378 2.9802293965985882e-9
      vertex 69.6696960066389 14.383210818105255 2.9802293965985882e-9
      vertex 69.6696960066389 14.383210818105255 2.0000000029802294
    endloop
  endfacet
  facet normal -0.5141027441932042 0.8577286100002826 0
    outer loop
      vertex 69.97224790778431 14.544928178470542 2.9802293965985882e-9
      vertex 69.8249442894455 14.456637787390378 2.9802293965985882e-9
      vertex 69.8249442894455 14.456637787390378 2.0000000029802294
    endloop
  endfacet
  facet normal -0.5956993044924955 0.8032075314805988 0
    outer loop
      vertex 70.11018824728637 14.647231706615216 2.9802293965985882e-9
      vertex 69.97224790778431 14.544928178470542 2.9802293965985882e-9
      vertex 69.97224790778431 14.544928178470542 2.0000000029802294
    endloop
  endfacet
  facet normal -0.671558954847009 0.7409511253549675 0
    outer loop
      vertex 70.23743686707645 14.762563132923546 2.9802293965985882e-9
      vertex 70.11018824728637 14.647231706615216 2.9802293965985882e-9
      vertex 70.11018824728637 14.647231706615216 2.0000000029802294
    endloop
  endfacet
  facet normal -0.7409511253549675 0.671558954847009 0
    outer loop
      vertex 70.23743686707645 14.762563132923546 2.9802293965985882e-9
      vertex 70.23743686707645 14.762563132923546 2.0000000029802294
      vertex 70.35276829338478 14.889811752713626 2.9802293965985882e-9
    endloop
  endfacet
  facet normal -0.8032075314805988 0.5956993044924955 0
    outer loop
      vertex 70.35276829338478 14.889811752713626 2.9802293965985882e-9
      vertex 70.35276829338478 14.889811752713626 2.0000000029802294
      vertex 70.45507182152946 15.027752092215692 2.9802293965985882e-9
    endloop
  endfacet
  facet normal -0.8577286100002826 0.5141027441932042 0
    outer loop
      vertex 70.45507182152946 15.027752092215692 2.9802293965985882e-9
      vertex 70.45507182152946 15.027752092215692 2.0000000029802294
      vertex 70.54336221260962 15.175055710554503 2.9802293965985882e-9
    endloop
  endfacet
  facet normal -0.9039892931234685 0.4275550934302288 0
    outer loop
      vertex 70.54336221260962 15.175055710554503 2.9802293965985882e-9
      vertex 70.54336221260962 15.175055710554503 2.0000000029802294
      vertex 70.61678918189475 15.330303993361099 2.9802293965985882e-9
    endloop
  endfacet
  facet normal -0.9415440651830201 0.3368898533922217 0
    outer loop
      vertex 70.61678918189475 15.330303993361099 2.9802293965985882e-9
      vertex 70.61678918189475 15.330303993361099 2.0000000029802294
      vertex 70.67464558753136 15.492001814804695 2.9802293965985882e-9
    endloop
  endfacet
  facet normal -0.9700312531945424 0.24298017990326992 0
    outer loop
      vertex 70.67464558753136 15.492001814804695 2.9802293965985882e-9
      vertex 70.67464558753136 15.492001814804695 2.0000000029802294
      vertex 70.71637424070565 15.65859193647178 2.9802293965985882e-9
    endloop
  endfacet
  facet normal -0.9891765099647755 0.14673047445539922 0
    outer loop
      vertex 70.71637424070565 15.65859193647178 2.9802293965985882e-9
      vertex 70.71637424070565 15.65859193647178 2.0000000029802294
      vertex 70.74157327167634 15.828470004423266 2.9802293965985882e-9
    endloop
  endfacet
  facet normal -0.9987954562051724 0.04906767432741849 0
    outer loop
      vertex 70.74157327167634 15.828470004423266 2.9802293965985882e-9
      vertex 70.74157327167634 15.828470004423266 2.0000000029802294
      vertex 70.75 16 2.9802293965985882e-9
    endloop
  endfacet
  facet normal -0.9987954562051724 -0.04906767432741849 0
    outer loop
      vertex 70.75 16 2.9802293965985882e-9
      vertex 70.75 16 2.0000000029802294
      vertex 70.74157327167634 16.171529995576734 2.9802293965985882e-9
    endloop
  endfacet
  facet normal -0.9891765099647755 -0.14673047445539922 0
    outer loop
      vertex 70.74157327167634 16.171529995576734 2.9802293965985882e-9
      vertex 70.74157327167634 16.171529995576734 2.0000000029802294
      vertex 70.71637424070565 16.34140806352822 2.9802293965985882e-9
    endloop
  endfacet
  facet normal -0.04906767432741849 -0.9987954562051724 0
    outer loop
      vertex 69 17.75 2.9802293965985882e-9
      vertex 69.17152999557673 17.741573271676344 2.9802293965985882e-9
      vertex 69.17152999557673 17.741573271676344 2.0000000029802294
    endloop
  endfacet
  facet normal -0.14673047445539922 -0.9891765099647755 0
    outer loop
      vertex 69.17152999557673 17.741573271676344 2.9802293965985882e-9
      vertex 69.34140806352822 17.716374240705647 2.9802293965985882e-9
      vertex 69.34140806352822 17.716374240705647 2.0000000029802294
    endloop
  endfacet
  facet normal -0.24298017990326992 -0.9700312531945424 0
    outer loop
      vertex 69.34140806352822 17.716374240705647 2.9802293965985882e-9
      vertex 69.5079981851953 17.67464558753136 2.9802293965985882e-9
      vertex 69.5079981851953 17.67464558753136 2.0000000029802294
    endloop
  endfacet
  facet normal -0.3368898533922217 -0.9415440651830201 0
    outer loop
      vertex 69.5079981851953 17.67464558753136 2.9802293965985882e-9
      vertex 69.6696960066389 17.616789181894745 2.9802293965985882e-9
      vertex 69.6696960066389 17.616789181894745 2.0000000029802294
    endloop
  endfacet
  facet normal -0.4275550934302288 -0.9039892931234685 0
    outer loop
      vertex 69.6696960066389 17.616789181894745 2.9802293965985882e-9
      vertex 69.8249442894455 17.543362212609622 2.9802293965985882e-9
      vertex 69.8249442894455 17.543362212609622 2.0000000029802294
    endloop
  endfacet
  facet normal -0.5141027441932042 -0.8577286100002826 0
    outer loop
      vertex 69.8249442894455 17.543362212609622 2.9802293965985882e-9
      vertex 69.97224790778431 17.455071821529458 2.9802293965985882e-9
      vertex 69.97224790778431 17.455071821529458 2.0000000029802294
    endloop
  endfacet
  facet normal -0.5956993044924955 -0.8032075314805988 0
    outer loop
      vertex 69.97224790778431 17.455071821529458 2.9802293965985882e-9
      vertex 70.11018824728637 17.352768293384784 2.9802293965985882e-9
      vertex 70.11018824728637 17.352768293384784 2.0000000029802294
    endloop
  endfacet
  facet normal -0.671558954847009 -0.7409511253549675 0
    outer loop
      vertex 70.11018824728637 17.352768293384784 2.9802293965985882e-9
      vertex 70.23743686707645 17.237436867076454 2.9802293965985882e-9
      vertex 70.23743686707645 17.237436867076454 2.0000000029802294
    endloop
  endfacet
  facet normal -0.9039892931234685 -0.4275550934302288 0
    outer loop
      vertex 70.61678918189475 16.6696960066389 2.9802293965985882e-9
      vertex 70.61678918189475 16.6696960066389 2.0000000029802294
      vertex 70.54336221260962 16.824944289445497 2.9802293965985882e-9
    endloop
  endfacet
  facet normal -0.7409511253549675 -0.671558954847009 0
    outer loop
      vertex 70.35276829338478 17.110188247286374 2.9802293965985882e-9
      vertex 70.35276829338478 17.110188247286374 2.0000000029802294
      vertex 70.23743686707645 17.237436867076454 2.9802293965985882e-9
    endloop
  endfacet
  facet normal -0.8032075314805988 -0.5956993044924955 0
    outer loop
      vertex 70.45507182152946 16.972247907784308 2.9802293965985882e-9
      vertex 70.45507182152946 16.972247907784308 2.0000000029802294
      vertex 70.35276829338478 17.110188247286374 2.9802293965985882e-9
    endloop
  endfacet
  facet normal -0.8577286100002826 -0.5141027441932042 0
    outer loop
      vertex 70.54336221260962 16.824944289445497 2.9802293965985882e-9
      vertex 70.54336221260962 16.824944289445497 2.0000000029802294
      vertex 70.45507182152946 16.972247907784308 2.9802293965985882e-9
    endloop
  endfacet
  facet normal -0.9700312531945424 -0.24298017990326992 0
    outer loop
      vertex 70.71637424070565 16.34140806352822 2.9802293965985882e-9
      vertex 70.71637424070565 16.34140806352822 2.0000000029802294
      vertex 70.67464558753136 16.507998185195305 2.9802293965985882e-9
    endloop
  endfacet
  facet normal -0.9415440651830201 -0.3368898533922217 0
    outer loop
      vertex 70.67464558753136 16.507998185195305 2.9802293965985882e-9
      vertex 70.67464558753136 16.507998185195305 2.0000000029802294
      vertex 70.61678918189475 16.6696960066389 2.9802293965985882e-9
    endloop
  endfacet
endsolid OpenSCAD_Model
