solid OpenSCAD_Model
  facet normal 0 -0.4275550727503871 -0.9039893029043049
    outer loop
      vertex -20.092041812837124 -9.537573136389256 0.2285472568409439
      vertex -20.152015055618133 -9.456708580255508 0.19030117243528366
      vertex -12 -9.456708580255508 0.19030117243528366
    endloop
  endfacet
  facet normal 1.3628591682169773e-17 -0.4275550727503882 -0.9039893029043045
    outer loop
      vertex -19.9643205365608 -9.678491845726967 0.2951968386769295
      vertex -20.092041812837124 -9.537573136389256 0.2285472568409439
      vertex -12 -9.456708580255508 0.19030117243528366
    endloop
  endfacet
  facet normal 0 -0.5141027452311882 -0.8577286093781389
    outer loop
      vertex -19.828427121043205 -9.828427121043205 0.3850645844933567
      vertex -19.9643205365608 -9.678491845726967 0.2951968386769295
      vertex -12 -9.678491845726967 0.2951968386769295
    endloop
  endfacet
  facet normal -3.784292162466226e-16 -0.5141027452311737 -0.8577286093781477
    outer loop
      vertex -19.761677356966864 -9.888925582170486 0.4213259667158127
      vertex -19.828427121043205 -9.828427121043205 0.3850645844933567
      vertex -12 -9.678491845726967 0.2951968386769295
    endloop
  endfacet
  facet normal 0 -0.5956993111009283 -0.8032075265794508
    outer loop
      vertex -19.54425777511231 -10.085983209311962 0.567473866045475
      vertex -19.761677356966864 -9.888925582170486 0.4213259667158127
      vertex -12 -9.888925582170486 0.4213259667158127
    endloop
  endfacet
  facet normal 4.408987883354072e-18 -0.04906768556344181 -0.998795455653182
    outer loop
      vertex -20.59415746458067 -8.745042853057384 0.012038186192512512
      vertex -20.695518128573895 -8.530733726918697 0.0015098515317664152
      vertex -12 -8.5 0
    endloop
  endfacet
  facet normal 0 -0.04906768556344058 -0.998795455653182
    outer loop
      vertex -20.695518128573895 -8.530733726918697 0.0015098515317664152
      vertex -20.70651483214813 -8.5 0
      vertex -12 -8.5 0
    endloop
  endfacet
  facet normal 0 0 -1
    outer loop
      vertex -20.70651483214813 -8.5 0
      vertex -20.827761344611645 -8.161138705909252 0
      vertex -12 -8.5 0
    endloop
  endfacet
  facet normal 0 0 -1
    outer loop
      vertex -20.827761344611645 -8.161138705909252 0
      vertex -20.92314112186432 -7.780361287295818 0
      vertex -12 -8.5 0
    endloop
  endfacet
  facet normal 0 0 -1
    outer loop
      vertex -20.92314112186432 -7.780361287295818 0
      vertex -20.980738908052444 -7.392068564891815 0
      vertex -12 -8.5 0
    endloop
  endfacet
  facet normal 0 -0.24298018143504668 -0.9700312528108523
    outer loop
      vertex -20.4664653868367 -8.987725801765919 0.04803679883480072
      vertex -12 -8.987725801765919 0.04803679883480072
      vertex -20.32587844878435 -9.22228093445301 0.10678980141248573
    endloop
  endfacet
  facet normal -6.289866088768215e-15 -0.2429801814348366 -0.970031252810905
    outer loop
      vertex -20.32587844878435 -9.22228093445301 0.10678980141248573
      vertex -12 -8.987725801765919 0.04803679883480072
      vertex -20.323334022696873 -9.225711695849895 0.10764916241168976
    endloop
  endfacet
  facet normal 1.7167045332241033e-16 -0.14673046562893544 -0.9891765112740576
    outer loop
      vertex -20.4664653868367 -8.987725801765919 0.04803679883480072
      vertex -20.527685061097145 -8.885586947202682 0.03288593190856659
      vertex -12 -8.745042853057384 0.012038186192512512
    endloop
  endfacet
  facet normal 0 -0.14673046562892525 -0.989176511274059
    outer loop
      vertex -20.527685061097145 -8.885586947202682 0.03288593190856659
      vertex -20.59415746458067 -8.745042853057384 0.012038186192512512
      vertex -12 -8.745042853057384 0.012038186192512512
    endloop
  endfacet
  facet normal 0 -0.336889864873561 -0.9415440610749313
    outer loop
      vertex -20.152015055618133 -9.456708580255508 0.19030117243528366
      vertex -20.323334022696873 -9.225711695849895 0.10764916241168976
      vertex -12 -9.225711695849895 0.10764916241168976
    endloop
  endfacet
  facet normal 0 -0.7409511245144393 -0.6715589557743891
    outer loop
      vertex -19.22228093445301 -10.325878448784351 0.7963492030931674
      vertex -19.30063521603282 -10.267766952514648 0.7322330474853516
      vertex -12 -10.267766952514648 0.7322330474853516
    endloop
  endfacet
  facet normal 0 -0.6715589557743891 -0.7409511245144392
    outer loop
      vertex -19.537573136389256 -10.092041812837124 0.5729650642125268
      vertex -19.54425777511231 -10.085983209311962 0.567473866045475
      vertex -12 -10.085983209311962 0.567473866045475
    endloop
  endfacet
  facet normal -3.8774298287407964e-18 -0.6715589557743871 -0.7409511245144411
    outer loop
      vertex -19.30063521603282 -10.267766952514648 0.7322330474853516
      vertex -19.537573136389256 -10.092041812837124 0.5729650642125268
      vertex -12 -10.085983209311962 0.567473866045475
    endloop
  endfacet
  facet normal 4.775812935818457e-17 -0.7409511245144421 -0.6715589557743862
    outer loop
      vertex -19.04435002357033 -10.432526133954525 0.9140167906880379
      vertex -19.22228093445301 -10.325878448784351 0.7963492030931674
      vertex -12 -10.267766952514648 0.7322330474853516
    endloop
  endfacet
  facet normal 0 -0.8032075265794505 -0.5956993111009289
    outer loop
      vertex -19.04435002357033 -10.432526133954525 0.9140167906880379
      vertex -12 -10.432526133954525 0.9140167906880379
      vertex -18.885586947202682 -10.527685061097145 1.0423237487083874
    endloop
  endfacet
  facet normal 4.289663083628973e-17 -0.8032075265794517 -0.5956993111009274
    outer loop
      vertex -18.777779819253663 -10.578674033284187 1.1110744178295135
      vertex -18.885586947202682 -10.527685061097145 1.0423237487083874
      vertex -12 -10.432526133954525 0.9140167906880379
    endloop
  endfacet
  facet normal 0 0 -1
    outer loop
      vertex -20.980738908052444 -7.392068564891815 0
      vertex -21 -7 0
      vertex -12 -8.5 0
    endloop
  endfacet
  facet normal 0 -0.8577286093781419 -0.5141027452311832
    outer loop
      vertex -18.530733726918697 -10.695518128573895 1.3060170130530038
      vertex -18.777779819253663 -10.578674033284187 1.1110744178295135
      vertex -12 -10.578674033284187 1.1110744178295135
    endloop
  endfacet
  facet normal -4.0270034568583306e-16 -0.857728609378136 -0.5141027452311931
    outer loop
      vertex -18.50478379937742 -10.70480316132307 1.3215081542730331
      vertex -18.530733726918697 -10.695518128573895 1.3060170130530038
      vertex -12 -10.578674033284187 1.1110744178295135
    endloop
  endfacet
  facet normal 0 -0.9039893029043046 -0.42755507275038784
    outer loop
      vertex -18.50478379937742 -10.70480316132307 1.3215081542730331
      vertex -12 -10.70480316132307 1.3215081542730331
      vertex -18.211620058128766 -10.809698827564716 1.5432914197444916
    endloop
  endfacet
  facet normal 0 -0.9415440610749307 -0.3368898648735624
    outer loop
      vertex -18.161138705909252 -10.827761344611645 1.593772771149892
      vertex -18.211620058128766 -10.809698827564716 1.5432914197444916
      vertex -12 -10.809698827564716 1.5432914197444916
    endloop
  endfacet
  facet normal 1.5967413894974417e-17 -0.9415440610749314 -0.3368898648735606
    outer loop
      vertex -17.903282993580927 -10.89235083758831 1.7742883041501045
      vertex -18.161138705909252 -10.827761344611645 1.593772771149892
      vertex -12 -10.809698827564716 1.5432914197444916
    endloop
  endfacet
  facet normal 0 -0.9700312528108525 -0.24298018143504624
    outer loop
      vertex -17.78036128729582 -10.923141121864319 1.8972100085222907
      vertex -17.903282993580927 -10.89235083758831 1.7742883041501045
      vertex -12 -10.89235083758831 1.7742883041501045
    endloop
  endfacet
  facet normal 1.1906209548799096e-16 -0.9700312528108538 -0.242980181435041
    outer loop
      vertex -17.78036128729582 -10.923141121864319 1.8972100085222907
      vertex -12 -10.89235083758831 1.7742883041501045
      vertex -17.58605861738886 -10.9519632011652 2.0122741982340813
    endloop
  endfacet
  facet normal 0 0 -1
    outer loop
      vertex -21 -7 0
      vertex -21 7 0
      vertex -12 -8.5 0
    endloop
  endfacet
  facet normal 0 -0.4275550727503879 -0.9039893029043046
    outer loop
      vertex -19.9643205365608 -9.678491845726967 0.2951968386769295
      vertex -12 -9.456708580255508 0.19030117243528366
      vertex -12 -9.678491845726967 0.2951968386769295
    endloop
  endfacet
  facet normal 0 -0.5141027452311839 -0.8577286093781415
    outer loop
      vertex -19.761677356966864 -9.888925582170486 0.4213259667158127
      vertex -12 -9.678491845726967 0.2951968386769295
      vertex -12 -9.888925582170486 0.4213259667158127
    endloop
  endfacet
  facet normal 0 -0.5956993111009283 -0.803207526579451
    outer loop
      vertex -19.54425777511231 -10.085983209311962 0.567473866045475
      vertex -12 -9.888925582170486 0.4213259667158127
      vertex -12 -10.085983209311962 0.567473866045475
    endloop
  endfacet
  facet normal 0 -0.2429801814350436 -0.9700312528108531
    outer loop
      vertex -20.323334022696873 -9.225711695849895 0.10764916241168976
      vertex -12 -8.987725801765919 0.04803679883480072
      vertex -12 -9.225711695849895 0.10764916241168976
    endloop
  endfacet
  facet normal 0 -0.14673046562892958 -0.9891765112740584
    outer loop
      vertex -20.4664653868367 -8.987725801765919 0.04803679883480072
      vertex -12 -8.745042853057384 0.012038186192512512
      vertex -12 -8.987725801765919 0.04803679883480072
    endloop
  endfacet
  facet normal 0 -0.04906768556344165 -0.998795455653182
    outer loop
      vertex -20.59415746458067 -8.745042853057384 0.012038186192512512
      vertex -12 -8.5 0
      vertex -12 -8.745042853057384 0.012038186192512512
    endloop
  endfacet
  facet normal 0 -0.33688986487356093 -0.9415440610749312
    outer loop
      vertex -20.152015055618133 -9.456708580255508 0.19030117243528366
      vertex -12 -9.225711695849895 0.10764916241168976
      vertex -12 -9.456708580255508 0.19030117243528366
    endloop
  endfacet
  facet normal 0 -0.6715589557743872 -0.7409511245144411
    outer loop
      vertex -19.30063521603282 -10.267766952514648 0.7322330474853516
      vertex -12 -10.085983209311962 0.567473866045475
      vertex -12 -10.267766952514648 0.7322330474853516
    endloop
  endfacet
  facet normal 0 -0.7409511245144411 -0.6715589557743871
    outer loop
      vertex -19.04435002357033 -10.432526133954525 0.9140167906880379
      vertex -12 -10.267766952514648 0.7322330474853516
      vertex -12 -10.432526133954525 0.9140167906880379
    endloop
  endfacet
  facet normal 0 -0.8032075265794509 -0.5956993111009284
    outer loop
      vertex -18.777779819253663 -10.578674033284187 1.1110744178295135
      vertex -12 -10.432526133954525 0.9140167906880379
      vertex -12 -10.578674033284187 1.1110744178295135
    endloop
  endfacet
  facet normal 0 -0.8577286093781414 -0.5141027452311838
    outer loop
      vertex -18.50478379937742 -10.70480316132307 1.3215081542730331
      vertex -12 -10.578674033284187 1.1110744178295135
      vertex -12 -10.70480316132307 1.3215081542730331
    endloop
  endfacet
  facet normal 0 -0.9039893029043046 -0.42755507275038784
    outer loop
      vertex -18.211620058128766 -10.809698827564716 1.5432914197444916
      vertex -12 -10.70480316132307 1.3215081542730331
      vertex -12 -10.809698827564716 1.5432914197444916
    endloop
  endfacet
  facet normal 0 -0.9891765112740581 -0.14673046562893108
    outer loop
      vertex -17.392068564891815 -10.980738908052444 2.206264268572669
      vertex -17.58605861738886 -10.9519632011652 2.0122741982340813
      vertex -12 -10.9519632011652 2.0122741982340813
    endloop
  endfacet
  facet normal 0 -0.9415440610749312 -0.33688986487356093
    outer loop
      vertex -17.903282993580927 -10.89235083758831 1.7742883041501045
      vertex -12 -10.809698827564716 1.5432914197444916
      vertex -12 -10.89235083758831 1.7742883041501045
    endloop
  endfacet
  facet normal 0 -0.9700312528108532 -0.24298018143504363
    outer loop
      vertex -17.58605861738886 -10.9519632011652 2.0122741982340813
      vertex -12 -10.89235083758831 1.7742883041501045
      vertex -12 -10.9519632011652 2.0122741982340813
    endloop
  endfacet
  facet normal 2.5201854523435595e-16 -0.9891765112740594 -0.14673046562892425
    outer loop
      vertex -17.392068564891815 -10.980738908052444 2.206264268572669
      vertex -12 -10.9519632011652 2.0122741982340813
      vertex -17.24504292888742 -10.987961813807487 2.2549571469426155
    endloop
  endfacet
  facet normal 1.7934275859555572e-16 -0.9987954556531818 -0.04906768556344183
    outer loop
      vertex -17.24504292888742 -10.987961813807487 2.2549571469426155
      vertex -12 -10.992630971994233 2.350000023432445
      vertex -17 -11 2.5
    endloop
  endfacet
  facet normal 0 -0.9891765112740584 -0.14673046562892958
    outer loop
      vertex -17.24504292888742 -10.987961813807487 2.2549571469426155
      vertex -12 -10.9519632011652 2.0122741982340813
      vertex -12 -10.987961813807487 2.2549571469426155
    endloop
  endfacet
  facet normal 0 -0.9987954556531824 -0.049067685563431954
    outer loop
      vertex -17.24504292888742 -10.987961813807487 2.2549571469426155
      vertex -12 -10.987961813807487 2.2549571469426155
      vertex -12 -10.992630971994233 2.350000023432445
    endloop
  endfacet
  facet normal 0 -0.9987954556531815 -0.04906768556344778
    outer loop
      vertex -17 -11 2.5
      vertex -12 -10.992630971994233 2.350000023432445
      vertex -11 -11 2.5
    endloop
  endfacet
  facet normal -4.358085942208544e-17 -0.9987954556531815 -0.04906768556344749
    outer loop
      vertex -12 -10.992630971994233 2.350000023432445
      vertex -11 -10.992630971994233 2.350000023432444
      vertex -11 -11 2.5
    endloop
  endfacet
  facet normal 1 0 0
    outer loop
      vertex -11 -11 2.5
      vertex -11 -10.992630971994233 2.350000023432444
      vertex -11 -10.9913325086236 2.376430854201317
    endloop
  endfacet
  facet normal 0 0 -1
    outer loop
      vertex -21 7 0
      vertex -20.980738908052444 7.392068564891815 0
      vertex -12 8.5 0
    endloop
  endfacet
  facet normal 0 0 -1
    outer loop
      vertex -20.980738908052444 7.392068564891815 0
      vertex -20.92314112186432 7.780361287295818 0
      vertex -12 8.5 0
    endloop
  endfacet
  facet normal 0 0 -1
    outer loop
      vertex -20.92314112186432 7.780361287295818 0
      vertex -20.827761344611645 8.161138705909252 0
      vertex -12 8.5 0
    endloop
  endfacet
  facet normal 0 0 -1
    outer loop
      vertex -20.827761344611645 8.161138705909252 0
      vertex -20.70651483214813 8.5 0
      vertex -12 8.5 0
    endloop
  endfacet
  facet normal 0 0.04906768556344057 -0.998795455653182
    outer loop
      vertex -20.70651483214813 8.5 0
      vertex -20.695518128573895 8.530733726918697 0.0015098515317664152
      vertex -12 8.5 0
    endloop
  endfacet
  facet normal 4.321968385656294e-18 0.0490676855634418 -0.998795455653182
    outer loop
      vertex -20.695518128573895 8.530733726918697 0.0015098515317664152
      vertex -20.59415746458067 8.745042853057384 0.012038186192512512
      vertex -12 8.5 0
    endloop
  endfacet
  facet normal 0 0.14673046562892525 -0.989176511274059
    outer loop
      vertex -20.59415746458067 8.745042853057384 0.012038186192512512
      vertex -20.527685061097145 8.885586947202682 0.03288593190856659
      vertex -12 8.745042853057384 0.012038186192512512
    endloop
  endfacet
  facet normal 0 0.14673046562893557 -0.9891765112740576
    outer loop
      vertex -20.527685061097145 8.885586947202682 0.03288593190856659
      vertex -20.4664653868367 8.987725801765919 0.04803679883480072
      vertex -12 8.987725801765919 0.04803679883480072
    endloop
  endfacet
  facet normal 0 0.24298018143504668 -0.9700312528108523
    outer loop
      vertex -20.4664653868367 8.987725801765919 0.04803679883480072
      vertex -20.32587844878435 9.22228093445301 0.10678980141248573
      vertex -12 8.987725801765919 0.04803679883480072
    endloop
  endfacet
  facet normal 0 0.2429801814348322 -0.9700312528109061
    outer loop
      vertex -20.32587844878435 9.22228093445301 0.10678980141248573
      vertex -20.323334022696873 9.225711695849895 0.10764916241168976
      vertex -12 9.225711695849895 0.10764916241168976
    endloop
  endfacet
  facet normal 0 0.33688986487356093 -0.9415440610749312
    outer loop
      vertex -20.323334022696873 9.225711695849895 0.10764916241168976
      vertex -20.152015055618133 9.456708580255508 0.19030117243528366
      vertex -12 9.225711695849895 0.10764916241168976
    endloop
  endfacet
  facet normal 0 0.4275550727503871 -0.9039893029043049
    outer loop
      vertex -20.092041812837124 9.537573136389256 0.2285472568409439
      vertex -12 9.456708580255508 0.19030117243528366
      vertex -20.152015055618133 9.456708580255508 0.19030117243528366
    endloop
  endfacet
  facet normal 0 0.4275550727503882 -0.9039893029043043
    outer loop
      vertex -20.092041812837124 9.537573136389256 0.2285472568409439
      vertex -19.9643205365608 9.678491845726967 0.2951968386769295
      vertex -12 9.678491845726967 0.2951968386769295
    endloop
  endfacet
  facet normal 0 0.5141027452311807 -0.8577286093781434
    outer loop
      vertex -19.9643205365608 9.678491845726967 0.2951968386769295
      vertex -19.828427121043205 9.828427121043205 0.3850645844933549
      vertex -12 9.678491845726967 0.2951968386769295
    endloop
  endfacet
  facet normal 0 0.5141027452311918 -0.8577286093781367
    outer loop
      vertex -19.761677356966864 9.888925582170486 0.4213259667158127
      vertex -12 9.888925582170486 0.4213259667158127
      vertex -19.828427121043205 9.828427121043205 0.3850645844933549
    endloop
  endfacet
  facet normal 0 0.5956993111009283 -0.8032075265794508
    outer loop
      vertex -19.54425777511231 10.085983209311962 0.567473866045475
      vertex -12 9.888925582170486 0.4213259667158127
      vertex -19.761677356966864 9.888925582170486 0.4213259667158127
    endloop
  endfacet
  facet normal 0 0.6715589557743891 -0.7409511245144392
    outer loop
      vertex -19.537573136389256 10.092041812837124 0.5729650642125268
      vertex -12 10.085983209311962 0.567473866045475
      vertex -19.54425777511231 10.085983209311962 0.567473866045475
    endloop
  endfacet
  facet normal -3.8774298287407964e-18 0.6715589557743871 -0.7409511245144411
    outer loop
      vertex -19.30063521603282 10.267766952514648 0.7322330474853516
      vertex -12 10.085983209311962 0.567473866045475
      vertex -19.537573136389256 10.092041812837124 0.5729650642125268
    endloop
  endfacet
  facet normal 0 0.740951124514444 -0.671558955774384
    outer loop
      vertex -19.30063521603282 10.267766952514648 0.7322330474853516
      vertex -19.22228093445301 10.325878448784351 0.7963492030931683
      vertex -12 10.267766952514648 0.7322330474853516
    endloop
  endfacet
  facet normal 0 0.7409511245144395 -0.6715589557743888
    outer loop
      vertex -19.04435002357033 10.432526133954525 0.9140167906880379
      vertex -12 10.432526133954525 0.9140167906880379
      vertex -19.22228093445301 10.325878448784351 0.7963492030931683
    endloop
  endfacet
  facet normal 0 0.8032075265794505 -0.5956993111009289
    outer loop
      vertex -19.04435002357033 10.432526133954525 0.9140167906880379
      vertex -18.885586947202682 10.527685061097145 1.0423237487083874
      vertex -12 10.432526133954525 0.9140167906880379
    endloop
  endfacet
  facet normal 0 0.8032075265794516 -0.5956993111009273
    outer loop
      vertex -18.777779819253663 10.578674033284187 1.1110744178295135
      vertex -12 10.578674033284187 1.1110744178295135
      vertex -18.885586947202682 10.527685061097145 1.0423237487083874
    endloop
  endfacet
  facet normal 0 0.857728609378141 -0.5141027452311848
    outer loop
      vertex -18.777779819253663 10.578674033284187 1.1110744178295135
      vertex -18.530733726918697 10.695518128573895 1.3060170130530029
      vertex -12 10.578674033284187 1.1110744178295135
    endloop
  endfacet
  facet normal 0 0.8577286093781488 -0.5141027452311719
    outer loop
      vertex -18.530733726918697 10.695518128573895 1.3060170130530029
      vertex -18.50478379937742 10.70480316132307 1.3215081542730331
      vertex -12 10.70480316132307 1.3215081542730331
    endloop
  endfacet
  facet normal 0 0.9039893029043046 -0.42755507275038784
    outer loop
      vertex -18.50478379937742 10.70480316132307 1.3215081542730331
      vertex -18.211620058128766 10.809698827564716 1.5432914197444916
      vertex -12 10.70480316132307 1.3215081542730331
    endloop
  endfacet
  facet normal 0 0.9415440610749326 -0.33688986487355715
    outer loop
      vertex -18.161138705909252 10.827761344611645 1.5937727711498928
      vertex -12 10.809698827564716 1.5432914197444916
      vertex -18.211620058128766 10.809698827564716 1.5432914197444916
    endloop
  endfacet
  facet normal -4.4999075522200815e-17 0.9415440610749309 -0.336889864873562
    outer loop
      vertex -17.903282993580927 10.89235083758831 1.7742883041501045
      vertex -12 10.809698827564716 1.5432914197444916
      vertex -18.161138705909252 10.827761344611645 1.5937727711498928
    endloop
  endfacet
  facet normal 0 0.9700312528108537 -0.2429801814350413
    outer loop
      vertex -17.78036128729582 10.923141121864319 1.8972100085222934
      vertex -12 10.89235083758831 1.7742883041501045
      vertex -17.903282993580927 10.89235083758831 1.7742883041501045
    endloop
  endfacet
  facet normal 0 0.9700312528108526 -0.24298018143504607
    outer loop
      vertex -17.78036128729582 10.923141121864319 1.8972100085222934
      vertex -17.58605861738886 10.9519632011652 2.0122741982340813
      vertex -12 10.9519632011652 2.0122741982340813
    endloop
  endfacet
  facet normal 0 0 -1
    outer loop
      vertex -12 -8.5 0
      vertex -21 7 0
      vertex -12 8.5 0
    endloop
  endfacet
  facet normal 0 0.04906768556344165 -0.998795455653182
    outer loop
      vertex -20.59415746458067 8.745042853057384 0.012038186192512512
      vertex -12 8.745042853057384 0.012038186192512512
      vertex -12 8.5 0
    endloop
  endfacet
  facet normal 7.296528901817196e-17 0.1467304656289296 -0.9891765112740585
    outer loop
      vertex -20.527685061097145 8.885586947202682 0.03288593190856659
      vertex -12 8.987725801765919 0.04803679883480072
      vertex -12 8.745042853057384 0.012038186192512512
    endloop
  endfacet
  facet normal -9.256806765322283e-17 0.24298018143504363 -0.9700312528108531
    outer loop
      vertex -20.32587844878435 9.22228093445301 0.10678980141248573
      vertex -12 9.225711695849895 0.10764916241168976
      vertex -12 8.987725801765919 0.04803679883480072
    endloop
  endfacet
  facet normal 0 0.33688986487356093 -0.9415440610749312
    outer loop
      vertex -20.152015055618133 9.456708580255508 0.19030117243528366
      vertex -12 9.456708580255508 0.19030117243528366
      vertex -12 9.225711695849895 0.10764916241168976
    endloop
  endfacet
  facet normal 8.300997073302944e-18 0.4275550727503878 -0.9039893029043047
    outer loop
      vertex -20.092041812837124 9.537573136389256 0.2285472568409439
      vertex -12 9.678491845726967 0.2951968386769295
      vertex -12 9.456708580255508 0.19030117243528366
    endloop
  endfacet
  facet normal 8.309561374889196e-17 0.5141027452311839 -0.8577286093781414
    outer loop
      vertex -19.828427121043205 9.828427121043205 0.3850645844933549
      vertex -12 9.888925582170486 0.4213259667158127
      vertex -12 9.678491845726967 0.2951968386769295
    endloop
  endfacet
  facet normal 0 0.5956993111009283 -0.803207526579451
    outer loop
      vertex -19.54425777511231 10.085983209311962 0.567473866045475
      vertex -12 10.085983209311962 0.567473866045475
      vertex -12 9.888925582170486 0.4213259667158127
    endloop
  endfacet
  facet normal 0 0.6715589557743872 -0.7409511245144411
    outer loop
      vertex -19.30063521603282 10.267766952514648 0.7322330474853516
      vertex -12 10.267766952514648 0.7322330474853516
      vertex -12 10.085983209311962 0.567473866045475
    endloop
  endfacet
  facet normal -5.188792065366415e-17 0.740951124514441 -0.6715589557743871
    outer loop
      vertex -19.22228093445301 10.325878448784351 0.7963492030931683
      vertex -12 10.432526133954525 0.9140167906880379
      vertex -12 10.267766952514648 0.7322330474853516
    endloop
  endfacet
  facet normal 1.540334592050495e-17 0.8032075265794509 -0.5956993111009283
    outer loop
      vertex -18.885586947202682 10.527685061097145 1.0423237487083874
      vertex -12 10.578674033284187 1.1110744178295135
      vertex -12 10.432526133954525 0.9140167906880379
    endloop
  endfacet
  facet normal 3.870605011721237e-17 0.8577286093781414 -0.5141027452311839
    outer loop
      vertex -18.530733726918697 10.695518128573895 1.3060170130530029
      vertex -12 10.70480316132307 1.3215081542730331
      vertex -12 10.578674033284187 1.1110744178295135
    endloop
  endfacet
  facet normal 0 0.9039893029043046 -0.42755507275038784
    outer loop
      vertex -18.211620058128766 10.809698827564716 1.5432914197444916
      vertex -12 10.809698827564716 1.5432914197444916
      vertex -12 10.70480316132307 1.3215081542730331
    endloop
  endfacet
  facet normal 0 0.9415440610749312 -0.33688986487356093
    outer loop
      vertex -17.903282993580927 10.89235083758831 1.7742883041501045
      vertex -12 10.89235083758831 1.7742883041501045
      vertex -12 10.809698827564716 1.5432914197444916
    endloop
  endfacet
  facet normal 0 0.9891765112740586 -0.14673046562892847
    outer loop
      vertex -17.392068564891815 10.980738908052444 2.2062642685726725
      vertex -12 10.9519632011652 2.0122741982340813
      vertex -17.58605861738886 10.9519632011652 2.0122741982340813
    endloop
  endfacet
  facet normal -5.2293282234726633e-17 0.970031252810853 -0.2429801814350436
    outer loop
      vertex -17.78036128729582 10.923141121864319 1.8972100085222934
      vertex -12 10.9519632011652 2.0122741982340813
      vertex -12 10.89235083758831 1.7742883041501045
    endloop
  endfacet
  facet normal 0 0.9891765112740578 -0.14673046562893396
    outer loop
      vertex -17.392068564891815 10.980738908052444 2.2062642685726725
      vertex -17.24504292888742 10.987961813807487 2.2549571469426155
      vertex -12 10.987961813807487 2.2549571469426155
    endloop
  endfacet
  facet normal 0 0.9987954556531818 -0.04906768556344165
    outer loop
      vertex -17.24504292888742 10.987961813807487 2.2549571469426155
      vertex -17 11 2.5
      vertex -12 10.987961813807487 2.2549571469426155
    endloop
  endfacet
  facet normal -4.04870699571867e-17 0.9891765112740585 -0.14673046562892958
    outer loop
      vertex -17.392068564891815 10.980738908052444 2.2062642685726725
      vertex -12 10.987961813807487 2.2549571469426155
      vertex -12 10.9519632011652 2.0122741982340813
    endloop
  endfacet
  facet normal -4.840071386475601e-16 0.9987954556531814 -0.049067685563451494
    outer loop
      vertex -17 11 2.5
      vertex -12 10.992630971994235 2.350000023432443
      vertex -12 10.987961813807487 2.2549571469426155
    endloop
  endfacet
  facet normal 0 0.9987954556531822 -0.0490676855634354
    outer loop
      vertex -17 11 2.5
      vertex -11 11 2.5
      vertex -12 10.992630971994235 2.350000023432443
    endloop
  endfacet
  facet normal 1.817797998233504e-15 0.9987954556531815 -0.04906768556344749
    outer loop
      vertex -12 10.992630971994235 2.350000023432443
      vertex -11 11 2.5
      vertex -11 10.992630971994233 2.350000023432444
    endloop
  endfacet
  facet normal 1 0 0
    outer loop
      vertex -11 11 2.5
      vertex -11 10.9913325086236 2.376430854201317
      vertex -11 10.992630971994233 2.350000023432444
    endloop
  endfacet
  facet normal 1 0 0
    outer loop
      vertex -11 10.965413503348827 2.551162578165531
      vertex -11 10.9913325086236 2.376430854201317
      vertex -11 11 2.5
    endloop
  endfacet
  facet normal 1 0 0
    outer loop
      vertex -11 -11 8.5
      vertex -11 -11 2.5
      vertex -11 -10.9913325086236 2.376430854201317
    endloop
  endfacet
  facet normal 1 0 0
    outer loop
      vertex -11 -11 8.5
      vertex -11 -10.9913325086236 2.376430854201317
      vertex -11 -10.965413503348827 2.551162578165531
    endloop
  endfacet
  facet normal 1 0 0
    outer loop
      vertex -11 -11 8.5
      vertex -11 -10.965413503348827 2.551162578165531
      vertex -11 -10.92249260097742 2.7225124165415764
    endloop
  endfacet
  facet normal 1 0 0
    outer loop
      vertex -11 -11 8.5
      vertex -11 -10.92249260097742 2.7225124165415764
      vertex -11 -10.862983159720898 2.888830177485943
    endloop
  endfacet
  facet normal 1 0 0
    outer loop
      vertex -11 -11 8.5
      vertex -11 -10.862983159720898 2.888830177485943
      vertex -11 -10.787458278238773 3.0485141277313232
    endloop
  endfacet
  facet normal 1 0 0
    outer loop
      vertex -11 -11 8.5
      vertex -11 -10.787458278238773 3.0485141277313232
      vertex -11 -10.696645304560661 3.200026422739029
    endloop
  endfacet
  facet normal 1 0 0
    outer loop
      vertex -11 -11 8.5
      vertex -11 -10.696645304560661 3.200026422739029
      vertex -11 -10.591418817639351 3.341907911002636
    endloop
  endfacet
  facet normal 1 0 0
    outer loop
      vertex -11 -11 8.5
      vertex -11 -10.591418817639351 3.341907911002636
      vertex -11 -10.472792208194733 3.4727922081947327
    endloop
  endfacet
  facet normal 1 0 0
    outer loop
      vertex -11 -11 8.5
      vertex -11 -10.472792208194733 3.4727922081947327
      vertex -11 -10.341907911002636 3.591418817639351
    endloop
  endfacet
  facet normal 1 0 0
    outer loop
      vertex -11 -11 8.5
      vertex -11 -10.341907911002636 3.591418817639351
      vertex -11 -10.200026422739029 3.6966453045606613
    endloop
  endfacet
  facet normal 1 0 0
    outer loop
      vertex -11 -11 8.5
      vertex -11 -10.200026422739029 3.6966453045606613
      vertex -11 -10.048514127731323 3.7874582782387733
    endloop
  endfacet
  facet normal 1 0 0
    outer loop
      vertex -11 -11 8.5
      vertex -11 -10.048514127731323 3.7874582782387733
      vertex -11 -9.888830177485943 3.8629831597208977
    endloop
  endfacet
  facet normal 1 0 0
    outer loop
      vertex -11 -11 8.5
      vertex -11 -9.888830177485943 3.8629831597208977
      vertex -11 -9.722512416541576 3.922492600977421
    endloop
  endfacet
  facet normal 1 0 0
    outer loop
      vertex -11 -11 8.5
      vertex -11 -9.722512416541576 3.922492600977421
      vertex -11 -9.551162578165531 3.9654135033488274
    endloop
  endfacet
  facet normal 1 0 0
    outer loop
      vertex -11 -11 8.5
      vertex -11 -9.551162578165531 3.9654135033488274
      vertex -11 -9.376430854201317 3.9913325086236
    endloop
  endfacet
  facet normal 1 0 0
    outer loop
      vertex -11 -11 8.5
      vertex -11 -9.376430854201317 3.9913325086236
      vertex -11 -9.200000002980232 4
    endloop
  endfacet
  facet normal 0 0 1
    outer loop
      vertex -20.32587844878435 -9.22228093445301 8.5
      vertex -20.695518128573895 -8.530733726918697 8.5
      vertex -20.527685061097145 -8.885586947202682 8.5
    endloop
  endfacet
  facet normal 0 0 1
    outer loop
      vertex -20.092041812837124 -9.537573136389256 8.5
      vertex -20.827761344611645 -8.161138705909252 8.5
      vertex -20.32587844878435 -9.22228093445301 8.5
    endloop
  endfacet
  facet normal 0 0 1
    outer loop
      vertex -20.32587844878435 -9.22228093445301 8.5
      vertex -20.827761344611645 -8.161138705909252 8.5
      vertex -20.695518128573895 -8.530733726918697 8.5
    endloop
  endfacet
  facet normal 0 0 1
    outer loop
      vertex -20.092041812837124 -9.537573136389256 8.5
      vertex -20.92314112186432 -7.780361287295818 8.5
      vertex -20.827761344611645 -8.161138705909252 8.5
    endloop
  endfacet
  facet normal 0 0 1
    outer loop
      vertex -19.828427121043205 -9.828427121043205 8.5
      vertex -20.980738908052444 -7.392068564891815 8.5
      vertex -20.92314112186432 -7.780361287295818 8.5
    endloop
  endfacet
  facet normal 0 0 1
    outer loop
      vertex -19.537573136389256 -10.092041812837124 8.5
      vertex -21 -7 8.5
      vertex -20.980738908052444 -7.392068564891815 8.5
    endloop
  endfacet
  facet normal 0 0 1
    outer loop
      vertex -19.828427121043205 -9.828427121043205 8.5
      vertex -20.92314112186432 -7.780361287295818 8.5
      vertex -20.092041812837124 -9.537573136389256 8.5
    endloop
  endfacet
  facet normal 0 0 1
    outer loop
      vertex -19.828427121043205 -9.828427121043205 8.5
      vertex -19.537573136389256 -10.092041812837124 8.5
      vertex -20.980738908052444 -7.392068564891815 8.5
    endloop
  endfacet
  facet normal 0 0 1
    outer loop
      vertex -19.22228093445301 -10.325878448784351 8.5
      vertex -21 -7 8.5
      vertex -19.537573136389256 -10.092041812837124 8.5
    endloop
  endfacet
  facet normal 0 0 1
    outer loop
      vertex -19.22228093445301 -10.325878448784351 8.5
      vertex -18.885586947202682 -10.527685061097145 8.5
      vertex -21 -7 8.5
    endloop
  endfacet
  facet normal 0 0 1
    outer loop
      vertex -18.530733726918697 -10.695518128573895 8.5
      vertex -18.161138705909252 -10.827761344611645 8.5
      vertex -21 -7 8.5
    endloop
  endfacet
  facet normal 0 0 1
    outer loop
      vertex -18.161138705909252 -10.827761344611645 8.5
      vertex -17.78036128729582 -10.923141121864319 8.5
      vertex -21 -7 8.5
    endloop
  endfacet
  facet normal 0 0 1
    outer loop
      vertex -17.78036128729582 -10.923141121864319 8.5
      vertex -17.392068564891815 -10.980738908052444 8.5
      vertex -21 -7 8.5
    endloop
  endfacet
  facet normal 0 0 1
    outer loop
      vertex -17.392068564891815 -10.980738908052444 8.5
      vertex -17 -11 8.5
      vertex -21 -7 8.5
    endloop
  endfacet
  facet normal 0 0 1
    outer loop
      vertex -18.530733726918697 -10.695518128573895 8.5
      vertex -21 -7 8.5
      vertex -18.885586947202682 -10.527685061097145 8.5
    endloop
  endfacet
  facet normal 0 0 1
    outer loop
      vertex -17 -11 8.5
      vertex -11 -11 8.5
      vertex -21 -7 8.5
    endloop
  endfacet
  facet normal 0 0 1
    outer loop
      vertex -21 -7 8.5
      vertex -11 -11 8.5
      vertex -16.362855846568078 -1.196175419665261 8.5
    endloop
  endfacet
  facet normal 0 0 1
    outer loop
      vertex -21 -7 8.5
      vertex -17.03933701537818 -0.6944627912745027 8.5
      vertex -17.102401580435444 -0.5892459210324971 8.5
    endloop
  endfacet
  facet normal 0 0 1
    outer loop
      vertex -21 -7 8.5
      vertex -17.102401580435444 -0.5892459210324971 8.5
      vertex -17.15484941563911 -0.47835429045636224 8.5
    endloop
  endfacet
  facet normal 0 0 1
    outer loop
      vertex -21 -7 8.5
      vertex -17.15484941563911 -0.47835429045636224 8.5
      vertex -17.19617541966526 -0.3628558465680779 8.5
    endloop
  endfacet
  facet normal 0 0 1
    outer loop
      vertex -21 -7 8.5
      vertex -17.19617541966526 -0.3628558465680779 8.5
      vertex -17.22598160050404 -0.2438629025201603 8.5
    endloop
  endfacet
  facet normal 0 0 1
    outer loop
      vertex -21 -7 8.5
      vertex -17.22598160050404 -0.2438629025201603 8.5
      vertex -17.243980908340248 -0.12252142541195075 8.5
    endloop
  endfacet
  facet normal 0 0 1
    outer loop
      vertex -21 -7 8.5
      vertex -17.243980908340248 -0.12252142541195075 8.5
      vertex -17.25 0 8.5
    endloop
  endfacet
  facet normal 0 0 1
    outer loop
      vertex -21 -7 8.5
      vertex -17.25 0 8.5
      vertex -17.243980908340248 0.12252142541195075 8.5
    endloop
  endfacet
  facet normal 0 0 1
    outer loop
      vertex -21 -7 8.5
      vertex -17.243980908340248 0.12252142541195075 8.5
      vertex -21 7 8.5
    endloop
  endfacet
  facet normal 0 0 1
    outer loop
      vertex -21 -7 8.5
      vertex -16.966263066703423 -0.7929916052045569 8.5
      vertex -17.03933701537818 -0.6944627912745027 8.5
    endloop
  endfacet
  facet normal 0 0 1
    outer loop
      vertex -21 -7 8.5
      vertex -16.792991605204556 -0.9662630667034212 8.5
      vertex -16.883883476483184 -0.8838834764831844 8.5
    endloop
  endfacet
  facet normal 0 0 1
    outer loop
      vertex -21 -7 8.5
      vertex -16.883883476483184 -0.8838834764831844 8.5
      vertex -16.966263066703423 -0.7929916052045569 8.5
    endloop
  endfacet
  facet normal 0 0 1
    outer loop
      vertex -21 -7 8.5
      vertex -16.694462791274503 -1.0393370153781816 8.5
      vertex -16.792991605204556 -0.9662630667034212 8.5
    endloop
  endfacet
  facet normal 0 0 1
    outer loop
      vertex -21 -7 8.5
      vertex -16.589245921032497 -1.102401580435444 8.5
      vertex -16.694462791274503 -1.0393370153781816 8.5
    endloop
  endfacet
  facet normal 0 0 1
    outer loop
      vertex -21 -7 8.5
      vertex -16.478354290456362 -1.1548494156391085 8.5
      vertex -16.589245921032497 -1.102401580435444 8.5
    endloop
  endfacet
  facet normal 0 0 1
    outer loop
      vertex -21 -7 8.5
      vertex -16.362855846568078 -1.196175419665261 8.5
      vertex -16.478354290456362 -1.1548494156391085 8.5
    endloop
  endfacet
  facet normal 1 0 0
    outer loop
      vertex -11 -11 8.5
      vertex -11 -9.200000002980232 4
      vertex -11 11 8.5
    endloop
  endfacet
  facet normal 0 0 1
    outer loop
      vertex -11 -11 8.5
      vertex -16.24386290252016 -1.225981600504038 8.5
      vertex -16.362855846568078 -1.196175419665261 8.5
    endloop
  endfacet
  facet normal 0 0 1
    outer loop
      vertex -11 -11 8.5
      vertex -16.12252142541195 -1.2439809083402462 8.5
      vertex -16.24386290252016 -1.225981600504038 8.5
    endloop
  endfacet
  facet normal 0 0 1
    outer loop
      vertex -11 -11 8.5
      vertex -16 -1.25 8.5
      vertex -16.12252142541195 -1.2439809083402462 8.5
    endloop
  endfacet
  facet normal 0 0 1
    outer loop
      vertex -11 -11 8.5
      vertex -15.87747857458805 -1.2439809083402462 8.5
      vertex -16 -1.25 8.5
    endloop
  endfacet
  facet normal 0 0 1
    outer loop
      vertex -11 -11 8.5
      vertex -15.75613709747984 -1.225981600504038 8.5
      vertex -15.87747857458805 -1.2439809083402462 8.5
    endloop
  endfacet
  facet normal 0 0 1
    outer loop
      vertex -11 -11 8.5
      vertex -15.637144153431922 -1.196175419665261 8.5
      vertex -15.75613709747984 -1.225981600504038 8.5
    endloop
  endfacet
  facet normal 0 0 1
    outer loop
      vertex -11 -11 8.5
      vertex -15.521645709543638 -1.1548494156391085 8.5
      vertex -15.637144153431922 -1.196175419665261 8.5
    endloop
  endfacet
  facet normal 0 0 1
    outer loop
      vertex -11 -11 8.5
      vertex -15.410754078967503 -1.102401580435444 8.5
      vertex -15.521645709543638 -1.1548494156391085 8.5
    endloop
  endfacet
  facet normal 0 0 1
    outer loop
      vertex -11 -11 8.5
      vertex -15.305537208725497 -1.0393370153781816 8.5
      vertex -15.410754078967503 -1.102401580435444 8.5
    endloop
  endfacet
  facet normal 0 0 1
    outer loop
      vertex -11 -11 8.5
      vertex -15.207008394795443 -0.9662630667034212 8.5
      vertex -15.305537208725497 -1.0393370153781816 8.5
    endloop
  endfacet
  facet normal 0 0 1
    outer loop
      vertex -11 -11 8.5
      vertex -15.116116523516816 -0.8838834764831844 8.5
      vertex -15.207008394795443 -0.9662630667034212 8.5
    endloop
  endfacet
  facet normal 0 0 1
    outer loop
      vertex -11 -11 8.5
      vertex -15.033736933296579 -0.7929916052045569 8.5
      vertex -15.116116523516816 -0.8838834764831844 8.5
    endloop
  endfacet
  facet normal 0 0 1
    outer loop
      vertex -11 -11 8.5
      vertex -14.960662984621818 -0.6944627912745027 8.5
      vertex -15.033736933296579 -0.7929916052045569 8.5
    endloop
  endfacet
  facet normal 0 0 1
    outer loop
      vertex -11 -11 8.5
      vertex -14.897598419564556 -0.5892459210324971 8.5
      vertex -14.960662984621818 -0.6944627912745027 8.5
    endloop
  endfacet
  facet normal 0 0 1
    outer loop
      vertex -11 -11 8.5
      vertex -14.84515058436089 -0.47835429045636224 8.5
      vertex -14.897598419564556 -0.5892459210324971 8.5
    endloop
  endfacet
  facet normal 0 0 1
    outer loop
      vertex -11 -11 8.5
      vertex -14.803824580334739 -0.3628558465680779 8.5
      vertex -14.84515058436089 -0.47835429045636224 8.5
    endloop
  endfacet
  facet normal 0 0 1
    outer loop
      vertex -11 -11 8.5
      vertex -14.774018399495962 -0.2438629025201603 8.5
      vertex -14.803824580334739 -0.3628558465680779 8.5
    endloop
  endfacet
  facet normal 0 0 1
    outer loop
      vertex -11 -11 8.5
      vertex -14.756019091659754 -0.12252142541195075 8.5
      vertex -14.774018399495962 -0.2438629025201603 8.5
    endloop
  endfacet
  facet normal 0 0 1
    outer loop
      vertex -11 -11 8.5
      vertex -14.75 0 8.5
      vertex -14.756019091659754 -0.12252142541195075 8.5
    endloop
  endfacet
  facet normal 0 0 1
    outer loop
      vertex -11 -11 8.5
      vertex -14.756019091659754 0.12252142541195075 8.5
      vertex -14.75 0 8.5
    endloop
  endfacet
  facet normal 0 0 1
    outer loop
      vertex -11 -11 8.5
      vertex -14.774018399495962 0.2438629025201603 8.5
      vertex -14.756019091659754 0.12252142541195075 8.5
    endloop
  endfacet
  facet normal 0 0 1
    outer loop
      vertex -11 -11 8.5
      vertex -14.803824580334739 0.3628558465680779 8.5
      vertex -14.774018399495962 0.2438629025201603 8.5
    endloop
  endfacet
  facet normal 0 0 1
    outer loop
      vertex -11 -11 8.5
      vertex -18.161138705909252 10.827761344611645 8.5
      vertex -14.803824580334739 0.3628558465680779 8.5
    endloop
  endfacet
  facet normal 1 0 0
    outer loop
      vertex -11 -9.200000002980232 4
      vertex -11 9.200000002980232 4
      vertex -11 11 8.5
    endloop
  endfacet
  facet normal 1 0 0
    outer loop
      vertex -11 11 8.5
      vertex -11 10.696645304560661 3.200026422739029
      vertex -11 10.787458278238773 3.0485141277313232
    endloop
  endfacet
  facet normal 1 0 0
    outer loop
      vertex -11 11 8.5
      vertex -11 10.591418817639351 3.341907911002636
      vertex -11 10.696645304560661 3.200026422739029
    endloop
  endfacet
  facet normal 1 0 0
    outer loop
      vertex -11 11 8.5
      vertex -11 10.472792208194733 3.4727922081947327
      vertex -11 10.591418817639351 3.341907911002636
    endloop
  endfacet
  facet normal 1 0 0
    outer loop
      vertex -11 11 8.5
      vertex -11 10.341907911002636 3.591418817639351
      vertex -11 10.472792208194733 3.4727922081947327
    endloop
  endfacet
  facet normal 1 0 0
    outer loop
      vertex -11 11 8.5
      vertex -11 10.200026422739029 3.6966453045606613
      vertex -11 10.341907911002636 3.591418817639351
    endloop
  endfacet
  facet normal 1 0 0
    outer loop
      vertex -11 11 8.5
      vertex -11 10.965413503348827 2.551162578165531
      vertex -11 11 2.5
    endloop
  endfacet
  facet normal 1 0 0
    outer loop
      vertex -11 11 8.5
      vertex -11 10.92249260097742 2.7225124165415764
      vertex -11 10.965413503348827 2.551162578165531
    endloop
  endfacet
  facet normal 1 0 0
    outer loop
      vertex -11 11 8.5
      vertex -11 10.862983159720898 2.888830177485943
      vertex -11 10.92249260097742 2.7225124165415764
    endloop
  endfacet
  facet normal 1 0 0
    outer loop
      vertex -11 11 8.5
      vertex -11 10.787458278238773 3.0485141277313232
      vertex -11 10.862983159720898 2.888830177485943
    endloop
  endfacet
  facet normal 1 0 0
    outer loop
      vertex -11 11 8.5
      vertex -11 9.200000002980232 4
      vertex -11 9.376430854201317 3.9913325086236
    endloop
  endfacet
  facet normal 1 0 0
    outer loop
      vertex -11 11 8.5
      vertex -11 9.551162578165531 3.9654135033488274
      vertex -11 9.722512416541576 3.922492600977421
    endloop
  endfacet
  facet normal 1 0 0
    outer loop
      vertex -11 11 8.5
      vertex -11 9.376430854201317 3.9913325086236
      vertex -11 9.551162578165531 3.9654135033488274
    endloop
  endfacet
  facet normal 1 0 0
    outer loop
      vertex -11 11 8.5
      vertex -11 10.048514127731323 3.7874582782387733
      vertex -11 10.200026422739029 3.6966453045606613
    endloop
  endfacet
  facet normal 1 0 0
    outer loop
      vertex -11 11 8.5
      vertex -11 9.722512416541576 3.922492600977421
      vertex -11 9.888830177485943 3.8629831597208977
    endloop
  endfacet
  facet normal 1 0 0
    outer loop
      vertex -11 11 8.5
      vertex -11 9.888830177485943 3.8629831597208977
      vertex -11 10.048514127731323 3.7874582782387733
    endloop
  endfacet
  facet normal 0 0 1
    outer loop
      vertex -21 7 8.5
      vertex -17.243980908340248 0.12252142541195075 8.5
      vertex -17.22598160050404 0.2438629025201603 8.5
    endloop
  endfacet
  facet normal 0 0 1
    outer loop
      vertex -21 7 8.5
      vertex -17.22598160050404 0.2438629025201603 8.5
      vertex -17.19617541966526 0.3628558465680779 8.5
    endloop
  endfacet
  facet normal 0 0 1
    outer loop
      vertex -20.980738908052444 7.392068564891815 8.5
      vertex -17.19617541966526 0.3628558465680779 8.5
      vertex -17.15484941563911 0.47835429045636224 8.5
    endloop
  endfacet
  facet normal 0 0 1
    outer loop
      vertex -20.92314112186432 7.780361287295818 8.5
      vertex -17.15484941563911 0.47835429045636224 8.5
      vertex -17.102401580435444 0.5892459210324971 8.5
    endloop
  endfacet
  facet normal 0 0 1
    outer loop
      vertex -21 7 8.5
      vertex -17.19617541966526 0.3628558465680779 8.5
      vertex -20.980738908052444 7.392068564891815 8.5
    endloop
  endfacet
  facet normal 0 0 1
    outer loop
      vertex -20.980738908052444 7.392068564891815 8.5
      vertex -17.15484941563911 0.47835429045636224 8.5
      vertex -20.92314112186432 7.780361287295818 8.5
    endloop
  endfacet
  facet normal 0 0 1
    outer loop
      vertex -20.92314112186432 7.780361287295818 8.5
      vertex -17.03933701537818 0.6944627912745027 8.5
      vertex -20.827761344611645 8.161138705909252 8.5
    endloop
  endfacet
  facet normal 0 0 1
    outer loop
      vertex -20.827761344611645 8.161138705909252 8.5
      vertex -16.966263066703423 0.7929916052045569 8.5
      vertex -20.695518128573895 8.530733726918697 8.5
    endloop
  endfacet
  facet normal 0 0 1
    outer loop
      vertex -20.695518128573895 8.530733726918697 8.5
      vertex -16.792991605204556 0.9662630667034212 8.5
      vertex -20.527685061097145 8.885586947202682 8.5
    endloop
  endfacet
  facet normal 0 0 1
    outer loop
      vertex -20.527685061097145 8.885586947202682 8.5
      vertex -16.589245921032497 1.102401580435444 8.5
      vertex -20.32587844878435 9.22228093445301 8.5
    endloop
  endfacet
  facet normal 0 0 1
    outer loop
      vertex -20.32587844878435 9.22228093445301 8.5
      vertex -16.478354290456362 1.1548494156391085 8.5
      vertex -20.092041812837124 9.537573136389256 8.5
    endloop
  endfacet
  facet normal 0 0 1
    outer loop
      vertex -20.092041812837124 9.537573136389256 8.5
      vertex -16.24386290252016 1.225981600504038 8.5
      vertex -19.828427121043205 9.828427121043205 8.5
    endloop
  endfacet
  facet normal 0 0 1
    outer loop
      vertex -19.828427121043205 9.828427121043205 8.5
      vertex -16 1.25 8.5
      vertex -19.537573136389256 10.092041812837124 8.5
    endloop
  endfacet
  facet normal 0 0 1
    outer loop
      vertex -20.92314112186432 7.780361287295818 8.5
      vertex -17.102401580435444 0.5892459210324971 8.5
      vertex -17.03933701537818 0.6944627912745027 8.5
    endloop
  endfacet
  facet normal 0 0 1
    outer loop
      vertex -20.827761344611645 8.161138705909252 8.5
      vertex -17.03933701537818 0.6944627912745027 8.5
      vertex -16.966263066703423 0.7929916052045569 8.5
    endloop
  endfacet
  facet normal 0 0 1
    outer loop
      vertex -20.695518128573895 8.530733726918697 8.5
      vertex -16.966263066703423 0.7929916052045569 8.5
      vertex -16.883883476483184 0.8838834764831844 8.5
    endloop
  endfacet
  facet normal 0 0 1
    outer loop
      vertex -20.695518128573895 8.530733726918697 8.5
      vertex -16.883883476483184 0.8838834764831844 8.5
      vertex -16.792991605204556 0.9662630667034212 8.5
    endloop
  endfacet
  facet normal 0 0 1
    outer loop
      vertex -20.527685061097145 8.885586947202682 8.5
      vertex -16.792991605204556 0.9662630667034212 8.5
      vertex -16.694462791274503 1.0393370153781816 8.5
    endloop
  endfacet
  facet normal 0 0 1
    outer loop
      vertex -20.527685061097145 8.885586947202682 8.5
      vertex -16.694462791274503 1.0393370153781816 8.5
      vertex -16.589245921032497 1.102401580435444 8.5
    endloop
  endfacet
  facet normal 0 0 1
    outer loop
      vertex -20.32587844878435 9.22228093445301 8.5
      vertex -16.589245921032497 1.102401580435444 8.5
      vertex -16.478354290456362 1.1548494156391085 8.5
    endloop
  endfacet
  facet normal 0 0 1
    outer loop
      vertex -20.092041812837124 9.537573136389256 8.5
      vertex -16.478354290456362 1.1548494156391085 8.5
      vertex -16.362855846568078 1.196175419665261 8.5
    endloop
  endfacet
  facet normal 0 0 1
    outer loop
      vertex -20.092041812837124 9.537573136389256 8.5
      vertex -16.362855846568078 1.196175419665261 8.5
      vertex -16.24386290252016 1.225981600504038 8.5
    endloop
  endfacet
  facet normal 0 0 1
    outer loop
      vertex -19.828427121043205 9.828427121043205 8.5
      vertex -16.24386290252016 1.225981600504038 8.5
      vertex -16.12252142541195 1.2439809083402462 8.5
    endloop
  endfacet
  facet normal 0 0 1
    outer loop
      vertex -19.828427121043205 9.828427121043205 8.5
      vertex -16.12252142541195 1.2439809083402462 8.5
      vertex -16 1.25 8.5
    endloop
  endfacet
  facet normal 0 0 1
    outer loop
      vertex -19.537573136389256 10.092041812837124 8.5
      vertex -16 1.25 8.5
      vertex -15.87747857458805 1.2439809083402462 8.5
    endloop
  endfacet
  facet normal 0 0 1
    outer loop
      vertex -19.22228093445301 10.325878448784351 8.5
      vertex -15.87747857458805 1.2439809083402462 8.5
      vertex -15.75613709747984 1.225981600504038 8.5
    endloop
  endfacet
  facet normal 0 0 1
    outer loop
      vertex -19.22228093445301 10.325878448784351 8.5
      vertex -15.75613709747984 1.225981600504038 8.5
      vertex -15.637144153431922 1.196175419665261 8.5
    endloop
  endfacet
  facet normal 0 0 1
    outer loop
      vertex -18.885586947202682 10.527685061097145 8.5
      vertex -15.637144153431922 1.196175419665261 8.5
      vertex -15.521645709543638 1.1548494156391085 8.5
    endloop
  endfacet
  facet normal 0 0 1
    outer loop
      vertex -18.885586947202682 10.527685061097145 8.5
      vertex -15.521645709543638 1.1548494156391085 8.5
      vertex -15.410754078967503 1.102401580435444 8.5
    endloop
  endfacet
  facet normal 0 0 1
    outer loop
      vertex -18.530733726918697 10.695518128573895 8.5
      vertex -15.410754078967503 1.102401580435444 8.5
      vertex -15.305537208725497 1.0393370153781816 8.5
    endloop
  endfacet
  facet normal 0 0 1
    outer loop
      vertex -18.530733726918697 10.695518128573895 8.5
      vertex -15.305537208725497 1.0393370153781816 8.5
      vertex -15.207008394795443 0.9662630667034212 8.5
    endloop
  endfacet
  facet normal 0 0 1
    outer loop
      vertex -18.161138705909252 10.827761344611645 8.5
      vertex -15.207008394795443 0.9662630667034212 8.5
      vertex -15.116116523516816 0.8838834764831844 8.5
    endloop
  endfacet
  facet normal 0 0 1
    outer loop
      vertex -18.161138705909252 10.827761344611645 8.5
      vertex -15.116116523516816 0.8838834764831844 8.5
      vertex -15.033736933296579 0.7929916052045569 8.5
    endloop
  endfacet
  facet normal 0 0 1
    outer loop
      vertex -18.161138705909252 10.827761344611645 8.5
      vertex -14.960662984621818 0.6944627912745027 8.5
      vertex -14.897598419564556 0.5892459210324971 8.5
    endloop
  endfacet
  facet normal 0 0 1
    outer loop
      vertex -18.161138705909252 10.827761344611645 8.5
      vertex -14.84515058436089 0.47835429045636224 8.5
      vertex -14.803824580334739 0.3628558465680779 8.5
    endloop
  endfacet
  facet normal 0 0 1
    outer loop
      vertex -18.161138705909252 10.827761344611645 8.5
      vertex -14.897598419564556 0.5892459210324971 8.5
      vertex -14.84515058436089 0.47835429045636224 8.5
    endloop
  endfacet
  facet normal 0 0 1
    outer loop
      vertex -18.161138705909252 10.827761344611645 8.5
      vertex -15.033736933296579 0.7929916052045569 8.5
      vertex -14.960662984621818 0.6944627912745027 8.5
    endloop
  endfacet
  facet normal 0 0 1
    outer loop
      vertex -19.537573136389256 10.092041812837124 8.5
      vertex -15.87747857458805 1.2439809083402462 8.5
      vertex -19.22228093445301 10.325878448784351 8.5
    endloop
  endfacet
  facet normal 0 0 1
    outer loop
      vertex -19.22228093445301 10.325878448784351 8.5
      vertex -15.637144153431922 1.196175419665261 8.5
      vertex -18.885586947202682 10.527685061097145 8.5
    endloop
  endfacet
  facet normal 0 0 1
    outer loop
      vertex -18.885586947202682 10.527685061097145 8.5
      vertex -15.410754078967503 1.102401580435444 8.5
      vertex -18.530733726918697 10.695518128573895 8.5
    endloop
  endfacet
  facet normal 0 0 1
    outer loop
      vertex -18.530733726918697 10.695518128573895 8.5
      vertex -15.207008394795443 0.9662630667034212 8.5
      vertex -18.161138705909252 10.827761344611645 8.5
    endloop
  endfacet
  facet normal 0 0 1
    outer loop
      vertex -11 -11 8.5
      vertex -17.78036128729582 10.923141121864319 8.5
      vertex -18.161138705909252 10.827761344611645 8.5
    endloop
  endfacet
  facet normal 0 0 1
    outer loop
      vertex -11 -11 8.5
      vertex -17.392068564891815 10.980738908052444 8.5
      vertex -17.78036128729582 10.923141121864319 8.5
    endloop
  endfacet
  facet normal 0 0 1
    outer loop
      vertex -11 -11 8.5
      vertex -17 11 8.5
      vertex -17.392068564891815 10.980738908052444 8.5
    endloop
  endfacet
  facet normal 0 0 1
    outer loop
      vertex -11 -11 8.5
      vertex -11 11 8.5
      vertex -17 11 8.5
    endloop
  endfacet
  facet normal 0 -0.4275550727503871 -0.9039893029043049
    outer loop
      vertex -20.092041812837124 18.462426863610744 0.2285472568409439
      vertex -20.152015055618133 18.54329141974449 0.19030117243528366
      vertex -12 18.54329141974449 0.19030117243528366
    endloop
  endfacet
  facet normal 1.3628591682169773e-17 -0.4275550727503882 -0.9039893029043045
    outer loop
      vertex -19.9643205365608 18.321508154273033 0.2951968386769295
      vertex -20.092041812837124 18.462426863610744 0.2285472568409439
      vertex -12 18.54329141974449 0.19030117243528366
    endloop
  endfacet
  facet normal 0 -0.5141027452311882 -0.8577286093781389
    outer loop
      vertex -19.828427121043205 18.171572878956795 0.3850645844933567
      vertex -19.9643205365608 18.321508154273033 0.2951968386769295
      vertex -12 18.321508154273033 0.2951968386769295
    endloop
  endfacet
  facet normal -3.784292162466226e-16 -0.5141027452311737 -0.8577286093781477
    outer loop
      vertex -19.761677356966864 18.111074417829514 0.4213259667158127
      vertex -19.828427121043205 18.171572878956795 0.3850645844933567
      vertex -12 18.321508154273033 0.2951968386769295
    endloop
  endfacet
  facet normal 0 -0.5956993111009283 -0.8032075265794508
    outer loop
      vertex -19.54425777511231 17.914016790688038 0.567473866045475
      vertex -19.761677356966864 18.111074417829514 0.4213259667158127
      vertex -12 18.111074417829514 0.4213259667158127
    endloop
  endfacet
  facet normal 4.408987883354072e-18 -0.04906768556344181 -0.998795455653182
    outer loop
      vertex -20.59415746458067 19.254957146942616 0.012038186192512512
      vertex -20.695518128573895 19.469266273081303 0.0015098515317664152
      vertex -12 19.5 0
    endloop
  endfacet
  facet normal 0 0 -1
    outer loop
      vertex -20.827761344611645 19.838861294090748 0
      vertex -20.92314112186432 20.21963871270418 0
      vertex -12 19.5 0
    endloop
  endfacet
  facet normal 0 0 -1
    outer loop
      vertex -20.70651483214813 19.5 0
      vertex -20.827761344611645 19.838861294090748 0
      vertex -12 19.5 0
    endloop
  endfacet
  facet normal 0 -0.04906768556344058 -0.998795455653182
    outer loop
      vertex -20.695518128573895 19.469266273081303 0.0015098515317664152
      vertex -20.70651483214813 19.5 0
      vertex -12 19.5 0
    endloop
  endfacet
  facet normal 0 0 -1
    outer loop
      vertex -20.92314112186432 20.21963871270418 0
      vertex -20.980738908052444 20.607931435108185 0
      vertex -12 19.5 0
    endloop
  endfacet
  facet normal 0 -0.24298018143504668 -0.9700312528108523
    outer loop
      vertex -20.4664653868367 19.01227419823408 0.04803679883480072
      vertex -12 19.01227419823408 0.04803679883480072
      vertex -20.32587844878435 18.77771906554699 0.10678980141248573
    endloop
  endfacet
  facet normal -6.289866088768215e-15 -0.2429801814348366 -0.970031252810905
    outer loop
      vertex -20.32587844878435 18.77771906554699 0.10678980141248573
      vertex -12 19.01227419823408 0.04803679883480072
      vertex -20.323334022696873 18.774288304150105 0.10764916241168976
    endloop
  endfacet
  facet normal 1.7167045332241033e-16 -0.14673046562893544 -0.9891765112740576
    outer loop
      vertex -20.4664653868367 19.01227419823408 0.04803679883480072
      vertex -20.527685061097145 19.114413052797318 0.03288593190856659
      vertex -12 19.254957146942616 0.012038186192512512
    endloop
  endfacet
  facet normal 0 -0.14673046562892525 -0.989176511274059
    outer loop
      vertex -20.527685061097145 19.114413052797318 0.03288593190856659
      vertex -20.59415746458067 19.254957146942616 0.012038186192512512
      vertex -12 19.254957146942616 0.012038186192512512
    endloop
  endfacet
  facet normal 0 -0.336889864873561 -0.9415440610749313
    outer loop
      vertex -20.152015055618133 18.54329141974449 0.19030117243528366
      vertex -20.323334022696873 18.774288304150105 0.10764916241168976
      vertex -12 18.774288304150105 0.10764916241168976
    endloop
  endfacet
  facet normal -3.8774298287407964e-18 -0.6715589557743871 -0.7409511245144411
    outer loop
      vertex -19.30063521603282 17.73223304748535 0.7322330474853516
      vertex -19.537573136389256 17.907958187162876 0.5729650642125268
      vertex -12 17.914016790688038 0.567473866045475
    endloop
  endfacet
  facet normal 0 -0.7409511245144393 -0.6715589557743891
    outer loop
      vertex -19.22228093445301 17.67412155121565 0.7963492030931674
      vertex -19.30063521603282 17.73223304748535 0.7322330474853516
      vertex -12 17.73223304748535 0.7322330474853516
    endloop
  endfacet
  facet normal 0 -0.6715589557743891 -0.7409511245144392
    outer loop
      vertex -19.537573136389256 17.907958187162876 0.5729650642125268
      vertex -19.54425777511231 17.914016790688038 0.567473866045475
      vertex -12 17.914016790688038 0.567473866045475
    endloop
  endfacet
  facet normal 4.775812935818457e-17 -0.7409511245144421 -0.6715589557743862
    outer loop
      vertex -19.04435002357033 17.567473866045475 0.9140167906880379
      vertex -19.22228093445301 17.67412155121565 0.7963492030931674
      vertex -12 17.73223304748535 0.7322330474853516
    endloop
  endfacet
  facet normal 4.289663083628973e-17 -0.8032075265794517 -0.5956993111009274
    outer loop
      vertex -18.777779819253663 17.421325966715813 1.1110744178295135
      vertex -18.885586947202682 17.472314938902855 1.0423237487083874
      vertex -12 17.567473866045475 0.9140167906880379
    endloop
  endfacet
  facet normal 0 -0.8032075265794505 -0.5956993111009289
    outer loop
      vertex -19.04435002357033 17.567473866045475 0.9140167906880379
      vertex -12 17.567473866045475 0.9140167906880379
      vertex -18.885586947202682 17.472314938902855 1.0423237487083874
    endloop
  endfacet
  facet normal 0 -0.9700312528108525 -0.24298018143504624
    outer loop
      vertex -17.78036128729582 17.07685887813568 1.8972100085222907
      vertex -17.903282993580927 17.10764916241169 1.7742883041501045
      vertex -12 17.10764916241169 1.7742883041501045
    endloop
  endfacet
  facet normal 1.1906209548799096e-16 -0.9700312528108538 -0.242980181435041
    outer loop
      vertex -17.78036128729582 17.07685887813568 1.8972100085222907
      vertex -12 17.10764916241169 1.7742883041501045
      vertex -17.58605861738886 17.0480367988348 2.0122741982340813
    endloop
  endfacet
  facet normal 0 -0.8577286093781419 -0.5141027452311832
    outer loop
      vertex -18.530733726918697 17.304481871426105 1.3060170130530038
      vertex -18.777779819253663 17.421325966715813 1.1110744178295135
      vertex -12 17.421325966715813 1.1110744178295135
    endloop
  endfacet
  facet normal -4.0270034568583306e-16 -0.857728609378136 -0.5141027452311931
    outer loop
      vertex -18.50478379937742 17.29519683867693 1.3215081542730331
      vertex -18.530733726918697 17.304481871426105 1.3060170130530038
      vertex -12 17.421325966715813 1.1110744178295135
    endloop
  endfacet
  facet normal 0 -0.9039893029043046 -0.42755507275038784
    outer loop
      vertex -18.50478379937742 17.29519683867693 1.3215081542730331
      vertex -12 17.29519683867693 1.3215081542730331
      vertex -18.211620058128766 17.190301172435284 1.5432914197444916
    endloop
  endfacet
  facet normal 0 -0.9415440610749307 -0.3368898648735624
    outer loop
      vertex -18.161138705909252 17.172238655388355 1.593772771149892
      vertex -18.211620058128766 17.190301172435284 1.5432914197444916
      vertex -12 17.190301172435284 1.5432914197444916
    endloop
  endfacet
  facet normal 1.5967413894974417e-17 -0.9415440610749314 -0.3368898648735606
    outer loop
      vertex -17.903282993580927 17.10764916241169 1.7742883041501045
      vertex -18.161138705909252 17.172238655388355 1.593772771149892
      vertex -12 17.190301172435284 1.5432914197444916
    endloop
  endfacet
  facet normal 0 0 -1
    outer loop
      vertex -20.980738908052444 20.607931435108185 0
      vertex -21 21 0
      vertex -12 19.5 0
    endloop
  endfacet
  facet normal 0 0 -1
    outer loop
      vertex -21 21 0
      vertex -21 35 0
      vertex -12 19.5 0
    endloop
  endfacet
  facet normal 0 -0.33688986487356093 -0.9415440610749312
    outer loop
      vertex -20.152015055618133 18.54329141974449 0.19030117243528366
      vertex -12 18.774288304150105 0.10764916241168976
      vertex -12 18.54329141974449 0.19030117243528366
    endloop
  endfacet
  facet normal 0 -0.4275550727503879 -0.9039893029043046
    outer loop
      vertex -19.9643205365608 18.321508154273033 0.2951968386769295
      vertex -12 18.54329141974449 0.19030117243528366
      vertex -12 18.321508154273033 0.2951968386769295
    endloop
  endfacet
  facet normal 0 -0.5141027452311839 -0.8577286093781415
    outer loop
      vertex -19.761677356966864 18.111074417829514 0.4213259667158127
      vertex -12 18.321508154273033 0.2951968386769295
      vertex -12 18.111074417829514 0.4213259667158127
    endloop
  endfacet
  facet normal 0 -0.5956993111009283 -0.803207526579451
    outer loop
      vertex -19.54425777511231 17.914016790688038 0.567473866045475
      vertex -12 18.111074417829514 0.4213259667158127
      vertex -12 17.914016790688038 0.567473866045475
    endloop
  endfacet
  facet normal 0 -0.2429801814350436 -0.9700312528108531
    outer loop
      vertex -20.323334022696873 18.774288304150105 0.10764916241168976
      vertex -12 19.01227419823408 0.04803679883480072
      vertex -12 18.774288304150105 0.10764916241168976
    endloop
  endfacet
  facet normal 0 -0.14673046562892958 -0.9891765112740584
    outer loop
      vertex -20.4664653868367 19.01227419823408 0.04803679883480072
      vertex -12 19.254957146942616 0.012038186192512512
      vertex -12 19.01227419823408 0.04803679883480072
    endloop
  endfacet
  facet normal 0 -0.04906768556344165 -0.998795455653182
    outer loop
      vertex -20.59415746458067 19.254957146942616 0.012038186192512512
      vertex -12 19.5 0
      vertex -12 19.254957146942616 0.012038186192512512
    endloop
  endfacet
  facet normal 0 -0.6715589557743872 -0.7409511245144411
    outer loop
      vertex -19.30063521603282 17.73223304748535 0.7322330474853516
      vertex -12 17.914016790688038 0.567473866045475
      vertex -12 17.73223304748535 0.7322330474853516
    endloop
  endfacet
  facet normal 0 -0.7409511245144411 -0.6715589557743871
    outer loop
      vertex -19.04435002357033 17.567473866045475 0.9140167906880379
      vertex -12 17.73223304748535 0.7322330474853516
      vertex -12 17.567473866045475 0.9140167906880379
    endloop
  endfacet
  facet normal 0 -0.8032075265794509 -0.5956993111009284
    outer loop
      vertex -18.777779819253663 17.421325966715813 1.1110744178295135
      vertex -12 17.567473866045475 0.9140167906880379
      vertex -12 17.421325966715813 1.1110744178295135
    endloop
  endfacet
  facet normal 0 -0.9891765112740581 -0.14673046562893108
    outer loop
      vertex -17.392068564891815 17.019261091947556 2.206264268572669
      vertex -17.58605861738886 17.0480367988348 2.0122741982340813
      vertex -12 17.0480367988348 2.0122741982340813
    endloop
  endfacet
  facet normal 0 -0.9700312528108532 -0.24298018143504363
    outer loop
      vertex -17.58605861738886 17.0480367988348 2.0122741982340813
      vertex -12 17.10764916241169 1.7742883041501045
      vertex -12 17.0480367988348 2.0122741982340813
    endloop
  endfacet
  facet normal 0 -0.8577286093781414 -0.5141027452311838
    outer loop
      vertex -18.50478379937742 17.29519683867693 1.3215081542730331
      vertex -12 17.421325966715813 1.1110744178295135
      vertex -12 17.29519683867693 1.3215081542730331
    endloop
  endfacet
  facet normal 0 -0.9039893029043046 -0.42755507275038784
    outer loop
      vertex -18.211620058128766 17.190301172435284 1.5432914197444916
      vertex -12 17.29519683867693 1.3215081542730331
      vertex -12 17.190301172435284 1.5432914197444916
    endloop
  endfacet
  facet normal 0 -0.9415440610749312 -0.33688986487356093
    outer loop
      vertex -17.903282993580927 17.10764916241169 1.7742883041501045
      vertex -12 17.190301172435284 1.5432914197444916
      vertex -12 17.10764916241169 1.7742883041501045
    endloop
  endfacet
  facet normal 2.5201854523435595e-16 -0.9891765112740594 -0.14673046562892425
    outer loop
      vertex -17.392068564891815 17.019261091947556 2.206264268572669
      vertex -12 17.0480367988348 2.0122741982340813
      vertex -17.24504292888742 17.012038186192513 2.2549571469426155
    endloop
  endfacet
  facet normal 5.237838270178335e-16 -0.9987954556531818 -0.049067685563442175
    outer loop
      vertex -17.24504292888742 17.012038186192513 2.2549571469426155
      vertex -12 17.00736902800577 2.350000023432445
      vertex -17 17 2.5
    endloop
  endfacet
  facet normal 0 -0.9891765112740584 -0.14673046562892958
    outer loop
      vertex -17.24504292888742 17.012038186192513 2.2549571469426155
      vertex -12 17.0480367988348 2.0122741982340813
      vertex -12 17.012038186192513 2.2549571469426155
    endloop
  endfacet
  facet normal 0 -0.9987954556531833 -0.04906768556341334
    outer loop
      vertex -17.24504292888742 17.012038186192513 2.2549571469426155
      vertex -12 17.012038186192513 2.2549571469426155
      vertex -12 17.00736902800577 2.350000023432445
    endloop
  endfacet
  facet normal 0 -0.9987954556531811 -0.049067685563459584
    outer loop
      vertex -17 17 2.5
      vertex -12 17.00736902800577 2.350000023432445
      vertex -11 17 2.5
    endloop
  endfacet
  facet normal -4.358085942209592e-17 -0.998795455653181 -0.049067685563459286
    outer loop
      vertex -12 17.00736902800577 2.350000023432445
      vertex -11 17.00736902800577 2.350000023432444
      vertex -11 17 2.5
    endloop
  endfacet
  facet normal 1 0 0
    outer loop
      vertex -11 17 2.5
      vertex -11 17.00736902800577 2.350000023432444
      vertex -11 17.0086674913764 2.376430854201317
    endloop
  endfacet
  facet normal 0 0 -1
    outer loop
      vertex -21 35 0
      vertex -20.980738908052444 35.392068564891815 0
      vertex -12 36.5 0
    endloop
  endfacet
  facet normal 0 0 -1
    outer loop
      vertex -20.980738908052444 35.392068564891815 0
      vertex -20.92314112186432 35.78036128729582 0
      vertex -12 36.5 0
    endloop
  endfacet
  facet normal 0 0 -1
    outer loop
      vertex -20.92314112186432 35.78036128729582 0
      vertex -20.827761344611645 36.16113870590925 0
      vertex -12 36.5 0
    endloop
  endfacet
  facet normal 0 0 -1
    outer loop
      vertex -20.827761344611645 36.16113870590925 0
      vertex -20.70651483214813 36.5 0
      vertex -12 36.5 0
    endloop
  endfacet
  facet normal 0 0.04906768556344057 -0.998795455653182
    outer loop
      vertex -20.70651483214813 36.5 0
      vertex -20.695518128573895 36.5307337269187 0.0015098515317664152
      vertex -12 36.5 0
    endloop
  endfacet
  facet normal 4.321968385656294e-18 0.0490676855634418 -0.998795455653182
    outer loop
      vertex -20.695518128573895 36.5307337269187 0.0015098515317664152
      vertex -20.59415746458067 36.745042853057384 0.012038186192512512
      vertex -12 36.5 0
    endloop
  endfacet
  facet normal 0 0.14673046562892525 -0.989176511274059
    outer loop
      vertex -20.59415746458067 36.745042853057384 0.012038186192512512
      vertex -20.527685061097145 36.88558694720268 0.03288593190856659
      vertex -12 36.745042853057384 0.012038186192512512
    endloop
  endfacet
  facet normal 0 0.14673046562893557 -0.9891765112740576
    outer loop
      vertex -20.527685061097145 36.88558694720268 0.03288593190856659
      vertex -20.4664653868367 36.98772580176592 0.04803679883480072
      vertex -12 36.98772580176592 0.04803679883480072
    endloop
  endfacet
  facet normal 0 0.24298018143504668 -0.9700312528108523
    outer loop
      vertex -20.4664653868367 36.98772580176592 0.04803679883480072
      vertex -20.32587844878435 37.22228093445301 0.10678980141248573
      vertex -12 36.98772580176592 0.04803679883480072
    endloop
  endfacet
  facet normal 0 0.2429801814348322 -0.9700312528109061
    outer loop
      vertex -20.32587844878435 37.22228093445301 0.10678980141248573
      vertex -20.323334022696873 37.225711695849895 0.10764916241168976
      vertex -12 37.225711695849895 0.10764916241168976
    endloop
  endfacet
  facet normal 0 0.33688986487356093 -0.9415440610749312
    outer loop
      vertex -20.323334022696873 37.225711695849895 0.10764916241168976
      vertex -20.152015055618133 37.45670858025551 0.19030117243528366
      vertex -12 37.225711695849895 0.10764916241168976
    endloop
  endfacet
  facet normal 0 0.4275550727503871 -0.9039893029043049
    outer loop
      vertex -20.092041812837124 37.537573136389256 0.2285472568409439
      vertex -12 37.45670858025551 0.19030117243528366
      vertex -20.152015055618133 37.45670858025551 0.19030117243528366
    endloop
  endfacet
  facet normal 0 0.4275550727503882 -0.9039893029043043
    outer loop
      vertex -20.092041812837124 37.537573136389256 0.2285472568409439
      vertex -19.9643205365608 37.67849184572697 0.2951968386769295
      vertex -12 37.67849184572697 0.2951968386769295
    endloop
  endfacet
  facet normal 0 0.5141027452311807 -0.8577286093781434
    outer loop
      vertex -19.9643205365608 37.67849184572697 0.2951968386769295
      vertex -19.828427121043205 37.828427121043205 0.3850645844933549
      vertex -12 37.67849184572697 0.2951968386769295
    endloop
  endfacet
  facet normal 0 0.5141027452311918 -0.8577286093781367
    outer loop
      vertex -19.761677356966864 37.88892558217049 0.4213259667158127
      vertex -12 37.88892558217049 0.4213259667158127
      vertex -19.828427121043205 37.828427121043205 0.3850645844933549
    endloop
  endfacet
  facet normal 0 0.5956993111009283 -0.8032075265794508
    outer loop
      vertex -19.54425777511231 38.08598320931196 0.567473866045475
      vertex -12 37.88892558217049 0.4213259667158127
      vertex -19.761677356966864 37.88892558217049 0.4213259667158127
    endloop
  endfacet
  facet normal 0 0.6715589557743891 -0.7409511245144392
    outer loop
      vertex -19.537573136389256 38.092041812837124 0.5729650642125268
      vertex -12 38.08598320931196 0.567473866045475
      vertex -19.54425777511231 38.08598320931196 0.567473866045475
    endloop
  endfacet
  facet normal -3.8774298287407964e-18 0.6715589557743871 -0.7409511245144411
    outer loop
      vertex -19.30063521603282 38.26776695251465 0.7322330474853516
      vertex -12 38.08598320931196 0.567473866045475
      vertex -19.537573136389256 38.092041812837124 0.5729650642125268
    endloop
  endfacet
  facet normal 0 0.740951124514444 -0.671558955774384
    outer loop
      vertex -19.30063521603282 38.26776695251465 0.7322330474853516
      vertex -19.22228093445301 38.32587844878435 0.7963492030931683
      vertex -12 38.26776695251465 0.7322330474853516
    endloop
  endfacet
  facet normal 0 0.7409511245144395 -0.6715589557743888
    outer loop
      vertex -19.04435002357033 38.432526133954525 0.9140167906880379
      vertex -12 38.432526133954525 0.9140167906880379
      vertex -19.22228093445301 38.32587844878435 0.7963492030931683
    endloop
  endfacet
  facet normal 0 0.8032075265794505 -0.5956993111009289
    outer loop
      vertex -19.04435002357033 38.432526133954525 0.9140167906880379
      vertex -18.885586947202682 38.527685061097145 1.0423237487083874
      vertex -12 38.432526133954525 0.9140167906880379
    endloop
  endfacet
  facet normal 0 0.8032075265794516 -0.5956993111009273
    outer loop
      vertex -18.777779819253663 38.57867403328419 1.1110744178295135
      vertex -12 38.57867403328419 1.1110744178295135
      vertex -18.885586947202682 38.527685061097145 1.0423237487083874
    endloop
  endfacet
  facet normal 0 0.857728609378141 -0.5141027452311848
    outer loop
      vertex -18.777779819253663 38.57867403328419 1.1110744178295135
      vertex -18.530733726918697 38.695518128573895 1.3060170130530029
      vertex -12 38.57867403328419 1.1110744178295135
    endloop
  endfacet
  facet normal 0 0.8577286093781488 -0.5141027452311719
    outer loop
      vertex -18.530733726918697 38.695518128573895 1.3060170130530029
      vertex -18.50478379937742 38.70480316132307 1.3215081542730331
      vertex -12 38.70480316132307 1.3215081542730331
    endloop
  endfacet
  facet normal 0 0.9039893029043046 -0.42755507275038784
    outer loop
      vertex -18.50478379937742 38.70480316132307 1.3215081542730331
      vertex -18.211620058128766 38.809698827564716 1.5432914197444916
      vertex -12 38.70480316132307 1.3215081542730331
    endloop
  endfacet
  facet normal 0 0.9415440610749326 -0.33688986487355715
    outer loop
      vertex -18.161138705909252 38.827761344611645 1.5937727711498928
      vertex -12 38.809698827564716 1.5432914197444916
      vertex -18.211620058128766 38.809698827564716 1.5432914197444916
    endloop
  endfacet
  facet normal -4.4999075522200815e-17 0.9415440610749309 -0.336889864873562
    outer loop
      vertex -17.903282993580927 38.89235083758831 1.7742883041501045
      vertex -12 38.809698827564716 1.5432914197444916
      vertex -18.161138705909252 38.827761344611645 1.5937727711498928
    endloop
  endfacet
  facet normal 0 0.9700312528108537 -0.2429801814350413
    outer loop
      vertex -17.78036128729582 38.92314112186432 1.8972100085222934
      vertex -12 38.89235083758831 1.7742883041501045
      vertex -17.903282993580927 38.89235083758831 1.7742883041501045
    endloop
  endfacet
  facet normal 0 0.9700312528108526 -0.24298018143504607
    outer loop
      vertex -17.78036128729582 38.92314112186432 1.8972100085222934
      vertex -17.58605861738886 38.9519632011652 2.0122741982340813
      vertex -12 38.9519632011652 2.0122741982340813
    endloop
  endfacet
  facet normal 0 0 -1
    outer loop
      vertex -12 19.5 0
      vertex -21 35 0
      vertex -12 36.5 0
    endloop
  endfacet
  facet normal 0 0.04906768556344165 -0.998795455653182
    outer loop
      vertex -20.59415746458067 36.745042853057384 0.012038186192512512
      vertex -12 36.745042853057384 0.012038186192512512
      vertex -12 36.5 0
    endloop
  endfacet
  facet normal 7.296528901817196e-17 0.1467304656289296 -0.9891765112740585
    outer loop
      vertex -20.527685061097145 36.88558694720268 0.03288593190856659
      vertex -12 36.98772580176592 0.04803679883480072
      vertex -12 36.745042853057384 0.012038186192512512
    endloop
  endfacet
  facet normal -9.256806765322283e-17 0.24298018143504363 -0.9700312528108531
    outer loop
      vertex -20.32587844878435 37.22228093445301 0.10678980141248573
      vertex -12 37.225711695849895 0.10764916241168976
      vertex -12 36.98772580176592 0.04803679883480072
    endloop
  endfacet
  facet normal 0 0.33688986487356093 -0.9415440610749312
    outer loop
      vertex -20.152015055618133 37.45670858025551 0.19030117243528366
      vertex -12 37.45670858025551 0.19030117243528366
      vertex -12 37.225711695849895 0.10764916241168976
    endloop
  endfacet
  facet normal 8.300997073302944e-18 0.4275550727503878 -0.9039893029043047
    outer loop
      vertex -20.092041812837124 37.537573136389256 0.2285472568409439
      vertex -12 37.67849184572697 0.2951968386769295
      vertex -12 37.45670858025551 0.19030117243528366
    endloop
  endfacet
  facet normal 8.309561374889196e-17 0.5141027452311839 -0.8577286093781414
    outer loop
      vertex -19.828427121043205 37.828427121043205 0.3850645844933549
      vertex -12 37.88892558217049 0.4213259667158127
      vertex -12 37.67849184572697 0.2951968386769295
    endloop
  endfacet
  facet normal 0 0.5956993111009283 -0.803207526579451
    outer loop
      vertex -19.54425777511231 38.08598320931196 0.567473866045475
      vertex -12 38.08598320931196 0.567473866045475
      vertex -12 37.88892558217049 0.4213259667158127
    endloop
  endfacet
  facet normal 0 0.6715589557743872 -0.7409511245144411
    outer loop
      vertex -19.30063521603282 38.26776695251465 0.7322330474853516
      vertex -12 38.26776695251465 0.7322330474853516
      vertex -12 38.08598320931196 0.567473866045475
    endloop
  endfacet
  facet normal -5.188792065366415e-17 0.740951124514441 -0.6715589557743871
    outer loop
      vertex -19.22228093445301 38.32587844878435 0.7963492030931683
      vertex -12 38.432526133954525 0.9140167906880379
      vertex -12 38.26776695251465 0.7322330474853516
    endloop
  endfacet
  facet normal 1.540334592050495e-17 0.8032075265794509 -0.5956993111009283
    outer loop
      vertex -18.885586947202682 38.527685061097145 1.0423237487083874
      vertex -12 38.57867403328419 1.1110744178295135
      vertex -12 38.432526133954525 0.9140167906880379
    endloop
  endfacet
  facet normal 3.870605011721237e-17 0.8577286093781414 -0.5141027452311839
    outer loop
      vertex -18.530733726918697 38.695518128573895 1.3060170130530029
      vertex -12 38.70480316132307 1.3215081542730331
      vertex -12 38.57867403328419 1.1110744178295135
    endloop
  endfacet
  facet normal 0 0.9039893029043046 -0.42755507275038784
    outer loop
      vertex -18.211620058128766 38.809698827564716 1.5432914197444916
      vertex -12 38.809698827564716 1.5432914197444916
      vertex -12 38.70480316132307 1.3215081542730331
    endloop
  endfacet
  facet normal 0 0.9891765112740586 -0.14673046562892847
    outer loop
      vertex -17.392068564891815 38.980738908052444 2.2062642685726725
      vertex -12 38.9519632011652 2.0122741982340813
      vertex -17.58605861738886 38.9519632011652 2.0122741982340813
    endloop
  endfacet
  facet normal 0 0.9415440610749312 -0.33688986487356093
    outer loop
      vertex -17.903282993580927 38.89235083758831 1.7742883041501045
      vertex -12 38.89235083758831 1.7742883041501045
      vertex -12 38.809698827564716 1.5432914197444916
    endloop
  endfacet
  facet normal -5.2293282234726633e-17 0.970031252810853 -0.2429801814350436
    outer loop
      vertex -17.78036128729582 38.92314112186432 1.8972100085222934
      vertex -12 38.9519632011652 2.0122741982340813
      vertex -12 38.89235083758831 1.7742883041501045
    endloop
  endfacet
  facet normal 0 0.9891765112740578 -0.14673046562893396
    outer loop
      vertex -17.392068564891815 38.980738908052444 2.2062642685726725
      vertex -17.24504292888742 38.98796181380749 2.2549571469426155
      vertex -12 38.98796181380749 2.2549571469426155
    endloop
  endfacet
  facet normal 0 0.9987954556531818 -0.04906768556344165
    outer loop
      vertex -17.24504292888742 38.98796181380749 2.2549571469426155
      vertex -17 39 2.5
      vertex -12 38.98796181380749 2.2549571469426155
    endloop
  endfacet
  facet normal -4.04870699571867e-17 0.9891765112740585 -0.14673046562892958
    outer loop
      vertex -17.392068564891815 38.980738908052444 2.2062642685726725
      vertex -12 38.98796181380749 2.2549571469426155
      vertex -12 38.9519632011652 2.0122741982340813
    endloop
  endfacet
  facet normal 1.345831525825092e-15 0.9987954556531833 -0.049067685563414246
    outer loop
      vertex -17 39 2.5
      vertex -12 38.99263097199423 2.350000023432443
      vertex -12 38.98796181380749 2.2549571469426155
    endloop
  endfacet
  facet normal 0 0.9987954556531811 -0.04906768556345901
    outer loop
      vertex -17 39 2.5
      vertex -11 39 2.5
      vertex -12 38.99263097199423 2.350000023432443
    endloop
  endfacet
  facet normal 4.358085942209592e-17 0.998795455653181 -0.049067685563459286
    outer loop
      vertex -12 38.99263097199423 2.350000023432443
      vertex -11 39 2.5
      vertex -11 38.99263097199423 2.350000023432444
    endloop
  endfacet
  facet normal 1 0 0
    outer loop
      vertex -11 39 2.5
      vertex -11 38.9913325086236 2.376430854201317
      vertex -11 38.99263097199423 2.350000023432444
    endloop
  endfacet
  facet normal 1 0 0
    outer loop
      vertex -11 38.96541350334883 2.551162578165531
      vertex -11 38.9913325086236 2.376430854201317
      vertex -11 39 2.5
    endloop
  endfacet
  facet normal 1 0 0
    outer loop
      vertex -11 17 8.5
      vertex -11 17 2.5
      vertex -11 17.0086674913764 2.376430854201317
    endloop
  endfacet
  facet normal 1 0 0
    outer loop
      vertex -11 17 8.5
      vertex -11 17.0086674913764 2.376430854201317
      vertex -11 17.034586496651173 2.551162578165531
    endloop
  endfacet
  facet normal 1 0 0
    outer loop
      vertex -11 17 8.5
      vertex -11 17.034586496651173 2.551162578165531
      vertex -11 17.07750739902258 2.7225124165415764
    endloop
  endfacet
  facet normal 1 0 0
    outer loop
      vertex -11 17 8.5
      vertex -11 17.07750739902258 2.7225124165415764
      vertex -11 17.137016840279102 2.888830177485943
    endloop
  endfacet
  facet normal 1 0 0
    outer loop
      vertex -11 17 8.5
      vertex -11 17.137016840279102 2.888830177485943
      vertex -11 17.212541721761227 3.0485141277313232
    endloop
  endfacet
  facet normal 1 0 0
    outer loop
      vertex -11 17 8.5
      vertex -11 17.212541721761227 3.0485141277313232
      vertex -11 17.30335469543934 3.200026422739029
    endloop
  endfacet
  facet normal 1 0 0
    outer loop
      vertex -11 17 8.5
      vertex -11 17.30335469543934 3.200026422739029
      vertex -11 17.40858118236065 3.341907911002636
    endloop
  endfacet
  facet normal 1 0 0
    outer loop
      vertex -11 17 8.5
      vertex -11 17.40858118236065 3.341907911002636
      vertex -11 17.527207791805267 3.4727922081947327
    endloop
  endfacet
  facet normal 1 0 0
    outer loop
      vertex -11 17 8.5
      vertex -11 17.527207791805267 3.4727922081947327
      vertex -11 17.658092088997364 3.591418817639351
    endloop
  endfacet
  facet normal 1 0 0
    outer loop
      vertex -11 17 8.5
      vertex -11 17.658092088997364 3.591418817639351
      vertex -11 17.79997357726097 3.6966453045606613
    endloop
  endfacet
  facet normal 1 0 0
    outer loop
      vertex -11 17 8.5
      vertex -11 17.79997357726097 3.6966453045606613
      vertex -11 17.951485872268677 3.7874582782387733
    endloop
  endfacet
  facet normal 1 0 0
    outer loop
      vertex -11 17 8.5
      vertex -11 17.951485872268677 3.7874582782387733
      vertex -11 18.111169822514057 3.8629831597208977
    endloop
  endfacet
  facet normal 1 0 0
    outer loop
      vertex -11 17 8.5
      vertex -11 18.111169822514057 3.8629831597208977
      vertex -11 18.277487583458424 3.922492600977421
    endloop
  endfacet
  facet normal 1 0 0
    outer loop
      vertex -11 17 8.5
      vertex -11 18.277487583458424 3.922492600977421
      vertex -11 18.44883742183447 3.9654135033488274
    endloop
  endfacet
  facet normal 1 0 0
    outer loop
      vertex -11 17 8.5
      vertex -11 18.44883742183447 3.9654135033488274
      vertex -11 18.623569145798683 3.9913325086236
    endloop
  endfacet
  facet normal 1 0 0
    outer loop
      vertex -11 17 8.5
      vertex -11 18.623569145798683 3.9913325086236
      vertex -11 18.799999997019768 4
    endloop
  endfacet
  facet normal 0 0 1
    outer loop
      vertex -20.092041812837124 18.462426863610744 8.5
      vertex -20.827761344611645 19.838861294090748 8.5
      vertex -20.32587844878435 18.77771906554699 8.5
    endloop
  endfacet
  facet normal 0 0 1
    outer loop
      vertex -20.32587844878435 18.77771906554699 8.5
      vertex -20.695518128573895 19.469266273081303 8.5
      vertex -20.527685061097145 19.114413052797318 8.5
    endloop
  endfacet
  facet normal 0 0 1
    outer loop
      vertex -20.32587844878435 18.77771906554699 8.5
      vertex -20.827761344611645 19.838861294090748 8.5
      vertex -20.695518128573895 19.469266273081303 8.5
    endloop
  endfacet
  facet normal 0 0 1
    outer loop
      vertex -20.092041812837124 18.462426863610744 8.5
      vertex -20.92314112186432 20.21963871270418 8.5
      vertex -20.827761344611645 19.838861294090748 8.5
    endloop
  endfacet
  facet normal 0 0 1
    outer loop
      vertex -19.828427121043205 18.171572878956795 8.5
      vertex -20.980738908052444 20.607931435108185 8.5
      vertex -20.92314112186432 20.21963871270418 8.5
    endloop
  endfacet
  facet normal 0 0 1
    outer loop
      vertex -19.537573136389256 17.907958187162876 8.5
      vertex -21 21 8.5
      vertex -20.980738908052444 20.607931435108185 8.5
    endloop
  endfacet
  facet normal 0 0 1
    outer loop
      vertex -19.828427121043205 18.171572878956795 8.5
      vertex -20.92314112186432 20.21963871270418 8.5
      vertex -20.092041812837124 18.462426863610744 8.5
    endloop
  endfacet
  facet normal 0 0 1
    outer loop
      vertex -19.828427121043205 18.171572878956795 8.5
      vertex -19.537573136389256 17.907958187162876 8.5
      vertex -20.980738908052444 20.607931435108185 8.5
    endloop
  endfacet
  facet normal 0 0 1
    outer loop
      vertex -19.22228093445301 17.67412155121565 8.5
      vertex -21 21 8.5
      vertex -19.537573136389256 17.907958187162876 8.5
    endloop
  endfacet
  facet normal 0 0 1
    outer loop
      vertex -19.22228093445301 17.67412155121565 8.5
      vertex -18.885586947202682 17.472314938902855 8.5
      vertex -21 21 8.5
    endloop
  endfacet
  facet normal 0 0 1
    outer loop
      vertex -18.530733726918697 17.304481871426105 8.5
      vertex -21 21 8.5
      vertex -18.885586947202682 17.472314938902855 8.5
    endloop
  endfacet
  facet normal 0 0 1
    outer loop
      vertex -18.530733726918697 17.304481871426105 8.5
      vertex -18.161138705909252 17.172238655388355 8.5
      vertex -21 21 8.5
    endloop
  endfacet
  facet normal 0 0 1
    outer loop
      vertex -18.161138705909252 17.172238655388355 8.5
      vertex -17.78036128729582 17.07685887813568 8.5
      vertex -21 21 8.5
    endloop
  endfacet
  facet normal 0 0 1
    outer loop
      vertex -17.78036128729582 17.07685887813568 8.5
      vertex -17.392068564891815 17.019261091947556 8.5
      vertex -21 21 8.5
    endloop
  endfacet
  facet normal 0 0 1
    outer loop
      vertex -17.392068564891815 17.019261091947556 8.5
      vertex -17 17 8.5
      vertex -21 21 8.5
    endloop
  endfacet
  facet normal 0 0 1
    outer loop
      vertex -17 17 8.5
      vertex -11 17 8.5
      vertex -21 21 8.5
    endloop
  endfacet
  facet normal 0 0 1
    outer loop
      vertex -21 21 8.5
      vertex -17.102401580435444 27.410754078967503 8.5
      vertex -17.15484941563911 27.521645709543638 8.5
    endloop
  endfacet
  facet normal 0 0 1
    outer loop
      vertex -21 21 8.5
      vertex -17.03933701537818 27.305537208725497 8.5
      vertex -17.102401580435444 27.410754078967503 8.5
    endloop
  endfacet
  facet normal 0 0 1
    outer loop
      vertex -21 21 8.5
      vertex -17.19617541966526 27.637144153431922 8.5
      vertex -17.22598160050404 27.75613709747984 8.5
    endloop
  endfacet
  facet normal 0 0 1
    outer loop
      vertex -21 21 8.5
      vertex -17.15484941563911 27.521645709543638 8.5
      vertex -17.19617541966526 27.637144153431922 8.5
    endloop
  endfacet
  facet normal 0 0 1
    outer loop
      vertex -21 21 8.5
      vertex -17.22598160050404 27.75613709747984 8.5
      vertex -17.243980908340248 27.87747857458805 8.5
    endloop
  endfacet
  facet normal 0 0 1
    outer loop
      vertex -21 21 8.5
      vertex -17.243980908340248 27.87747857458805 8.5
      vertex -17.25 28 8.5
    endloop
  endfacet
  facet normal 0 0 1
    outer loop
      vertex -21 21 8.5
      vertex -17.25 28 8.5
      vertex -17.243980908340248 28.12252142541195 8.5
    endloop
  endfacet
  facet normal 0 0 1
    outer loop
      vertex -21 21 8.5
      vertex -11 17 8.5
      vertex -16.362855846568078 26.80382458033474 8.5
    endloop
  endfacet
  facet normal 0 0 1
    outer loop
      vertex -21 21 8.5
      vertex -16.478354290456362 26.84515058436089 8.5
      vertex -16.589245921032497 26.897598419564556 8.5
    endloop
  endfacet
  facet normal 0 0 1
    outer loop
      vertex -21 21 8.5
      vertex -16.362855846568078 26.80382458033474 8.5
      vertex -16.478354290456362 26.84515058436089 8.5
    endloop
  endfacet
  facet normal 0 0 1
    outer loop
      vertex -21 21 8.5
      vertex -16.883883476483184 27.116116523516816 8.5
      vertex -16.966263066703423 27.207008394795444 8.5
    endloop
  endfacet
  facet normal 0 0 1
    outer loop
      vertex -21 21 8.5
      vertex -16.792991605204556 27.033736933296577 8.5
      vertex -16.883883476483184 27.116116523516816 8.5
    endloop
  endfacet
  facet normal 0 0 1
    outer loop
      vertex -21 21 8.5
      vertex -16.966263066703423 27.207008394795444 8.5
      vertex -17.03933701537818 27.305537208725497 8.5
    endloop
  endfacet
  facet normal 0 0 1
    outer loop
      vertex -21 21 8.5
      vertex -16.694462791274503 26.96066298462182 8.5
      vertex -16.792991605204556 27.033736933296577 8.5
    endloop
  endfacet
  facet normal 0 0 1
    outer loop
      vertex -21 21 8.5
      vertex -16.589245921032497 26.897598419564556 8.5
      vertex -16.694462791274503 26.96066298462182 8.5
    endloop
  endfacet
  facet normal 1 0 0
    outer loop
      vertex -11 17 8.5
      vertex -11 18.799999997019768 4
      vertex -11 39 8.5
    endloop
  endfacet
  facet normal 0 0 1
    outer loop
      vertex -11 17 8.5
      vertex -16.24386290252016 26.77401839949596 8.5
      vertex -16.362855846568078 26.80382458033474 8.5
    endloop
  endfacet
  facet normal 0 0 1
    outer loop
      vertex -11 17 8.5
      vertex -16.12252142541195 26.756019091659752 8.5
      vertex -16.24386290252016 26.77401839949596 8.5
    endloop
  endfacet
  facet normal 0 0 1
    outer loop
      vertex -11 17 8.5
      vertex -16 26.75 8.5
      vertex -16.12252142541195 26.756019091659752 8.5
    endloop
  endfacet
  facet normal 0 0 1
    outer loop
      vertex -11 17 8.5
      vertex -15.87747857458805 26.756019091659752 8.5
      vertex -16 26.75 8.5
    endloop
  endfacet
  facet normal 0 0 1
    outer loop
      vertex -11 17 8.5
      vertex -15.75613709747984 26.77401839949596 8.5
      vertex -15.87747857458805 26.756019091659752 8.5
    endloop
  endfacet
  facet normal 0 0 1
    outer loop
      vertex -11 17 8.5
      vertex -15.637144153431922 26.80382458033474 8.5
      vertex -15.75613709747984 26.77401839949596 8.5
    endloop
  endfacet
  facet normal 0 0 1
    outer loop
      vertex -11 17 8.5
      vertex -15.521645709543638 26.84515058436089 8.5
      vertex -15.637144153431922 26.80382458033474 8.5
    endloop
  endfacet
  facet normal 0 0 1
    outer loop
      vertex -11 17 8.5
      vertex -15.410754078967503 26.897598419564556 8.5
      vertex -15.521645709543638 26.84515058436089 8.5
    endloop
  endfacet
  facet normal 0 0 1
    outer loop
      vertex -11 17 8.5
      vertex -15.305537208725497 26.96066298462182 8.5
      vertex -15.410754078967503 26.897598419564556 8.5
    endloop
  endfacet
  facet normal 0 0 1
    outer loop
      vertex -11 17 8.5
      vertex -15.207008394795443 27.033736933296577 8.5
      vertex -15.305537208725497 26.96066298462182 8.5
    endloop
  endfacet
  facet normal 0 0 1
    outer loop
      vertex -11 17 8.5
      vertex -15.116116523516816 27.116116523516816 8.5
      vertex -15.207008394795443 27.033736933296577 8.5
    endloop
  endfacet
  facet normal 0 0 1
    outer loop
      vertex -11 17 8.5
      vertex -15.033736933296579 27.207008394795444 8.5
      vertex -15.116116523516816 27.116116523516816 8.5
    endloop
  endfacet
  facet normal 0 0 1
    outer loop
      vertex -11 17 8.5
      vertex -14.960662984621818 27.305537208725497 8.5
      vertex -15.033736933296579 27.207008394795444 8.5
    endloop
  endfacet
  facet normal 0 0 1
    outer loop
      vertex -11 17 8.5
      vertex -14.897598419564556 27.410754078967503 8.5
      vertex -14.960662984621818 27.305537208725497 8.5
    endloop
  endfacet
  facet normal 0 0 1
    outer loop
      vertex -11 17 8.5
      vertex -14.84515058436089 27.521645709543638 8.5
      vertex -14.897598419564556 27.410754078967503 8.5
    endloop
  endfacet
  facet normal 0 0 1
    outer loop
      vertex -11 17 8.5
      vertex -14.803824580334739 27.637144153431922 8.5
      vertex -14.84515058436089 27.521645709543638 8.5
    endloop
  endfacet
  facet normal 0 0 1
    outer loop
      vertex -11 17 8.5
      vertex -14.774018399495962 27.75613709747984 8.5
      vertex -14.803824580334739 27.637144153431922 8.5
    endloop
  endfacet
  facet normal 0 0 1
    outer loop
      vertex -11 17 8.5
      vertex -14.756019091659754 27.87747857458805 8.5
      vertex -14.774018399495962 27.75613709747984 8.5
    endloop
  endfacet
  facet normal 0 0 1
    outer loop
      vertex -11 17 8.5
      vertex -14.75 28 8.5
      vertex -14.756019091659754 27.87747857458805 8.5
    endloop
  endfacet
  facet normal 0 0 1
    outer loop
      vertex -11 17 8.5
      vertex -14.756019091659754 28.12252142541195 8.5
      vertex -14.75 28 8.5
    endloop
  endfacet
  facet normal 0 0 1
    outer loop
      vertex -11 17 8.5
      vertex -14.774018399495962 28.24386290252016 8.5
      vertex -14.756019091659754 28.12252142541195 8.5
    endloop
  endfacet
  facet normal 0 0 1
    outer loop
      vertex -11 17 8.5
      vertex -14.803824580334739 28.362855846568078 8.5
      vertex -14.774018399495962 28.24386290252016 8.5
    endloop
  endfacet
  facet normal 1 0 0
    outer loop
      vertex -11 18.799999997019768 4
      vertex -11 37.20000000298023 4
      vertex -11 39 8.5
    endloop
  endfacet
  facet normal 1 0 0
    outer loop
      vertex -11 39 8.5
      vertex -11 38.96541350334883 2.551162578165531
      vertex -11 39 2.5
    endloop
  endfacet
  facet normal 1 0 0
    outer loop
      vertex -11 39 8.5
      vertex -11 38.92249260097742 2.7225124165415764
      vertex -11 38.96541350334883 2.551162578165531
    endloop
  endfacet
  facet normal 1 0 0
    outer loop
      vertex -11 39 8.5
      vertex -11 38.8629831597209 2.888830177485943
      vertex -11 38.92249260097742 2.7225124165415764
    endloop
  endfacet
  facet normal 1 0 0
    outer loop
      vertex -11 39 8.5
      vertex -11 38.78745827823877 3.0485141277313232
      vertex -11 38.8629831597209 2.888830177485943
    endloop
  endfacet
  facet normal 1 0 0
    outer loop
      vertex -11 39 8.5
      vertex -11 38.69664530456066 3.200026422739029
      vertex -11 38.78745827823877 3.0485141277313232
    endloop
  endfacet
  facet normal 1 0 0
    outer loop
      vertex -11 39 8.5
      vertex -11 38.59141881763935 3.341907911002636
      vertex -11 38.69664530456066 3.200026422739029
    endloop
  endfacet
  facet normal 1 0 0
    outer loop
      vertex -11 39 8.5
      vertex -11 38.47279220819473 3.4727922081947327
      vertex -11 38.59141881763935 3.341907911002636
    endloop
  endfacet
  facet normal 1 0 0
    outer loop
      vertex -11 39 8.5
      vertex -11 38.341907911002636 3.591418817639351
      vertex -11 38.47279220819473 3.4727922081947327
    endloop
  endfacet
  facet normal 1 0 0
    outer loop
      vertex -11 39 8.5
      vertex -11 38.20002642273903 3.6966453045606613
      vertex -11 38.341907911002636 3.591418817639351
    endloop
  endfacet
  facet normal 1 0 0
    outer loop
      vertex -11 39 8.5
      vertex -11 37.722512416541576 3.922492600977421
      vertex -11 37.88883017748594 3.8629831597208977
    endloop
  endfacet
  facet normal 1 0 0
    outer loop
      vertex -11 39 8.5
      vertex -11 37.20000000298023 4
      vertex -11 37.37643085420132 3.9913325086236
    endloop
  endfacet
  facet normal 1 0 0
    outer loop
      vertex -11 39 8.5
      vertex -11 37.37643085420132 3.9913325086236
      vertex -11 37.55116257816553 3.9654135033488274
    endloop
  endfacet
  facet normal 1 0 0
    outer loop
      vertex -11 39 8.5
      vertex -11 37.55116257816553 3.9654135033488274
      vertex -11 37.722512416541576 3.922492600977421
    endloop
  endfacet
  facet normal 1 0 0
    outer loop
      vertex -11 39 8.5
      vertex -11 38.04851412773132 3.7874582782387733
      vertex -11 38.20002642273903 3.6966453045606613
    endloop
  endfacet
  facet normal 1 0 0
    outer loop
      vertex -11 39 8.5
      vertex -11 37.88883017748594 3.8629831597208977
      vertex -11 38.04851412773132 3.7874582782387733
    endloop
  endfacet
  facet normal 0 0 1
    outer loop
      vertex -21 21 8.5
      vertex -17.243980908340248 28.12252142541195 8.5
      vertex -21 35 8.5
    endloop
  endfacet
  facet normal 0 0 1
    outer loop
      vertex -21 35 8.5
      vertex -17.243980908340248 28.12252142541195 8.5
      vertex -17.22598160050404 28.24386290252016 8.5
    endloop
  endfacet
  facet normal 0 0 1
    outer loop
      vertex -21 35 8.5
      vertex -17.22598160050404 28.24386290252016 8.5
      vertex -17.19617541966526 28.362855846568078 8.5
    endloop
  endfacet
  facet normal 0 0 1
    outer loop
      vertex -20.980738908052444 35.392068564891815 8.5
      vertex -17.19617541966526 28.362855846568078 8.5
      vertex -17.15484941563911 28.478354290456362 8.5
    endloop
  endfacet
  facet normal 0 0 1
    outer loop
      vertex -20.92314112186432 35.78036128729582 8.5
      vertex -17.15484941563911 28.478354290456362 8.5
      vertex -17.102401580435444 28.589245921032497 8.5
    endloop
  endfacet
  facet normal 0 0 1
    outer loop
      vertex -20.92314112186432 35.78036128729582 8.5
      vertex -17.102401580435444 28.589245921032497 8.5
      vertex -17.03933701537818 28.694462791274503 8.5
    endloop
  endfacet
  facet normal 0 0 1
    outer loop
      vertex -20.827761344611645 36.16113870590925 8.5
      vertex -17.03933701537818 28.694462791274503 8.5
      vertex -16.966263066703423 28.792991605204556 8.5
    endloop
  endfacet
  facet normal 0 0 1
    outer loop
      vertex -20.695518128573895 36.5307337269187 8.5
      vertex -16.966263066703423 28.792991605204556 8.5
      vertex -16.883883476483184 28.883883476483184 8.5
    endloop
  endfacet
  facet normal 0 0 1
    outer loop
      vertex -20.695518128573895 36.5307337269187 8.5
      vertex -16.883883476483184 28.883883476483184 8.5
      vertex -16.792991605204556 28.966263066703423 8.5
    endloop
  endfacet
  facet normal 0 0 1
    outer loop
      vertex -20.527685061097145 36.88558694720268 8.5
      vertex -16.792991605204556 28.966263066703423 8.5
      vertex -16.694462791274503 29.03933701537818 8.5
    endloop
  endfacet
  facet normal 0 0 1
    outer loop
      vertex -20.527685061097145 36.88558694720268 8.5
      vertex -16.694462791274503 29.03933701537818 8.5
      vertex -16.589245921032497 29.102401580435444 8.5
    endloop
  endfacet
  facet normal 0 0 1
    outer loop
      vertex -20.32587844878435 37.22228093445301 8.5
      vertex -16.589245921032497 29.102401580435444 8.5
      vertex -16.478354290456362 29.15484941563911 8.5
    endloop
  endfacet
  facet normal 0 0 1
    outer loop
      vertex -20.092041812837124 37.537573136389256 8.5
      vertex -16.478354290456362 29.15484941563911 8.5
      vertex -16.362855846568078 29.19617541966526 8.5
    endloop
  endfacet
  facet normal 0 0 1
    outer loop
      vertex -20.092041812837124 37.537573136389256 8.5
      vertex -16.362855846568078 29.19617541966526 8.5
      vertex -16.24386290252016 29.22598160050404 8.5
    endloop
  endfacet
  facet normal 0 0 1
    outer loop
      vertex -19.828427121043205 37.828427121043205 8.5
      vertex -16.24386290252016 29.22598160050404 8.5
      vertex -16.12252142541195 29.243980908340248 8.5
    endloop
  endfacet
  facet normal 0 0 1
    outer loop
      vertex -19.828427121043205 37.828427121043205 8.5
      vertex -16.12252142541195 29.243980908340248 8.5
      vertex -16 29.25 8.5
    endloop
  endfacet
  facet normal 0 0 1
    outer loop
      vertex -19.537573136389256 38.092041812837124 8.5
      vertex -16 29.25 8.5
      vertex -15.87747857458805 29.243980908340248 8.5
    endloop
  endfacet
  facet normal 0 0 1
    outer loop
      vertex -19.22228093445301 38.32587844878435 8.5
      vertex -15.87747857458805 29.243980908340248 8.5
      vertex -15.75613709747984 29.22598160050404 8.5
    endloop
  endfacet
  facet normal 0 0 1
    outer loop
      vertex -19.22228093445301 38.32587844878435 8.5
      vertex -15.75613709747984 29.22598160050404 8.5
      vertex -15.637144153431922 29.19617541966526 8.5
    endloop
  endfacet
  facet normal 0 0 1
    outer loop
      vertex -18.885586947202682 38.527685061097145 8.5
      vertex -15.637144153431922 29.19617541966526 8.5
      vertex -15.521645709543638 29.15484941563911 8.5
    endloop
  endfacet
  facet normal 0 0 1
    outer loop
      vertex -18.885586947202682 38.527685061097145 8.5
      vertex -15.521645709543638 29.15484941563911 8.5
      vertex -15.410754078967503 29.102401580435444 8.5
    endloop
  endfacet
  facet normal 0 0 1
    outer loop
      vertex -18.530733726918697 38.695518128573895 8.5
      vertex -15.410754078967503 29.102401580435444 8.5
      vertex -15.305537208725497 29.03933701537818 8.5
    endloop
  endfacet
  facet normal 0 0 1
    outer loop
      vertex -18.161138705909252 38.827761344611645 8.5
      vertex -14.897598419564556 28.589245921032497 8.5
      vertex -14.84515058436089 28.478354290456362 8.5
    endloop
  endfacet
  facet normal 0 0 1
    outer loop
      vertex -18.161138705909252 38.827761344611645 8.5
      vertex -14.84515058436089 28.478354290456362 8.5
      vertex -14.803824580334739 28.362855846568078 8.5
    endloop
  endfacet
  facet normal 0 0 1
    outer loop
      vertex -18.530733726918697 38.695518128573895 8.5
      vertex -15.305537208725497 29.03933701537818 8.5
      vertex -15.207008394795443 28.966263066703423 8.5
    endloop
  endfacet
  facet normal 0 0 1
    outer loop
      vertex -18.161138705909252 38.827761344611645 8.5
      vertex -15.207008394795443 28.966263066703423 8.5
      vertex -15.116116523516816 28.883883476483184 8.5
    endloop
  endfacet
  facet normal 0 0 1
    outer loop
      vertex -18.161138705909252 38.827761344611645 8.5
      vertex -15.116116523516816 28.883883476483184 8.5
      vertex -15.033736933296579 28.792991605204556 8.5
    endloop
  endfacet
  facet normal 0 0 1
    outer loop
      vertex -18.161138705909252 38.827761344611645 8.5
      vertex -14.960662984621818 28.694462791274503 8.5
      vertex -14.897598419564556 28.589245921032497 8.5
    endloop
  endfacet
  facet normal 0 0 1
    outer loop
      vertex -18.161138705909252 38.827761344611645 8.5
      vertex -15.033736933296579 28.792991605204556 8.5
      vertex -14.960662984621818 28.694462791274503 8.5
    endloop
  endfacet
  facet normal 0 0 1
    outer loop
      vertex -21 35 8.5
      vertex -17.19617541966526 28.362855846568078 8.5
      vertex -20.980738908052444 35.392068564891815 8.5
    endloop
  endfacet
  facet normal 0 0 1
    outer loop
      vertex -20.980738908052444 35.392068564891815 8.5
      vertex -17.15484941563911 28.478354290456362 8.5
      vertex -20.92314112186432 35.78036128729582 8.5
    endloop
  endfacet
  facet normal 0 0 1
    outer loop
      vertex -20.92314112186432 35.78036128729582 8.5
      vertex -17.03933701537818 28.694462791274503 8.5
      vertex -20.827761344611645 36.16113870590925 8.5
    endloop
  endfacet
  facet normal 0 0 1
    outer loop
      vertex -20.827761344611645 36.16113870590925 8.5
      vertex -16.966263066703423 28.792991605204556 8.5
      vertex -20.695518128573895 36.5307337269187 8.5
    endloop
  endfacet
  facet normal 0 0 1
    outer loop
      vertex -20.695518128573895 36.5307337269187 8.5
      vertex -16.792991605204556 28.966263066703423 8.5
      vertex -20.527685061097145 36.88558694720268 8.5
    endloop
  endfacet
  facet normal 0 0 1
    outer loop
      vertex -20.527685061097145 36.88558694720268 8.5
      vertex -16.589245921032497 29.102401580435444 8.5
      vertex -20.32587844878435 37.22228093445301 8.5
    endloop
  endfacet
  facet normal 0 0 1
    outer loop
      vertex -20.32587844878435 37.22228093445301 8.5
      vertex -16.478354290456362 29.15484941563911 8.5
      vertex -20.092041812837124 37.537573136389256 8.5
    endloop
  endfacet
  facet normal 0 0 1
    outer loop
      vertex -20.092041812837124 37.537573136389256 8.5
      vertex -16.24386290252016 29.22598160050404 8.5
      vertex -19.828427121043205 37.828427121043205 8.5
    endloop
  endfacet
  facet normal 0 0 1
    outer loop
      vertex -19.828427121043205 37.828427121043205 8.5
      vertex -16 29.25 8.5
      vertex -19.537573136389256 38.092041812837124 8.5
    endloop
  endfacet
  facet normal 0 0 1
    outer loop
      vertex -19.537573136389256 38.092041812837124 8.5
      vertex -15.87747857458805 29.243980908340248 8.5
      vertex -19.22228093445301 38.32587844878435 8.5
    endloop
  endfacet
  facet normal 0 0 1
    outer loop
      vertex -19.22228093445301 38.32587844878435 8.5
      vertex -15.637144153431922 29.19617541966526 8.5
      vertex -18.885586947202682 38.527685061097145 8.5
    endloop
  endfacet
  facet normal 0 0 1
    outer loop
      vertex -18.885586947202682 38.527685061097145 8.5
      vertex -15.410754078967503 29.102401580435444 8.5
      vertex -18.530733726918697 38.695518128573895 8.5
    endloop
  endfacet
  facet normal 0 0 1
    outer loop
      vertex -18.530733726918697 38.695518128573895 8.5
      vertex -15.207008394795443 28.966263066703423 8.5
      vertex -18.161138705909252 38.827761344611645 8.5
    endloop
  endfacet
  facet normal 0 0 1
    outer loop
      vertex -11 17 8.5
      vertex -18.161138705909252 38.827761344611645 8.5
      vertex -14.803824580334739 28.362855846568078 8.5
    endloop
  endfacet
  facet normal 0 0 1
    outer loop
      vertex -11 17 8.5
      vertex -17.78036128729582 38.92314112186432 8.5
      vertex -18.161138705909252 38.827761344611645 8.5
    endloop
  endfacet
  facet normal 0 0 1
    outer loop
      vertex -11 17 8.5
      vertex -17.392068564891815 38.980738908052444 8.5
      vertex -17.78036128729582 38.92314112186432 8.5
    endloop
  endfacet
  facet normal 0 0 1
    outer loop
      vertex -11 17 8.5
      vertex -17 39 8.5
      vertex -17.392068564891815 38.980738908052444 8.5
    endloop
  endfacet
  facet normal 0 0 1
    outer loop
      vertex -11 17 8.5
      vertex -11 39 8.5
      vertex -17 39 8.5
    endloop
  endfacet
  facet normal -8.737891656108362e-18 -0.42755507275038784 -0.9039893029043046
    outer loop
      vertex 12 -9.678491845726967 0.2951968386769295
      vertex 12 -9.456708580255508 0.19030117243528366
      vertex 20.092041812837124 -9.537573136389256 0.2285472568409439
    endloop
  endfacet
  facet normal -8.354722034535334e-17 -0.5141027452311838 -0.8577286093781414
    outer loop
      vertex 12 -9.888925582170486 0.4213259667158127
      vertex 12 -9.678491845726967 0.2951968386769295
      vertex 19.828427121043205 -9.828427121043205 0.3850645844933549
    endloop
  endfacet
  facet normal 0 -0.5956993111009283 -0.803207526579451
    outer loop
      vertex 12 -10.085983209311962 0.567473866045475
      vertex 12 -9.888925582170486 0.4213259667158127
      vertex 19.54425777511231 -10.085983209311962 0.567473866045475
    endloop
  endfacet
  facet normal 9.25680676532228e-17 -0.24298018143504357 -0.970031252810853
    outer loop
      vertex 12 -9.225711695849895 0.10764916241168976
      vertex 12 -8.987725801765919 0.04803679883480072
      vertex 20.32587844878435 -9.22228093445301 0.10678980141248573
    endloop
  endfacet
  facet normal -7.296528901817196e-17 -0.1467304656289296 -0.9891765112740585
    outer loop
      vertex 12 -8.987725801765919 0.04803679883480072
      vertex 12 -8.745042853057384 0.012038186192512512
      vertex 20.527685061097145 -8.885586947202682 0.03288593190856659
    endloop
  endfacet
  facet normal 0 -0.04906768556344165 -0.998795455653182
    outer loop
      vertex 12 -8.745042853057384 0.012038186192512512
      vertex 12 -8.5 0
      vertex 20.59415746458067 -8.745042853057384 0.012038186192512512
    endloop
  endfacet
  facet normal 0 -0.33688986487356093 -0.9415440610749312
    outer loop
      vertex 12 -9.456708580255508 0.19030117243528366
      vertex 12 -9.225711695849895 0.10764916241168976
      vertex 20.152015055618133 -9.456708580255508 0.19030117243528366
    endloop
  endfacet
  facet normal 0 0 -1
    outer loop
      vertex 12 -8.5 0
      vertex 12 -6.954545454545455 0
      vertex 20.70651483214813 -8.5 0
    endloop
  endfacet
  facet normal 0 -0.6715589557743872 -0.7409511245144411
    outer loop
      vertex 12 -10.267766952514648 0.7322330474853516
      vertex 12 -10.085983209311962 0.567473866045475
      vertex 19.30063521603282 -10.267766952514648 0.7322330474853516
    endloop
  endfacet
  facet normal 5.286693802448801e-17 -0.740951124514441 -0.6715589557743872
    outer loop
      vertex 12 -10.432526133954525 0.9140167906880379
      vertex 12 -10.267766952514648 0.7322330474853516
      vertex 19.22228093445301 -10.325878448784351 0.7963492030931683
    endloop
  endfacet
  facet normal -1.540334592050495e-17 -0.8032075265794509 -0.5956993111009283
    outer loop
      vertex 12 -10.578674033284187 1.1110744178295135
      vertex 12 -10.432526133954525 0.9140167906880379
      vertex 18.885586947202682 -10.527685061097145 1.0423237487083874
    endloop
  endfacet
  facet normal -3.870605011721236e-17 -0.8577286093781414 -0.5141027452311838
    outer loop
      vertex 12 -10.70480316132307 1.3215081542730331
      vertex 12 -10.578674033284187 1.1110744178295135
      vertex 18.530733726918697 -10.695518128573895 1.3060170130530029
    endloop
  endfacet
  facet normal 0 -0.9039893029043046 -0.42755507275038784
    outer loop
      vertex 12 -10.809698827564716 1.5432914197444916
      vertex 12 -10.70480316132307 1.3215081542730331
      vertex 18.211620058128766 -10.809698827564716 1.5432914197444916
    endloop
  endfacet
  facet normal 0 -0.9415440610749312 -0.33688986487356093
    outer loop
      vertex 12 -10.89235083758831 1.7742883041501045
      vertex 12 -10.809698827564716 1.5432914197444916
      vertex 17.903282993580927 -10.89235083758831 1.7742883041501045
    endloop
  endfacet
  facet normal 5.259909090276597e-17 -0.970031252810853 -0.2429801814350436
    outer loop
      vertex 12 -10.9519632011652 2.0122741982340813
      vertex 12 -10.89235083758831 1.7742883041501045
      vertex 17.78036128729582 -10.923141121864319 1.8972100085222934
    endloop
  endfacet
  facet normal 0 -0.9891765112740586 -0.14673046562892847
    outer loop
      vertex 17.392068564891815 -10.980738908052444 2.2062642685726725
      vertex 12 -10.9519632011652 2.0122741982340813
      vertex 17.58605861738886 -10.9519632011652 2.0122741982340813
    endloop
  endfacet
  facet normal 0 0 -1
    outer loop
      vertex 12 -6.954545454545455 0
      vertex 12 8.5 0
      vertex 21 -7 0
    endloop
  endfacet
  facet normal 0 -0.4275550727503871 -0.9039893029043049
    outer loop
      vertex 12 -9.456708580255508 0.19030117243528366
      vertex 20.152015055618133 -9.456708580255508 0.19030117243528366
      vertex 20.092041812837124 -9.537573136389256 0.2285472568409439
    endloop
  endfacet
  facet normal 0 -0.5141027452311807 -0.8577286093781434
    outer loop
      vertex 12 -9.678491845726967 0.2951968386769295
      vertex 19.9643205365608 -9.678491845726967 0.2951968386769295
      vertex 19.828427121043205 -9.828427121043205 0.3850645844933549
    endloop
  endfacet
  facet normal 0 -0.4275550727503882 -0.9039893029043043
    outer loop
      vertex 12 -9.678491845726967 0.2951968386769295
      vertex 20.092041812837124 -9.537573136389256 0.2285472568409439
      vertex 19.9643205365608 -9.678491845726967 0.2951968386769295
    endloop
  endfacet
  facet normal 0 -0.5141027452311918 -0.8577286093781367
    outer loop
      vertex 12 -9.888925582170486 0.4213259667158127
      vertex 19.828427121043205 -9.828427121043205 0.3850645844933549
      vertex 19.761677356966864 -9.888925582170486 0.4213259667158127
    endloop
  endfacet
  facet normal 0 -0.5956993111009283 -0.8032075265794508
    outer loop
      vertex 12 -9.888925582170486 0.4213259667158127
      vertex 19.761677356966864 -9.888925582170486 0.4213259667158127
      vertex 19.54425777511231 -10.085983209311962 0.567473866045475
    endloop
  endfacet
  facet normal 0 -0.2429801814348322 -0.9700312528109061
    outer loop
      vertex 12 -9.225711695849895 0.10764916241168976
      vertex 20.32587844878435 -9.22228093445301 0.10678980141248573
      vertex 20.323334022696873 -9.225711695849895 0.10764916241168976
    endloop
  endfacet
  facet normal 0 -0.24298018143504668 -0.9700312528108523
    outer loop
      vertex 12 -8.987725801765919 0.04803679883480072
      vertex 20.4664653868367 -8.987725801765919 0.04803679883480072
      vertex 20.32587844878435 -9.22228093445301 0.10678980141248573
    endloop
  endfacet
  facet normal 0 -0.14673046562893555 -0.9891765112740576
    outer loop
      vertex 12 -8.987725801765919 0.04803679883480072
      vertex 20.527685061097145 -8.885586947202682 0.03288593190856659
      vertex 20.4664653868367 -8.987725801765919 0.04803679883480072
    endloop
  endfacet
  facet normal 0 -0.14673046562892525 -0.989176511274059
    outer loop
      vertex 12 -8.745042853057384 0.012038186192512512
      vertex 20.59415746458067 -8.745042853057384 0.012038186192512512
      vertex 20.527685061097145 -8.885586947202682 0.03288593190856659
    endloop
  endfacet
  facet normal 0 -0.33688986487356093 -0.9415440610749312
    outer loop
      vertex 12 -9.225711695849895 0.10764916241168976
      vertex 20.323334022696873 -9.225711695849895 0.10764916241168976
      vertex 20.152015055618133 -9.456708580255508 0.19030117243528366
    endloop
  endfacet
  facet normal -4.321968385656294e-18 -0.04906768556344181 -0.998795455653182
    outer loop
      vertex 12 -8.5 0
      vertex 20.695518128573895 -8.530733726918697 0.0015098515317664152
      vertex 20.59415746458067 -8.745042853057384 0.012038186192512512
    endloop
  endfacet
  facet normal 0 -0.04906768556344057 -0.998795455653182
    outer loop
      vertex 12 -8.5 0
      vertex 20.70651483214813 -8.5 0
      vertex 20.695518128573895 -8.530733726918697 0.0015098515317664152
    endloop
  endfacet
  facet normal 0 -0.740951124514444 -0.671558955774384
    outer loop
      vertex 12 -10.267766952514648 0.7322330474853516
      vertex 19.30063521603282 -10.267766952514648 0.7322330474853516
      vertex 19.22228093445301 -10.325878448784351 0.7963492030931683
    endloop
  endfacet
  facet normal 0 -0.6715589557743891 -0.7409511245144392
    outer loop
      vertex 12 -10.085983209311962 0.567473866045475
      vertex 19.54425777511231 -10.085983209311962 0.567473866045475
      vertex 19.537573136389256 -10.092041812837124 0.5729650642125268
    endloop
  endfacet
  facet normal 3.0292420537037475e-18 -0.6715589557743871 -0.7409511245144411
    outer loop
      vertex 12 -10.085983209311962 0.567473866045475
      vertex 19.537573136389256 -10.092041812837124 0.5729650642125268
      vertex 19.30063521603282 -10.267766952514648 0.7322330474853516
    endloop
  endfacet
  facet normal 0 -0.7409511245144395 -0.6715589557743888
    outer loop
      vertex 12 -10.432526133954525 0.9140167906880379
      vertex 19.22228093445301 -10.325878448784351 0.7963492030931683
      vertex 19.04435002357033 -10.432526133954525 0.9140167906880379
    endloop
  endfacet
  facet normal 0 -0.8032075265794505 -0.5956993111009289
    outer loop
      vertex 12 -10.432526133954525 0.9140167906880379
      vertex 19.04435002357033 -10.432526133954525 0.9140167906880379
      vertex 18.885586947202682 -10.527685061097145 1.0423237487083874
    endloop
  endfacet
  facet normal 0 0 -1
    outer loop
      vertex 12 -6.954545454545455 0
      vertex 20.827761344611645 -8.161138705909252 0
      vertex 20.70651483214813 -8.5 0
    endloop
  endfacet
  facet normal 0 0 -1
    outer loop
      vertex 12 -6.954545454545455 0
      vertex 20.92314112186432 -7.780361287295818 0
      vertex 20.827761344611645 -8.161138705909252 0
    endloop
  endfacet
  facet normal 0 0 -1
    outer loop
      vertex 12 -6.954545454545455 0
      vertex 20.980738908052444 -7.392068564891815 0
      vertex 20.92314112186432 -7.780361287295818 0
    endloop
  endfacet
  facet normal 0 0 -1
    outer loop
      vertex 12 -6.954545454545455 0
      vertex 21 -7 0
      vertex 20.980738908052444 -7.392068564891815 0
    endloop
  endfacet
  facet normal 0 -0.8577286093781488 -0.5141027452311719
    outer loop
      vertex 12 -10.70480316132307 1.3215081542730331
      vertex 18.530733726918697 -10.695518128573895 1.3060170130530029
      vertex 18.50478379937742 -10.70480316132307 1.3215081542730331
    endloop
  endfacet
  facet normal 0 -0.857728609378141 -0.5141027452311848
    outer loop
      vertex 12 -10.578674033284187 1.1110744178295135
      vertex 18.777779819253663 -10.578674033284187 1.1110744178295135
      vertex 18.530733726918697 -10.695518128573895 1.3060170130530029
    endloop
  endfacet
  facet normal 0 -0.8032075265794516 -0.5956993111009273
    outer loop
      vertex 12 -10.578674033284187 1.1110744178295135
      vertex 18.885586947202682 -10.527685061097145 1.0423237487083874
      vertex 18.777779819253663 -10.578674033284187 1.1110744178295135
    endloop
  endfacet
  facet normal 0 -0.9039893029043046 -0.42755507275038784
    outer loop
      vertex 12 -10.70480316132307 1.3215081542730331
      vertex 18.50478379937742 -10.70480316132307 1.3215081542730331
      vertex 18.211620058128766 -10.809698827564716 1.5432914197444916
    endloop
  endfacet
  facet normal 0 -0.9415440610749326 -0.33688986487355715
    outer loop
      vertex 12 -10.809698827564716 1.5432914197444916
      vertex 18.211620058128766 -10.809698827564716 1.5432914197444916
      vertex 18.161138705909252 -10.827761344611645 1.5937727711498928
    endloop
  endfacet
  facet normal 4.4999075522200803e-17 -0.9415440610749308 -0.336889864873562
    outer loop
      vertex 12 -10.809698827564716 1.5432914197444916
      vertex 18.161138705909252 -10.827761344611645 1.5937727711498928
      vertex 17.903282993580927 -10.89235083758831 1.7742883041501045
    endloop
  endfacet
  facet normal 0 -0.9700312528108537 -0.2429801814350413
    outer loop
      vertex 12 -10.89235083758831 1.7742883041501045
      vertex 17.903282993580927 -10.89235083758831 1.7742883041501045
      vertex 17.78036128729582 -10.923141121864319 1.8972100085222934
    endloop
  endfacet
  facet normal 0 -0.9700312528108526 -0.2429801814350461
    outer loop
      vertex 12 -10.9519632011652 2.0122741982340813
      vertex 17.78036128729582 -10.923141121864319 1.8972100085222934
      vertex 17.58605861738886 -10.9519632011652 2.0122741982340813
    endloop
  endfacet
  facet normal -1 0 0
    outer loop
      vertex 11 -11 2.5
      vertex 11 -10.9913325086236 2.376430854201317
      vertex 11 -10.992630971994233 2.350000023432444
    endloop
  endfacet
  facet normal -1 0 0
    outer loop
      vertex 11 -10.965413503348827 2.551162578165531
      vertex 11 -10.9913325086236 2.376430854201317
      vertex 11 -11 2.5
    endloop
  endfacet
  facet normal -1.8178220432211242e-15 -0.9987954556531815 -0.04906768556344749
    outer loop
      vertex 11 -11 2.5
      vertex 11 -10.992630971994233 2.350000023432444
      vertex 12 -10.992630971994235 2.350000023432443
    endloop
  endfacet
  facet normal 4.837792633468785e-16 -0.9987954556531814 -0.049067685563451494
    outer loop
      vertex 12 -10.992630971994235 2.350000023432443
      vertex 12 -10.987961813807487 2.2549571469426155
      vertex 17 -11 2.5
    endloop
  endfacet
  facet normal 4.065098522017126e-17 -0.9891765112740585 -0.14673046562892958
    outer loop
      vertex 12 -10.987961813807487 2.2549571469426155
      vertex 12 -10.9519632011652 2.0122741982340813
      vertex 17.392068564891815 -10.980738908052444 2.2062642685726725
    endloop
  endfacet
  facet normal 0 -0.9987954556531822 -0.0490676855634354
    outer loop
      vertex 11 -11 2.5
      vertex 12 -10.992630971994235 2.350000023432443
      vertex 17 -11 2.5
    endloop
  endfacet
  facet normal 0 -0.9891765112740578 -0.14673046562893396
    outer loop
      vertex 12 -10.987961813807487 2.2549571469426155
      vertex 17.392068564891815 -10.980738908052444 2.2062642685726725
      vertex 17.24504292888742 -10.987961813807487 2.2549571469426155
    endloop
  endfacet
  facet normal 0 -0.9987954556531818 -0.04906768556344165
    outer loop
      vertex 12 -10.987961813807487 2.2549571469426155
      vertex 17.24504292888742 -10.987961813807487 2.2549571469426155
      vertex 17 -11 2.5
    endloop
  endfacet
  facet normal 0 0 -1
    outer loop
      vertex 12 -6.954545454545455 0
      vertex 11.086956518147641 8.5 0
      vertex 12 8.5 0
    endloop
  endfacet
  facet normal 0 0.04906768556344165 -0.998795455653182
    outer loop
      vertex 12 8.5 0
      vertex 12 8.745042853057384 0.012038186192512512
      vertex 20.59415746458067 8.745042853057384 0.012038186192512512
    endloop
  endfacet
  facet normal 0 0.14673046562892958 -0.9891765112740584
    outer loop
      vertex 12 8.745042853057384 0.012038186192512512
      vertex 12 8.987725801765919 0.04803679883480072
      vertex 20.4664653868367 8.987725801765919 0.04803679883480072
    endloop
  endfacet
  facet normal 0 0.2429801814350436 -0.9700312528108531
    outer loop
      vertex 12 8.987725801765919 0.04803679883480072
      vertex 12 9.225711695849895 0.10764916241168976
      vertex 20.323334022696873 9.225711695849895 0.10764916241168976
    endloop
  endfacet
  facet normal 0 0.33688986487356093 -0.9415440610749312
    outer loop
      vertex 12 9.225711695849895 0.10764916241168976
      vertex 12 9.456708580255508 0.19030117243528366
      vertex 20.152015055618133 9.456708580255508 0.19030117243528366
    endloop
  endfacet
  facet normal 0 0.4275550727503879 -0.9039893029043046
    outer loop
      vertex 12 9.456708580255508 0.19030117243528366
      vertex 12 9.678491845726967 0.2951968386769295
      vertex 19.9643205365608 9.678491845726967 0.2951968386769295
    endloop
  endfacet
  facet normal 0 0.5141027452311839 -0.8577286093781415
    outer loop
      vertex 12 9.888925582170486 0.4213259667158127
      vertex 19.761677356966864 9.888925582170486 0.4213259667158127
      vertex 12 9.678491845726967 0.2951968386769295
    endloop
  endfacet
  facet normal 0 0.5956993111009283 -0.803207526579451
    outer loop
      vertex 12 10.085983209311962 0.567473866045475
      vertex 19.54425777511231 10.085983209311962 0.567473866045475
      vertex 12 9.888925582170486 0.4213259667158127
    endloop
  endfacet
  facet normal 0 0.6715589557743872 -0.7409511245144411
    outer loop
      vertex 12 10.267766952514648 0.7322330474853516
      vertex 19.30063521603282 10.267766952514648 0.7322330474853516
      vertex 12 10.085983209311962 0.567473866045475
    endloop
  endfacet
  facet normal 0 0.7409511245144411 -0.6715589557743871
    outer loop
      vertex 12 10.267766952514648 0.7322330474853516
      vertex 12 10.432526133954525 0.9140167906880379
      vertex 19.04435002357033 10.432526133954525 0.9140167906880379
    endloop
  endfacet
  facet normal 0 0.8032075265794509 -0.5956993111009284
    outer loop
      vertex 12 10.578674033284187 1.1110744178295135
      vertex 18.777779819253663 10.578674033284187 1.1110744178295135
      vertex 12 10.432526133954525 0.9140167906880379
    endloop
  endfacet
  facet normal 0 0.8577286093781414 -0.5141027452311838
    outer loop
      vertex 12 10.578674033284187 1.1110744178295135
      vertex 12 10.70480316132307 1.3215081542730331
      vertex 18.50478379937742 10.70480316132307 1.3215081542730331
    endloop
  endfacet
  facet normal 0 0.9039893029043046 -0.42755507275038784
    outer loop
      vertex 12 10.809698827564716 1.5432914197444916
      vertex 18.211620058128766 10.809698827564716 1.5432914197444916
      vertex 12 10.70480316132307 1.3215081542730331
    endloop
  endfacet
  facet normal 0 0.9415440610749312 -0.33688986487356093
    outer loop
      vertex 12 10.89235083758831 1.7742883041501045
      vertex 17.903282993580927 10.89235083758831 1.7742883041501045
      vertex 12 10.809698827564716 1.5432914197444916
    endloop
  endfacet
  facet normal 0 0.9700312528108532 -0.24298018143504363
    outer loop
      vertex 12 10.9519632011652 2.0122741982340813
      vertex 17.58605861738886 10.9519632011652 2.0122741982340813
      vertex 12 10.89235083758831 1.7742883041501045
    endloop
  endfacet
  facet normal 0 0.9891765112740581 -0.14673046562893108
    outer loop
      vertex 17.392068564891815 10.980738908052444 2.206264268572669
      vertex 17.58605861738886 10.9519632011652 2.0122741982340813
      vertex 12 10.9519632011652 2.0122741982340813
    endloop
  endfacet
  facet normal 0 0 -1
    outer loop
      vertex 21 -7 0
      vertex 12 8.5 0
      vertex 21 7 0
    endloop
  endfacet
  facet normal 0 0 -1
    outer loop
      vertex 12 8.5 0
      vertex 20.980738908052444 7.392068564891815 0
      vertex 21 7 0
    endloop
  endfacet
  facet normal 0 0.14673046562892525 -0.989176511274059
    outer loop
      vertex 12 8.745042853057384 0.012038186192512512
      vertex 20.527685061097145 8.885586947202682 0.03288593190856659
      vertex 20.59415746458067 8.745042853057384 0.012038186192512512
    endloop
  endfacet
  facet normal -1.716704533224104e-16 0.1467304656289355 -0.9891765112740576
    outer loop
      vertex 12 8.745042853057384 0.012038186192512512
      vertex 20.4664653868367 8.987725801765919 0.04803679883480072
      vertex 20.527685061097145 8.885586947202682 0.03288593190856659
    endloop
  endfacet
  facet normal 6.289866088768183e-15 0.24298018143483582 -0.9700312528109052
    outer loop
      vertex 12 8.987725801765919 0.04803679883480072
      vertex 20.323334022696873 9.225711695849895 0.10764916241168976
      vertex 20.32587844878435 9.22228093445301 0.10678980141248573
    endloop
  endfacet
  facet normal 0 0.24298018143504668 -0.9700312528108523
    outer loop
      vertex 12 8.987725801765919 0.04803679883480072
      vertex 20.32587844878435 9.22228093445301 0.10678980141248573
      vertex 20.4664653868367 8.987725801765919 0.04803679883480072
    endloop
  endfacet
  facet normal 0 0.33688986487356093 -0.9415440610749312
    outer loop
      vertex 12 9.225711695849895 0.10764916241168976
      vertex 20.152015055618133 9.456708580255508 0.19030117243528366
      vertex 20.323334022696873 9.225711695849895 0.10764916241168976
    endloop
  endfacet
  facet normal 0 0 -1
    outer loop
      vertex 12 8.5 0
      vertex 20.92314112186432 7.780361287295818 0
      vertex 20.980738908052444 7.392068564891815 0
    endloop
  endfacet
  facet normal 0 0.04906768556344057 -0.998795455653182
    outer loop
      vertex 12 8.5 0
      vertex 20.695518128573895 8.530733726918697 0.0015098515317664152
      vertex 20.70651483214813 8.5 0
    endloop
  endfacet
  facet normal 0 0 -1
    outer loop
      vertex 12 8.5 0
      vertex 20.70651483214813 8.5 0
      vertex 20.827761344611645 8.161138705909252 0
    endloop
  endfacet
  facet normal 0 0 -1
    outer loop
      vertex 12 8.5 0
      vertex 20.827761344611645 8.161138705909252 0
      vertex 20.92314112186432 7.780361287295818 0
    endloop
  endfacet
  facet normal -4.321968385656294e-18 0.04906768556344181 -0.998795455653182
    outer loop
      vertex 12 8.5 0
      vertex 20.59415746458067 8.745042853057384 0.012038186192512512
      vertex 20.695518128573895 8.530733726918697 0.0015098515317664152
    endloop
  endfacet
  facet normal -1.3628591682169774e-17 0.42755507275038834 -0.9039893029043043
    outer loop
      vertex 12 9.456708580255508 0.19030117243528366
      vertex 19.9643205365608 9.678491845726967 0.2951968386769295
      vertex 20.092041812837124 9.537573136389256 0.2285472568409439
    endloop
  endfacet
  facet normal 0 0.4275550727503871 -0.9039893029043049
    outer loop
      vertex 12 9.456708580255508 0.19030117243528366
      vertex 20.092041812837124 9.537573136389256 0.2285472568409439
      vertex 20.152015055618133 9.456708580255508 0.19030117243528366
    endloop
  endfacet
  facet normal 0 0.5141027452311882 -0.8577286093781389
    outer loop
      vertex 12 9.678491845726967 0.2951968386769295
      vertex 19.828427121043205 9.828427121043205 0.3850645844933567
      vertex 19.9643205365608 9.678491845726967 0.2951968386769295
    endloop
  endfacet
  facet normal 3.815058765413105e-16 0.5141027452311735 -0.8577286093781475
    outer loop
      vertex 12 9.678491845726967 0.2951968386769295
      vertex 19.761677356966864 9.888925582170486 0.4213259667158127
      vertex 19.828427121043205 9.828427121043205 0.3850645844933567
    endloop
  endfacet
  facet normal 0 0.5956993111009283 -0.8032075265794508
    outer loop
      vertex 12 9.888925582170486 0.4213259667158127
      vertex 19.54425777511231 10.085983209311962 0.567473866045475
      vertex 19.761677356966864 9.888925582170486 0.4213259667158127
    endloop
  endfacet
  facet normal 0 0.6715589557743891 -0.7409511245144392
    outer loop
      vertex 12 10.085983209311962 0.567473866045475
      vertex 19.537573136389256 10.092041812837124 0.5729650642125268
      vertex 19.54425777511231 10.085983209311962 0.567473866045475
    endloop
  endfacet
  facet normal 3.0292420537037475e-18 0.6715589557743871 -0.7409511245144411
    outer loop
      vertex 12 10.085983209311962 0.567473866045475
      vertex 19.30063521603282 10.267766952514648 0.7322330474853516
      vertex 19.537573136389256 10.092041812837124 0.5729650642125268
    endloop
  endfacet
  facet normal 0 0.7409511245144393 -0.6715589557743891
    outer loop
      vertex 12 10.267766952514648 0.7322330474853516
      vertex 19.22228093445301 10.325878448784351 0.7963492030931674
      vertex 19.30063521603282 10.267766952514648 0.7322330474853516
    endloop
  endfacet
  facet normal -4.62656878157413e-17 0.740951124514442 -0.6715589557743863
    outer loop
      vertex 12 10.267766952514648 0.7322330474853516
      vertex 19.04435002357033 10.432526133954525 0.9140167906880379
      vertex 19.22228093445301 10.325878448784351 0.7963492030931674
    endloop
  endfacet
  facet normal 0 0.8032075265794505 -0.5956993111009289
    outer loop
      vertex 12 10.432526133954525 0.9140167906880379
      vertex 18.885586947202682 10.527685061097145 1.0423237487083874
      vertex 19.04435002357033 10.432526133954525 0.9140167906880379
    endloop
  endfacet
  facet normal -4.575640622537571e-17 0.8032075265794517 -0.5956993111009274
    outer loop
      vertex 12 10.432526133954525 0.9140167906880379
      vertex 18.777779819253663 10.578674033284187 1.1110744178295135
      vertex 18.885586947202682 10.527685061097145 1.0423237487083874
    endloop
  endfacet
  facet normal 3.9219511927663707e-16 0.857728609378136 -0.5141027452311931
    outer loop
      vertex 12 10.578674033284187 1.1110744178295135
      vertex 18.50478379937742 10.70480316132307 1.3215081542730331
      vertex 18.530733726918697 10.695518128573895 1.3060170130530038
    endloop
  endfacet
  facet normal 0 0.857728609378142 -0.5141027452311832
    outer loop
      vertex 12 10.578674033284187 1.1110744178295135
      vertex 18.530733726918697 10.695518128573895 1.3060170130530038
      vertex 18.777779819253663 10.578674033284187 1.1110744178295135
    endloop
  endfacet
  facet normal 0 0.9039893029043046 -0.42755507275038784
    outer loop
      vertex 12 10.70480316132307 1.3215081542730331
      vertex 18.211620058128766 10.809698827564716 1.5432914197444916
      vertex 18.50478379937742 10.70480316132307 1.3215081542730331
    endloop
  endfacet
  facet normal 0 0.9415440610749307 -0.3368898648735624
    outer loop
      vertex 12 10.809698827564716 1.5432914197444916
      vertex 18.161138705909252 10.827761344611645 1.593772771149892
      vertex 18.211620058128766 10.809698827564716 1.5432914197444916
    endloop
  endfacet
  facet normal -1.6693205435655068e-17 0.9415440610749314 -0.3368898648735606
    outer loop
      vertex 12 10.809698827564716 1.5432914197444916
      vertex 17.903282993580927 10.89235083758831 1.7742883041501045
      vertex 18.161138705909252 10.827761344611645 1.593772771149892
    endloop
  endfacet
  facet normal 0 0.9700312528108525 -0.24298018143504627
    outer loop
      vertex 12 10.89235083758831 1.7742883041501045
      vertex 17.78036128729582 10.923141121864319 1.8972100085222907
      vertex 17.903282993580927 10.89235083758831 1.7742883041501045
    endloop
  endfacet
  facet normal -1.1967267033664732e-16 0.9700312528108538 -0.242980181435041
    outer loop
      vertex 12 10.89235083758831 1.7742883041501045
      vertex 17.58605861738886 10.9519632011652 2.0122741982340813
      vertex 17.78036128729582 10.923141121864319 1.8972100085222907
    endloop
  endfacet
  facet normal -1 0 0
    outer loop
      vertex 11 11 2.5
      vertex 11 10.992630971994233 2.350000023432444
      vertex 11 10.9913325086236 2.376430854201317
    endloop
  endfacet
  facet normal 4.475971671156064e-17 0.9987954556531815 -0.04906768556344749
    outer loop
      vertex 11 11 2.5
      vertex 12 10.992630971994233 2.350000023432445
      vertex 11 10.992630971994233 2.350000023432444
    endloop
  endfacet
  facet normal 0 0.9891765112740584 -0.14673046562892958
    outer loop
      vertex 12 10.987961813807487 2.2549571469426155
      vertex 17.24504292888742 10.987961813807487 2.2549571469426155
      vertex 12 10.9519632011652 2.0122741982340813
    endloop
  endfacet
  facet normal 0 0.9987954556531824 -0.049067685563431954
    outer loop
      vertex 12 10.992630971994233 2.350000023432445
      vertex 17.24504292888742 10.987961813807487 2.2549571469426155
      vertex 12 10.987961813807487 2.2549571469426155
    endloop
  endfacet
  facet normal 0 0.9987954556531815 -0.04906768556344778
    outer loop
      vertex 11 11 2.5
      vertex 17 11 2.5
      vertex 12 10.992630971994233 2.350000023432445
    endloop
  endfacet
  facet normal -2.52018545234356e-16 0.9891765112740594 -0.14673046562892428
    outer loop
      vertex 17.24504292888742 10.987961813807487 2.2549571469426155
      vertex 17.392068564891815 10.980738908052444 2.206264268572669
      vertex 12 10.9519632011652 2.0122741982340813
    endloop
  endfacet
  facet normal -1.7925694866321335e-16 0.9987954556531818 -0.04906768556344183
    outer loop
      vertex 12 10.992630971994233 2.350000023432445
      vertex 17 11 2.5
      vertex 17.24504292888742 10.987961813807487 2.2549571469426155
    endloop
  endfacet
  facet normal -1 0 0
    outer loop
      vertex 11 -11 8.5
      vertex 11 -10.965413503348827 2.551162578165531
      vertex 11 -11 2.5
    endloop
  endfacet
  facet normal -1 0 0
    outer loop
      vertex 11 -11 8.5
      vertex 11 -10.92249260097742 2.7225124165415764
      vertex 11 -10.965413503348827 2.551162578165531
    endloop
  endfacet
  facet normal -1 0 0
    outer loop
      vertex 11 -11 8.5
      vertex 11 -10.862983159720898 2.888830177485943
      vertex 11 -10.92249260097742 2.7225124165415764
    endloop
  endfacet
  facet normal -1 0 0
    outer loop
      vertex 11 -11 8.5
      vertex 11 -10.787458278238773 3.0485141277313232
      vertex 11 -10.862983159720898 2.888830177485943
    endloop
  endfacet
  facet normal -1 0 0
    outer loop
      vertex 11 -11 8.5
      vertex 11 -10.696645304560661 3.200026422739029
      vertex 11 -10.787458278238773 3.0485141277313232
    endloop
  endfacet
  facet normal -1 0 0
    outer loop
      vertex 11 -11 8.5
      vertex 11 -10.591418817639351 3.341907911002636
      vertex 11 -10.696645304560661 3.200026422739029
    endloop
  endfacet
  facet normal -1 0 0
    outer loop
      vertex 11 -11 8.5
      vertex 11 -10.472792208194733 3.4727922081947327
      vertex 11 -10.591418817639351 3.341907911002636
    endloop
  endfacet
  facet normal -1 0 0
    outer loop
      vertex 11 -11 8.5
      vertex 11 -10.341907911002636 3.591418817639351
      vertex 11 -10.472792208194733 3.4727922081947327
    endloop
  endfacet
  facet normal -1 0 0
    outer loop
      vertex 11 -11 8.5
      vertex 11 -10.200026422739029 3.6966453045606613
      vertex 11 -10.341907911002636 3.591418817639351
    endloop
  endfacet
  facet normal -1 0 0
    outer loop
      vertex 11 -11 8.5
      vertex 11 -10.048514127731323 3.7874582782387733
      vertex 11 -10.200026422739029 3.6966453045606613
    endloop
  endfacet
  facet normal -1 0 0
    outer loop
      vertex 11 -11 8.5
      vertex 11 -9.888830177485943 3.8629831597208977
      vertex 11 -10.048514127731323 3.7874582782387733
    endloop
  endfacet
  facet normal -1 0 0
    outer loop
      vertex 11 -11 8.5
      vertex 11 -9.722512416541576 3.922492600977421
      vertex 11 -9.888830177485943 3.8629831597208977
    endloop
  endfacet
  facet normal -1 0 0
    outer loop
      vertex 11 -11 8.5
      vertex 11 -9.551162578165531 3.9654135033488274
      vertex 11 -9.722512416541576 3.922492600977421
    endloop
  endfacet
  facet normal -1 0 0
    outer loop
      vertex 11 -11 8.5
      vertex 11 -9.376430854201317 3.9913325086236
      vertex 11 -9.551162578165531 3.9654135033488274
    endloop
  endfacet
  facet normal -1 0 0
    outer loop
      vertex 11 -11 8.5
      vertex 11 -9.200000002980232 4
      vertex 11 -9.376430854201317 3.9913325086236
    endloop
  endfacet
  facet normal -1 0 0
    outer loop
      vertex 11 -11 8.5
      vertex 11 9.200000002980232 4
      vertex 11 -9.200000002980232 4
    endloop
  endfacet
  facet normal 0 0 1
    outer loop
      vertex 11 -11 8.5
      vertex 17 -11 8.5
      vertex 11 11 8.5
    endloop
  endfacet
  facet normal 0 0 1
    outer loop
      vertex 17 -11 8.5
      vertex 17.392068564891815 -10.980738908052444 8.5
      vertex 11 11 8.5
    endloop
  endfacet
  facet normal 0 0 1
    outer loop
      vertex 17.392068564891815 -10.980738908052444 8.5
      vertex 17.78036128729582 -10.923141121864319 8.5
      vertex 11 11 8.5
    endloop
  endfacet
  facet normal 0 0 1
    outer loop
      vertex 17.78036128729582 -10.923141121864319 8.5
      vertex 18.161138705909252 -10.827761344611645 8.5
      vertex 11 11 8.5
    endloop
  endfacet
  facet normal 0 0 1
    outer loop
      vertex 18.161138705909252 -10.827761344611645 8.5
      vertex 14.803824580334739 -0.3628558465680779 8.5
      vertex 11 11 8.5
    endloop
  endfacet
  facet normal 0 0 1
    outer loop
      vertex 18.161138705909252 -10.827761344611645 8.5
      vertex 18.530733726918697 -10.695518128573895 8.5
      vertex 15.207008394795443 -0.9662630667034212 8.5
    endloop
  endfacet
  facet normal 0 0 1
    outer loop
      vertex 18.530733726918697 -10.695518128573895 8.5
      vertex 18.885586947202682 -10.527685061097145 8.5
      vertex 15.410754078967503 -1.102401580435444 8.5
    endloop
  endfacet
  facet normal 0 0 1
    outer loop
      vertex 18.885586947202682 -10.527685061097145 8.5
      vertex 19.22228093445301 -10.325878448784351 8.5
      vertex 15.637144153431922 -1.196175419665261 8.5
    endloop
  endfacet
  facet normal 0 0 1
    outer loop
      vertex 19.22228093445301 -10.325878448784351 8.5
      vertex 19.537573136389256 -10.092041812837124 8.5
      vertex 15.87747857458805 -1.2439809083402462 8.5
    endloop
  endfacet
  facet normal 0 0 1
    outer loop
      vertex 19.537573136389256 -10.092041812837124 8.5
      vertex 19.828427121043205 -9.828427121043205 8.5
      vertex 16 -1.25 8.5
    endloop
  endfacet
  facet normal 0 0 1
    outer loop
      vertex 19.828427121043205 -9.828427121043205 8.5
      vertex 20.092041812837124 -9.537573136389256 8.5
      vertex 16.24386290252016 -1.225981600504038 8.5
    endloop
  endfacet
  facet normal 0 0 1
    outer loop
      vertex 20.092041812837124 -9.537573136389256 8.5
      vertex 20.32587844878435 -9.22228093445301 8.5
      vertex 16.478354290456362 -1.1548494156391085 8.5
    endloop
  endfacet
  facet normal 0 0 1
    outer loop
      vertex 20.32587844878435 -9.22228093445301 8.5
      vertex 20.527685061097145 -8.885586947202682 8.5
      vertex 16.589245921032497 -1.102401580435444 8.5
    endloop
  endfacet
  facet normal 0 0 1
    outer loop
      vertex 20.527685061097145 -8.885586947202682 8.5
      vertex 20.695518128573895 -8.530733726918697 8.5
      vertex 16.792991605204556 -0.9662630667034212 8.5
    endloop
  endfacet
  facet normal 0 0 1
    outer loop
      vertex 20.695518128573895 -8.530733726918697 8.5
      vertex 20.827761344611645 -8.161138705909252 8.5
      vertex 16.966263066703423 -0.7929916052045569 8.5
    endloop
  endfacet
  facet normal 0 0 1
    outer loop
      vertex 20.827761344611645 -8.161138705909252 8.5
      vertex 20.92314112186432 -7.780361287295818 8.5
      vertex 17.03933701537818 -0.6944627912745027 8.5
    endloop
  endfacet
  facet normal 0 0 1
    outer loop
      vertex 20.92314112186432 -7.780361287295818 8.5
      vertex 20.980738908052444 -7.392068564891815 8.5
      vertex 17.15484941563911 -0.47835429045636224 8.5
    endloop
  endfacet
  facet normal 0 0 1
    outer loop
      vertex 20.980738908052444 -7.392068564891815 8.5
      vertex 21 -7 8.5
      vertex 17.19617541966526 -0.3628558465680779 8.5
    endloop
  endfacet
  facet normal 0 0 1
    outer loop
      vertex 18.161138705909252 -10.827761344611645 8.5
      vertex 15.033736933296579 -0.7929916052045569 8.5
      vertex 14.960662984621818 -0.6944627912745027 8.5
    endloop
  endfacet
  facet normal 0 0 1
    outer loop
      vertex 18.161138705909252 -10.827761344611645 8.5
      vertex 14.960662984621818 -0.6944627912745027 8.5
      vertex 14.897598419564556 -0.5892459210324971 8.5
    endloop
  endfacet
  facet normal 0 0 1
    outer loop
      vertex 18.161138705909252 -10.827761344611645 8.5
      vertex 15.116116523516816 -0.8838834764831844 8.5
      vertex 15.033736933296579 -0.7929916052045569 8.5
    endloop
  endfacet
  facet normal 0 0 1
    outer loop
      vertex 18.161138705909252 -10.827761344611645 8.5
      vertex 15.207008394795443 -0.9662630667034212 8.5
      vertex 15.116116523516816 -0.8838834764831844 8.5
    endloop
  endfacet
  facet normal 0 0 1
    outer loop
      vertex 18.530733726918697 -10.695518128573895 8.5
      vertex 15.305537208725497 -1.0393370153781816 8.5
      vertex 15.207008394795443 -0.9662630667034212 8.5
    endloop
  endfacet
  facet normal 0 0 1
    outer loop
      vertex 18.161138705909252 -10.827761344611645 8.5
      vertex 14.84515058436089 -0.47835429045636224 8.5
      vertex 14.803824580334739 -0.3628558465680779 8.5
    endloop
  endfacet
  facet normal 0 0 1
    outer loop
      vertex 18.161138705909252 -10.827761344611645 8.5
      vertex 14.897598419564556 -0.5892459210324971 8.5
      vertex 14.84515058436089 -0.47835429045636224 8.5
    endloop
  endfacet
  facet normal 0 0 1
    outer loop
      vertex 18.530733726918697 -10.695518128573895 8.5
      vertex 15.410754078967503 -1.102401580435444 8.5
      vertex 15.305537208725497 -1.0393370153781816 8.5
    endloop
  endfacet
  facet normal 0 0 1
    outer loop
      vertex 18.885586947202682 -10.527685061097145 8.5
      vertex 15.521645709543638 -1.1548494156391085 8.5
      vertex 15.410754078967503 -1.102401580435444 8.5
    endloop
  endfacet
  facet normal 0 0 1
    outer loop
      vertex 18.885586947202682 -10.527685061097145 8.5
      vertex 15.637144153431922 -1.196175419665261 8.5
      vertex 15.521645709543638 -1.1548494156391085 8.5
    endloop
  endfacet
  facet normal 0 0 1
    outer loop
      vertex 19.22228093445301 -10.325878448784351 8.5
      vertex 15.75613709747984 -1.225981600504038 8.5
      vertex 15.637144153431922 -1.196175419665261 8.5
    endloop
  endfacet
  facet normal 0 0 1
    outer loop
      vertex 19.22228093445301 -10.325878448784351 8.5
      vertex 15.87747857458805 -1.2439809083402462 8.5
      vertex 15.75613709747984 -1.225981600504038 8.5
    endloop
  endfacet
  facet normal 0 0 1
    outer loop
      vertex 19.537573136389256 -10.092041812837124 8.5
      vertex 16 -1.25 8.5
      vertex 15.87747857458805 -1.2439809083402462 8.5
    endloop
  endfacet
  facet normal 0 0 1
    outer loop
      vertex 19.828427121043205 -9.828427121043205 8.5
      vertex 16.12252142541195 -1.2439809083402462 8.5
      vertex 16 -1.25 8.5
    endloop
  endfacet
  facet normal 0 0 1
    outer loop
      vertex 19.828427121043205 -9.828427121043205 8.5
      vertex 16.24386290252016 -1.225981600504038 8.5
      vertex 16.12252142541195 -1.2439809083402462 8.5
    endloop
  endfacet
  facet normal 0 0 1
    outer loop
      vertex 20.092041812837124 -9.537573136389256 8.5
      vertex 16.362855846568078 -1.196175419665261 8.5
      vertex 16.24386290252016 -1.225981600504038 8.5
    endloop
  endfacet
  facet normal 0 0 1
    outer loop
      vertex 20.092041812837124 -9.537573136389256 8.5
      vertex 16.478354290456362 -1.1548494156391085 8.5
      vertex 16.362855846568078 -1.196175419665261 8.5
    endloop
  endfacet
  facet normal 0 0 1
    outer loop
      vertex 20.32587844878435 -9.22228093445301 8.5
      vertex 16.589245921032497 -1.102401580435444 8.5
      vertex 16.478354290456362 -1.1548494156391085 8.5
    endloop
  endfacet
  facet normal 0 0 1
    outer loop
      vertex 20.527685061097145 -8.885586947202682 8.5
      vertex 16.694462791274503 -1.0393370153781816 8.5
      vertex 16.589245921032497 -1.102401580435444 8.5
    endloop
  endfacet
  facet normal 0 0 1
    outer loop
      vertex 20.527685061097145 -8.885586947202682 8.5
      vertex 16.792991605204556 -0.9662630667034212 8.5
      vertex 16.694462791274503 -1.0393370153781816 8.5
    endloop
  endfacet
  facet normal 0 0 1
    outer loop
      vertex 20.695518128573895 -8.530733726918697 8.5
      vertex 16.883883476483184 -0.8838834764831844 8.5
      vertex 16.792991605204556 -0.9662630667034212 8.5
    endloop
  endfacet
  facet normal 0 0 1
    outer loop
      vertex 20.695518128573895 -8.530733726918697 8.5
      vertex 16.966263066703423 -0.7929916052045569 8.5
      vertex 16.883883476483184 -0.8838834764831844 8.5
    endloop
  endfacet
  facet normal 0 0 1
    outer loop
      vertex 20.827761344611645 -8.161138705909252 8.5
      vertex 17.03933701537818 -0.6944627912745027 8.5
      vertex 16.966263066703423 -0.7929916052045569 8.5
    endloop
  endfacet
  facet normal 0 0 1
    outer loop
      vertex 20.92314112186432 -7.780361287295818 8.5
      vertex 17.102401580435444 -0.5892459210324971 8.5
      vertex 17.03933701537818 -0.6944627912745027 8.5
    endloop
  endfacet
  facet normal 0 0 1
    outer loop
      vertex 20.92314112186432 -7.780361287295818 8.5
      vertex 17.15484941563911 -0.47835429045636224 8.5
      vertex 17.102401580435444 -0.5892459210324971 8.5
    endloop
  endfacet
  facet normal 0 0 1
    outer loop
      vertex 20.980738908052444 -7.392068564891815 8.5
      vertex 17.19617541966526 -0.3628558465680779 8.5
      vertex 17.15484941563911 -0.47835429045636224 8.5
    endloop
  endfacet
  facet normal 0 0 1
    outer loop
      vertex 21 -7 8.5
      vertex 17.22598160050404 -0.2438629025201603 8.5
      vertex 17.19617541966526 -0.3628558465680779 8.5
    endloop
  endfacet
  facet normal 0 0 1
    outer loop
      vertex 21 -7 8.5
      vertex 17.243980908340248 -0.12252142541195075 8.5
      vertex 17.22598160050404 -0.2438629025201603 8.5
    endloop
  endfacet
  facet normal 0 0 1
    outer loop
      vertex 21 -7 8.5
      vertex 21 7 8.5
      vertex 17.243980908340248 -0.12252142541195075 8.5
    endloop
  endfacet
  facet normal -1 0 0
    outer loop
      vertex 11 11 8.5
      vertex 11 10.787458278238773 3.0485141277313232
      vertex 11 10.696645304560661 3.200026422739029
    endloop
  endfacet
  facet normal -1 0 0
    outer loop
      vertex 11 11 8.5
      vertex 11 10.696645304560661 3.200026422739029
      vertex 11 10.591418817639351 3.341907911002636
    endloop
  endfacet
  facet normal -1 0 0
    outer loop
      vertex 11 11 8.5
      vertex 11 10.591418817639351 3.341907911002636
      vertex 11 10.472792208194733 3.4727922081947327
    endloop
  endfacet
  facet normal -1 0 0
    outer loop
      vertex 11 11 8.5
      vertex 11 10.472792208194733 3.4727922081947327
      vertex 11 10.341907911002636 3.591418817639351
    endloop
  endfacet
  facet normal -1 0 0
    outer loop
      vertex 11 11 8.5
      vertex 11 10.341907911002636 3.591418817639351
      vertex 11 10.200026422739029 3.6966453045606613
    endloop
  endfacet
  facet normal -1 0 0
    outer loop
      vertex 11 11 8.5
      vertex 11 11 2.5
      vertex 11 10.9913325086236 2.376430854201317
    endloop
  endfacet
  facet normal -1 0 0
    outer loop
      vertex 11 11 8.5
      vertex 11 10.9913325086236 2.376430854201317
      vertex 11 10.965413503348827 2.551162578165531
    endloop
  endfacet
  facet normal -1 0 0
    outer loop
      vertex 11 11 8.5
      vertex 11 10.965413503348827 2.551162578165531
      vertex 11 10.92249260097742 2.7225124165415764
    endloop
  endfacet
  facet normal -1 0 0
    outer loop
      vertex 11 11 8.5
      vertex 11 10.92249260097742 2.7225124165415764
      vertex 11 10.862983159720898 2.888830177485943
    endloop
  endfacet
  facet normal -1 0 0
    outer loop
      vertex 11 11 8.5
      vertex 11 10.862983159720898 2.888830177485943
      vertex 11 10.787458278238773 3.0485141277313232
    endloop
  endfacet
  facet normal -1 0 0
    outer loop
      vertex 11 11 8.5
      vertex 11 9.376430854201317 3.9913325086236
      vertex 11 9.200000002980232 4
    endloop
  endfacet
  facet normal -1 0 0
    outer loop
      vertex 11 11 8.5
      vertex 11 9.722512416541576 3.922492600977421
      vertex 11 9.551162578165531 3.9654135033488274
    endloop
  endfacet
  facet normal -1 0 0
    outer loop
      vertex 11 11 8.5
      vertex 11 9.551162578165531 3.9654135033488274
      vertex 11 9.376430854201317 3.9913325086236
    endloop
  endfacet
  facet normal -1 0 0
    outer loop
      vertex 11 11 8.5
      vertex 11 10.200026422739029 3.6966453045606613
      vertex 11 10.048514127731323 3.7874582782387733
    endloop
  endfacet
  facet normal -1 0 0
    outer loop
      vertex 11 11 8.5
      vertex 11 9.888830177485943 3.8629831597208977
      vertex 11 9.722512416541576 3.922492600977421
    endloop
  endfacet
  facet normal -1 0 0
    outer loop
      vertex 11 11 8.5
      vertex 11 10.048514127731323 3.7874582782387733
      vertex 11 9.888830177485943 3.8629831597208977
    endloop
  endfacet
  facet normal -1 0 0
    outer loop
      vertex 11 -11 8.5
      vertex 11 11 8.5
      vertex 11 9.200000002980232 4
    endloop
  endfacet
  facet normal 0 0 1
    outer loop
      vertex 11 11 8.5
      vertex 14.803824580334739 -0.3628558465680779 8.5
      vertex 14.774018399495962 -0.2438629025201603 8.5
    endloop
  endfacet
  facet normal 0 0 1
    outer loop
      vertex 11 11 8.5
      vertex 14.774018399495962 -0.2438629025201603 8.5
      vertex 14.756019091659754 -0.12252142541195075 8.5
    endloop
  endfacet
  facet normal 0 0 1
    outer loop
      vertex 11 11 8.5
      vertex 14.756019091659754 -0.12252142541195075 8.5
      vertex 14.75 0 8.5
    endloop
  endfacet
  facet normal 0 0 1
    outer loop
      vertex 11 11 8.5
      vertex 14.75 0 8.5
      vertex 14.756019091659754 0.12252142541195075 8.5
    endloop
  endfacet
  facet normal 0 0 1
    outer loop
      vertex 11 11 8.5
      vertex 14.756019091659754 0.12252142541195075 8.5
      vertex 14.774018399495962 0.2438629025201603 8.5
    endloop
  endfacet
  facet normal 0 0 1
    outer loop
      vertex 11 11 8.5
      vertex 14.774018399495962 0.2438629025201603 8.5
      vertex 14.803824580334739 0.3628558465680779 8.5
    endloop
  endfacet
  facet normal 0 0 1
    outer loop
      vertex 11 11 8.5
      vertex 14.803824580334739 0.3628558465680779 8.5
      vertex 14.84515058436089 0.47835429045636224 8.5
    endloop
  endfacet
  facet normal 0 0 1
    outer loop
      vertex 11 11 8.5
      vertex 14.84515058436089 0.47835429045636224 8.5
      vertex 14.897598419564556 0.5892459210324971 8.5
    endloop
  endfacet
  facet normal 0 0 1
    outer loop
      vertex 11 11 8.5
      vertex 14.897598419564556 0.5892459210324971 8.5
      vertex 14.960662984621818 0.6944627912745027 8.5
    endloop
  endfacet
  facet normal 0 0 1
    outer loop
      vertex 11 11 8.5
      vertex 14.960662984621818 0.6944627912745027 8.5
      vertex 15.033736933296579 0.7929916052045569 8.5
    endloop
  endfacet
  facet normal 0 0 1
    outer loop
      vertex 11 11 8.5
      vertex 15.033736933296579 0.7929916052045569 8.5
      vertex 15.116116523516816 0.8838834764831844 8.5
    endloop
  endfacet
  facet normal 0 0 1
    outer loop
      vertex 11 11 8.5
      vertex 15.116116523516816 0.8838834764831844 8.5
      vertex 15.207008394795443 0.9662630667034212 8.5
    endloop
  endfacet
  facet normal 0 0 1
    outer loop
      vertex 11 11 8.5
      vertex 15.207008394795443 0.9662630667034212 8.5
      vertex 15.305537208725497 1.0393370153781816 8.5
    endloop
  endfacet
  facet normal 0 0 1
    outer loop
      vertex 11 11 8.5
      vertex 15.305537208725497 1.0393370153781816 8.5
      vertex 15.410754078967503 1.102401580435444 8.5
    endloop
  endfacet
  facet normal 0 0 1
    outer loop
      vertex 11 11 8.5
      vertex 15.410754078967503 1.102401580435444 8.5
      vertex 15.521645709543638 1.1548494156391085 8.5
    endloop
  endfacet
  facet normal 0 0 1
    outer loop
      vertex 11 11 8.5
      vertex 15.521645709543638 1.1548494156391085 8.5
      vertex 15.637144153431922 1.196175419665261 8.5
    endloop
  endfacet
  facet normal 0 0 1
    outer loop
      vertex 11 11 8.5
      vertex 15.637144153431922 1.196175419665261 8.5
      vertex 15.75613709747984 1.225981600504038 8.5
    endloop
  endfacet
  facet normal 0 0 1
    outer loop
      vertex 11 11 8.5
      vertex 15.75613709747984 1.225981600504038 8.5
      vertex 15.87747857458805 1.2439809083402462 8.5
    endloop
  endfacet
  facet normal 0 0 1
    outer loop
      vertex 11 11 8.5
      vertex 15.87747857458805 1.2439809083402462 8.5
      vertex 16 1.25 8.5
    endloop
  endfacet
  facet normal 0 0 1
    outer loop
      vertex 11 11 8.5
      vertex 16 1.25 8.5
      vertex 16.12252142541195 1.2439809083402462 8.5
    endloop
  endfacet
  facet normal 0 0 1
    outer loop
      vertex 11 11 8.5
      vertex 16.12252142541195 1.2439809083402462 8.5
      vertex 16.24386290252016 1.225981600504038 8.5
    endloop
  endfacet
  facet normal 0 0 1
    outer loop
      vertex 11 11 8.5
      vertex 16.24386290252016 1.225981600504038 8.5
      vertex 16.362855846568078 1.196175419665261 8.5
    endloop
  endfacet
  facet normal 0 0 1
    outer loop
      vertex 21 7 8.5
      vertex 16.589245921032497 1.102401580435444 8.5
      vertex 16.694462791274503 1.0393370153781816 8.5
    endloop
  endfacet
  facet normal 0 0 1
    outer loop
      vertex 21 7 8.5
      vertex 16.694462791274503 1.0393370153781816 8.5
      vertex 16.792991605204556 0.9662630667034212 8.5
    endloop
  endfacet
  facet normal 0 0 1
    outer loop
      vertex 21 7 8.5
      vertex 16.966263066703423 0.7929916052045569 8.5
      vertex 17.03933701537818 0.6944627912745027 8.5
    endloop
  endfacet
  facet normal 0 0 1
    outer loop
      vertex 21 7 8.5
      vertex 16.792991605204556 0.9662630667034212 8.5
      vertex 16.883883476483184 0.8838834764831844 8.5
    endloop
  endfacet
  facet normal 0 0 1
    outer loop
      vertex 21 7 8.5
      vertex 16.883883476483184 0.8838834764831844 8.5
      vertex 16.966263066703423 0.7929916052045569 8.5
    endloop
  endfacet
  facet normal 0 0 1
    outer loop
      vertex 21 7 8.5
      vertex 16.362855846568078 1.196175419665261 8.5
      vertex 16.478354290456362 1.1548494156391085 8.5
    endloop
  endfacet
  facet normal 0 0 1
    outer loop
      vertex 21 7 8.5
      vertex 16.478354290456362 1.1548494156391085 8.5
      vertex 16.589245921032497 1.102401580435444 8.5
    endloop
  endfacet
  facet normal 0 0 1
    outer loop
      vertex 11 11 8.5
      vertex 16.362855846568078 1.196175419665261 8.5
      vertex 21 7 8.5
    endloop
  endfacet
  facet normal 0 0 1
    outer loop
      vertex 21 7 8.5
      vertex 17.25 0 8.5
      vertex 17.243980908340248 -0.12252142541195075 8.5
    endloop
  endfacet
  facet normal 0 0 1
    outer loop
      vertex 21 7 8.5
      vertex 17.243980908340248 0.12252142541195075 8.5
      vertex 17.25 0 8.5
    endloop
  endfacet
  facet normal 0 0 1
    outer loop
      vertex 21 7 8.5
      vertex 17.22598160050404 0.2438629025201603 8.5
      vertex 17.243980908340248 0.12252142541195075 8.5
    endloop
  endfacet
  facet normal 0 0 1
    outer loop
      vertex 21 7 8.5
      vertex 17.15484941563911 0.47835429045636224 8.5
      vertex 17.19617541966526 0.3628558465680779 8.5
    endloop
  endfacet
  facet normal 0 0 1
    outer loop
      vertex 21 7 8.5
      vertex 17.19617541966526 0.3628558465680779 8.5
      vertex 17.22598160050404 0.2438629025201603 8.5
    endloop
  endfacet
  facet normal 0 0 1
    outer loop
      vertex 21 7 8.5
      vertex 17.03933701537818 0.6944627912745027 8.5
      vertex 17.102401580435444 0.5892459210324971 8.5
    endloop
  endfacet
  facet normal 0 0 1
    outer loop
      vertex 21 7 8.5
      vertex 17.102401580435444 0.5892459210324971 8.5
      vertex 17.15484941563911 0.47835429045636224 8.5
    endloop
  endfacet
  facet normal 0 0 1
    outer loop
      vertex 11 11 8.5
      vertex 21 7 8.5
      vertex 17 11 8.5
    endloop
  endfacet
  facet normal 0 0 1
    outer loop
      vertex 21 7 8.5
      vertex 17.392068564891815 10.980738908052444 8.5
      vertex 17 11 8.5
    endloop
  endfacet
  facet normal 0 0 1
    outer loop
      vertex 21 7 8.5
      vertex 17.78036128729582 10.923141121864319 8.5
      vertex 17.392068564891815 10.980738908052444 8.5
    endloop
  endfacet
  facet normal 0 0 1
    outer loop
      vertex 21 7 8.5
      vertex 18.161138705909252 10.827761344611645 8.5
      vertex 17.78036128729582 10.923141121864319 8.5
    endloop
  endfacet
  facet normal 0 0 1
    outer loop
      vertex 21 7 8.5
      vertex 18.530733726918697 10.695518128573895 8.5
      vertex 18.161138705909252 10.827761344611645 8.5
    endloop
  endfacet
  facet normal 0 0 1
    outer loop
      vertex 21 7 8.5
      vertex 18.885586947202682 10.527685061097145 8.5
      vertex 18.530733726918697 10.695518128573895 8.5
    endloop
  endfacet
  facet normal 0 0 1
    outer loop
      vertex 21 7 8.5
      vertex 19.22228093445301 10.325878448784351 8.5
      vertex 18.885586947202682 10.527685061097145 8.5
    endloop
  endfacet
  facet normal 0 0 1
    outer loop
      vertex 21 7 8.5
      vertex 19.537573136389256 10.092041812837124 8.5
      vertex 19.22228093445301 10.325878448784351 8.5
    endloop
  endfacet
  facet normal 0 0 1
    outer loop
      vertex 20.980738908052444 7.392068564891815 8.5
      vertex 19.828427121043205 9.828427121043205 8.5
      vertex 19.537573136389256 10.092041812837124 8.5
    endloop
  endfacet
  facet normal 0 0 1
    outer loop
      vertex 20.92314112186432 7.780361287295818 8.5
      vertex 20.092041812837124 9.537573136389256 8.5
      vertex 19.828427121043205 9.828427121043205 8.5
    endloop
  endfacet
  facet normal 0 0 1
    outer loop
      vertex 21 7 8.5
      vertex 20.980738908052444 7.392068564891815 8.5
      vertex 19.537573136389256 10.092041812837124 8.5
    endloop
  endfacet
  facet normal 0 0 1
    outer loop
      vertex 20.980738908052444 7.392068564891815 8.5
      vertex 20.92314112186432 7.780361287295818 8.5
      vertex 19.828427121043205 9.828427121043205 8.5
    endloop
  endfacet
  facet normal 0 0 1
    outer loop
      vertex 20.92314112186432 7.780361287295818 8.5
      vertex 20.827761344611645 8.161138705909252 8.5
      vertex 20.092041812837124 9.537573136389256 8.5
    endloop
  endfacet
  facet normal 0 0 1
    outer loop
      vertex 20.827761344611645 8.161138705909252 8.5
      vertex 20.695518128573895 8.530733726918697 8.5
      vertex 20.32587844878435 9.22228093445301 8.5
    endloop
  endfacet
  facet normal 0 0 1
    outer loop
      vertex 20.695518128573895 8.530733726918697 8.5
      vertex 20.527685061097145 8.885586947202682 8.5
      vertex 20.32587844878435 9.22228093445301 8.5
    endloop
  endfacet
  facet normal 0 0 1
    outer loop
      vertex 20.827761344611645 8.161138705909252 8.5
      vertex 20.32587844878435 9.22228093445301 8.5
      vertex 20.092041812837124 9.537573136389256 8.5
    endloop
  endfacet
  facet normal 0 -0.33688986487356093 -0.9415440610749312
    outer loop
      vertex 12 18.54329141974449 0.19030117243528366
      vertex 12 18.774288304150105 0.10764916241168976
      vertex 20.152015055618133 18.54329141974449 0.19030117243528366
    endloop
  endfacet
  facet normal -8.737891656108362e-18 -0.42755507275038784 -0.9039893029043046
    outer loop
      vertex 12 18.321508154273033 0.2951968386769295
      vertex 12 18.54329141974449 0.19030117243528366
      vertex 20.092041812837124 18.462426863610744 0.2285472568409439
    endloop
  endfacet
  facet normal -8.354722034535334e-17 -0.5141027452311838 -0.8577286093781414
    outer loop
      vertex 12 18.111074417829514 0.4213259667158127
      vertex 12 18.321508154273033 0.2951968386769295
      vertex 19.828427121043205 18.171572878956795 0.3850645844933549
    endloop
  endfacet
  facet normal 0 -0.5956993111009283 -0.803207526579451
    outer loop
      vertex 12 17.914016790688038 0.567473866045475
      vertex 12 18.111074417829514 0.4213259667158127
      vertex 19.54425777511231 17.914016790688038 0.567473866045475
    endloop
  endfacet
  facet normal 9.25680676532228e-17 -0.24298018143504357 -0.970031252810853
    outer loop
      vertex 12 18.774288304150105 0.10764916241168976
      vertex 12 19.01227419823408 0.04803679883480072
      vertex 20.32587844878435 18.77771906554699 0.10678980141248573
    endloop
  endfacet
  facet normal -7.296528901817196e-17 -0.1467304656289296 -0.9891765112740585
    outer loop
      vertex 12 19.01227419823408 0.04803679883480072
      vertex 12 19.254957146942616 0.012038186192512512
      vertex 20.527685061097145 19.114413052797318 0.03288593190856659
    endloop
  endfacet
  facet normal 0 -0.04906768556344165 -0.998795455653182
    outer loop
      vertex 12 19.254957146942616 0.012038186192512512
      vertex 12 19.5 0
      vertex 20.59415746458067 19.254957146942616 0.012038186192512512
    endloop
  endfacet
  facet normal 0 0 -1
    outer loop
      vertex 12 19.5 0
      vertex 12 21.045454545454547 0
      vertex 20.70651483214813 19.5 0
    endloop
  endfacet
  facet normal 0 -0.6715589557743872 -0.7409511245144411
    outer loop
      vertex 12 17.73223304748535 0.7322330474853516
      vertex 12 17.914016790688038 0.567473866045475
      vertex 19.30063521603282 17.73223304748535 0.7322330474853516
    endloop
  endfacet
  facet normal 5.286693802448801e-17 -0.740951124514441 -0.6715589557743872
    outer loop
      vertex 12 17.567473866045475 0.9140167906880379
      vertex 12 17.73223304748535 0.7322330474853516
      vertex 19.22228093445301 17.67412155121565 0.7963492030931683
    endloop
  endfacet
  facet normal -1.540334592050495e-17 -0.8032075265794509 -0.5956993111009283
    outer loop
      vertex 12 17.421325966715813 1.1110744178295135
      vertex 12 17.567473866045475 0.9140167906880379
      vertex 18.885586947202682 17.472314938902855 1.0423237487083874
    endloop
  endfacet
  facet normal 5.259909090276597e-17 -0.970031252810853 -0.2429801814350436
    outer loop
      vertex 12 17.0480367988348 2.0122741982340813
      vertex 12 17.10764916241169 1.7742883041501045
      vertex 17.78036128729582 17.07685887813568 1.8972100085222934
    endloop
  endfacet
  facet normal 0 -0.9891765112740586 -0.14673046562892847
    outer loop
      vertex 17.392068564891815 17.019261091947556 2.2062642685726725
      vertex 12 17.0480367988348 2.0122741982340813
      vertex 17.58605861738886 17.0480367988348 2.0122741982340813
    endloop
  endfacet
  facet normal -3.870605011721236e-17 -0.8577286093781414 -0.5141027452311838
    outer loop
      vertex 12 17.29519683867693 1.3215081542730331
      vertex 12 17.421325966715813 1.1110744178295135
      vertex 18.530733726918697 17.304481871426105 1.3060170130530029
    endloop
  endfacet
  facet normal 0 -0.9039893029043046 -0.42755507275038784
    outer loop
      vertex 12 17.190301172435284 1.5432914197444916
      vertex 12 17.29519683867693 1.3215081542730331
      vertex 18.211620058128766 17.190301172435284 1.5432914197444916
    endloop
  endfacet
  facet normal 0 -0.9415440610749312 -0.33688986487356093
    outer loop
      vertex 12 17.10764916241169 1.7742883041501045
      vertex 12 17.190301172435284 1.5432914197444916
      vertex 17.903282993580927 17.10764916241169 1.7742883041501045
    endloop
  endfacet
  facet normal 0 0 -1
    outer loop
      vertex 12 21.045454545454547 0
      vertex 12 36.5 0
      vertex 21 21 0
    endloop
  endfacet
  facet normal 0 -0.4275550727503871 -0.9039893029043049
    outer loop
      vertex 12 18.54329141974449 0.19030117243528366
      vertex 20.152015055618133 18.54329141974449 0.19030117243528366
      vertex 20.092041812837124 18.462426863610744 0.2285472568409439
    endloop
  endfacet
  facet normal 0 -0.5141027452311807 -0.8577286093781434
    outer loop
      vertex 12 18.321508154273033 0.2951968386769295
      vertex 19.9643205365608 18.321508154273033 0.2951968386769295
      vertex 19.828427121043205 18.171572878956795 0.3850645844933549
    endloop
  endfacet
  facet normal 0 -0.4275550727503882 -0.9039893029043043
    outer loop
      vertex 12 18.321508154273033 0.2951968386769295
      vertex 20.092041812837124 18.462426863610744 0.2285472568409439
      vertex 19.9643205365608 18.321508154273033 0.2951968386769295
    endloop
  endfacet
  facet normal 0 -0.5141027452311918 -0.8577286093781367
    outer loop
      vertex 12 18.111074417829514 0.4213259667158127
      vertex 19.828427121043205 18.171572878956795 0.3850645844933549
      vertex 19.761677356966864 18.111074417829514 0.4213259667158127
    endloop
  endfacet
  facet normal 0 -0.5956993111009283 -0.8032075265794508
    outer loop
      vertex 12 18.111074417829514 0.4213259667158127
      vertex 19.761677356966864 18.111074417829514 0.4213259667158127
      vertex 19.54425777511231 17.914016790688038 0.567473866045475
    endloop
  endfacet
  facet normal 0 -0.14673046562893555 -0.9891765112740576
    outer loop
      vertex 12 19.01227419823408 0.04803679883480072
      vertex 20.527685061097145 19.114413052797318 0.03288593190856659
      vertex 20.4664653868367 19.01227419823408 0.04803679883480072
    endloop
  endfacet
  facet normal 0 -0.2429801814348322 -0.9700312528109061
    outer loop
      vertex 12 18.774288304150105 0.10764916241168976
      vertex 20.32587844878435 18.77771906554699 0.10678980141248573
      vertex 20.323334022696873 18.774288304150105 0.10764916241168976
    endloop
  endfacet
  facet normal 0 -0.24298018143504668 -0.9700312528108523
    outer loop
      vertex 12 19.01227419823408 0.04803679883480072
      vertex 20.4664653868367 19.01227419823408 0.04803679883480072
      vertex 20.32587844878435 18.77771906554699 0.10678980141248573
    endloop
  endfacet
  facet normal 0 -0.14673046562892525 -0.989176511274059
    outer loop
      vertex 12 19.254957146942616 0.012038186192512512
      vertex 20.59415746458067 19.254957146942616 0.012038186192512512
      vertex 20.527685061097145 19.114413052797318 0.03288593190856659
    endloop
  endfacet
  facet normal 0 -0.33688986487356093 -0.9415440610749312
    outer loop
      vertex 12 18.774288304150105 0.10764916241168976
      vertex 20.323334022696873 18.774288304150105 0.10764916241168976
      vertex 20.152015055618133 18.54329141974449 0.19030117243528366
    endloop
  endfacet
  facet normal -4.321968385656294e-18 -0.04906768556344181 -0.998795455653182
    outer loop
      vertex 12 19.5 0
      vertex 20.695518128573895 19.469266273081303 0.0015098515317664152
      vertex 20.59415746458067 19.254957146942616 0.012038186192512512
    endloop
  endfacet
  facet normal 0 -0.04906768556344057 -0.998795455653182
    outer loop
      vertex 12 19.5 0
      vertex 20.70651483214813 19.5 0
      vertex 20.695518128573895 19.469266273081303 0.0015098515317664152
    endloop
  endfacet
  facet normal 0 0 -1
    outer loop
      vertex 12 21.045454545454547 0
      vertex 20.827761344611645 19.838861294090748 0
      vertex 20.70651483214813 19.5 0
    endloop
  endfacet
  facet normal 3.0292420537037475e-18 -0.6715589557743871 -0.7409511245144411
    outer loop
      vertex 12 17.914016790688038 0.567473866045475
      vertex 19.537573136389256 17.907958187162876 0.5729650642125268
      vertex 19.30063521603282 17.73223304748535 0.7322330474853516
    endloop
  endfacet
  facet normal 0 -0.740951124514444 -0.671558955774384
    outer loop
      vertex 12 17.73223304748535 0.7322330474853516
      vertex 19.30063521603282 17.73223304748535 0.7322330474853516
      vertex 19.22228093445301 17.67412155121565 0.7963492030931683
    endloop
  endfacet
  facet normal 0 -0.6715589557743891 -0.7409511245144392
    outer loop
      vertex 12 17.914016790688038 0.567473866045475
      vertex 19.54425777511231 17.914016790688038 0.567473866045475
      vertex 19.537573136389256 17.907958187162876 0.5729650642125268
    endloop
  endfacet
  facet normal 0 -0.7409511245144395 -0.6715589557743888
    outer loop
      vertex 12 17.567473866045475 0.9140167906880379
      vertex 19.22228093445301 17.67412155121565 0.7963492030931683
      vertex 19.04435002357033 17.567473866045475 0.9140167906880379
    endloop
  endfacet
  facet normal 0 -0.8032075265794505 -0.5956993111009289
    outer loop
      vertex 12 17.567473866045475 0.9140167906880379
      vertex 19.04435002357033 17.567473866045475 0.9140167906880379
      vertex 18.885586947202682 17.472314938902855 1.0423237487083874
    endloop
  endfacet
  facet normal 0 -0.9700312528108537 -0.2429801814350413
    outer loop
      vertex 12 17.10764916241169 1.7742883041501045
      vertex 17.903282993580927 17.10764916241169 1.7742883041501045
      vertex 17.78036128729582 17.07685887813568 1.8972100085222934
    endloop
  endfacet
  facet normal 0 -0.9700312528108526 -0.2429801814350461
    outer loop
      vertex 12 17.0480367988348 2.0122741982340813
      vertex 17.78036128729582 17.07685887813568 1.8972100085222934
      vertex 17.58605861738886 17.0480367988348 2.0122741982340813
    endloop
  endfacet
  facet normal 0 -0.8577286093781488 -0.5141027452311719
    outer loop
      vertex 12 17.29519683867693 1.3215081542730331
      vertex 18.530733726918697 17.304481871426105 1.3060170130530029
      vertex 18.50478379937742 17.29519683867693 1.3215081542730331
    endloop
  endfacet
  facet normal 0 -0.8032075265794516 -0.5956993111009273
    outer loop
      vertex 12 17.421325966715813 1.1110744178295135
      vertex 18.885586947202682 17.472314938902855 1.0423237487083874
      vertex 18.777779819253663 17.421325966715813 1.1110744178295135
    endloop
  endfacet
  facet normal 0 -0.857728609378141 -0.5141027452311848
    outer loop
      vertex 12 17.421325966715813 1.1110744178295135
      vertex 18.777779819253663 17.421325966715813 1.1110744178295135
      vertex 18.530733726918697 17.304481871426105 1.3060170130530029
    endloop
  endfacet
  facet normal 0 -0.9039893029043046 -0.42755507275038784
    outer loop
      vertex 12 17.29519683867693 1.3215081542730331
      vertex 18.50478379937742 17.29519683867693 1.3215081542730331
      vertex 18.211620058128766 17.190301172435284 1.5432914197444916
    endloop
  endfacet
  facet normal 0 -0.9415440610749326 -0.33688986487355715
    outer loop
      vertex 12 17.190301172435284 1.5432914197444916
      vertex 18.211620058128766 17.190301172435284 1.5432914197444916
      vertex 18.161138705909252 17.172238655388355 1.5937727711498928
    endloop
  endfacet
  facet normal 4.4999075522200803e-17 -0.9415440610749308 -0.336889864873562
    outer loop
      vertex 12 17.190301172435284 1.5432914197444916
      vertex 18.161138705909252 17.172238655388355 1.5937727711498928
      vertex 17.903282993580927 17.10764916241169 1.7742883041501045
    endloop
  endfacet
  facet normal 0 0 -1
    outer loop
      vertex 12 21.045454545454547 0
      vertex 20.92314112186432 20.21963871270418 0
      vertex 20.827761344611645 19.838861294090748 0
    endloop
  endfacet
  facet normal 0 0 -1
    outer loop
      vertex 12 21.045454545454547 0
      vertex 20.980738908052444 20.607931435108185 0
      vertex 20.92314112186432 20.21963871270418 0
    endloop
  endfacet
  facet normal 0 0 -1
    outer loop
      vertex 12 21.045454545454547 0
      vertex 21 21 0
      vertex 20.980738908052444 20.607931435108185 0
    endloop
  endfacet
  facet normal -1 0 0
    outer loop
      vertex 11 17 2.5
      vertex 11 17.0086674913764 2.376430854201317
      vertex 11 17.00736902800577 2.350000023432444
    endloop
  endfacet
  facet normal -1 0 0
    outer loop
      vertex 11 17.034586496651173 2.551162578165531
      vertex 11 17.0086674913764 2.376430854201317
      vertex 11 17 2.5
    endloop
  endfacet
  facet normal -3.592328231560091e-15 -0.998795455653181 -0.049067685563459286
    outer loop
      vertex 11 17 2.5
      vertex 11 17.00736902800577 2.350000023432444
      vertex 12 17.007369028005765 2.350000023432443
    endloop
  endfacet
  facet normal 4.837792633468785e-16 -0.9987954556531814 -0.049067685563451494
    outer loop
      vertex 12 17.007369028005765 2.350000023432443
      vertex 12 17.012038186192513 2.2549571469426155
      vertex 17 17 2.5
    endloop
  endfacet
  facet normal 4.065098522017126e-17 -0.9891765112740585 -0.14673046562892958
    outer loop
      vertex 12 17.012038186192513 2.2549571469426155
      vertex 12 17.0480367988348 2.0122741982340813
      vertex 17.392068564891815 17.019261091947556 2.2062642685726725
    endloop
  endfacet
  facet normal 0 -0.9987954556531822 -0.0490676855634354
    outer loop
      vertex 11 17 2.5
      vertex 12 17.007369028005765 2.350000023432443
      vertex 17 17 2.5
    endloop
  endfacet
  facet normal 0 -0.9891765112740578 -0.14673046562893396
    outer loop
      vertex 12 17.012038186192513 2.2549571469426155
      vertex 17.392068564891815 17.019261091947556 2.2062642685726725
      vertex 17.24504292888742 17.012038186192513 2.2549571469426155
    endloop
  endfacet
  facet normal 0 -0.9987954556531818 -0.04906768556344165
    outer loop
      vertex 12 17.012038186192513 2.2549571469426155
      vertex 17.24504292888742 17.012038186192513 2.2549571469426155
      vertex 17 17 2.5
    endloop
  endfacet
  facet normal 0 0 -1
    outer loop
      vertex 12 21.045454545454547 0
      vertex 11.086956518147641 36.5 0
      vertex 12 36.5 0
    endloop
  endfacet
  facet normal 0 0.04906768556344165 -0.998795455653182
    outer loop
      vertex 12 36.5 0
      vertex 12 36.745042853057384 0.012038186192512512
      vertex 20.59415746458067 36.745042853057384 0.012038186192512512
    endloop
  endfacet
  facet normal 0 0.14673046562892958 -0.9891765112740584
    outer loop
      vertex 12 36.745042853057384 0.012038186192512512
      vertex 12 36.98772580176592 0.04803679883480072
      vertex 20.4664653868367 36.98772580176592 0.04803679883480072
    endloop
  endfacet
  facet normal 0 0.2429801814350436 -0.9700312528108531
    outer loop
      vertex 12 36.98772580176592 0.04803679883480072
      vertex 12 37.225711695849895 0.10764916241168976
      vertex 20.323334022696873 37.225711695849895 0.10764916241168976
    endloop
  endfacet
  facet normal 0 0.33688986487356093 -0.9415440610749312
    outer loop
      vertex 12 37.225711695849895 0.10764916241168976
      vertex 12 37.45670858025551 0.19030117243528366
      vertex 20.152015055618133 37.45670858025551 0.19030117243528366
    endloop
  endfacet
  facet normal 0 0.4275550727503879 -0.9039893029043046
    outer loop
      vertex 12 37.45670858025551 0.19030117243528366
      vertex 12 37.67849184572697 0.2951968386769295
      vertex 19.9643205365608 37.67849184572697 0.2951968386769295
    endloop
  endfacet
  facet normal 0 0.5141027452311839 -0.8577286093781415
    outer loop
      vertex 12 37.88892558217049 0.4213259667158127
      vertex 19.761677356966864 37.88892558217049 0.4213259667158127
      vertex 12 37.67849184572697 0.2951968386769295
    endloop
  endfacet
  facet normal 0 0.5956993111009283 -0.803207526579451
    outer loop
      vertex 12 38.08598320931196 0.567473866045475
      vertex 19.54425777511231 38.08598320931196 0.567473866045475
      vertex 12 37.88892558217049 0.4213259667158127
    endloop
  endfacet
  facet normal 0 0.6715589557743872 -0.7409511245144411
    outer loop
      vertex 12 38.26776695251465 0.7322330474853516
      vertex 19.30063521603282 38.26776695251465 0.7322330474853516
      vertex 12 38.08598320931196 0.567473866045475
    endloop
  endfacet
  facet normal 0 0.7409511245144411 -0.6715589557743871
    outer loop
      vertex 12 38.26776695251465 0.7322330474853516
      vertex 12 38.432526133954525 0.9140167906880379
      vertex 19.04435002357033 38.432526133954525 0.9140167906880379
    endloop
  endfacet
  facet normal 0 0.8032075265794509 -0.5956993111009284
    outer loop
      vertex 12 38.57867403328419 1.1110744178295135
      vertex 18.777779819253663 38.57867403328419 1.1110744178295135
      vertex 12 38.432526133954525 0.9140167906880379
    endloop
  endfacet
  facet normal 0 0.8577286093781414 -0.5141027452311838
    outer loop
      vertex 12 38.57867403328419 1.1110744178295135
      vertex 12 38.70480316132307 1.3215081542730331
      vertex 18.50478379937742 38.70480316132307 1.3215081542730331
    endloop
  endfacet
  facet normal 0 0.9039893029043046 -0.42755507275038784
    outer loop
      vertex 12 38.809698827564716 1.5432914197444916
      vertex 18.211620058128766 38.809698827564716 1.5432914197444916
      vertex 12 38.70480316132307 1.3215081542730331
    endloop
  endfacet
  facet normal 0 0.9415440610749312 -0.33688986487356093
    outer loop
      vertex 12 38.89235083758831 1.7742883041501045
      vertex 17.903282993580927 38.89235083758831 1.7742883041501045
      vertex 12 38.809698827564716 1.5432914197444916
    endloop
  endfacet
  facet normal 0 0.9700312528108532 -0.24298018143504363
    outer loop
      vertex 12 38.9519632011652 2.0122741982340813
      vertex 17.58605861738886 38.9519632011652 2.0122741982340813
      vertex 12 38.89235083758831 1.7742883041501045
    endloop
  endfacet
  facet normal 0 0.9891765112740581 -0.14673046562893108
    outer loop
      vertex 17.392068564891815 38.980738908052444 2.206264268572669
      vertex 17.58605861738886 38.9519632011652 2.0122741982340813
      vertex 12 38.9519632011652 2.0122741982340813
    endloop
  endfacet
  facet normal 0 0 -1
    outer loop
      vertex 21 21 0
      vertex 12 36.5 0
      vertex 21 35 0
    endloop
  endfacet
  facet normal 0 0 -1
    outer loop
      vertex 12 36.5 0
      vertex 20.980738908052444 35.392068564891815 0
      vertex 21 35 0
    endloop
  endfacet
  facet normal 0 0.14673046562892525 -0.989176511274059
    outer loop
      vertex 12 36.745042853057384 0.012038186192512512
      vertex 20.527685061097145 36.88558694720268 0.03288593190856659
      vertex 20.59415746458067 36.745042853057384 0.012038186192512512
    endloop
  endfacet
  facet normal -1.716704533224104e-16 0.1467304656289355 -0.9891765112740576
    outer loop
      vertex 12 36.745042853057384 0.012038186192512512
      vertex 20.4664653868367 36.98772580176592 0.04803679883480072
      vertex 20.527685061097145 36.88558694720268 0.03288593190856659
    endloop
  endfacet
  facet normal 6.289866088768183e-15 0.24298018143483582 -0.9700312528109052
    outer loop
      vertex 12 36.98772580176592 0.04803679883480072
      vertex 20.323334022696873 37.225711695849895 0.10764916241168976
      vertex 20.32587844878435 37.22228093445301 0.10678980141248573
    endloop
  endfacet
  facet normal 0 0.24298018143504668 -0.9700312528108523
    outer loop
      vertex 12 36.98772580176592 0.04803679883480072
      vertex 20.32587844878435 37.22228093445301 0.10678980141248573
      vertex 20.4664653868367 36.98772580176592 0.04803679883480072
    endloop
  endfacet
  facet normal 0 0.33688986487356093 -0.9415440610749312
    outer loop
      vertex 12 37.225711695849895 0.10764916241168976
      vertex 20.152015055618133 37.45670858025551 0.19030117243528366
      vertex 20.323334022696873 37.225711695849895 0.10764916241168976
    endloop
  endfacet
  facet normal 0 0 -1
    outer loop
      vertex 12 36.5 0
      vertex 20.92314112186432 35.78036128729582 0
      vertex 20.980738908052444 35.392068564891815 0
    endloop
  endfacet
  facet normal 0 0 -1
    outer loop
      vertex 12 36.5 0
      vertex 20.827761344611645 36.16113870590925 0
      vertex 20.92314112186432 35.78036128729582 0
    endloop
  endfacet
  facet normal 0 0 -1
    outer loop
      vertex 12 36.5 0
      vertex 20.70651483214813 36.5 0
      vertex 20.827761344611645 36.16113870590925 0
    endloop
  endfacet
  facet normal 0 0.04906768556344057 -0.998795455653182
    outer loop
      vertex 12 36.5 0
      vertex 20.695518128573895 36.5307337269187 0.0015098515317664152
      vertex 20.70651483214813 36.5 0
    endloop
  endfacet
  facet normal -4.321968385656294e-18 0.04906768556344181 -0.998795455653182
    outer loop
      vertex 12 36.5 0
      vertex 20.59415746458067 36.745042853057384 0.012038186192512512
      vertex 20.695518128573895 36.5307337269187 0.0015098515317664152
    endloop
  endfacet
  facet normal -1.3628591682169774e-17 0.42755507275038834 -0.9039893029043043
    outer loop
      vertex 12 37.45670858025551 0.19030117243528366
      vertex 19.9643205365608 37.67849184572697 0.2951968386769295
      vertex 20.092041812837124 37.537573136389256 0.2285472568409439
    endloop
  endfacet
  facet normal 0 0.4275550727503871 -0.9039893029043049
    outer loop
      vertex 12 37.45670858025551 0.19030117243528366
      vertex 20.092041812837124 37.537573136389256 0.2285472568409439
      vertex 20.152015055618133 37.45670858025551 0.19030117243528366
    endloop
  endfacet
  facet normal 0 0.5141027452311882 -0.8577286093781389
    outer loop
      vertex 12 37.67849184572697 0.2951968386769295
      vertex 19.828427121043205 37.828427121043205 0.3850645844933567
      vertex 19.9643205365608 37.67849184572697 0.2951968386769295
    endloop
  endfacet
  facet normal 3.815058765413105e-16 0.5141027452311735 -0.8577286093781475
    outer loop
      vertex 12 37.67849184572697 0.2951968386769295
      vertex 19.761677356966864 37.88892558217049 0.4213259667158127
      vertex 19.828427121043205 37.828427121043205 0.3850645844933567
    endloop
  endfacet
  facet normal 0 0.5956993111009283 -0.8032075265794508
    outer loop
      vertex 12 37.88892558217049 0.4213259667158127
      vertex 19.54425777511231 38.08598320931196 0.567473866045475
      vertex 19.761677356966864 37.88892558217049 0.4213259667158127
    endloop
  endfacet
  facet normal 0 0.6715589557743891 -0.7409511245144392
    outer loop
      vertex 12 38.08598320931196 0.567473866045475
      vertex 19.537573136389256 38.092041812837124 0.5729650642125268
      vertex 19.54425777511231 38.08598320931196 0.567473866045475
    endloop
  endfacet
  facet normal 3.0292420537037475e-18 0.6715589557743871 -0.7409511245144411
    outer loop
      vertex 12 38.08598320931196 0.567473866045475
      vertex 19.30063521603282 38.26776695251465 0.7322330474853516
      vertex 19.537573136389256 38.092041812837124 0.5729650642125268
    endloop
  endfacet
  facet normal 0 0.7409511245144393 -0.6715589557743891
    outer loop
      vertex 12 38.26776695251465 0.7322330474853516
      vertex 19.22228093445301 38.32587844878435 0.7963492030931674
      vertex 19.30063521603282 38.26776695251465 0.7322330474853516
    endloop
  endfacet
  facet normal -4.62656878157413e-17 0.740951124514442 -0.6715589557743863
    outer loop
      vertex 12 38.26776695251465 0.7322330474853516
      vertex 19.04435002357033 38.432526133954525 0.9140167906880379
      vertex 19.22228093445301 38.32587844878435 0.7963492030931674
    endloop
  endfacet
  facet normal 0 0.8032075265794505 -0.5956993111009289
    outer loop
      vertex 12 38.432526133954525 0.9140167906880379
      vertex 18.885586947202682 38.527685061097145 1.0423237487083874
      vertex 19.04435002357033 38.432526133954525 0.9140167906880379
    endloop
  endfacet
  facet normal -4.575640622537571e-17 0.8032075265794517 -0.5956993111009274
    outer loop
      vertex 12 38.432526133954525 0.9140167906880379
      vertex 18.777779819253663 38.57867403328419 1.1110744178295135
      vertex 18.885586947202682 38.527685061097145 1.0423237487083874
    endloop
  endfacet
  facet normal 3.9219511927663707e-16 0.857728609378136 -0.5141027452311931
    outer loop
      vertex 12 38.57867403328419 1.1110744178295135
      vertex 18.50478379937742 38.70480316132307 1.3215081542730331
      vertex 18.530733726918697 38.695518128573895 1.3060170130530038
    endloop
  endfacet
  facet normal 0 0.857728609378142 -0.5141027452311832
    outer loop
      vertex 12 38.57867403328419 1.1110744178295135
      vertex 18.530733726918697 38.695518128573895 1.3060170130530038
      vertex 18.777779819253663 38.57867403328419 1.1110744178295135
    endloop
  endfacet
  facet normal 0 0.9039893029043046 -0.42755507275038784
    outer loop
      vertex 12 38.70480316132307 1.3215081542730331
      vertex 18.211620058128766 38.809698827564716 1.5432914197444916
      vertex 18.50478379937742 38.70480316132307 1.3215081542730331
    endloop
  endfacet
  facet normal 0 0.9415440610749307 -0.3368898648735624
    outer loop
      vertex 12 38.809698827564716 1.5432914197444916
      vertex 18.161138705909252 38.827761344611645 1.593772771149892
      vertex 18.211620058128766 38.809698827564716 1.5432914197444916
    endloop
  endfacet
  facet normal -1.6693205435655068e-17 0.9415440610749314 -0.3368898648735606
    outer loop
      vertex 12 38.809698827564716 1.5432914197444916
      vertex 17.903282993580927 38.89235083758831 1.7742883041501045
      vertex 18.161138705909252 38.827761344611645 1.593772771149892
    endloop
  endfacet
  facet normal 0 0.9700312528108525 -0.24298018143504627
    outer loop
      vertex 12 38.89235083758831 1.7742883041501045
      vertex 17.78036128729582 38.92314112186432 1.8972100085222907
      vertex 17.903282993580927 38.89235083758831 1.7742883041501045
    endloop
  endfacet
  facet normal -1.1967267033664732e-16 0.9700312528108538 -0.242980181435041
    outer loop
      vertex 12 38.89235083758831 1.7742883041501045
      vertex 17.58605861738886 38.9519632011652 2.0122741982340813
      vertex 17.78036128729582 38.92314112186432 1.8972100085222907
    endloop
  endfacet
  facet normal -1 0 0
    outer loop
      vertex 11 39 2.5
      vertex 11 38.99263097199423 2.350000023432444
      vertex 11 38.9913325086236 2.376430854201317
    endloop
  endfacet
  facet normal 4.3315854882155436e-17 0.998795455653181 -0.049067685563459286
    outer loop
      vertex 11 39 2.5
      vertex 12 38.99263097199423 2.350000023432445
      vertex 11 38.99263097199423 2.350000023432444
    endloop
  endfacet
  facet normal 0 0.9891765112740584 -0.14673046562892958
    outer loop
      vertex 12 38.98796181380749 2.2549571469426155
      vertex 17.24504292888742 38.98796181380749 2.2549571469426155
      vertex 12 38.9519632011652 2.0122741982340813
    endloop
  endfacet
  facet normal 0 0.9987954556531833 -0.04906768556341334
    outer loop
      vertex 12 38.99263097199423 2.350000023432445
      vertex 17.24504292888742 38.98796181380749 2.2549571469426155
      vertex 12 38.98796181380749 2.2549571469426155
    endloop
  endfacet
  facet normal 0 0.9987954556531811 -0.049067685563459584
    outer loop
      vertex 11 39 2.5
      vertex 17 39 2.5
      vertex 12 38.99263097199423 2.350000023432445
    endloop
  endfacet
  facet normal -2.52018545234356e-16 0.9891765112740594 -0.14673046562892428
    outer loop
      vertex 17.24504292888742 38.98796181380749 2.2549571469426155
      vertex 17.392068564891815 38.980738908052444 2.206264268572669
      vertex 12 38.9519632011652 2.0122741982340813
    endloop
  endfacet
  facet normal -5.237838270178335e-16 0.9987954556531818 -0.049067685563442175
    outer loop
      vertex 12 38.99263097199423 2.350000023432445
      vertex 17 39 2.5
      vertex 17.24504292888742 38.98796181380749 2.2549571469426155
    endloop
  endfacet
  facet normal -1 0 0
    outer loop
      vertex 11 17 8.5
      vertex 11 17.034586496651173 2.551162578165531
      vertex 11 17 2.5
    endloop
  endfacet
  facet normal -1 0 0
    outer loop
      vertex 11 17 8.5
      vertex 11 17.07750739902258 2.7225124165415764
      vertex 11 17.034586496651173 2.551162578165531
    endloop
  endfacet
  facet normal -1 0 0
    outer loop
      vertex 11 17 8.5
      vertex 11 17.137016840279102 2.888830177485943
      vertex 11 17.07750739902258 2.7225124165415764
    endloop
  endfacet
  facet normal -1 0 0
    outer loop
      vertex 11 17 8.5
      vertex 11 17.212541721761227 3.0485141277313232
      vertex 11 17.137016840279102 2.888830177485943
    endloop
  endfacet
  facet normal -1 0 0
    outer loop
      vertex 11 17 8.5
      vertex 11 17.30335469543934 3.200026422739029
      vertex 11 17.212541721761227 3.0485141277313232
    endloop
  endfacet
  facet normal -1 0 0
    outer loop
      vertex 11 17 8.5
      vertex 11 17.40858118236065 3.341907911002636
      vertex 11 17.30335469543934 3.200026422739029
    endloop
  endfacet
  facet normal -1 0 0
    outer loop
      vertex 11 17 8.5
      vertex 11 17.527207791805267 3.4727922081947327
      vertex 11 17.40858118236065 3.341907911002636
    endloop
  endfacet
  facet normal -1 0 0
    outer loop
      vertex 11 17 8.5
      vertex 11 17.658092088997364 3.591418817639351
      vertex 11 17.527207791805267 3.4727922081947327
    endloop
  endfacet
  facet normal -1 0 0
    outer loop
      vertex 11 17 8.5
      vertex 11 17.79997357726097 3.6966453045606613
      vertex 11 17.658092088997364 3.591418817639351
    endloop
  endfacet
  facet normal -1 0 0
    outer loop
      vertex 11 17 8.5
      vertex 11 17.951485872268677 3.7874582782387733
      vertex 11 17.79997357726097 3.6966453045606613
    endloop
  endfacet
  facet normal -1 0 0
    outer loop
      vertex 11 17 8.5
      vertex 11 18.111169822514057 3.8629831597208977
      vertex 11 17.951485872268677 3.7874582782387733
    endloop
  endfacet
  facet normal -1 0 0
    outer loop
      vertex 11 17 8.5
      vertex 11 18.277487583458424 3.922492600977421
      vertex 11 18.111169822514057 3.8629831597208977
    endloop
  endfacet
  facet normal -1 0 0
    outer loop
      vertex 11 17 8.5
      vertex 11 18.44883742183447 3.9654135033488274
      vertex 11 18.277487583458424 3.922492600977421
    endloop
  endfacet
  facet normal -1 0 0
    outer loop
      vertex 11 17 8.5
      vertex 11 18.623569145798683 3.9913325086236
      vertex 11 18.44883742183447 3.9654135033488274
    endloop
  endfacet
  facet normal -1 0 0
    outer loop
      vertex 11 17 8.5
      vertex 11 18.799999997019768 4
      vertex 11 18.623569145798683 3.9913325086236
    endloop
  endfacet
  facet normal -1 0 0
    outer loop
      vertex 11 17 8.5
      vertex 11 37.20000000298023 4
      vertex 11 18.799999997019768 4
    endloop
  endfacet
  facet normal 0 0 1
    outer loop
      vertex 11 17 8.5
      vertex 17 17 8.5
      vertex 11 39 8.5
    endloop
  endfacet
  facet normal 0 0 1
    outer loop
      vertex 17 17 8.5
      vertex 17.392068564891815 17.019261091947556 8.5
      vertex 11 39 8.5
    endloop
  endfacet
  facet normal 0 0 1
    outer loop
      vertex 17.392068564891815 17.019261091947556 8.5
      vertex 17.78036128729582 17.07685887813568 8.5
      vertex 11 39 8.5
    endloop
  endfacet
  facet normal 0 0 1
    outer loop
      vertex 17.78036128729582 17.07685887813568 8.5
      vertex 18.161138705909252 17.172238655388355 8.5
      vertex 11 39 8.5
    endloop
  endfacet
  facet normal 0 0 1
    outer loop
      vertex 18.161138705909252 17.172238655388355 8.5
      vertex 18.530733726918697 17.304481871426105 8.5
      vertex 15.207008394795443 27.033736933296577 8.5
    endloop
  endfacet
  facet normal 0 0 1
    outer loop
      vertex 18.530733726918697 17.304481871426105 8.5
      vertex 18.885586947202682 17.472314938902855 8.5
      vertex 15.410754078967503 26.897598419564556 8.5
    endloop
  endfacet
  facet normal 0 0 1
    outer loop
      vertex 18.885586947202682 17.472314938902855 8.5
      vertex 19.22228093445301 17.67412155121565 8.5
      vertex 15.637144153431922 26.80382458033474 8.5
    endloop
  endfacet
  facet normal 0 0 1
    outer loop
      vertex 19.22228093445301 17.67412155121565 8.5
      vertex 19.537573136389256 17.907958187162876 8.5
      vertex 15.87747857458805 26.756019091659752 8.5
    endloop
  endfacet
  facet normal 0 0 1
    outer loop
      vertex 18.161138705909252 17.172238655388355 8.5
      vertex 15.033736933296579 27.207008394795444 8.5
      vertex 14.960662984621818 27.305537208725497 8.5
    endloop
  endfacet
  facet normal 0 0 1
    outer loop
      vertex 18.161138705909252 17.172238655388355 8.5
      vertex 14.897598419564556 27.410754078967503 8.5
      vertex 14.84515058436089 27.521645709543638 8.5
    endloop
  endfacet
  facet normal 0 0 1
    outer loop
      vertex 18.161138705909252 17.172238655388355 8.5
      vertex 14.84515058436089 27.521645709543638 8.5
      vertex 14.803824580334739 27.637144153431922 8.5
    endloop
  endfacet
  facet normal 0 0 1
    outer loop
      vertex 18.161138705909252 17.172238655388355 8.5
      vertex 14.960662984621818 27.305537208725497 8.5
      vertex 14.897598419564556 27.410754078967503 8.5
    endloop
  endfacet
  facet normal 0 0 1
    outer loop
      vertex 18.161138705909252 17.172238655388355 8.5
      vertex 15.116116523516816 27.116116523516816 8.5
      vertex 15.033736933296579 27.207008394795444 8.5
    endloop
  endfacet
  facet normal 0 0 1
    outer loop
      vertex 18.161138705909252 17.172238655388355 8.5
      vertex 15.207008394795443 27.033736933296577 8.5
      vertex 15.116116523516816 27.116116523516816 8.5
    endloop
  endfacet
  facet normal 0 0 1
    outer loop
      vertex 18.530733726918697 17.304481871426105 8.5
      vertex 15.305537208725497 26.96066298462182 8.5
      vertex 15.207008394795443 27.033736933296577 8.5
    endloop
  endfacet
  facet normal 0 0 1
    outer loop
      vertex 18.530733726918697 17.304481871426105 8.5
      vertex 15.410754078967503 26.897598419564556 8.5
      vertex 15.305537208725497 26.96066298462182 8.5
    endloop
  endfacet
  facet normal 0 0 1
    outer loop
      vertex 18.885586947202682 17.472314938902855 8.5
      vertex 15.521645709543638 26.84515058436089 8.5
      vertex 15.410754078967503 26.897598419564556 8.5
    endloop
  endfacet
  facet normal 0 0 1
    outer loop
      vertex 18.885586947202682 17.472314938902855 8.5
      vertex 15.637144153431922 26.80382458033474 8.5
      vertex 15.521645709543638 26.84515058436089 8.5
    endloop
  endfacet
  facet normal 0 0 1
    outer loop
      vertex 19.22228093445301 17.67412155121565 8.5
      vertex 15.75613709747984 26.77401839949596 8.5
      vertex 15.637144153431922 26.80382458033474 8.5
    endloop
  endfacet
  facet normal 0 0 1
    outer loop
      vertex 19.22228093445301 17.67412155121565 8.5
      vertex 15.87747857458805 26.756019091659752 8.5
      vertex 15.75613709747984 26.77401839949596 8.5
    endloop
  endfacet
  facet normal 0 0 1
    outer loop
      vertex 19.537573136389256 17.907958187162876 8.5
      vertex 16 26.75 8.5
      vertex 15.87747857458805 26.756019091659752 8.5
    endloop
  endfacet
  facet normal 0 0 1
    outer loop
      vertex 19.828427121043205 18.171572878956795 8.5
      vertex 16.12252142541195 26.756019091659752 8.5
      vertex 16 26.75 8.5
    endloop
  endfacet
  facet normal 0 0 1
    outer loop
      vertex 19.828427121043205 18.171572878956795 8.5
      vertex 16.24386290252016 26.77401839949596 8.5
      vertex 16.12252142541195 26.756019091659752 8.5
    endloop
  endfacet
  facet normal 0 0 1
    outer loop
      vertex 20.092041812837124 18.462426863610744 8.5
      vertex 16.362855846568078 26.80382458033474 8.5
      vertex 16.24386290252016 26.77401839949596 8.5
    endloop
  endfacet
  facet normal 0 0 1
    outer loop
      vertex 20.092041812837124 18.462426863610744 8.5
      vertex 16.478354290456362 26.84515058436089 8.5
      vertex 16.362855846568078 26.80382458033474 8.5
    endloop
  endfacet
  facet normal 0 0 1
    outer loop
      vertex 20.32587844878435 18.77771906554699 8.5
      vertex 16.589245921032497 26.897598419564556 8.5
      vertex 16.478354290456362 26.84515058436089 8.5
    endloop
  endfacet
  facet normal 0 0 1
    outer loop
      vertex 20.527685061097145 19.114413052797318 8.5
      vertex 16.694462791274503 26.96066298462182 8.5
      vertex 16.589245921032497 26.897598419564556 8.5
    endloop
  endfacet
  facet normal 0 0 1
    outer loop
      vertex 20.527685061097145 19.114413052797318 8.5
      vertex 16.792991605204556 27.033736933296577 8.5
      vertex 16.694462791274503 26.96066298462182 8.5
    endloop
  endfacet
  facet normal 0 0 1
    outer loop
      vertex 20.695518128573895 19.469266273081303 8.5
      vertex 16.883883476483184 27.116116523516816 8.5
      vertex 16.792991605204556 27.033736933296577 8.5
    endloop
  endfacet
  facet normal 0 0 1
    outer loop
      vertex 20.695518128573895 19.469266273081303 8.5
      vertex 16.966263066703423 27.207008394795444 8.5
      vertex 16.883883476483184 27.116116523516816 8.5
    endloop
  endfacet
  facet normal 0 0 1
    outer loop
      vertex 20.827761344611645 19.838861294090748 8.5
      vertex 17.03933701537818 27.305537208725497 8.5
      vertex 16.966263066703423 27.207008394795444 8.5
    endloop
  endfacet
  facet normal 0 0 1
    outer loop
      vertex 20.92314112186432 20.21963871270418 8.5
      vertex 17.102401580435444 27.410754078967503 8.5
      vertex 17.03933701537818 27.305537208725497 8.5
    endloop
  endfacet
  facet normal 0 0 1
    outer loop
      vertex 19.537573136389256 17.907958187162876 8.5
      vertex 19.828427121043205 18.171572878956795 8.5
      vertex 16 26.75 8.5
    endloop
  endfacet
  facet normal 0 0 1
    outer loop
      vertex 19.828427121043205 18.171572878956795 8.5
      vertex 20.092041812837124 18.462426863610744 8.5
      vertex 16.24386290252016 26.77401839949596 8.5
    endloop
  endfacet
  facet normal 0 0 1
    outer loop
      vertex 20.092041812837124 18.462426863610744 8.5
      vertex 20.32587844878435 18.77771906554699 8.5
      vertex 16.478354290456362 26.84515058436089 8.5
    endloop
  endfacet
  facet normal 0 0 1
    outer loop
      vertex 20.32587844878435 18.77771906554699 8.5
      vertex 20.527685061097145 19.114413052797318 8.5
      vertex 16.589245921032497 26.897598419564556 8.5
    endloop
  endfacet
  facet normal 0 0 1
    outer loop
      vertex 20.527685061097145 19.114413052797318 8.5
      vertex 20.695518128573895 19.469266273081303 8.5
      vertex 16.792991605204556 27.033736933296577 8.5
    endloop
  endfacet
  facet normal 0 0 1
    outer loop
      vertex 20.695518128573895 19.469266273081303 8.5
      vertex 20.827761344611645 19.838861294090748 8.5
      vertex 16.966263066703423 27.207008394795444 8.5
    endloop
  endfacet
  facet normal 0 0 1
    outer loop
      vertex 20.827761344611645 19.838861294090748 8.5
      vertex 20.92314112186432 20.21963871270418 8.5
      vertex 17.03933701537818 27.305537208725497 8.5
    endloop
  endfacet
  facet normal 0 0 1
    outer loop
      vertex 20.92314112186432 20.21963871270418 8.5
      vertex 20.980738908052444 20.607931435108185 8.5
      vertex 17.15484941563911 27.521645709543638 8.5
    endloop
  endfacet
  facet normal 0 0 1
    outer loop
      vertex 20.980738908052444 20.607931435108185 8.5
      vertex 21 21 8.5
      vertex 17.19617541966526 27.637144153431922 8.5
    endloop
  endfacet
  facet normal 0 0 1
    outer loop
      vertex 20.92314112186432 20.21963871270418 8.5
      vertex 17.15484941563911 27.521645709543638 8.5
      vertex 17.102401580435444 27.410754078967503 8.5
    endloop
  endfacet
  facet normal 0 0 1
    outer loop
      vertex 20.980738908052444 20.607931435108185 8.5
      vertex 17.19617541966526 27.637144153431922 8.5
      vertex 17.15484941563911 27.521645709543638 8.5
    endloop
  endfacet
  facet normal 0 0 1
    outer loop
      vertex 21 21 8.5
      vertex 17.22598160050404 27.75613709747984 8.5
      vertex 17.19617541966526 27.637144153431922 8.5
    endloop
  endfacet
  facet normal 0 0 1
    outer loop
      vertex 21 21 8.5
      vertex 17.243980908340248 27.87747857458805 8.5
      vertex 17.22598160050404 27.75613709747984 8.5
    endloop
  endfacet
  facet normal -1 0 0
    outer loop
      vertex 11 39 8.5
      vertex 11 39 2.5
      vertex 11 38.9913325086236 2.376430854201317
    endloop
  endfacet
  facet normal -1 0 0
    outer loop
      vertex 11 39 8.5
      vertex 11 38.9913325086236 2.376430854201317
      vertex 11 38.96541350334883 2.551162578165531
    endloop
  endfacet
  facet normal -1 0 0
    outer loop
      vertex 11 39 8.5
      vertex 11 38.96541350334883 2.551162578165531
      vertex 11 38.92249260097742 2.7225124165415764
    endloop
  endfacet
  facet normal -1 0 0
    outer loop
      vertex 11 39 8.5
      vertex 11 38.92249260097742 2.7225124165415764
      vertex 11 38.8629831597209 2.888830177485943
    endloop
  endfacet
  facet normal -1 0 0
    outer loop
      vertex 11 39 8.5
      vertex 11 38.8629831597209 2.888830177485943
      vertex 11 38.78745827823877 3.0485141277313232
    endloop
  endfacet
  facet normal -1 0 0
    outer loop
      vertex 11 39 8.5
      vertex 11 38.78745827823877 3.0485141277313232
      vertex 11 38.69664530456066 3.200026422739029
    endloop
  endfacet
  facet normal -1 0 0
    outer loop
      vertex 11 39 8.5
      vertex 11 38.69664530456066 3.200026422739029
      vertex 11 38.59141881763935 3.341907911002636
    endloop
  endfacet
  facet normal -1 0 0
    outer loop
      vertex 11 39 8.5
      vertex 11 38.59141881763935 3.341907911002636
      vertex 11 38.47279220819473 3.4727922081947327
    endloop
  endfacet
  facet normal -1 0 0
    outer loop
      vertex 11 39 8.5
      vertex 11 38.47279220819473 3.4727922081947327
      vertex 11 38.341907911002636 3.591418817639351
    endloop
  endfacet
  facet normal -1 0 0
    outer loop
      vertex 11 39 8.5
      vertex 11 38.341907911002636 3.591418817639351
      vertex 11 38.20002642273903 3.6966453045606613
    endloop
  endfacet
  facet normal -1 0 0
    outer loop
      vertex 11 39 8.5
      vertex 11 37.88883017748594 3.8629831597208977
      vertex 11 37.722512416541576 3.922492600977421
    endloop
  endfacet
  facet normal -1 0 0
    outer loop
      vertex 11 39 8.5
      vertex 11 37.37643085420132 3.9913325086236
      vertex 11 37.20000000298023 4
    endloop
  endfacet
  facet normal -1 0 0
    outer loop
      vertex 11 39 8.5
      vertex 11 37.55116257816553 3.9654135033488274
      vertex 11 37.37643085420132 3.9913325086236
    endloop
  endfacet
  facet normal -1 0 0
    outer loop
      vertex 11 39 8.5
      vertex 11 37.722512416541576 3.922492600977421
      vertex 11 37.55116257816553 3.9654135033488274
    endloop
  endfacet
  facet normal -1 0 0
    outer loop
      vertex 11 39 8.5
      vertex 11 38.20002642273903 3.6966453045606613
      vertex 11 38.04851412773132 3.7874582782387733
    endloop
  endfacet
  facet normal -1 0 0
    outer loop
      vertex 11 39 8.5
      vertex 11 38.04851412773132 3.7874582782387733
      vertex 11 37.88883017748594 3.8629831597208977
    endloop
  endfacet
  facet normal -1 0 0
    outer loop
      vertex 11 17 8.5
      vertex 11 39 8.5
      vertex 11 37.20000000298023 4
    endloop
  endfacet
  facet normal 0 0 1
    outer loop
      vertex 18.161138705909252 17.172238655388355 8.5
      vertex 14.803824580334739 27.637144153431922 8.5
      vertex 11 39 8.5
    endloop
  endfacet
  facet normal 0 0 1
    outer loop
      vertex 11 39 8.5
      vertex 14.803824580334739 27.637144153431922 8.5
      vertex 14.774018399495962 27.75613709747984 8.5
    endloop
  endfacet
  facet normal 0 0 1
    outer loop
      vertex 11 39 8.5
      vertex 14.774018399495962 27.75613709747984 8.5
      vertex 14.756019091659754 27.87747857458805 8.5
    endloop
  endfacet
  facet normal 0 0 1
    outer loop
      vertex 11 39 8.5
      vertex 14.756019091659754 27.87747857458805 8.5
      vertex 14.75 28 8.5
    endloop
  endfacet
  facet normal 0 0 1
    outer loop
      vertex 11 39 8.5
      vertex 14.75 28 8.5
      vertex 14.756019091659754 28.12252142541195 8.5
    endloop
  endfacet
  facet normal 0 0 1
    outer loop
      vertex 11 39 8.5
      vertex 14.756019091659754 28.12252142541195 8.5
      vertex 14.774018399495962 28.24386290252016 8.5
    endloop
  endfacet
  facet normal 0 0 1
    outer loop
      vertex 11 39 8.5
      vertex 14.774018399495962 28.24386290252016 8.5
      vertex 14.803824580334739 28.362855846568078 8.5
    endloop
  endfacet
  facet normal 0 0 1
    outer loop
      vertex 11 39 8.5
      vertex 14.803824580334739 28.362855846568078 8.5
      vertex 14.84515058436089 28.478354290456362 8.5
    endloop
  endfacet
  facet normal 0 0 1
    outer loop
      vertex 11 39 8.5
      vertex 14.84515058436089 28.478354290456362 8.5
      vertex 14.897598419564556 28.589245921032497 8.5
    endloop
  endfacet
  facet normal 0 0 1
    outer loop
      vertex 11 39 8.5
      vertex 14.897598419564556 28.589245921032497 8.5
      vertex 14.960662984621818 28.694462791274503 8.5
    endloop
  endfacet
  facet normal 0 0 1
    outer loop
      vertex 11 39 8.5
      vertex 14.960662984621818 28.694462791274503 8.5
      vertex 15.033736933296579 28.792991605204556 8.5
    endloop
  endfacet
  facet normal 0 0 1
    outer loop
      vertex 11 39 8.5
      vertex 15.033736933296579 28.792991605204556 8.5
      vertex 15.116116523516816 28.883883476483184 8.5
    endloop
  endfacet
  facet normal 0 0 1
    outer loop
      vertex 11 39 8.5
      vertex 15.116116523516816 28.883883476483184 8.5
      vertex 15.207008394795443 28.966263066703423 8.5
    endloop
  endfacet
  facet normal 0 0 1
    outer loop
      vertex 11 39 8.5
      vertex 15.207008394795443 28.966263066703423 8.5
      vertex 15.305537208725497 29.03933701537818 8.5
    endloop
  endfacet
  facet normal 0 0 1
    outer loop
      vertex 11 39 8.5
      vertex 15.305537208725497 29.03933701537818 8.5
      vertex 15.410754078967503 29.102401580435444 8.5
    endloop
  endfacet
  facet normal 0 0 1
    outer loop
      vertex 11 39 8.5
      vertex 15.410754078967503 29.102401580435444 8.5
      vertex 15.521645709543638 29.15484941563911 8.5
    endloop
  endfacet
  facet normal 0 0 1
    outer loop
      vertex 11 39 8.5
      vertex 15.521645709543638 29.15484941563911 8.5
      vertex 15.637144153431922 29.19617541966526 8.5
    endloop
  endfacet
  facet normal 0 0 1
    outer loop
      vertex 11 39 8.5
      vertex 15.637144153431922 29.19617541966526 8.5
      vertex 15.75613709747984 29.22598160050404 8.5
    endloop
  endfacet
  facet normal 0 0 1
    outer loop
      vertex 11 39 8.5
      vertex 15.75613709747984 29.22598160050404 8.5
      vertex 15.87747857458805 29.243980908340248 8.5
    endloop
  endfacet
  facet normal 0 0 1
    outer loop
      vertex 11 39 8.5
      vertex 15.87747857458805 29.243980908340248 8.5
      vertex 16 29.25 8.5
    endloop
  endfacet
  facet normal 0 0 1
    outer loop
      vertex 11 39 8.5
      vertex 16 29.25 8.5
      vertex 16.12252142541195 29.243980908340248 8.5
    endloop
  endfacet
  facet normal 0 0 1
    outer loop
      vertex 11 39 8.5
      vertex 16.12252142541195 29.243980908340248 8.5
      vertex 16.24386290252016 29.22598160050404 8.5
    endloop
  endfacet
  facet normal 0 0 1
    outer loop
      vertex 11 39 8.5
      vertex 16.24386290252016 29.22598160050404 8.5
      vertex 16.362855846568078 29.19617541966526 8.5
    endloop
  endfacet
  facet normal 0 0 1
    outer loop
      vertex 21 35 8.5
      vertex 16.362855846568078 29.19617541966526 8.5
      vertex 16.478354290456362 29.15484941563911 8.5
    endloop
  endfacet
  facet normal 0 0 1
    outer loop
      vertex 21 35 8.5
      vertex 16.478354290456362 29.15484941563911 8.5
      vertex 16.589245921032497 29.102401580435444 8.5
    endloop
  endfacet
  facet normal 0 0 1
    outer loop
      vertex 21 35 8.5
      vertex 16.589245921032497 29.102401580435444 8.5
      vertex 16.694462791274503 29.03933701537818 8.5
    endloop
  endfacet
  facet normal 0 0 1
    outer loop
      vertex 21 35 8.5
      vertex 16.694462791274503 29.03933701537818 8.5
      vertex 16.792991605204556 28.966263066703423 8.5
    endloop
  endfacet
  facet normal 0 0 1
    outer loop
      vertex 21 35 8.5
      vertex 16.883883476483184 28.883883476483184 8.5
      vertex 16.966263066703423 28.792991605204556 8.5
    endloop
  endfacet
  facet normal 0 0 1
    outer loop
      vertex 21 35 8.5
      vertex 16.792991605204556 28.966263066703423 8.5
      vertex 16.883883476483184 28.883883476483184 8.5
    endloop
  endfacet
  facet normal 0 0 1
    outer loop
      vertex 21 35 8.5
      vertex 16.966263066703423 28.792991605204556 8.5
      vertex 17.03933701537818 28.694462791274503 8.5
    endloop
  endfacet
  facet normal 0 0 1
    outer loop
      vertex 21 21 8.5
      vertex 21 35 8.5
      vertex 17.243980908340248 27.87747857458805 8.5
    endloop
  endfacet
  facet normal 0 0 1
    outer loop
      vertex 21 35 8.5
      vertex 17.25 28 8.5
      vertex 17.243980908340248 27.87747857458805 8.5
    endloop
  endfacet
  facet normal 0 0 1
    outer loop
      vertex 21 35 8.5
      vertex 17.243980908340248 28.12252142541195 8.5
      vertex 17.25 28 8.5
    endloop
  endfacet
  facet normal 0 0 1
    outer loop
      vertex 21 35 8.5
      vertex 17.22598160050404 28.24386290252016 8.5
      vertex 17.243980908340248 28.12252142541195 8.5
    endloop
  endfacet
  facet normal 0 0 1
    outer loop
      vertex 21 35 8.5
      vertex 17.19617541966526 28.362855846568078 8.5
      vertex 17.22598160050404 28.24386290252016 8.5
    endloop
  endfacet
  facet normal 0 0 1
    outer loop
      vertex 21 35 8.5
      vertex 17.15484941563911 28.478354290456362 8.5
      vertex 17.19617541966526 28.362855846568078 8.5
    endloop
  endfacet
  facet normal 0 0 1
    outer loop
      vertex 21 35 8.5
      vertex 17.102401580435444 28.589245921032497 8.5
      vertex 17.15484941563911 28.478354290456362 8.5
    endloop
  endfacet
  facet normal 0 0 1
    outer loop
      vertex 21 35 8.5
      vertex 17.03933701537818 28.694462791274503 8.5
      vertex 17.102401580435444 28.589245921032497 8.5
    endloop
  endfacet
  facet normal 0 0 1
    outer loop
      vertex 11 39 8.5
      vertex 16.362855846568078 29.19617541966526 8.5
      vertex 21 35 8.5
    endloop
  endfacet
  facet normal 0 0 1
    outer loop
      vertex 11 39 8.5
      vertex 21 35 8.5
      vertex 17 39 8.5
    endloop
  endfacet
  facet normal 0 0 1
    outer loop
      vertex 21 35 8.5
      vertex 18.885586947202682 38.527685061097145 8.5
      vertex 18.530733726918697 38.695518128573895 8.5
    endloop
  endfacet
  facet normal 0 0 1
    outer loop
      vertex 21 35 8.5
      vertex 17.392068564891815 38.980738908052444 8.5
      vertex 17 39 8.5
    endloop
  endfacet
  facet normal 0 0 1
    outer loop
      vertex 21 35 8.5
      vertex 17.78036128729582 38.92314112186432 8.5
      vertex 17.392068564891815 38.980738908052444 8.5
    endloop
  endfacet
  facet normal 0 0 1
    outer loop
      vertex 21 35 8.5
      vertex 18.161138705909252 38.827761344611645 8.5
      vertex 17.78036128729582 38.92314112186432 8.5
    endloop
  endfacet
  facet normal 0 0 1
    outer loop
      vertex 21 35 8.5
      vertex 18.530733726918697 38.695518128573895 8.5
      vertex 18.161138705909252 38.827761344611645 8.5
    endloop
  endfacet
  facet normal 0 0 1
    outer loop
      vertex 21 35 8.5
      vertex 19.22228093445301 38.32587844878435 8.5
      vertex 18.885586947202682 38.527685061097145 8.5
    endloop
  endfacet
  facet normal 0 0 1
    outer loop
      vertex 21 35 8.5
      vertex 19.537573136389256 38.092041812837124 8.5
      vertex 19.22228093445301 38.32587844878435 8.5
    endloop
  endfacet
  facet normal 0 0 1
    outer loop
      vertex 20.980738908052444 35.392068564891815 8.5
      vertex 19.828427121043205 37.828427121043205 8.5
      vertex 19.537573136389256 38.092041812837124 8.5
    endloop
  endfacet
  facet normal 0 0 1
    outer loop
      vertex 20.92314112186432 35.78036128729582 8.5
      vertex 20.092041812837124 37.537573136389256 8.5
      vertex 19.828427121043205 37.828427121043205 8.5
    endloop
  endfacet
  facet normal 0 0 1
    outer loop
      vertex 21 35 8.5
      vertex 20.980738908052444 35.392068564891815 8.5
      vertex 19.537573136389256 38.092041812837124 8.5
    endloop
  endfacet
  facet normal 0 0 1
    outer loop
      vertex 20.980738908052444 35.392068564891815 8.5
      vertex 20.92314112186432 35.78036128729582 8.5
      vertex 19.828427121043205 37.828427121043205 8.5
    endloop
  endfacet
  facet normal 0 0 1
    outer loop
      vertex 20.92314112186432 35.78036128729582 8.5
      vertex 20.827761344611645 36.16113870590925 8.5
      vertex 20.092041812837124 37.537573136389256 8.5
    endloop
  endfacet
  facet normal 0 0 1
    outer loop
      vertex 20.827761344611645 36.16113870590925 8.5
      vertex 20.695518128573895 36.5307337269187 8.5
      vertex 20.32587844878435 37.22228093445301 8.5
    endloop
  endfacet
  facet normal 0 0 1
    outer loop
      vertex 20.827761344611645 36.16113870590925 8.5
      vertex 20.32587844878435 37.22228093445301 8.5
      vertex 20.092041812837124 37.537573136389256 8.5
    endloop
  endfacet
  facet normal 0 0 1
    outer loop
      vertex 20.695518128573895 36.5307337269187 8.5
      vertex 20.527685061097145 36.88558694720268 8.5
      vertex 20.32587844878435 37.22228093445301 8.5
    endloop
  endfacet
  facet normal -1 0 0
    outer loop
      vertex -12 -9.722512416541576 0.0775073990225792
      vertex -12 -9.456708580255508 0.19030117243528366
      vertex -12 -9.551162578165531 0.03458649665117264
    endloop
  endfacet
  facet normal -1 0 0
    outer loop
      vertex -12 -9.678491845726967 0.2951968386769295
      vertex -12 -9.888830177485943 0.13701684027910233
      vertex -12 -10.048514127731323 0.21254172176122665
    endloop
  endfacet
  facet normal -1 0 0
    outer loop
      vertex -12 -9.678491845726967 0.2951968386769295
      vertex -12 -9.722512416541576 0.0775073990225792
      vertex -12 -9.888830177485943 0.13701684027910233
    endloop
  endfacet
  facet normal -1 0 0
    outer loop
      vertex -12 -9.678491845726967 0.2951968386769295
      vertex -12 -9.456708580255508 0.19030117243528366
      vertex -12 -9.722512416541576 0.0775073990225792
    endloop
  endfacet
  facet normal -1 0 0
    outer loop
      vertex -12 -10.200026422739029 0.3033546954393387
      vertex -12 -9.888925582170486 0.4213259667158127
      vertex -12 -10.048514127731323 0.21254172176122665
    endloop
  endfacet
  facet normal -1 0 0
    outer loop
      vertex -12 -9.888925582170486 0.4213259667158127
      vertex -12 -9.678491845726967 0.2951968386769295
      vertex -12 -10.048514127731323 0.21254172176122665
    endloop
  endfacet
  facet normal -1 0 0
    outer loop
      vertex -12 -10.085983209311962 0.567473866045475
      vertex -12 -10.200026422739029 0.3033546954393387
      vertex -12 -10.341907911002636 0.4085811823606491
    endloop
  endfacet
  facet normal -1 0 0
    outer loop
      vertex -12 -10.085983209311962 0.567473866045475
      vertex -12 -9.888925582170486 0.4213259667158127
      vertex -12 -10.200026422739029 0.3033546954393387
    endloop
  endfacet
  facet normal -1 0 0
    outer loop
      vertex -12 -9.551162578165531 0.03458649665117264
      vertex -12 -9.225711695849895 0.10764916241168976
      vertex -12 -9.376430854201317 0.008667491376399994
    endloop
  endfacet
  facet normal -1 0 0
    outer loop
      vertex -12 -9.376430854201317 0.008667491376399994
      vertex -12 -9.225711695849895 0.10764916241168976
      vertex -12 -9.200000002980232 0
    endloop
  endfacet
  facet normal -1 0 0
    outer loop
      vertex -12 -9.225711695849895 0.10764916241168976
      vertex -12 -8.987725801765919 0.04803679883480072
      vertex -12 -9.200000002980232 0
    endloop
  endfacet
  facet normal -1 0 0
    outer loop
      vertex -12 -9.456708580255508 0.19030117243528366
      vertex -12 -9.225711695849895 0.10764916241168976
      vertex -12 -9.551162578165531 0.03458649665117264
    endloop
  endfacet
  facet normal -1 0 0
    outer loop
      vertex -12 -9.200000002980232 0
      vertex -12 -8.987725801765919 0.04803679883480072
      vertex -12 -8.745042853057384 0.012038186192512512
    endloop
  endfacet
  facet normal -1 0 0
    outer loop
      vertex -12 -9.200000002980232 0
      vertex -12 -8.745042853057384 0.012038186192512512
      vertex -12 -8.5 0
    endloop
  endfacet
  facet normal -1 0 0
    outer loop
      vertex -12 -10.267766952514648 0.7322330474853516
      vertex -12 -10.341907911002636 0.4085811823606491
      vertex -12 -10.472792208194733 0.5272077918052673
    endloop
  endfacet
  facet normal -1 0 0
    outer loop
      vertex -12 -10.267766952514648 0.7322330474853516
      vertex -12 -10.085983209311962 0.567473866045475
      vertex -12 -10.341907911002636 0.4085811823606491
    endloop
  endfacet
  facet normal -1 0 0
    outer loop
      vertex -12 -10.432526133954525 0.9140167906880379
      vertex -12 -10.472792208194733 0.5272077918052673
      vertex -12 -10.591418817639351 0.658092088997364
    endloop
  endfacet
  facet normal -1 0 0
    outer loop
      vertex -12 -10.432526133954525 0.9140167906880379
      vertex -12 -10.267766952514648 0.7322330474853516
      vertex -12 -10.472792208194733 0.5272077918052673
    endloop
  endfacet
  facet normal -1 0 0
    outer loop
      vertex -12 -10.578674033284187 1.1110744178295135
      vertex -12 -10.591418817639351 0.658092088997364
      vertex -12 -10.696645304560661 0.7999735772609711
    endloop
  endfacet
  facet normal -1 0 0
    outer loop
      vertex -12 -10.578674033284187 1.1110744178295135
      vertex -12 -10.432526133954525 0.9140167906880379
      vertex -12 -10.591418817639351 0.658092088997364
    endloop
  endfacet
  facet normal -1 0 0
    outer loop
      vertex -12 -10.578674033284187 1.1110744178295135
      vertex -12 -10.696645304560661 0.7999735772609711
      vertex -12 -10.787458278238773 0.9514858722686768
    endloop
  endfacet
  facet normal -1 0 0
    outer loop
      vertex -12 -10.70480316132307 1.3215081542730331
      vertex -12 -10.787458278238773 0.9514858722686768
      vertex -12 -10.862983159720898 1.1111698225140572
    endloop
  endfacet
  facet normal -1 0 0
    outer loop
      vertex -12 -10.70480316132307 1.3215081542730331
      vertex -12 -10.578674033284187 1.1110744178295135
      vertex -12 -10.787458278238773 0.9514858722686768
    endloop
  endfacet
  facet normal -1 0 0
    outer loop
      vertex -12 -10.809698827564716 1.5432914197444916
      vertex -12 -10.862983159720898 1.1111698225140572
      vertex -12 -10.92249260097742 1.2774875834584236
    endloop
  endfacet
  facet normal -1 0 0
    outer loop
      vertex -12 -10.809698827564716 1.5432914197444916
      vertex -12 -10.70480316132307 1.3215081542730331
      vertex -12 -10.862983159720898 1.1111698225140572
    endloop
  endfacet
  facet normal -1 0 0
    outer loop
      vertex -12 -10.89235083758831 1.7742883041501045
      vertex -12 -10.92249260097742 1.2774875834584236
      vertex -12 -10.965413503348827 1.4488374218344688
    endloop
  endfacet
  facet normal -1 0 0
    outer loop
      vertex -12 -10.89235083758831 1.7742883041501045
      vertex -12 -10.809698827564716 1.5432914197444916
      vertex -12 -10.92249260097742 1.2774875834584236
    endloop
  endfacet
  facet normal -1 0 0
    outer loop
      vertex -12 -10.9519632011652 2.0122741982340813
      vertex -12 -10.965413503348827 1.4488374218344688
      vertex -12 -10.9913325086236 1.6235691457986832
    endloop
  endfacet
  facet normal -1 0 0
    outer loop
      vertex -12 -10.9519632011652 2.0122741982340813
      vertex -12 -10.89235083758831 1.7742883041501045
      vertex -12 -10.965413503348827 1.4488374218344688
    endloop
  endfacet
  facet normal -1 0 0
    outer loop
      vertex -12 -10.987961813807487 2.2549571469426155
      vertex -12 -10.9913325086236 1.6235691457986832
      vertex -12 -11 1.7999999970197678
    endloop
  endfacet
  facet normal -1 0 0
    outer loop
      vertex -12 -10.987961813807487 2.2549571469426155
      vertex -12 -10.9519632011652 2.0122741982340813
      vertex -12 -10.9913325086236 1.6235691457986832
    endloop
  endfacet
  facet normal -1 0 0
    outer loop
      vertex -12 -10.987961813807487 2.2549571469426155
      vertex -12 -11 1.7999999970197678
      vertex -12 -11 2.2000000029802322
    endloop
  endfacet
  facet normal -1 0 0
    outer loop
      vertex -12 -10.992630971994233 2.350000023432445
      vertex -12 -10.987961813807487 2.2549571469426155
      vertex -12 -11 2.2000000029802322
    endloop
  endfacet
  facet normal 4.358084670257799e-17 -0.998795456356722 0.04906767124255523
    outer loop
      vertex -12 -10.992630971994233 2.350000023432445
      vertex -12 -11 2.2000000029802322
      vertex -11 -10.992630971994233 2.350000023432444
    endloop
  endfacet
  facet normal -1 0 0
    outer loop
      vertex -12 8.5 0
      vertex -12 8.745042853057384 0.012038186192512512
      vertex -12 9.200000002980232 0
    endloop
  endfacet
  facet normal -1 0 0
    outer loop
      vertex -12 8.745042853057384 0.012038186192512512
      vertex -12 8.987725801765919 0.04803679883480072
      vertex -12 9.200000002980232 0
    endloop
  endfacet
  facet normal -1 0 0
    outer loop
      vertex -12 8.987725801765919 0.04803679883480072
      vertex -12 9.225711695849895 0.10764916241168976
      vertex -12 9.200000002980232 0
    endloop
  endfacet
  facet normal -1 0 0
    outer loop
      vertex -12 9.225711695849895 0.10764916241168976
      vertex -12 9.376430854201317 0.008667491376399994
      vertex -12 9.200000002980232 0
    endloop
  endfacet
  facet normal -1 0 0
    outer loop
      vertex -12 9.456708580255508 0.19030117243528366
      vertex -12 9.551162578165531 0.03458649665117264
      vertex -12 9.376430854201317 0.008667491376399994
    endloop
  endfacet
  facet normal -1 0 0
    outer loop
      vertex -12 9.225711695849895 0.10764916241168976
      vertex -12 9.456708580255508 0.19030117243528366
      vertex -12 9.376430854201317 0.008667491376399994
    endloop
  endfacet
  facet normal -1 0 0
    outer loop
      vertex -12 9.551162578165531 0.03458649665117264
      vertex -12 9.678491845726967 0.2951968386769295
      vertex -12 9.722512416541576 0.0775073990225792
    endloop
  endfacet
  facet normal -1 0 0
    outer loop
      vertex -12 9.456708580255508 0.19030117243528366
      vertex -12 9.678491845726967 0.2951968386769295
      vertex -12 9.551162578165531 0.03458649665117264
    endloop
  endfacet
  facet normal -1 0 0
    outer loop
      vertex -12 9.888925582170486 0.4213259667158127
      vertex -12 9.888830177485943 0.13701684027910233
      vertex -12 9.722512416541576 0.0775073990225792
    endloop
  endfacet
  facet normal -1 0 0
    outer loop
      vertex -12 9.888925582170486 0.4213259667158127
      vertex -12 9.722512416541576 0.0775073990225792
      vertex -12 9.678491845726967 0.2951968386769295
    endloop
  endfacet
  facet normal -1 0 0
    outer loop
      vertex -12 10.085983209311962 0.567473866045475
      vertex -12 10.048514127731323 0.21254172176122665
      vertex -12 9.888830177485943 0.13701684027910233
    endloop
  endfacet
  facet normal -1 0 0
    outer loop
      vertex -12 10.085983209311962 0.567473866045475
      vertex -12 9.888830177485943 0.13701684027910233
      vertex -12 9.888925582170486 0.4213259667158127
    endloop
  endfacet
  facet normal -1 0 0
    outer loop
      vertex -12 10.085983209311962 0.567473866045475
      vertex -12 10.200026422739029 0.3033546954393387
      vertex -12 10.048514127731323 0.21254172176122665
    endloop
  endfacet
  facet normal -1 0 0
    outer loop
      vertex -12 10.267766952514648 0.7322330474853516
      vertex -12 10.341907911002636 0.4085811823606491
      vertex -12 10.200026422739029 0.3033546954393387
    endloop
  endfacet
  facet normal -1 0 0
    outer loop
      vertex -12 10.267766952514648 0.7322330474853516
      vertex -12 10.200026422739029 0.3033546954393387
      vertex -12 10.085983209311962 0.567473866045475
    endloop
  endfacet
  facet normal -1 0 0
    outer loop
      vertex -12 10.432526133954525 0.9140167906880379
      vertex -12 10.472792208194733 0.5272077918052673
      vertex -12 10.341907911002636 0.4085811823606491
    endloop
  endfacet
  facet normal -1 0 0
    outer loop
      vertex -12 10.267766952514648 0.7322330474853516
      vertex -12 10.432526133954525 0.9140167906880379
      vertex -12 10.341907911002636 0.4085811823606491
    endloop
  endfacet
  facet normal -1 0 0
    outer loop
      vertex -12 10.578674033284187 1.1110744178295135
      vertex -12 10.591418817639351 0.658092088997364
      vertex -12 10.472792208194733 0.5272077918052673
    endloop
  endfacet
  facet normal -1 0 0
    outer loop
      vertex -12 10.578674033284187 1.1110744178295135
      vertex -12 10.472792208194733 0.5272077918052673
      vertex -12 10.432526133954525 0.9140167906880379
    endloop
  endfacet
  facet normal -1 0 0
    outer loop
      vertex -12 10.70480316132307 1.3215081542730331
      vertex -12 10.696645304560661 0.7999735772609711
      vertex -12 10.591418817639351 0.658092088997364
    endloop
  endfacet
  facet normal -1 0 0
    outer loop
      vertex -12 10.578674033284187 1.1110744178295135
      vertex -12 10.70480316132307 1.3215081542730331
      vertex -12 10.591418817639351 0.658092088997364
    endloop
  endfacet
  facet normal -1 0 0
    outer loop
      vertex -12 10.809698827564716 1.5432914197444916
      vertex -12 10.787458278238773 0.9514858722686768
      vertex -12 10.696645304560661 0.7999735772609711
    endloop
  endfacet
  facet normal -1 0 0
    outer loop
      vertex -12 10.809698827564716 1.5432914197444916
      vertex -12 10.696645304560661 0.7999735772609711
      vertex -12 10.70480316132307 1.3215081542730331
    endloop
  endfacet
  facet normal -1 0 0
    outer loop
      vertex -12 10.89235083758831 1.7742883041501045
      vertex -12 10.862983159720898 1.1111698225140572
      vertex -12 10.787458278238773 0.9514858722686768
    endloop
  endfacet
  facet normal -1 0 0
    outer loop
      vertex -12 10.89235083758831 1.7742883041501045
      vertex -12 10.787458278238773 0.9514858722686768
      vertex -12 10.809698827564716 1.5432914197444916
    endloop
  endfacet
  facet normal -1 0 0
    outer loop
      vertex -12 10.89235083758831 1.7742883041501045
      vertex -12 10.92249260097742 1.2774875834584236
      vertex -12 10.862983159720898 1.1111698225140572
    endloop
  endfacet
  facet normal -1 0 0
    outer loop
      vertex -12 10.9519632011652 2.0122741982340813
      vertex -12 10.965413503348827 1.4488374218344688
      vertex -12 10.92249260097742 1.2774875834584236
    endloop
  endfacet
  facet normal -1 0 0
    outer loop
      vertex -12 10.9519632011652 2.0122741982340813
      vertex -12 10.92249260097742 1.2774875834584236
      vertex -12 10.89235083758831 1.7742883041501045
    endloop
  endfacet
  facet normal -1 0 0
    outer loop
      vertex -12 10.987961813807487 2.2549571469426155
      vertex -12 10.9913325086236 1.6235691457986832
      vertex -12 10.965413503348827 1.4488374218344688
    endloop
  endfacet
  facet normal -1 0 0
    outer loop
      vertex -12 11 2.2000000029802322
      vertex -12 11 1.7999999970197678
      vertex -12 10.9913325086236 1.6235691457986832
    endloop
  endfacet
  facet normal -1 0 0
    outer loop
      vertex -12 10.987961813807487 2.2549571469426155
      vertex -12 10.965413503348827 1.4488374218344688
      vertex -12 10.9519632011652 2.0122741982340813
    endloop
  endfacet
  facet normal -1 0 0
    outer loop
      vertex -12 10.992630971994235 2.350000023432443
      vertex -12 11 2.2000000029802322
      vertex -12 10.9913325086236 1.6235691457986832
    endloop
  endfacet
  facet normal -1 0 0
    outer loop
      vertex -12 10.992630971994235 2.350000023432443
      vertex -12 10.9913325086236 1.6235691457986832
      vertex -12 10.987961813807487 2.2549571469426155
    endloop
  endfacet
  facet normal 1.7306362933585904e-15 0.9987954563567225 0.04906767124254401
    outer loop
      vertex -12 10.992630971994235 2.350000023432443
      vertex -11 10.992630971994233 2.350000023432444
      vertex -12 11 2.2000000029802322
    endloop
  endfacet
  facet normal 0 -0.24298019176794297 -0.9700312502225964
    outer loop
      vertex -12 -9.722512416541576 0.0775073990225792
      vertex -12 -9.551162578165531 0.03458649665117264
      vertex 12 -9.551162578165531 0.03458649665117264
    endloop
  endfacet
  facet normal 0 -0.33688982746813306 -0.941544074458807
    outer loop
      vertex -12 -9.888830177485943 0.13701684027910233
      vertex -12 -9.722512416541576 0.0775073990225792
      vertex 12 -9.722512416541576 0.0775073990225792
    endloop
  endfacet
  facet normal 0 -0.4275550829790278 -0.9039892980665183
    outer loop
      vertex -12 -10.048514127731323 0.21254172176122665
      vertex -12 -9.888830177485943 0.13701684027910233
      vertex 12 -9.888830177485943 0.13701684027910233
    endloop
  endfacet
  facet normal 0 -0.5141027395339042 -0.8577286127929594
    outer loop
      vertex -12 -10.200026422739029 0.3033546954393387
      vertex -12 -10.048514127731323 0.21254172176122665
      vertex 12 -10.048514127731323 0.21254172176122665
    endloop
  endfacet
  facet normal 0 -0.595699317803761 -0.8032075216082913
    outer loop
      vertex -12 -10.341907911002636 0.4085811823606491
      vertex -12 -10.200026422739029 0.3033546954393387
      vertex 12 -10.200026422739029 0.3033546954393387
    endloop
  endfacet
  facet normal 0 -0.6715589461927918 -0.7409511331986929
    outer loop
      vertex -12 -10.472792208194733 0.5272077918052673
      vertex -12 -10.341907911002636 0.4085811823606491
      vertex 12 -10.341907911002636 0.4085811823606491
    endloop
  endfacet
  facet normal 0 -0.14673048800578198 -0.9891765079547659
    outer loop
      vertex -12 -9.551162578165531 0.03458649665117264
      vertex -12 -9.376430854201317 0.008667491376399994
      vertex 12 -9.376430854201317 0.008667491376399994
    endloop
  endfacet
  facet normal 0 -0.04906767124254976 -0.9987954563567223
    outer loop
      vertex -12 -9.376430854201317 0.008667491376399994
      vertex -12 -9.200000002980232 0
      vertex 12 -9.200000002980232 0
    endloop
  endfacet
  facet normal 0 -0.7409511331986929 -0.6715589461927918
    outer loop
      vertex -12 -10.591418817639351 0.658092088997364
      vertex -12 -10.472792208194733 0.5272077918052673
      vertex 12 -10.472792208194733 0.5272077918052673
    endloop
  endfacet
  facet normal 0 -0.8032075216082913 -0.595699317803761
    outer loop
      vertex -12 -10.696645304560661 0.7999735772609711
      vertex -12 -10.591418817639351 0.658092088997364
      vertex 12 -10.591418817639351 0.658092088997364
    endloop
  endfacet
  facet normal 0 -0.8577286127929594 -0.5141027395339042
    outer loop
      vertex -12 -10.787458278238773 0.9514858722686768
      vertex -12 -10.696645304560661 0.7999735772609711
      vertex 12 -10.696645304560661 0.7999735772609711
    endloop
  endfacet
  facet normal 0 -0.9039892980665183 -0.4275550829790278
    outer loop
      vertex -12 -10.862983159720898 1.1111698225140572
      vertex -12 -10.787458278238773 0.9514858722686768
      vertex 12 -10.787458278238773 0.9514858722686768
    endloop
  endfacet
  facet normal 0 -0.941544074458807 -0.33688982746813306
    outer loop
      vertex -12 -10.92249260097742 1.2774875834584236
      vertex -12 -10.862983159720898 1.1111698225140572
      vertex 12 -10.862983159720898 1.1111698225140572
    endloop
  endfacet
  facet normal 0 -0.9700312502225964 -0.24298019176794297
    outer loop
      vertex -12 -10.965413503348827 1.4488374218344688
      vertex -12 -10.92249260097742 1.2774875834584236
      vertex 12 -10.92249260097742 1.2774875834584236
    endloop
  endfacet
  facet normal 0 -0.9891765079547659 -0.14673048800578198
    outer loop
      vertex -12 -10.9913325086236 1.6235691457986832
      vertex -12 -10.965413503348827 1.4488374218344688
      vertex 12 -10.965413503348827 1.4488374218344688
    endloop
  endfacet
  facet normal 0 -0.9987954563567223 -0.04906767124254976
    outer loop
      vertex -12 -11 1.7999999970197678
      vertex -12 -10.9913325086236 1.6235691457986832
      vertex 12 -10.9913325086236 1.6235691457986832
    endloop
  endfacet
  facet normal 0 0 -1
    outer loop
      vertex -12 -9.200000002980232 0
      vertex -12 -8.5 0
      vertex 11.086956518147641 8.5 0
    endloop
  endfacet
  facet normal 0 -0.998795456356722 0.049067671242555524
    outer loop
      vertex -12 -11 2.2000000029802322
      vertex 12 -11 2.2000000029802322
      vertex -11 -10.992630971994233 2.350000023432444
    endloop
  endfacet
  facet normal 0 -0.998795456356724 0.04906767124251701
    outer loop
      vertex -11 -10.9913325086236 2.376430854201317
      vertex -11 -10.992630971994233 2.350000023432444
      vertex 11 -10.9913325086236 2.376430854201317
    endloop
  endfacet
  facet normal 0 -0.989176507954766 0.146730488005782
    outer loop
      vertex -11 -10.965413503348827 2.551162578165531
      vertex -11 -10.9913325086236 2.376430854201317
      vertex 11 -10.965413503348827 2.551162578165531
    endloop
  endfacet
  facet normal 0 -0.9700312502225965 0.242980191767943
    outer loop
      vertex -11 -10.92249260097742 2.7225124165415764
      vertex -11 -10.965413503348827 2.551162578165531
      vertex 11 -10.92249260097742 2.7225124165415764
    endloop
  endfacet
  facet normal 0 -0.9415440744588071 0.3368898274681331
    outer loop
      vertex -11 -10.862983159720898 2.888830177485943
      vertex -11 -10.92249260097742 2.7225124165415764
      vertex 11 -10.862983159720898 2.888830177485943
    endloop
  endfacet
  facet normal 0 -0.9039892980665184 0.4275550829790278
    outer loop
      vertex -11 -10.787458278238773 3.0485141277313232
      vertex -11 -10.862983159720898 2.888830177485943
      vertex 11 -10.787458278238773 3.0485141277313232
    endloop
  endfacet
  facet normal 0 -0.8577286127929595 0.5141027395339043
    outer loop
      vertex -11 -10.696645304560661 3.200026422739029
      vertex -11 -10.787458278238773 3.0485141277313232
      vertex 11 -10.696645304560661 3.200026422739029
    endloop
  endfacet
  facet normal 0 -0.8032075216082913 0.595699317803761
    outer loop
      vertex -11 -10.696645304560661 3.200026422739029
      vertex 11 -10.591418817639351 3.341907911002636
      vertex -11 -10.591418817639351 3.341907911002636
    endloop
  endfacet
  facet normal 0 -0.7409511331986929 0.6715589461927918
    outer loop
      vertex -11 -10.472792208194733 3.4727922081947327
      vertex -11 -10.591418817639351 3.341907911002636
      vertex 11 -10.472792208194733 3.4727922081947327
    endloop
  endfacet
  facet normal 0 -0.6715589461927918 0.7409511331986929
    outer loop
      vertex -11 -10.341907911002636 3.591418817639351
      vertex -11 -10.472792208194733 3.4727922081947327
      vertex 11 -10.341907911002636 3.591418817639351
    endloop
  endfacet
  facet normal 0 -0.595699317803761 0.8032075216082913
    outer loop
      vertex -11 -10.341907911002636 3.591418817639351
      vertex 11 -10.200026422739029 3.6966453045606613
      vertex -11 -10.200026422739029 3.6966453045606613
    endloop
  endfacet
  facet normal 0 -0.5141027395339043 0.8577286127929595
    outer loop
      vertex -11 -10.048514127731323 3.7874582782387733
      vertex -11 -10.200026422739029 3.6966453045606613
      vertex 11 -10.048514127731323 3.7874582782387733
    endloop
  endfacet
  facet normal 0 -0.4275550829790278 0.9039892980665184
    outer loop
      vertex -11 -10.048514127731323 3.7874582782387733
      vertex 11 -9.888830177485943 3.8629831597208977
      vertex -11 -9.888830177485943 3.8629831597208977
    endloop
  endfacet
  facet normal 0 -0.3368898274681331 0.9415440744588071
    outer loop
      vertex -11 -9.888830177485943 3.8629831597208977
      vertex 11 -9.722512416541576 3.922492600977421
      vertex -11 -9.722512416541576 3.922492600977421
    endloop
  endfacet
  facet normal 0 -0.242980191767943 0.9700312502225965
    outer loop
      vertex -11 -9.722512416541576 3.922492600977421
      vertex 11 -9.551162578165531 3.9654135033488274
      vertex -11 -9.551162578165531 3.9654135033488274
    endloop
  endfacet
  facet normal 0 -0.146730488005782 0.989176507954766
    outer loop
      vertex -11 -9.376430854201317 3.9913325086236
      vertex -11 -9.551162578165531 3.9654135033488274
      vertex 11 -9.376430854201317 3.9913325086236
    endloop
  endfacet
  facet normal 0 -0.04906767124254976 0.9987954563567223
    outer loop
      vertex -11 -9.376430854201317 3.9913325086236
      vertex 11 -9.200000002980232 4
      vertex -11 -9.200000002980232 4
    endloop
  endfacet
  facet normal 0 0 -1
    outer loop
      vertex -12 -8.5 0
      vertex -12 8.5 0
      vertex 12 9.200000002980232 0
    endloop
  endfacet
  facet normal 0 0 -1
    outer loop
      vertex -12 8.5 0
      vertex -12 9.200000002980232 0
      vertex 12 9.200000002980232 0
    endloop
  endfacet
  facet normal 0 0.04906767124254976 -0.9987954563567223
    outer loop
      vertex -12 9.200000002980232 0
      vertex -12 9.376430854201317 0.008667491376399994
      vertex 12 9.376430854201317 0.008667491376399994
    endloop
  endfacet
  facet normal 0 0.14673048800578198 -0.9891765079547659
    outer loop
      vertex -12 9.376430854201317 0.008667491376399994
      vertex -12 9.551162578165531 0.03458649665117264
      vertex 12 9.551162578165531 0.03458649665117264
    endloop
  endfacet
  facet normal 0 0.24298019176794297 -0.9700312502225964
    outer loop
      vertex -12 9.551162578165531 0.03458649665117264
      vertex -12 9.722512416541576 0.0775073990225792
      vertex 12 9.722512416541576 0.0775073990225792
    endloop
  endfacet
  facet normal 0 0.33688982746813306 -0.941544074458807
    outer loop
      vertex -12 9.888830177485943 0.13701684027910233
      vertex 12 9.888830177485943 0.13701684027910233
      vertex -12 9.722512416541576 0.0775073990225792
    endloop
  endfacet
  facet normal 0 0.4275550829790278 -0.9039892980665183
    outer loop
      vertex -12 9.888830177485943 0.13701684027910233
      vertex -12 10.048514127731323 0.21254172176122665
      vertex 12 10.048514127731323 0.21254172176122665
    endloop
  endfacet
  facet normal 0 0.5141027395339042 -0.8577286127929594
    outer loop
      vertex -12 10.200026422739029 0.3033546954393387
      vertex 12 10.200026422739029 0.3033546954393387
      vertex -12 10.048514127731323 0.21254172176122665
    endloop
  endfacet
  facet normal 0 0.595699317803761 -0.8032075216082913
    outer loop
      vertex -12 10.200026422739029 0.3033546954393387
      vertex -12 10.341907911002636 0.4085811823606491
      vertex 12 10.341907911002636 0.4085811823606491
    endloop
  endfacet
  facet normal 0 0.6715589461927918 -0.7409511331986929
    outer loop
      vertex -12 10.472792208194733 0.5272077918052673
      vertex 12 10.472792208194733 0.5272077918052673
      vertex -12 10.341907911002636 0.4085811823606491
    endloop
  endfacet
  facet normal 0 0.7409511331986929 -0.6715589461927918
    outer loop
      vertex -12 10.591418817639351 0.658092088997364
      vertex 12 10.591418817639351 0.658092088997364
      vertex -12 10.472792208194733 0.5272077918052673
    endloop
  endfacet
  facet normal 0 0.8032075216082913 -0.595699317803761
    outer loop
      vertex -12 10.696645304560661 0.7999735772609711
      vertex 12 10.696645304560661 0.7999735772609711
      vertex -12 10.591418817639351 0.658092088997364
    endloop
  endfacet
  facet normal 0 0.8577286127929594 -0.5141027395339042
    outer loop
      vertex -12 10.787458278238773 0.9514858722686768
      vertex 12 10.787458278238773 0.9514858722686768
      vertex -12 10.696645304560661 0.7999735772609711
    endloop
  endfacet
  facet normal 0 0.9039892980665183 -0.4275550829790278
    outer loop
      vertex -12 10.862983159720898 1.1111698225140572
      vertex 12 10.862983159720898 1.1111698225140572
      vertex -12 10.787458278238773 0.9514858722686768
    endloop
  endfacet
  facet normal 0 0.941544074458807 -0.33688982746813306
    outer loop
      vertex -12 10.92249260097742 1.2774875834584236
      vertex 12 10.92249260097742 1.2774875834584236
      vertex -12 10.862983159720898 1.1111698225140572
    endloop
  endfacet
  facet normal 0 0.9700312502225964 -0.24298019176794297
    outer loop
      vertex -12 10.965413503348827 1.4488374218344688
      vertex 12 10.965413503348827 1.4488374218344688
      vertex -12 10.92249260097742 1.2774875834584236
    endloop
  endfacet
  facet normal 0 0.9891765079547659 -0.14673048800578198
    outer loop
      vertex -12 10.9913325086236 1.6235691457986832
      vertex 12 10.9913325086236 1.6235691457986832
      vertex -12 10.965413503348827 1.4488374218344688
    endloop
  endfacet
  facet normal 0 0.9987954563567223 -0.04906767124254976
    outer loop
      vertex -12 11 1.7999999970197678
      vertex 12 11 1.7999999970197678
      vertex -12 10.9913325086236 1.6235691457986832
    endloop
  endfacet
  facet normal 0 0 1
    outer loop
      vertex -11 -9.200000002980232 4
      vertex 11 9.200000002980232 4
      vertex -11 9.200000002980232 4
    endloop
  endfacet
  facet normal 0 0.9039892980665184 0.4275550829790278
    outer loop
      vertex -11 10.787458278238773 3.0485141277313232
      vertex 11 10.862983159720898 2.888830177485943
      vertex -11 10.862983159720898 2.888830177485943
    endloop
  endfacet
  facet normal 0 0.8577286127929595 0.5141027395339043
    outer loop
      vertex -11 10.696645304560661 3.200026422739029
      vertex 11 10.787458278238773 3.0485141277313232
      vertex -11 10.787458278238773 3.0485141277313232
    endloop
  endfacet
  facet normal 0 0.998795456356722 0.049067671242555524
    outer loop
      vertex -12 11 2.2000000029802322
      vertex -11 10.992630971994233 2.350000023432444
      vertex 11 10.992630971994233 2.350000023432444
    endloop
  endfacet
  facet normal 0 0.998795456356724 0.04906767124251701
    outer loop
      vertex -11 10.9913325086236 2.376430854201317
      vertex 11 10.992630971994233 2.350000023432444
      vertex -11 10.992630971994233 2.350000023432444
    endloop
  endfacet
  facet normal 0 0.989176507954766 0.146730488005782
    outer loop
      vertex -11 10.965413503348827 2.551162578165531
      vertex 11 10.9913325086236 2.376430854201317
      vertex -11 10.9913325086236 2.376430854201317
    endloop
  endfacet
  facet normal 0 0.9700312502225965 0.242980191767943
    outer loop
      vertex -11 10.92249260097742 2.7225124165415764
      vertex 11 10.965413503348827 2.551162578165531
      vertex -11 10.965413503348827 2.551162578165531
    endloop
  endfacet
  facet normal 0 0.9415440744588071 0.3368898274681331
    outer loop
      vertex -11 10.862983159720898 2.888830177485943
      vertex 11 10.92249260097742 2.7225124165415764
      vertex -11 10.92249260097742 2.7225124165415764
    endloop
  endfacet
  facet normal 0 0.8032075216082913 0.595699317803761
    outer loop
      vertex -11 10.591418817639351 3.341907911002636
      vertex 11 10.696645304560661 3.200026422739029
      vertex -11 10.696645304560661 3.200026422739029
    endloop
  endfacet
  facet normal 0 0.7409511331986929 0.6715589461927918
    outer loop
      vertex -11 10.472792208194733 3.4727922081947327
      vertex 11 10.591418817639351 3.341907911002636
      vertex -11 10.591418817639351 3.341907911002636
    endloop
  endfacet
  facet normal 0 0.6715589461927918 0.7409511331986929
    outer loop
      vertex -11 10.341907911002636 3.591418817639351
      vertex 11 10.472792208194733 3.4727922081947327
      vertex -11 10.472792208194733 3.4727922081947327
    endloop
  endfacet
  facet normal 0 0.595699317803761 0.8032075216082913
    outer loop
      vertex -11 10.200026422739029 3.6966453045606613
      vertex 11 10.341907911002636 3.591418817639351
      vertex -11 10.341907911002636 3.591418817639351
    endloop
  endfacet
  facet normal 0 0.4275550829790278 0.9039892980665184
    outer loop
      vertex -11 9.888830177485943 3.8629831597208977
      vertex 11 10.048514127731323 3.7874582782387733
      vertex -11 10.048514127731323 3.7874582782387733
    endloop
  endfacet
  facet normal 0 0.146730488005782 0.989176507954766
    outer loop
      vertex -11 9.376430854201317 3.9913325086236
      vertex 11 9.551162578165531 3.9654135033488274
      vertex -11 9.551162578165531 3.9654135033488274
    endloop
  endfacet
  facet normal 0 0.242980191767943 0.9700312502225965
    outer loop
      vertex -11 9.551162578165531 3.9654135033488274
      vertex 11 9.722512416541576 3.922492600977421
      vertex -11 9.722512416541576 3.922492600977421
    endloop
  endfacet
  facet normal 0 0.3368898274681331 0.9415440744588071
    outer loop
      vertex -11 9.722512416541576 3.922492600977421
      vertex 11 9.888830177485943 3.8629831597208977
      vertex -11 9.888830177485943 3.8629831597208977
    endloop
  endfacet
  facet normal 0 0.5141027395339043 0.8577286127929595
    outer loop
      vertex -11 10.048514127731323 3.7874582782387733
      vertex 11 10.200026422739029 3.6966453045606613
      vertex -11 10.200026422739029 3.6966453045606613
    endloop
  endfacet
  facet normal 0 0.04906767124254976 0.9987954563567223
    outer loop
      vertex -11 9.200000002980232 4
      vertex 11 9.376430854201317 3.9913325086236
      vertex -11 9.376430854201317 3.9913325086236
    endloop
  endfacet
  facet normal 0 -0.33688982746813306 -0.941544074458807
    outer loop
      vertex -12 -9.888830177485943 0.13701684027910233
      vertex 12 -9.722512416541576 0.0775073990225792
      vertex 12 -9.888830177485943 0.13701684027910233
    endloop
  endfacet
  facet normal 0 -0.24298019176794297 -0.9700312502225964
    outer loop
      vertex -12 -9.722512416541576 0.0775073990225792
      vertex 12 -9.551162578165531 0.03458649665117264
      vertex 12 -9.722512416541576 0.0775073990225792
    endloop
  endfacet
  facet normal 0 -0.14673048800578198 -0.9891765079547659
    outer loop
      vertex -12 -9.551162578165531 0.03458649665117264
      vertex 12 -9.376430854201317 0.008667491376399994
      vertex 12 -9.551162578165531 0.03458649665117264
    endloop
  endfacet
  facet normal 0 -0.4275550829790278 -0.9039892980665183
    outer loop
      vertex -12 -10.048514127731323 0.21254172176122665
      vertex 12 -9.888830177485943 0.13701684027910233
      vertex 12 -10.048514127731323 0.21254172176122665
    endloop
  endfacet
  facet normal 0 -0.595699317803761 -0.8032075216082913
    outer loop
      vertex -12 -10.341907911002636 0.4085811823606491
      vertex 12 -10.200026422739029 0.3033546954393387
      vertex 12 -10.341907911002636 0.4085811823606491
    endloop
  endfacet
  facet normal 0 -0.6715589461927918 -0.7409511331986929
    outer loop
      vertex -12 -10.472792208194733 0.5272077918052673
      vertex 12 -10.341907911002636 0.4085811823606491
      vertex 12 -10.472792208194733 0.5272077918052673
    endloop
  endfacet
  facet normal 0 -0.5141027395339042 -0.8577286127929594
    outer loop
      vertex -12 -10.200026422739029 0.3033546954393387
      vertex 12 -10.048514127731323 0.21254172176122665
      vertex 12 -10.200026422739029 0.3033546954393387
    endloop
  endfacet
  facet normal 0 -0.04906767124254976 -0.9987954563567223
    outer loop
      vertex -12 -9.376430854201317 0.008667491376399994
      vertex 12 -9.200000002980232 0
      vertex 12 -9.376430854201317 0.008667491376399994
    endloop
  endfacet
  facet normal 0 0 -1
    outer loop
      vertex -12 -9.200000002980232 0
      vertex 12 -8.5 0
      vertex 12 -9.200000002980232 0
    endloop
  endfacet
  facet normal 0 0 -1
    outer loop
      vertex -12 -9.200000002980232 0
      vertex 12 -6.954545454545455 0
      vertex 12 -8.5 0
    endloop
  endfacet
  facet normal 0 -0.7409511331986929 -0.6715589461927918
    outer loop
      vertex -12 -10.591418817639351 0.658092088997364
      vertex 12 -10.472792208194733 0.5272077918052673
      vertex 12 -10.591418817639351 0.658092088997364
    endloop
  endfacet
  facet normal 0 -0.8032075216082913 -0.595699317803761
    outer loop
      vertex -12 -10.696645304560661 0.7999735772609711
      vertex 12 -10.591418817639351 0.658092088997364
      vertex 12 -10.696645304560661 0.7999735772609711
    endloop
  endfacet
  facet normal 0 -0.8577286127929594 -0.5141027395339042
    outer loop
      vertex -12 -10.787458278238773 0.9514858722686768
      vertex 12 -10.696645304560661 0.7999735772609711
      vertex 12 -10.787458278238773 0.9514858722686768
    endloop
  endfacet
  facet normal 0 -0.9039892980665183 -0.4275550829790278
    outer loop
      vertex -12 -10.862983159720898 1.1111698225140572
      vertex 12 -10.787458278238773 0.9514858722686768
      vertex 12 -10.862983159720898 1.1111698225140572
    endloop
  endfacet
  facet normal 0 -0.941544074458807 -0.33688982746813306
    outer loop
      vertex -12 -10.92249260097742 1.2774875834584236
      vertex 12 -10.862983159720898 1.1111698225140572
      vertex 12 -10.92249260097742 1.2774875834584236
    endloop
  endfacet
  facet normal 0 -0.9700312502225964 -0.24298019176794297
    outer loop
      vertex -12 -10.965413503348827 1.4488374218344688
      vertex 12 -10.92249260097742 1.2774875834584236
      vertex 12 -10.965413503348827 1.4488374218344688
    endloop
  endfacet
  facet normal 0 -0.9891765079547659 -0.14673048800578198
    outer loop
      vertex -12 -10.9913325086236 1.6235691457986832
      vertex 12 -10.965413503348827 1.4488374218344688
      vertex 12 -10.9913325086236 1.6235691457986832
    endloop
  endfacet
  facet normal 0 -0.9987954563567223 -0.04906767124254976
    outer loop
      vertex -12 -11 1.7999999970197678
      vertex 12 -10.9913325086236 1.6235691457986832
      vertex 12 -11 1.7999999970197678
    endloop
  endfacet
  facet normal 0 0 -1
    outer loop
      vertex -12 -9.200000002980232 0
      vertex 11.086956518147641 8.5 0
      vertex 12 -6.954545454545455 0
    endloop
  endfacet
  facet normal 0 -0.998795456356724 0.04906767124251701
    outer loop
      vertex -11 -10.992630971994233 2.350000023432444
      vertex 11 -10.992630971994233 2.350000023432444
      vertex 11 -10.9913325086236 2.376430854201317
    endloop
  endfacet
  facet normal 0 -0.989176507954766 0.146730488005782
    outer loop
      vertex -11 -10.9913325086236 2.376430854201317
      vertex 11 -10.9913325086236 2.376430854201317
      vertex 11 -10.965413503348827 2.551162578165531
    endloop
  endfacet
  facet normal 0 -0.9700312502225965 0.242980191767943
    outer loop
      vertex -11 -10.965413503348827 2.551162578165531
      vertex 11 -10.965413503348827 2.551162578165531
      vertex 11 -10.92249260097742 2.7225124165415764
    endloop
  endfacet
  facet normal 0 -0.998795456356722 0.049067671242555524
    outer loop
      vertex -11 -10.992630971994233 2.350000023432444
      vertex 12 -11 2.2000000029802322
      vertex 11 -10.992630971994233 2.350000023432444
    endloop
  endfacet
  facet normal 0 -0.9415440744588071 0.3368898274681331
    outer loop
      vertex -11 -10.92249260097742 2.7225124165415764
      vertex 11 -10.92249260097742 2.7225124165415764
      vertex 11 -10.862983159720898 2.888830177485943
    endloop
  endfacet
  facet normal 0 -0.9039892980665184 0.4275550829790278
    outer loop
      vertex -11 -10.862983159720898 2.888830177485943
      vertex 11 -10.862983159720898 2.888830177485943
      vertex 11 -10.787458278238773 3.0485141277313232
    endloop
  endfacet
  facet normal 0 -0.8577286127929595 0.5141027395339043
    outer loop
      vertex -11 -10.787458278238773 3.0485141277313232
      vertex 11 -10.787458278238773 3.0485141277313232
      vertex 11 -10.696645304560661 3.200026422739029
    endloop
  endfacet
  facet normal 0 -0.8032075216082913 0.595699317803761
    outer loop
      vertex -11 -10.696645304560661 3.200026422739029
      vertex 11 -10.696645304560661 3.200026422739029
      vertex 11 -10.591418817639351 3.341907911002636
    endloop
  endfacet
  facet normal 0 -0.7409511331986929 0.6715589461927918
    outer loop
      vertex -11 -10.591418817639351 3.341907911002636
      vertex 11 -10.591418817639351 3.341907911002636
      vertex 11 -10.472792208194733 3.4727922081947327
    endloop
  endfacet
  facet normal 0 -0.6715589461927918 0.7409511331986929
    outer loop
      vertex -11 -10.472792208194733 3.4727922081947327
      vertex 11 -10.472792208194733 3.4727922081947327
      vertex 11 -10.341907911002636 3.591418817639351
    endloop
  endfacet
  facet normal 0 -0.595699317803761 0.8032075216082913
    outer loop
      vertex -11 -10.341907911002636 3.591418817639351
      vertex 11 -10.341907911002636 3.591418817639351
      vertex 11 -10.200026422739029 3.6966453045606613
    endloop
  endfacet
  facet normal 0 -0.5141027395339043 0.8577286127929595
    outer loop
      vertex -11 -10.200026422739029 3.6966453045606613
      vertex 11 -10.200026422739029 3.6966453045606613
      vertex 11 -10.048514127731323 3.7874582782387733
    endloop
  endfacet
  facet normal 0 -0.4275550829790278 0.9039892980665184
    outer loop
      vertex -11 -10.048514127731323 3.7874582782387733
      vertex 11 -10.048514127731323 3.7874582782387733
      vertex 11 -9.888830177485943 3.8629831597208977
    endloop
  endfacet
  facet normal 0 -0.3368898274681331 0.9415440744588071
    outer loop
      vertex -11 -9.888830177485943 3.8629831597208977
      vertex 11 -9.888830177485943 3.8629831597208977
      vertex 11 -9.722512416541576 3.922492600977421
    endloop
  endfacet
  facet normal 0 -0.242980191767943 0.9700312502225965
    outer loop
      vertex -11 -9.722512416541576 3.922492600977421
      vertex 11 -9.722512416541576 3.922492600977421
      vertex 11 -9.551162578165531 3.9654135033488274
    endloop
  endfacet
  facet normal 0 -0.146730488005782 0.989176507954766
    outer loop
      vertex -11 -9.551162578165531 3.9654135033488274
      vertex 11 -9.551162578165531 3.9654135033488274
      vertex 11 -9.376430854201317 3.9913325086236
    endloop
  endfacet
  facet normal 0 -0.04906767124254976 0.9987954563567223
    outer loop
      vertex -11 -9.376430854201317 3.9913325086236
      vertex 11 -9.376430854201317 3.9913325086236
      vertex 11 -9.200000002980232 4
    endloop
  endfacet
  facet normal 0 0 1
    outer loop
      vertex -11 -9.200000002980232 4
      vertex 11 -9.200000002980232 4
      vertex 11 9.200000002980232 4
    endloop
  endfacet
  facet normal 0 0 -1
    outer loop
      vertex -12 -8.5 0
      vertex 12 9.200000002980232 0
      vertex 11.086956518147641 8.5 0
    endloop
  endfacet
  facet normal 0 0.04906767124254976 -0.9987954563567223
    outer loop
      vertex -12 9.200000002980232 0
      vertex 12 9.376430854201317 0.008667491376399994
      vertex 12 9.200000002980232 0
    endloop
  endfacet
  facet normal 0 0.14673048800578198 -0.9891765079547659
    outer loop
      vertex -12 9.376430854201317 0.008667491376399994
      vertex 12 9.551162578165531 0.03458649665117264
      vertex 12 9.376430854201317 0.008667491376399994
    endloop
  endfacet
  facet normal 0 0.24298019176794297 -0.9700312502225964
    outer loop
      vertex -12 9.551162578165531 0.03458649665117264
      vertex 12 9.722512416541576 0.0775073990225792
      vertex 12 9.551162578165531 0.03458649665117264
    endloop
  endfacet
  facet normal 0 0.33688982746813306 -0.941544074458807
    outer loop
      vertex -12 9.722512416541576 0.0775073990225792
      vertex 12 9.888830177485943 0.13701684027910233
      vertex 12 9.722512416541576 0.0775073990225792
    endloop
  endfacet
  facet normal 0 0.4275550829790278 -0.9039892980665183
    outer loop
      vertex -12 9.888830177485943 0.13701684027910233
      vertex 12 10.048514127731323 0.21254172176122665
      vertex 12 9.888830177485943 0.13701684027910233
    endloop
  endfacet
  facet normal 0 0.5141027395339042 -0.8577286127929594
    outer loop
      vertex -12 10.048514127731323 0.21254172176122665
      vertex 12 10.200026422739029 0.3033546954393387
      vertex 12 10.048514127731323 0.21254172176122665
    endloop
  endfacet
  facet normal 0 0.595699317803761 -0.8032075216082913
    outer loop
      vertex -12 10.200026422739029 0.3033546954393387
      vertex 12 10.341907911002636 0.4085811823606491
      vertex 12 10.200026422739029 0.3033546954393387
    endloop
  endfacet
  facet normal 0 0.6715589461927918 -0.7409511331986929
    outer loop
      vertex -12 10.341907911002636 0.4085811823606491
      vertex 12 10.472792208194733 0.5272077918052673
      vertex 12 10.341907911002636 0.4085811823606491
    endloop
  endfacet
  facet normal 0 0.7409511331986929 -0.6715589461927918
    outer loop
      vertex -12 10.472792208194733 0.5272077918052673
      vertex 12 10.591418817639351 0.658092088997364
      vertex 12 10.472792208194733 0.5272077918052673
    endloop
  endfacet
  facet normal 0 0.8032075216082913 -0.595699317803761
    outer loop
      vertex -12 10.591418817639351 0.658092088997364
      vertex 12 10.696645304560661 0.7999735772609711
      vertex 12 10.591418817639351 0.658092088997364
    endloop
  endfacet
  facet normal 0 0.8577286127929594 -0.5141027395339042
    outer loop
      vertex -12 10.696645304560661 0.7999735772609711
      vertex 12 10.787458278238773 0.9514858722686768
      vertex 12 10.696645304560661 0.7999735772609711
    endloop
  endfacet
  facet normal 0 0.9039892980665183 -0.4275550829790278
    outer loop
      vertex -12 10.787458278238773 0.9514858722686768
      vertex 12 10.862983159720898 1.1111698225140572
      vertex 12 10.787458278238773 0.9514858722686768
    endloop
  endfacet
  facet normal 0 0.941544074458807 -0.33688982746813306
    outer loop
      vertex -12 10.862983159720898 1.1111698225140572
      vertex 12 10.92249260097742 1.2774875834584236
      vertex 12 10.862983159720898 1.1111698225140572
    endloop
  endfacet
  facet normal 0 0.9700312502225964 -0.24298019176794297
    outer loop
      vertex -12 10.92249260097742 1.2774875834584236
      vertex 12 10.965413503348827 1.4488374218344688
      vertex 12 10.92249260097742 1.2774875834584236
    endloop
  endfacet
  facet normal 0 0.9891765079547659 -0.14673048800578198
    outer loop
      vertex -12 10.965413503348827 1.4488374218344688
      vertex 12 10.9913325086236 1.6235691457986832
      vertex 12 10.965413503348827 1.4488374218344688
    endloop
  endfacet
  facet normal 0 0.9987954563567223 -0.04906767124254976
    outer loop
      vertex -12 10.9913325086236 1.6235691457986832
      vertex 12 11 1.7999999970197678
      vertex 12 10.9913325086236 1.6235691457986832
    endloop
  endfacet
  facet normal 0 0.9039892980665184 0.4275550829790278
    outer loop
      vertex -11 10.787458278238773 3.0485141277313232
      vertex 11 10.787458278238773 3.0485141277313232
      vertex 11 10.862983159720898 2.888830177485943
    endloop
  endfacet
  facet normal 0 0.8577286127929595 0.5141027395339043
    outer loop
      vertex -11 10.696645304560661 3.200026422739029
      vertex 11 10.696645304560661 3.200026422739029
      vertex 11 10.787458278238773 3.0485141277313232
    endloop
  endfacet
  facet normal 0 0.998795456356722 0.049067671242555524
    outer loop
      vertex -12 11 2.2000000029802322
      vertex 11 10.992630971994233 2.350000023432444
      vertex 12 11 2.2000000029802322
    endloop
  endfacet
  facet normal 0 0.998795456356724 0.04906767124251701
    outer loop
      vertex -11 10.9913325086236 2.376430854201317
      vertex 11 10.9913325086236 2.376430854201317
      vertex 11 10.992630971994233 2.350000023432444
    endloop
  endfacet
  facet normal 0 0.989176507954766 0.146730488005782
    outer loop
      vertex -11 10.965413503348827 2.551162578165531
      vertex 11 10.965413503348827 2.551162578165531
      vertex 11 10.9913325086236 2.376430854201317
    endloop
  endfacet
  facet normal 0 0.9700312502225965 0.242980191767943
    outer loop
      vertex -11 10.92249260097742 2.7225124165415764
      vertex 11 10.92249260097742 2.7225124165415764
      vertex 11 10.965413503348827 2.551162578165531
    endloop
  endfacet
  facet normal 0 0.9415440744588071 0.3368898274681331
    outer loop
      vertex -11 10.862983159720898 2.888830177485943
      vertex 11 10.862983159720898 2.888830177485943
      vertex 11 10.92249260097742 2.7225124165415764
    endloop
  endfacet
  facet normal 0 0.8032075216082913 0.595699317803761
    outer loop
      vertex -11 10.591418817639351 3.341907911002636
      vertex 11 10.591418817639351 3.341907911002636
      vertex 11 10.696645304560661 3.200026422739029
    endloop
  endfacet
  facet normal 0 0.7409511331986929 0.6715589461927918
    outer loop
      vertex -11 10.472792208194733 3.4727922081947327
      vertex 11 10.472792208194733 3.4727922081947327
      vertex 11 10.591418817639351 3.341907911002636
    endloop
  endfacet
  facet normal 0 0.6715589461927918 0.7409511331986929
    outer loop
      vertex -11 10.341907911002636 3.591418817639351
      vertex 11 10.341907911002636 3.591418817639351
      vertex 11 10.472792208194733 3.4727922081947327
    endloop
  endfacet
  facet normal 0 0.595699317803761 0.8032075216082913
    outer loop
      vertex -11 10.200026422739029 3.6966453045606613
      vertex 11 10.200026422739029 3.6966453045606613
      vertex 11 10.341907911002636 3.591418817639351
    endloop
  endfacet
  facet normal 0 0.04906767124254976 0.9987954563567223
    outer loop
      vertex -11 9.200000002980232 4
      vertex 11 9.200000002980232 4
      vertex 11 9.376430854201317 3.9913325086236
    endloop
  endfacet
  facet normal 0 0.4275550829790278 0.9039892980665184
    outer loop
      vertex -11 9.888830177485943 3.8629831597208977
      vertex 11 9.888830177485943 3.8629831597208977
      vertex 11 10.048514127731323 3.7874582782387733
    endloop
  endfacet
  facet normal 0 0.146730488005782 0.989176507954766
    outer loop
      vertex -11 9.376430854201317 3.9913325086236
      vertex 11 9.376430854201317 3.9913325086236
      vertex 11 9.551162578165531 3.9654135033488274
    endloop
  endfacet
  facet normal 0 0.242980191767943 0.9700312502225965
    outer loop
      vertex -11 9.551162578165531 3.9654135033488274
      vertex 11 9.551162578165531 3.9654135033488274
      vertex 11 9.722512416541576 3.922492600977421
    endloop
  endfacet
  facet normal 0 0.3368898274681331 0.9415440744588071
    outer loop
      vertex -11 9.722512416541576 3.922492600977421
      vertex 11 9.722512416541576 3.922492600977421
      vertex 11 9.888830177485943 3.8629831597208977
    endloop
  endfacet
  facet normal 0 0.5141027395339043 0.8577286127929595
    outer loop
      vertex -11 10.048514127731323 3.7874582782387733
      vertex 11 10.048514127731323 3.7874582782387733
      vertex 11 10.200026422739029 3.6966453045606613
    endloop
  endfacet
  facet normal 1 0 0
    outer loop
      vertex 12 -9.456708580255508 0.19030117243528366
      vertex 12 -9.551162578165531 0.03458649665117264
      vertex 12 -9.376430854201317 0.008667491376399994
    endloop
  endfacet
  facet normal 1 0 0
    outer loop
      vertex 12 -9.888925582170486 0.4213259667158127
      vertex 12 -9.888830177485943 0.13701684027910233
      vertex 12 -9.722512416541576 0.0775073990225792
    endloop
  endfacet
  facet normal 1 0 0
    outer loop
      vertex 12 -9.888925582170486 0.4213259667158127
      vertex 12 -10.048514127731323 0.21254172176122665
      vertex 12 -9.888830177485943 0.13701684027910233
    endloop
  endfacet
  facet normal 1 0 0
    outer loop
      vertex 12 -9.678491845726967 0.2951968386769295
      vertex 12 -9.722512416541576 0.0775073990225792
      vertex 12 -9.551162578165531 0.03458649665117264
    endloop
  endfacet
  facet normal 1 0 0
    outer loop
      vertex 12 -9.678491845726967 0.2951968386769295
      vertex 12 -9.551162578165531 0.03458649665117264
      vertex 12 -9.456708580255508 0.19030117243528366
    endloop
  endfacet
  facet normal 1 0 0
    outer loop
      vertex 12 -9.888925582170486 0.4213259667158127
      vertex 12 -9.722512416541576 0.0775073990225792
      vertex 12 -9.678491845726967 0.2951968386769295
    endloop
  endfacet
  facet normal 1 0 0
    outer loop
      vertex 12 -10.267766952514648 0.7322330474853516
      vertex 12 -10.341907911002636 0.4085811823606491
      vertex 12 -10.200026422739029 0.3033546954393387
    endloop
  endfacet
  facet normal 1 0 0
    outer loop
      vertex 12 -10.085983209311962 0.567473866045475
      vertex 12 -10.200026422739029 0.3033546954393387
      vertex 12 -10.048514127731323 0.21254172176122665
    endloop
  endfacet
  facet normal 1 0 0
    outer loop
      vertex 12 -10.085983209311962 0.567473866045475
      vertex 12 -10.048514127731323 0.21254172176122665
      vertex 12 -9.888925582170486 0.4213259667158127
    endloop
  endfacet
  facet normal 1 0 0
    outer loop
      vertex 12 -9.376430854201317 0.008667491376399994
      vertex 12 -9.200000002980232 0
      vertex 12 -9.225711695849895 0.10764916241168976
    endloop
  endfacet
  facet normal 1 0 0
    outer loop
      vertex 12 -9.225711695849895 0.10764916241168976
      vertex 12 -9.200000002980232 0
      vertex 12 -8.987725801765919 0.04803679883480072
    endloop
  endfacet
  facet normal 1 0 0
    outer loop
      vertex 12 -9.456708580255508 0.19030117243528366
      vertex 12 -9.376430854201317 0.008667491376399994
      vertex 12 -9.225711695849895 0.10764916241168976
    endloop
  endfacet
  facet normal 1 0 0
    outer loop
      vertex 12 -9.200000002980232 0
      vertex 12 -8.745042853057384 0.012038186192512512
      vertex 12 -8.987725801765919 0.04803679883480072
    endloop
  endfacet
  facet normal 1 0 0
    outer loop
      vertex 12 -9.200000002980232 0
      vertex 12 -8.5 0
      vertex 12 -8.745042853057384 0.012038186192512512
    endloop
  endfacet
  facet normal 1 0 0
    outer loop
      vertex 12 -10.432526133954525 0.9140167906880379
      vertex 12 -10.472792208194733 0.5272077918052673
      vertex 12 -10.341907911002636 0.4085811823606491
    endloop
  endfacet
  facet normal 1 0 0
    outer loop
      vertex 12 -10.432526133954525 0.9140167906880379
      vertex 12 -10.341907911002636 0.4085811823606491
      vertex 12 -10.267766952514648 0.7322330474853516
    endloop
  endfacet
  facet normal 1 0 0
    outer loop
      vertex 12 -10.578674033284187 1.1110744178295135
      vertex 12 -10.591418817639351 0.658092088997364
      vertex 12 -10.472792208194733 0.5272077918052673
    endloop
  endfacet
  facet normal 1 0 0
    outer loop
      vertex 12 -10.267766952514648 0.7322330474853516
      vertex 12 -10.200026422739029 0.3033546954393387
      vertex 12 -10.085983209311962 0.567473866045475
    endloop
  endfacet
  facet normal 1 0 0
    outer loop
      vertex 12 -10.70480316132307 1.3215081542730331
      vertex 12 -10.696645304560661 0.7999735772609711
      vertex 12 -10.591418817639351 0.658092088997364
    endloop
  endfacet
  facet normal 1 0 0
    outer loop
      vertex 12 -10.578674033284187 1.1110744178295135
      vertex 12 -10.472792208194733 0.5272077918052673
      vertex 12 -10.432526133954525 0.9140167906880379
    endloop
  endfacet
  facet normal 1 0 0
    outer loop
      vertex 12 -10.70480316132307 1.3215081542730331
      vertex 12 -10.787458278238773 0.9514858722686768
      vertex 12 -10.696645304560661 0.7999735772609711
    endloop
  endfacet
  facet normal 1 0 0
    outer loop
      vertex 12 -10.70480316132307 1.3215081542730331
      vertex 12 -10.591418817639351 0.658092088997364
      vertex 12 -10.578674033284187 1.1110744178295135
    endloop
  endfacet
  facet normal 1 0 0
    outer loop
      vertex 12 -10.809698827564716 1.5432914197444916
      vertex 12 -10.862983159720898 1.1111698225140572
      vertex 12 -10.787458278238773 0.9514858722686768
    endloop
  endfacet
  facet normal 1 0 0
    outer loop
      vertex 12 -10.809698827564716 1.5432914197444916
      vertex 12 -10.787458278238773 0.9514858722686768
      vertex 12 -10.70480316132307 1.3215081542730331
    endloop
  endfacet
  facet normal 1 0 0
    outer loop
      vertex 12 -10.89235083758831 1.7742883041501045
      vertex 12 -10.92249260097742 1.2774875834584236
      vertex 12 -10.862983159720898 1.1111698225140572
    endloop
  endfacet
  facet normal 1 0 0
    outer loop
      vertex 12 -10.89235083758831 1.7742883041501045
      vertex 12 -10.862983159720898 1.1111698225140572
      vertex 12 -10.809698827564716 1.5432914197444916
    endloop
  endfacet
  facet normal 1 0 0
    outer loop
      vertex 12 -10.9519632011652 2.0122741982340813
      vertex 12 -10.965413503348827 1.4488374218344688
      vertex 12 -10.92249260097742 1.2774875834584236
    endloop
  endfacet
  facet normal 1 0 0
    outer loop
      vertex 12 -10.9519632011652 2.0122741982340813
      vertex 12 -10.92249260097742 1.2774875834584236
      vertex 12 -10.89235083758831 1.7742883041501045
    endloop
  endfacet
  facet normal 1 0 0
    outer loop
      vertex 12 -10.987961813807487 2.2549571469426155
      vertex 12 -10.9913325086236 1.6235691457986832
      vertex 12 -10.965413503348827 1.4488374218344688
    endloop
  endfacet
  facet normal 1 0 0
    outer loop
      vertex 12 -10.987961813807487 2.2549571469426155
      vertex 12 -10.965413503348827 1.4488374218344688
      vertex 12 -10.9519632011652 2.0122741982340813
    endloop
  endfacet
  facet normal 1 0 0
    outer loop
      vertex 12 -10.992630971994235 2.350000023432443
      vertex 12 -11 1.7999999970197678
      vertex 12 -10.9913325086236 1.6235691457986832
    endloop
  endfacet
  facet normal 1 0 0
    outer loop
      vertex 12 -10.992630971994235 2.350000023432443
      vertex 12 -10.9913325086236 1.6235691457986832
      vertex 12 -10.987961813807487 2.2549571469426155
    endloop
  endfacet
  facet normal 1 0 0
    outer loop
      vertex 12 -10.992630971994235 2.350000023432443
      vertex 12 -11 2.2000000029802322
      vertex 12 -11 1.7999999970197678
    endloop
  endfacet
  facet normal -1.7306362933585904e-15 -0.9987954563567225 0.04906767124254401
    outer loop
      vertex 11 -10.992630971994233 2.350000023432444
      vertex 12 -11 2.2000000029802322
      vertex 12 -10.992630971994235 2.350000023432443
    endloop
  endfacet
  facet normal 0 0 -1
    outer loop
      vertex 11.086956518147641 8.5 0
      vertex 12 9.200000002980232 0
      vertex 12 8.5 0
    endloop
  endfacet
  facet normal 1 0 0
    outer loop
      vertex 12 8.5 0
      vertex 12 9.200000002980232 0
      vertex 12 8.745042853057384 0.012038186192512512
    endloop
  endfacet
  facet normal 1 0 0
    outer loop
      vertex 12 8.745042853057384 0.012038186192512512
      vertex 12 9.200000002980232 0
      vertex 12 8.987725801765919 0.04803679883480072
    endloop
  endfacet
  facet normal 1 0 0
    outer loop
      vertex 12 8.987725801765919 0.04803679883480072
      vertex 12 9.200000002980232 0
      vertex 12 9.225711695849895 0.10764916241168976
    endloop
  endfacet
  facet normal 1 0 0
    outer loop
      vertex 12 9.225711695849895 0.10764916241168976
      vertex 12 9.200000002980232 0
      vertex 12 9.376430854201317 0.008667491376399994
    endloop
  endfacet
  facet normal 1 0 0
    outer loop
      vertex 12 9.225711695849895 0.10764916241168976
      vertex 12 9.376430854201317 0.008667491376399994
      vertex 12 9.551162578165531 0.03458649665117264
    endloop
  endfacet
  facet normal 1 0 0
    outer loop
      vertex 12 9.225711695849895 0.10764916241168976
      vertex 12 9.551162578165531 0.03458649665117264
      vertex 12 9.456708580255508 0.19030117243528366
    endloop
  endfacet
  facet normal 1 0 0
    outer loop
      vertex 12 9.456708580255508 0.19030117243528366
      vertex 12 9.551162578165531 0.03458649665117264
      vertex 12 9.722512416541576 0.0775073990225792
    endloop
  endfacet
  facet normal 1 0 0
    outer loop
      vertex 12 9.456708580255508 0.19030117243528366
      vertex 12 9.722512416541576 0.0775073990225792
      vertex 12 9.678491845726967 0.2951968386769295
    endloop
  endfacet
  facet normal 1 0 0
    outer loop
      vertex 12 9.678491845726967 0.2951968386769295
      vertex 12 9.722512416541576 0.0775073990225792
      vertex 12 9.888830177485943 0.13701684027910233
    endloop
  endfacet
  facet normal 1 0 0
    outer loop
      vertex 12 9.888925582170486 0.4213259667158127
      vertex 12 9.888830177485943 0.13701684027910233
      vertex 12 10.048514127731323 0.21254172176122665
    endloop
  endfacet
  facet normal 1 0 0
    outer loop
      vertex 12 9.888925582170486 0.4213259667158127
      vertex 12 9.678491845726967 0.2951968386769295
      vertex 12 9.888830177485943 0.13701684027910233
    endloop
  endfacet
  facet normal 1 0 0
    outer loop
      vertex 12 9.888925582170486 0.4213259667158127
      vertex 12 10.048514127731323 0.21254172176122665
      vertex 12 10.200026422739029 0.3033546954393387
    endloop
  endfacet
  facet normal 1 0 0
    outer loop
      vertex 12 10.085983209311962 0.567473866045475
      vertex 12 9.888925582170486 0.4213259667158127
      vertex 12 10.200026422739029 0.3033546954393387
    endloop
  endfacet
  facet normal 1 0 0
    outer loop
      vertex 12 10.085983209311962 0.567473866045475
      vertex 12 10.200026422739029 0.3033546954393387
      vertex 12 10.341907911002636 0.4085811823606491
    endloop
  endfacet
  facet normal 1 0 0
    outer loop
      vertex 12 10.267766952514648 0.7322330474853516
      vertex 12 10.085983209311962 0.567473866045475
      vertex 12 10.341907911002636 0.4085811823606491
    endloop
  endfacet
  facet normal 1 0 0
    outer loop
      vertex 12 10.267766952514648 0.7322330474853516
      vertex 12 10.341907911002636 0.4085811823606491
      vertex 12 10.472792208194733 0.5272077918052673
    endloop
  endfacet
  facet normal 1 0 0
    outer loop
      vertex 12 10.267766952514648 0.7322330474853516
      vertex 12 10.472792208194733 0.5272077918052673
      vertex 12 10.432526133954525 0.9140167906880379
    endloop
  endfacet
  facet normal 1 0 0
    outer loop
      vertex 12 10.432526133954525 0.9140167906880379
      vertex 12 10.472792208194733 0.5272077918052673
      vertex 12 10.591418817639351 0.658092088997364
    endloop
  endfacet
  facet normal 1 0 0
    outer loop
      vertex 12 10.578674033284187 1.1110744178295135
      vertex 12 10.591418817639351 0.658092088997364
      vertex 12 10.696645304560661 0.7999735772609711
    endloop
  endfacet
  facet normal 1 0 0
    outer loop
      vertex 12 10.578674033284187 1.1110744178295135
      vertex 12 10.432526133954525 0.9140167906880379
      vertex 12 10.591418817639351 0.658092088997364
    endloop
  endfacet
  facet normal 1 0 0
    outer loop
      vertex 12 10.70480316132307 1.3215081542730331
      vertex 12 10.696645304560661 0.7999735772609711
      vertex 12 10.787458278238773 0.9514858722686768
    endloop
  endfacet
  facet normal 1 0 0
    outer loop
      vertex 12 10.578674033284187 1.1110744178295135
      vertex 12 10.696645304560661 0.7999735772609711
      vertex 12 10.70480316132307 1.3215081542730331
    endloop
  endfacet
  facet normal 1 0 0
    outer loop
      vertex 12 10.809698827564716 1.5432914197444916
      vertex 12 10.787458278238773 0.9514858722686768
      vertex 12 10.862983159720898 1.1111698225140572
    endloop
  endfacet
  facet normal 1 0 0
    outer loop
      vertex 12 10.809698827564716 1.5432914197444916
      vertex 12 10.70480316132307 1.3215081542730331
      vertex 12 10.787458278238773 0.9514858722686768
    endloop
  endfacet
  facet normal 1 0 0
    outer loop
      vertex 12 10.809698827564716 1.5432914197444916
      vertex 12 10.862983159720898 1.1111698225140572
      vertex 12 10.92249260097742 1.2774875834584236
    endloop
  endfacet
  facet normal 1 0 0
    outer loop
      vertex 12 10.89235083758831 1.7742883041501045
      vertex 12 10.809698827564716 1.5432914197444916
      vertex 12 10.92249260097742 1.2774875834584236
    endloop
  endfacet
  facet normal 1 0 0
    outer loop
      vertex 12 10.89235083758831 1.7742883041501045
      vertex 12 10.92249260097742 1.2774875834584236
      vertex 12 10.965413503348827 1.4488374218344688
    endloop
  endfacet
  facet normal 1 0 0
    outer loop
      vertex 12 10.9519632011652 2.0122741982340813
      vertex 12 10.965413503348827 1.4488374218344688
      vertex 12 10.9913325086236 1.6235691457986832
    endloop
  endfacet
  facet normal 1 0 0
    outer loop
      vertex 12 10.9519632011652 2.0122741982340813
      vertex 12 10.89235083758831 1.7742883041501045
      vertex 12 10.965413503348827 1.4488374218344688
    endloop
  endfacet
  facet normal 1 0 0
    outer loop
      vertex 12 11 2.2000000029802322
      vertex 12 10.9913325086236 1.6235691457986832
      vertex 12 11 1.7999999970197678
    endloop
  endfacet
  facet normal 1 0 0
    outer loop
      vertex 12 10.987961813807487 2.2549571469426155
      vertex 12 10.9519632011652 2.0122741982340813
      vertex 12 10.9913325086236 1.6235691457986832
    endloop
  endfacet
  facet normal 1 0 0
    outer loop
      vertex 12 10.987961813807487 2.2549571469426155
      vertex 12 10.9913325086236 1.6235691457986832
      vertex 12 11 2.2000000029802322
    endloop
  endfacet
  facet normal -4.358084670257799e-17 0.998795456356722 0.04906767124255523
    outer loop
      vertex 11 10.992630971994233 2.350000023432444
      vertex 12 10.992630971994233 2.350000023432445
      vertex 12 11 2.2000000029802322
    endloop
  endfacet
  facet normal 1 0 0
    outer loop
      vertex 12 10.992630971994233 2.350000023432445
      vertex 12 10.987961813807487 2.2549571469426155
      vertex 12 11 2.2000000029802322
    endloop
  endfacet
  facet normal -1 0 0
    outer loop
      vertex -12 18.44883742183447 0.03458649665117264
      vertex -12 18.774288304150105 0.10764916241168976
      vertex -12 18.623569145798683 0.008667491376399994
    endloop
  endfacet
  facet normal -1 0 0
    outer loop
      vertex -12 18.277487583458424 0.0775073990225792
      vertex -12 18.54329141974449 0.19030117243528366
      vertex -12 18.44883742183447 0.03458649665117264
    endloop
  endfacet
  facet normal -1 0 0
    outer loop
      vertex -12 18.54329141974449 0.19030117243528366
      vertex -12 18.774288304150105 0.10764916241168976
      vertex -12 18.44883742183447 0.03458649665117264
    endloop
  endfacet
  facet normal -1 0 0
    outer loop
      vertex -12 18.321508154273033 0.2951968386769295
      vertex -12 18.277487583458424 0.0775073990225792
      vertex -12 18.111169822514057 0.13701684027910233
    endloop
  endfacet
  facet normal -1 0 0
    outer loop
      vertex -12 18.321508154273033 0.2951968386769295
      vertex -12 18.111169822514057 0.13701684027910233
      vertex -12 17.951485872268677 0.21254172176122665
    endloop
  endfacet
  facet normal -1 0 0
    outer loop
      vertex -12 18.321508154273033 0.2951968386769295
      vertex -12 18.54329141974449 0.19030117243528366
      vertex -12 18.277487583458424 0.0775073990225792
    endloop
  endfacet
  facet normal -1 0 0
    outer loop
      vertex -12 17.914016790688038 0.567473866045475
      vertex -12 17.79997357726097 0.3033546954393387
      vertex -12 17.658092088997364 0.4085811823606491
    endloop
  endfacet
  facet normal -1 0 0
    outer loop
      vertex -12 17.79997357726097 0.3033546954393387
      vertex -12 18.111074417829514 0.4213259667158127
      vertex -12 17.951485872268677 0.21254172176122665
    endloop
  endfacet
  facet normal -1 0 0
    outer loop
      vertex -12 18.111074417829514 0.4213259667158127
      vertex -12 18.321508154273033 0.2951968386769295
      vertex -12 17.951485872268677 0.21254172176122665
    endloop
  endfacet
  facet normal -1 0 0
    outer loop
      vertex -12 17.914016790688038 0.567473866045475
      vertex -12 18.111074417829514 0.4213259667158127
      vertex -12 17.79997357726097 0.3033546954393387
    endloop
  endfacet
  facet normal -1 0 0
    outer loop
      vertex -12 18.623569145798683 0.008667491376399994
      vertex -12 18.774288304150105 0.10764916241168976
      vertex -12 18.799999997019768 0
    endloop
  endfacet
  facet normal -1 0 0
    outer loop
      vertex -12 18.774288304150105 0.10764916241168976
      vertex -12 19.01227419823408 0.04803679883480072
      vertex -12 18.799999997019768 0
    endloop
  endfacet
  facet normal -1 0 0
    outer loop
      vertex -12 18.799999997019768 0
      vertex -12 19.01227419823408 0.04803679883480072
      vertex -12 19.254957146942616 0.012038186192512512
    endloop
  endfacet
  facet normal -1 0 0
    outer loop
      vertex -12 18.799999997019768 0
      vertex -12 19.254957146942616 0.012038186192512512
      vertex -12 19.5 0
    endloop
  endfacet
  facet normal -1 0 0
    outer loop
      vertex -12 17.73223304748535 0.7322330474853516
      vertex -12 17.658092088997364 0.4085811823606491
      vertex -12 17.527207791805267 0.5272077918052673
    endloop
  endfacet
  facet normal -1 0 0
    outer loop
      vertex -12 17.73223304748535 0.7322330474853516
      vertex -12 17.914016790688038 0.567473866045475
      vertex -12 17.658092088997364 0.4085811823606491
    endloop
  endfacet
  facet normal -1 0 0
    outer loop
      vertex -12 17.567473866045475 0.9140167906880379
      vertex -12 17.527207791805267 0.5272077918052673
      vertex -12 17.40858118236065 0.658092088997364
    endloop
  endfacet
  facet normal -1 0 0
    outer loop
      vertex -12 17.567473866045475 0.9140167906880379
      vertex -12 17.73223304748535 0.7322330474853516
      vertex -12 17.527207791805267 0.5272077918052673
    endloop
  endfacet
  facet normal -1 0 0
    outer loop
      vertex -12 17.421325966715813 1.1110744178295135
      vertex -12 17.40858118236065 0.658092088997364
      vertex -12 17.30335469543934 0.7999735772609711
    endloop
  endfacet
  facet normal -1 0 0
    outer loop
      vertex -12 17.421325966715813 1.1110744178295135
      vertex -12 17.567473866045475 0.9140167906880379
      vertex -12 17.40858118236065 0.658092088997364
    endloop
  endfacet
  facet normal -1 0 0
    outer loop
      vertex -12 17.421325966715813 1.1110744178295135
      vertex -12 17.30335469543934 0.7999735772609711
      vertex -12 17.212541721761227 0.9514858722686768
    endloop
  endfacet
  facet normal -1 0 0
    outer loop
      vertex -12 17.10764916241169 1.7742883041501045
      vertex -12 17.07750739902258 1.2774875834584236
      vertex -12 17.034586496651173 1.4488374218344688
    endloop
  endfacet
  facet normal -1 0 0
    outer loop
      vertex -12 17.0480367988348 2.0122741982340813
      vertex -12 17.034586496651173 1.4488374218344688
      vertex -12 17.0086674913764 1.6235691457986832
    endloop
  endfacet
  facet normal -1 0 0
    outer loop
      vertex -12 17.0480367988348 2.0122741982340813
      vertex -12 17.10764916241169 1.7742883041501045
      vertex -12 17.034586496651173 1.4488374218344688
    endloop
  endfacet
  facet normal -1 0 0
    outer loop
      vertex -12 17.012038186192513 2.2549571469426155
      vertex -12 17.0086674913764 1.6235691457986832
      vertex -12 17 1.7999999970197678
    endloop
  endfacet
  facet normal -1 0 0
    outer loop
      vertex -12 17.012038186192513 2.2549571469426155
      vertex -12 17.0480367988348 2.0122741982340813
      vertex -12 17.0086674913764 1.6235691457986832
    endloop
  endfacet
  facet normal -1 0 0
    outer loop
      vertex -12 17.012038186192513 2.2549571469426155
      vertex -12 17 1.7999999970197678
      vertex -12 17 2.2000000029802322
    endloop
  endfacet
  facet normal -1 0 0
    outer loop
      vertex -12 17.29519683867693 1.3215081542730331
      vertex -12 17.212541721761227 0.9514858722686768
      vertex -12 17.137016840279102 1.1111698225140572
    endloop
  endfacet
  facet normal -1 0 0
    outer loop
      vertex -12 17.29519683867693 1.3215081542730331
      vertex -12 17.421325966715813 1.1110744178295135
      vertex -12 17.212541721761227 0.9514858722686768
    endloop
  endfacet
  facet normal -1 0 0
    outer loop
      vertex -12 17.190301172435284 1.5432914197444916
      vertex -12 17.137016840279102 1.1111698225140572
      vertex -12 17.07750739902258 1.2774875834584236
    endloop
  endfacet
  facet normal -1 0 0
    outer loop
      vertex -12 17.190301172435284 1.5432914197444916
      vertex -12 17.29519683867693 1.3215081542730331
      vertex -12 17.137016840279102 1.1111698225140572
    endloop
  endfacet
  facet normal -1 0 0
    outer loop
      vertex -12 17.10764916241169 1.7742883041501045
      vertex -12 17.190301172435284 1.5432914197444916
      vertex -12 17.07750739902258 1.2774875834584236
    endloop
  endfacet
  facet normal -1 0 0
    outer loop
      vertex -12 17.00736902800577 2.350000023432445
      vertex -12 17.012038186192513 2.2549571469426155
      vertex -12 17 2.2000000029802322
    endloop
  endfacet
  facet normal 4.358084670258847e-17 -0.9987954563567214 0.049067671242567036
    outer loop
      vertex -12 17.00736902800577 2.350000023432445
      vertex -12 17 2.2000000029802322
      vertex -11 17.00736902800577 2.350000023432444
    endloop
  endfacet
  facet normal -1 0 0
    outer loop
      vertex -12 36.5 0
      vertex -12 36.745042853057384 0.012038186192512512
      vertex -12 37.20000000298023 0
    endloop
  endfacet
  facet normal -1 0 0
    outer loop
      vertex -12 36.745042853057384 0.012038186192512512
      vertex -12 36.98772580176592 0.04803679883480072
      vertex -12 37.20000000298023 0
    endloop
  endfacet
  facet normal -1 0 0
    outer loop
      vertex -12 36.98772580176592 0.04803679883480072
      vertex -12 37.225711695849895 0.10764916241168976
      vertex -12 37.20000000298023 0
    endloop
  endfacet
  facet normal -1 0 0
    outer loop
      vertex -12 37.225711695849895 0.10764916241168976
      vertex -12 37.37643085420132 0.008667491376399994
      vertex -12 37.20000000298023 0
    endloop
  endfacet
  facet normal -1 0 0
    outer loop
      vertex -12 37.225711695849895 0.10764916241168976
      vertex -12 37.45670858025551 0.19030117243528366
      vertex -12 37.37643085420132 0.008667491376399994
    endloop
  endfacet
  facet normal -1 0 0
    outer loop
      vertex -12 37.45670858025551 0.19030117243528366
      vertex -12 37.55116257816553 0.03458649665117264
      vertex -12 37.37643085420132 0.008667491376399994
    endloop
  endfacet
  facet normal -1 0 0
    outer loop
      vertex -12 37.45670858025551 0.19030117243528366
      vertex -12 37.67849184572697 0.2951968386769295
      vertex -12 37.55116257816553 0.03458649665117264
    endloop
  endfacet
  facet normal -1 0 0
    outer loop
      vertex -12 37.55116257816553 0.03458649665117264
      vertex -12 37.67849184572697 0.2951968386769295
      vertex -12 37.722512416541576 0.0775073990225792
    endloop
  endfacet
  facet normal -1 0 0
    outer loop
      vertex -12 37.88892558217049 0.4213259667158127
      vertex -12 37.722512416541576 0.0775073990225792
      vertex -12 37.67849184572697 0.2951968386769295
    endloop
  endfacet
  facet normal -1 0 0
    outer loop
      vertex -12 37.88892558217049 0.4213259667158127
      vertex -12 37.88883017748594 0.13701684027910233
      vertex -12 37.722512416541576 0.0775073990225792
    endloop
  endfacet
  facet normal -1 0 0
    outer loop
      vertex -12 38.08598320931196 0.567473866045475
      vertex -12 38.04851412773132 0.21254172176122665
      vertex -12 37.88883017748594 0.13701684027910233
    endloop
  endfacet
  facet normal -1 0 0
    outer loop
      vertex -12 38.08598320931196 0.567473866045475
      vertex -12 37.88883017748594 0.13701684027910233
      vertex -12 37.88892558217049 0.4213259667158127
    endloop
  endfacet
  facet normal -1 0 0
    outer loop
      vertex -12 38.08598320931196 0.567473866045475
      vertex -12 38.20002642273903 0.3033546954393387
      vertex -12 38.04851412773132 0.21254172176122665
    endloop
  endfacet
  facet normal -1 0 0
    outer loop
      vertex -12 38.26776695251465 0.7322330474853516
      vertex -12 38.341907911002636 0.4085811823606491
      vertex -12 38.20002642273903 0.3033546954393387
    endloop
  endfacet
  facet normal -1 0 0
    outer loop
      vertex -12 38.26776695251465 0.7322330474853516
      vertex -12 38.20002642273903 0.3033546954393387
      vertex -12 38.08598320931196 0.567473866045475
    endloop
  endfacet
  facet normal -1 0 0
    outer loop
      vertex -12 38.432526133954525 0.9140167906880379
      vertex -12 38.47279220819473 0.5272077918052673
      vertex -12 38.341907911002636 0.4085811823606491
    endloop
  endfacet
  facet normal -1 0 0
    outer loop
      vertex -12 38.26776695251465 0.7322330474853516
      vertex -12 38.432526133954525 0.9140167906880379
      vertex -12 38.341907911002636 0.4085811823606491
    endloop
  endfacet
  facet normal -1 0 0
    outer loop
      vertex -12 38.57867403328419 1.1110744178295135
      vertex -12 38.59141881763935 0.658092088997364
      vertex -12 38.47279220819473 0.5272077918052673
    endloop
  endfacet
  facet normal -1 0 0
    outer loop
      vertex -12 38.57867403328419 1.1110744178295135
      vertex -12 38.47279220819473 0.5272077918052673
      vertex -12 38.432526133954525 0.9140167906880379
    endloop
  endfacet
  facet normal -1 0 0
    outer loop
      vertex -12 38.70480316132307 1.3215081542730331
      vertex -12 38.69664530456066 0.7999735772609711
      vertex -12 38.59141881763935 0.658092088997364
    endloop
  endfacet
  facet normal -1 0 0
    outer loop
      vertex -12 38.57867403328419 1.1110744178295135
      vertex -12 38.70480316132307 1.3215081542730331
      vertex -12 38.59141881763935 0.658092088997364
    endloop
  endfacet
  facet normal -1 0 0
    outer loop
      vertex -12 38.809698827564716 1.5432914197444916
      vertex -12 38.78745827823877 0.9514858722686768
      vertex -12 38.69664530456066 0.7999735772609711
    endloop
  endfacet
  facet normal -1 0 0
    outer loop
      vertex -12 38.809698827564716 1.5432914197444916
      vertex -12 38.69664530456066 0.7999735772609711
      vertex -12 38.70480316132307 1.3215081542730331
    endloop
  endfacet
  facet normal -1 0 0
    outer loop
      vertex -12 38.89235083758831 1.7742883041501045
      vertex -12 38.8629831597209 1.1111698225140572
      vertex -12 38.78745827823877 0.9514858722686768
    endloop
  endfacet
  facet normal -1 0 0
    outer loop
      vertex -12 38.89235083758831 1.7742883041501045
      vertex -12 38.92249260097742 1.2774875834584236
      vertex -12 38.8629831597209 1.1111698225140572
    endloop
  endfacet
  facet normal -1 0 0
    outer loop
      vertex -12 38.89235083758831 1.7742883041501045
      vertex -12 38.78745827823877 0.9514858722686768
      vertex -12 38.809698827564716 1.5432914197444916
    endloop
  endfacet
  facet normal -1 0 0
    outer loop
      vertex -12 38.9519632011652 2.0122741982340813
      vertex -12 38.96541350334883 1.4488374218344688
      vertex -12 38.92249260097742 1.2774875834584236
    endloop
  endfacet
  facet normal -1 0 0
    outer loop
      vertex -12 38.9519632011652 2.0122741982340813
      vertex -12 38.92249260097742 1.2774875834584236
      vertex -12 38.89235083758831 1.7742883041501045
    endloop
  endfacet
  facet normal -1 0 0
    outer loop
      vertex -12 38.98796181380749 2.2549571469426155
      vertex -12 38.9913325086236 1.6235691457986832
      vertex -12 38.96541350334883 1.4488374218344688
    endloop
  endfacet
  facet normal -1 0 0
    outer loop
      vertex -12 39 2.2000000029802322
      vertex -12 39 1.7999999970197678
      vertex -12 38.9913325086236 1.6235691457986832
    endloop
  endfacet
  facet normal -1 0 0
    outer loop
      vertex -12 38.98796181380749 2.2549571469426155
      vertex -12 38.96541350334883 1.4488374218344688
      vertex -12 38.9519632011652 2.0122741982340813
    endloop
  endfacet
  facet normal -1 0 0
    outer loop
      vertex -12 38.99263097199423 2.350000023432443
      vertex -12 39 2.2000000029802322
      vertex -12 38.9913325086236 1.6235691457986832
    endloop
  endfacet
  facet normal -1 0 0
    outer loop
      vertex -12 38.99263097199423 2.350000023432443
      vertex -12 38.9913325086236 1.6235691457986832
      vertex -12 38.98796181380749 2.2549571469426155
    endloop
  endfacet
  facet normal -4.358084670258899e-17 0.9987954563567214 0.04906767124256762
    outer loop
      vertex -12 38.99263097199423 2.350000023432443
      vertex -11 38.99263097199423 2.350000023432444
      vertex -12 39 2.2000000029802322
    endloop
  endfacet
  facet normal 0 -0.5141027395339042 -0.8577286127929594
    outer loop
      vertex -12 17.79997357726097 0.3033546954393387
      vertex -12 17.951485872268677 0.21254172176122665
      vertex 12 17.951485872268677 0.21254172176122665
    endloop
  endfacet
  facet normal 0 -0.33688982746813306 -0.941544074458807
    outer loop
      vertex -12 18.111169822514057 0.13701684027910233
      vertex -12 18.277487583458424 0.0775073990225792
      vertex 12 18.277487583458424 0.0775073990225792
    endloop
  endfacet
  facet normal 0 -0.24298019176794297 -0.9700312502225964
    outer loop
      vertex -12 18.277487583458424 0.0775073990225792
      vertex -12 18.44883742183447 0.03458649665117264
      vertex 12 18.44883742183447 0.03458649665117264
    endloop
  endfacet
  facet normal 0 -0.14673048800578198 -0.9891765079547659
    outer loop
      vertex -12 18.44883742183447 0.03458649665117264
      vertex -12 18.623569145798683 0.008667491376399994
      vertex 12 18.623569145798683 0.008667491376399994
    endloop
  endfacet
  facet normal 0 -0.4275550829790278 -0.9039892980665183
    outer loop
      vertex -12 17.951485872268677 0.21254172176122665
      vertex -12 18.111169822514057 0.13701684027910233
      vertex 12 18.111169822514057 0.13701684027910233
    endloop
  endfacet
  facet normal 0 -0.595699317803761 -0.8032075216082913
    outer loop
      vertex -12 17.658092088997364 0.4085811823606491
      vertex -12 17.79997357726097 0.3033546954393387
      vertex 12 17.79997357726097 0.3033546954393387
    endloop
  endfacet
  facet normal 0 -0.6715589461927918 -0.7409511331986929
    outer loop
      vertex -12 17.527207791805267 0.5272077918052673
      vertex -12 17.658092088997364 0.4085811823606491
      vertex 12 17.658092088997364 0.4085811823606491
    endloop
  endfacet
  facet normal 0 -0.04906767124254976 -0.9987954563567223
    outer loop
      vertex -12 18.623569145798683 0.008667491376399994
      vertex -12 18.799999997019768 0
      vertex 12 18.799999997019768 0
    endloop
  endfacet
  facet normal 0 -0.7409511331986929 -0.6715589461927918
    outer loop
      vertex -12 17.40858118236065 0.658092088997364
      vertex -12 17.527207791805267 0.5272077918052673
      vertex 12 17.527207791805267 0.5272077918052673
    endloop
  endfacet
  facet normal 0 -0.8032075216082913 -0.595699317803761
    outer loop
      vertex -12 17.30335469543934 0.7999735772609711
      vertex -12 17.40858118236065 0.658092088997364
      vertex 12 17.40858118236065 0.658092088997364
    endloop
  endfacet
  facet normal 0 -0.8577286127929594 -0.5141027395339042
    outer loop
      vertex -12 17.212541721761227 0.9514858722686768
      vertex -12 17.30335469543934 0.7999735772609711
      vertex 12 17.30335469543934 0.7999735772609711
    endloop
  endfacet
  facet normal 0 -0.9039892980665183 -0.4275550829790278
    outer loop
      vertex -12 17.137016840279102 1.1111698225140572
      vertex -12 17.212541721761227 0.9514858722686768
      vertex 12 17.212541721761227 0.9514858722686768
    endloop
  endfacet
  facet normal 0 -0.941544074458807 -0.33688982746813306
    outer loop
      vertex -12 17.07750739902258 1.2774875834584236
      vertex -12 17.137016840279102 1.1111698225140572
      vertex 12 17.137016840279102 1.1111698225140572
    endloop
  endfacet
  facet normal 0 -0.9700312502225964 -0.24298019176794297
    outer loop
      vertex -12 17.034586496651173 1.4488374218344688
      vertex -12 17.07750739902258 1.2774875834584236
      vertex 12 17.07750739902258 1.2774875834584236
    endloop
  endfacet
  facet normal 0 -0.9891765079547659 -0.14673048800578198
    outer loop
      vertex -12 17.0086674913764 1.6235691457986832
      vertex -12 17.034586496651173 1.4488374218344688
      vertex 12 17.034586496651173 1.4488374218344688
    endloop
  endfacet
  facet normal 0 -0.9987954563567223 -0.04906767124254976
    outer loop
      vertex -12 17 1.7999999970197678
      vertex -12 17.0086674913764 1.6235691457986832
      vertex 12 17.0086674913764 1.6235691457986832
    endloop
  endfacet
  facet normal 0 0 -1
    outer loop
      vertex -12 18.799999997019768 0
      vertex -12 19.5 0
      vertex 11.086956518147641 36.5 0
    endloop
  endfacet
  facet normal 0 -0.9987954563567214 0.04906767124256732
    outer loop
      vertex -12 17 2.2000000029802322
      vertex 12 17 2.2000000029802322
      vertex -11 17.00736902800577 2.350000023432444
    endloop
  endfacet
  facet normal 0 -0.9987954563567272 0.04906767124245004
    outer loop
      vertex -11 17.0086674913764 2.376430854201317
      vertex -11 17.00736902800577 2.350000023432444
      vertex 11 17.0086674913764 2.376430854201317
    endloop
  endfacet
  facet normal 0 -0.989176507954766 0.146730488005782
    outer loop
      vertex -11 17.034586496651173 2.551162578165531
      vertex -11 17.0086674913764 2.376430854201317
      vertex 11 17.034586496651173 2.551162578165531
    endloop
  endfacet
  facet normal 0 -0.9700312502225965 0.242980191767943
    outer loop
      vertex -11 17.07750739902258 2.7225124165415764
      vertex -11 17.034586496651173 2.551162578165531
      vertex 11 17.07750739902258 2.7225124165415764
    endloop
  endfacet
  facet normal 0 -0.9415440744588071 0.3368898274681331
    outer loop
      vertex -11 17.137016840279102 2.888830177485943
      vertex -11 17.07750739902258 2.7225124165415764
      vertex 11 17.137016840279102 2.888830177485943
    endloop
  endfacet
  facet normal 0 -0.9039892980665184 0.4275550829790278
    outer loop
      vertex -11 17.212541721761227 3.0485141277313232
      vertex -11 17.137016840279102 2.888830177485943
      vertex 11 17.212541721761227 3.0485141277313232
    endloop
  endfacet
  facet normal 0 -0.8577286127929595 0.5141027395339043
    outer loop
      vertex -11 17.30335469543934 3.200026422739029
      vertex -11 17.212541721761227 3.0485141277313232
      vertex 11 17.30335469543934 3.200026422739029
    endloop
  endfacet
  facet normal 0 -0.8032075216082913 0.595699317803761
    outer loop
      vertex -11 17.30335469543934 3.200026422739029
      vertex 11 17.40858118236065 3.341907911002636
      vertex -11 17.40858118236065 3.341907911002636
    endloop
  endfacet
  facet normal 0 -0.7409511331986929 0.6715589461927918
    outer loop
      vertex -11 17.527207791805267 3.4727922081947327
      vertex -11 17.40858118236065 3.341907911002636
      vertex 11 17.527207791805267 3.4727922081947327
    endloop
  endfacet
  facet normal 0 -0.6715589461927918 0.7409511331986929
    outer loop
      vertex -11 17.658092088997364 3.591418817639351
      vertex -11 17.527207791805267 3.4727922081947327
      vertex 11 17.658092088997364 3.591418817639351
    endloop
  endfacet
  facet normal 0 -0.595699317803761 0.8032075216082913
    outer loop
      vertex -11 17.658092088997364 3.591418817639351
      vertex 11 17.79997357726097 3.6966453045606613
      vertex -11 17.79997357726097 3.6966453045606613
    endloop
  endfacet
  facet normal 0 -0.5141027395339043 0.8577286127929595
    outer loop
      vertex -11 17.951485872268677 3.7874582782387733
      vertex -11 17.79997357726097 3.6966453045606613
      vertex 11 17.951485872268677 3.7874582782387733
    endloop
  endfacet
  facet normal 0 -0.4275550829790278 0.9039892980665184
    outer loop
      vertex -11 17.951485872268677 3.7874582782387733
      vertex 11 18.111169822514057 3.8629831597208977
      vertex -11 18.111169822514057 3.8629831597208977
    endloop
  endfacet
  facet normal 0 -0.3368898274681331 0.9415440744588071
    outer loop
      vertex -11 18.111169822514057 3.8629831597208977
      vertex 11 18.277487583458424 3.922492600977421
      vertex -11 18.277487583458424 3.922492600977421
    endloop
  endfacet
  facet normal 0 -0.242980191767943 0.9700312502225965
    outer loop
      vertex -11 18.277487583458424 3.922492600977421
      vertex 11 18.44883742183447 3.9654135033488274
      vertex -11 18.44883742183447 3.9654135033488274
    endloop
  endfacet
  facet normal 0 -0.146730488005782 0.989176507954766
    outer loop
      vertex -11 18.623569145798683 3.9913325086236
      vertex -11 18.44883742183447 3.9654135033488274
      vertex 11 18.623569145798683 3.9913325086236
    endloop
  endfacet
  facet normal 0 -0.04906767124254976 0.9987954563567223
    outer loop
      vertex -11 18.623569145798683 3.9913325086236
      vertex 11 18.799999997019768 4
      vertex -11 18.799999997019768 4
    endloop
  endfacet
  facet normal 0 0 -1
    outer loop
      vertex -12 19.5 0
      vertex -12 36.5 0
      vertex 12 37.20000000298023 0
    endloop
  endfacet
  facet normal 0 0 -1
    outer loop
      vertex -12 36.5 0
      vertex -12 37.20000000298023 0
      vertex 12 37.20000000298023 0
    endloop
  endfacet
  facet normal 0 0.04906767124254976 -0.9987954563567223
    outer loop
      vertex -12 37.20000000298023 0
      vertex -12 37.37643085420132 0.008667491376399994
      vertex 12 37.37643085420132 0.008667491376399994
    endloop
  endfacet
  facet normal 0 0.14673048800578198 -0.9891765079547659
    outer loop
      vertex -12 37.37643085420132 0.008667491376399994
      vertex -12 37.55116257816553 0.03458649665117264
      vertex 12 37.55116257816553 0.03458649665117264
    endloop
  endfacet
  facet normal 0 0.24298019176794297 -0.9700312502225964
    outer loop
      vertex -12 37.55116257816553 0.03458649665117264
      vertex -12 37.722512416541576 0.0775073990225792
      vertex 12 37.722512416541576 0.0775073990225792
    endloop
  endfacet
  facet normal 0 0.33688982746813306 -0.941544074458807
    outer loop
      vertex -12 37.88883017748594 0.13701684027910233
      vertex 12 37.88883017748594 0.13701684027910233
      vertex -12 37.722512416541576 0.0775073990225792
    endloop
  endfacet
  facet normal 0 0.4275550829790278 -0.9039892980665183
    outer loop
      vertex -12 37.88883017748594 0.13701684027910233
      vertex -12 38.04851412773132 0.21254172176122665
      vertex 12 38.04851412773132 0.21254172176122665
    endloop
  endfacet
  facet normal 0 0.5141027395339042 -0.8577286127929594
    outer loop
      vertex -12 38.20002642273903 0.3033546954393387
      vertex 12 38.20002642273903 0.3033546954393387
      vertex -12 38.04851412773132 0.21254172176122665
    endloop
  endfacet
  facet normal 0 0.595699317803761 -0.8032075216082913
    outer loop
      vertex -12 38.20002642273903 0.3033546954393387
      vertex -12 38.341907911002636 0.4085811823606491
      vertex 12 38.341907911002636 0.4085811823606491
    endloop
  endfacet
  facet normal 0 0.6715589461927918 -0.7409511331986929
    outer loop
      vertex -12 38.47279220819473 0.5272077918052673
      vertex 12 38.47279220819473 0.5272077918052673
      vertex -12 38.341907911002636 0.4085811823606491
    endloop
  endfacet
  facet normal 0 0.7409511331986929 -0.6715589461927918
    outer loop
      vertex -12 38.59141881763935 0.658092088997364
      vertex 12 38.59141881763935 0.658092088997364
      vertex -12 38.47279220819473 0.5272077918052673
    endloop
  endfacet
  facet normal 0 0.8032075216082913 -0.595699317803761
    outer loop
      vertex -12 38.69664530456066 0.7999735772609711
      vertex 12 38.69664530456066 0.7999735772609711
      vertex -12 38.59141881763935 0.658092088997364
    endloop
  endfacet
  facet normal 0 0.8577286127929594 -0.5141027395339042
    outer loop
      vertex -12 38.78745827823877 0.9514858722686768
      vertex 12 38.78745827823877 0.9514858722686768
      vertex -12 38.69664530456066 0.7999735772609711
    endloop
  endfacet
  facet normal 0 0.9039892980665183 -0.4275550829790278
    outer loop
      vertex -12 38.8629831597209 1.1111698225140572
      vertex 12 38.8629831597209 1.1111698225140572
      vertex -12 38.78745827823877 0.9514858722686768
    endloop
  endfacet
  facet normal 0 0.941544074458807 -0.33688982746813306
    outer loop
      vertex -12 38.92249260097742 1.2774875834584236
      vertex 12 38.92249260097742 1.2774875834584236
      vertex -12 38.8629831597209 1.1111698225140572
    endloop
  endfacet
  facet normal 0 0.9700312502225964 -0.24298019176794297
    outer loop
      vertex -12 38.96541350334883 1.4488374218344688
      vertex 12 38.96541350334883 1.4488374218344688
      vertex -12 38.92249260097742 1.2774875834584236
    endloop
  endfacet
  facet normal 0 0.9891765079547659 -0.14673048800578198
    outer loop
      vertex -12 38.9913325086236 1.6235691457986832
      vertex 12 38.9913325086236 1.6235691457986832
      vertex -12 38.96541350334883 1.4488374218344688
    endloop
  endfacet
  facet normal 0 0.9987954563567223 -0.04906767124254976
    outer loop
      vertex -12 39 1.7999999970197678
      vertex 12 39 1.7999999970197678
      vertex -12 38.9913325086236 1.6235691457986832
    endloop
  endfacet
  facet normal 0 0 1
    outer loop
      vertex -11 18.799999997019768 4
      vertex 11 37.20000000298023 4
      vertex -11 37.20000000298023 4
    endloop
  endfacet
  facet normal 0 0.9987954563567214 0.04906767124256733
    outer loop
      vertex -12 39 2.2000000029802322
      vertex -11 38.99263097199423 2.350000023432444
      vertex 11 38.99263097199423 2.350000023432444
    endloop
  endfacet
  facet normal 0 0.9987954563567272 0.04906767124245004
    outer loop
      vertex -11 38.9913325086236 2.376430854201317
      vertex 11 38.99263097199423 2.350000023432444
      vertex -11 38.99263097199423 2.350000023432444
    endloop
  endfacet
  facet normal 0 0.989176507954766 0.146730488005782
    outer loop
      vertex -11 38.96541350334883 2.551162578165531
      vertex 11 38.9913325086236 2.376430854201317
      vertex -11 38.9913325086236 2.376430854201317
    endloop
  endfacet
  facet normal 0 0.9700312502225965 0.242980191767943
    outer loop
      vertex -11 38.92249260097742 2.7225124165415764
      vertex 11 38.96541350334883 2.551162578165531
      vertex -11 38.96541350334883 2.551162578165531
    endloop
  endfacet
  facet normal 0 0.9415440744588071 0.3368898274681331
    outer loop
      vertex -11 38.8629831597209 2.888830177485943
      vertex 11 38.92249260097742 2.7225124165415764
      vertex -11 38.92249260097742 2.7225124165415764
    endloop
  endfacet
  facet normal 0 0.9039892980665184 0.4275550829790278
    outer loop
      vertex -11 38.78745827823877 3.0485141277313232
      vertex 11 38.8629831597209 2.888830177485943
      vertex -11 38.8629831597209 2.888830177485943
    endloop
  endfacet
  facet normal 0 0.8577286127929595 0.5141027395339043
    outer loop
      vertex -11 38.69664530456066 3.200026422739029
      vertex 11 38.78745827823877 3.0485141277313232
      vertex -11 38.78745827823877 3.0485141277313232
    endloop
  endfacet
  facet normal 0 0.8032075216082913 0.595699317803761
    outer loop
      vertex -11 38.59141881763935 3.341907911002636
      vertex 11 38.69664530456066 3.200026422739029
      vertex -11 38.69664530456066 3.200026422739029
    endloop
  endfacet
  facet normal 0 0.7409511331986929 0.6715589461927918
    outer loop
      vertex -11 38.47279220819473 3.4727922081947327
      vertex 11 38.59141881763935 3.341907911002636
      vertex -11 38.59141881763935 3.341907911002636
    endloop
  endfacet
  facet normal 0 0.6715589461927918 0.7409511331986929
    outer loop
      vertex -11 38.341907911002636 3.591418817639351
      vertex 11 38.47279220819473 3.4727922081947327
      vertex -11 38.47279220819473 3.4727922081947327
    endloop
  endfacet
  facet normal 0 0.595699317803761 0.8032075216082913
    outer loop
      vertex -11 38.20002642273903 3.6966453045606613
      vertex 11 38.341907911002636 3.591418817639351
      vertex -11 38.341907911002636 3.591418817639351
    endloop
  endfacet
  facet normal 0 0.04906767124254976 0.9987954563567223
    outer loop
      vertex -11 37.20000000298023 4
      vertex 11 37.37643085420132 3.9913325086236
      vertex -11 37.37643085420132 3.9913325086236
    endloop
  endfacet
  facet normal 0 0.5141027395339043 0.8577286127929595
    outer loop
      vertex -11 38.04851412773132 3.7874582782387733
      vertex 11 38.20002642273903 3.6966453045606613
      vertex -11 38.20002642273903 3.6966453045606613
    endloop
  endfacet
  facet normal 0 0.4275550829790278 0.9039892980665184
    outer loop
      vertex -11 37.88883017748594 3.8629831597208977
      vertex 11 38.04851412773132 3.7874582782387733
      vertex -11 38.04851412773132 3.7874582782387733
    endloop
  endfacet
  facet normal 0 0.146730488005782 0.989176507954766
    outer loop
      vertex -11 37.37643085420132 3.9913325086236
      vertex 11 37.55116257816553 3.9654135033488274
      vertex -11 37.55116257816553 3.9654135033488274
    endloop
  endfacet
  facet normal 0 0.242980191767943 0.9700312502225965
    outer loop
      vertex -11 37.55116257816553 3.9654135033488274
      vertex 11 37.722512416541576 3.922492600977421
      vertex -11 37.722512416541576 3.922492600977421
    endloop
  endfacet
  facet normal 0 0.3368898274681331 0.9415440744588071
    outer loop
      vertex -11 37.722512416541576 3.922492600977421
      vertex 11 37.88883017748594 3.8629831597208977
      vertex -11 37.88883017748594 3.8629831597208977
    endloop
  endfacet
  facet normal 0 -0.33688982746813306 -0.941544074458807
    outer loop
      vertex -12 18.111169822514057 0.13701684027910233
      vertex 12 18.277487583458424 0.0775073990225792
      vertex 12 18.111169822514057 0.13701684027910233
    endloop
  endfacet
  facet normal 0 -0.24298019176794297 -0.9700312502225964
    outer loop
      vertex -12 18.277487583458424 0.0775073990225792
      vertex 12 18.44883742183447 0.03458649665117264
      vertex 12 18.277487583458424 0.0775073990225792
    endloop
  endfacet
  facet normal 0 -0.14673048800578198 -0.9891765079547659
    outer loop
      vertex -12 18.44883742183447 0.03458649665117264
      vertex 12 18.623569145798683 0.008667491376399994
      vertex 12 18.44883742183447 0.03458649665117264
    endloop
  endfacet
  facet normal 0 -0.04906767124254976 -0.9987954563567223
    outer loop
      vertex -12 18.623569145798683 0.008667491376399994
      vertex 12 18.799999997019768 0
      vertex 12 18.623569145798683 0.008667491376399994
    endloop
  endfacet
  facet normal 0 -0.4275550829790278 -0.9039892980665183
    outer loop
      vertex -12 17.951485872268677 0.21254172176122665
      vertex 12 18.111169822514057 0.13701684027910233
      vertex 12 17.951485872268677 0.21254172176122665
    endloop
  endfacet
  facet normal 0 -0.5141027395339042 -0.8577286127929594
    outer loop
      vertex -12 17.79997357726097 0.3033546954393387
      vertex 12 17.951485872268677 0.21254172176122665
      vertex 12 17.79997357726097 0.3033546954393387
    endloop
  endfacet
  facet normal 0 -0.595699317803761 -0.8032075216082913
    outer loop
      vertex -12 17.658092088997364 0.4085811823606491
      vertex 12 17.79997357726097 0.3033546954393387
      vertex 12 17.658092088997364 0.4085811823606491
    endloop
  endfacet
  facet normal 0 -0.6715589461927918 -0.7409511331986929
    outer loop
      vertex -12 17.527207791805267 0.5272077918052673
      vertex 12 17.658092088997364 0.4085811823606491
      vertex 12 17.527207791805267 0.5272077918052673
    endloop
  endfacet
  facet normal 0 0 -1
    outer loop
      vertex -12 18.799999997019768 0
      vertex 12 19.5 0
      vertex 12 18.799999997019768 0
    endloop
  endfacet
  facet normal 0 0 -1
    outer loop
      vertex -12 18.799999997019768 0
      vertex 12 21.045454545454547 0
      vertex 12 19.5 0
    endloop
  endfacet
  facet normal 0 -0.7409511331986929 -0.6715589461927918
    outer loop
      vertex -12 17.40858118236065 0.658092088997364
      vertex 12 17.527207791805267 0.5272077918052673
      vertex 12 17.40858118236065 0.658092088997364
    endloop
  endfacet
  facet normal 0 -0.8032075216082913 -0.595699317803761
    outer loop
      vertex -12 17.30335469543934 0.7999735772609711
      vertex 12 17.40858118236065 0.658092088997364
      vertex 12 17.30335469543934 0.7999735772609711
    endloop
  endfacet
  facet normal 0 -0.8577286127929594 -0.5141027395339042
    outer loop
      vertex -12 17.212541721761227 0.9514858722686768
      vertex 12 17.30335469543934 0.7999735772609711
      vertex 12 17.212541721761227 0.9514858722686768
    endloop
  endfacet
  facet normal 0 -0.9039892980665183 -0.4275550829790278
    outer loop
      vertex -12 17.137016840279102 1.1111698225140572
      vertex 12 17.212541721761227 0.9514858722686768
      vertex 12 17.137016840279102 1.1111698225140572
    endloop
  endfacet
  facet normal 0 -0.941544074458807 -0.33688982746813306
    outer loop
      vertex -12 17.07750739902258 1.2774875834584236
      vertex 12 17.137016840279102 1.1111698225140572
      vertex 12 17.07750739902258 1.2774875834584236
    endloop
  endfacet
  facet normal 0 -0.9700312502225964 -0.24298019176794297
    outer loop
      vertex -12 17.034586496651173 1.4488374218344688
      vertex 12 17.07750739902258 1.2774875834584236
      vertex 12 17.034586496651173 1.4488374218344688
    endloop
  endfacet
  facet normal 0 -0.9891765079547659 -0.14673048800578198
    outer loop
      vertex -12 17.0086674913764 1.6235691457986832
      vertex 12 17.034586496651173 1.4488374218344688
      vertex 12 17.0086674913764 1.6235691457986832
    endloop
  endfacet
  facet normal 0 -0.9987954563567223 -0.04906767124254976
    outer loop
      vertex -12 17 1.7999999970197678
      vertex 12 17.0086674913764 1.6235691457986832
      vertex 12 17 1.7999999970197678
    endloop
  endfacet
  facet normal 0 0 -1
    outer loop
      vertex -12 18.799999997019768 0
      vertex 11.086956518147641 36.5 0
      vertex 12 21.045454545454547 0
    endloop
  endfacet
  facet normal 0 -0.9987954563567272 0.04906767124245004
    outer loop
      vertex -11 17.00736902800577 2.350000023432444
      vertex 11 17.00736902800577 2.350000023432444
      vertex 11 17.0086674913764 2.376430854201317
    endloop
  endfacet
  facet normal 0 -0.989176507954766 0.146730488005782
    outer loop
      vertex -11 17.0086674913764 2.376430854201317
      vertex 11 17.0086674913764 2.376430854201317
      vertex 11 17.034586496651173 2.551162578165531
    endloop
  endfacet
  facet normal 0 -0.9700312502225965 0.242980191767943
    outer loop
      vertex -11 17.034586496651173 2.551162578165531
      vertex 11 17.034586496651173 2.551162578165531
      vertex 11 17.07750739902258 2.7225124165415764
    endloop
  endfacet
  facet normal 0 -0.9987954563567214 0.04906767124256733
    outer loop
      vertex -11 17.00736902800577 2.350000023432444
      vertex 12 17 2.2000000029802322
      vertex 11 17.00736902800577 2.350000023432444
    endloop
  endfacet
  facet normal 0 -0.9415440744588071 0.3368898274681331
    outer loop
      vertex -11 17.07750739902258 2.7225124165415764
      vertex 11 17.07750739902258 2.7225124165415764
      vertex 11 17.137016840279102 2.888830177485943
    endloop
  endfacet
  facet normal 0 -0.9039892980665184 0.4275550829790278
    outer loop
      vertex -11 17.137016840279102 2.888830177485943
      vertex 11 17.137016840279102 2.888830177485943
      vertex 11 17.212541721761227 3.0485141277313232
    endloop
  endfacet
  facet normal 0 -0.8577286127929595 0.5141027395339043
    outer loop
      vertex -11 17.212541721761227 3.0485141277313232
      vertex 11 17.212541721761227 3.0485141277313232
      vertex 11 17.30335469543934 3.200026422739029
    endloop
  endfacet
  facet normal 0 -0.8032075216082913 0.595699317803761
    outer loop
      vertex -11 17.30335469543934 3.200026422739029
      vertex 11 17.30335469543934 3.200026422739029
      vertex 11 17.40858118236065 3.341907911002636
    endloop
  endfacet
  facet normal 0 -0.7409511331986929 0.6715589461927918
    outer loop
      vertex -11 17.40858118236065 3.341907911002636
      vertex 11 17.40858118236065 3.341907911002636
      vertex 11 17.527207791805267 3.4727922081947327
    endloop
  endfacet
  facet normal 0 -0.6715589461927918 0.7409511331986929
    outer loop
      vertex -11 17.527207791805267 3.4727922081947327
      vertex 11 17.527207791805267 3.4727922081947327
      vertex 11 17.658092088997364 3.591418817639351
    endloop
  endfacet
  facet normal 0 -0.595699317803761 0.8032075216082913
    outer loop
      vertex -11 17.658092088997364 3.591418817639351
      vertex 11 17.658092088997364 3.591418817639351
      vertex 11 17.79997357726097 3.6966453045606613
    endloop
  endfacet
  facet normal 0 -0.5141027395339043 0.8577286127929595
    outer loop
      vertex -11 17.79997357726097 3.6966453045606613
      vertex 11 17.79997357726097 3.6966453045606613
      vertex 11 17.951485872268677 3.7874582782387733
    endloop
  endfacet
  facet normal 0 -0.4275550829790278 0.9039892980665184
    outer loop
      vertex -11 17.951485872268677 3.7874582782387733
      vertex 11 17.951485872268677 3.7874582782387733
      vertex 11 18.111169822514057 3.8629831597208977
    endloop
  endfacet
  facet normal 0 -0.3368898274681331 0.9415440744588071
    outer loop
      vertex -11 18.111169822514057 3.8629831597208977
      vertex 11 18.111169822514057 3.8629831597208977
      vertex 11 18.277487583458424 3.922492600977421
    endloop
  endfacet
  facet normal 0 -0.242980191767943 0.9700312502225965
    outer loop
      vertex -11 18.277487583458424 3.922492600977421
      vertex 11 18.277487583458424 3.922492600977421
      vertex 11 18.44883742183447 3.9654135033488274
    endloop
  endfacet
  facet normal 0 -0.146730488005782 0.989176507954766
    outer loop
      vertex -11 18.44883742183447 3.9654135033488274
      vertex 11 18.44883742183447 3.9654135033488274
      vertex 11 18.623569145798683 3.9913325086236
    endloop
  endfacet
  facet normal 0 -0.04906767124254976 0.9987954563567223
    outer loop
      vertex -11 18.623569145798683 3.9913325086236
      vertex 11 18.623569145798683 3.9913325086236
      vertex 11 18.799999997019768 4
    endloop
  endfacet
  facet normal 0 0 1
    outer loop
      vertex -11 18.799999997019768 4
      vertex 11 18.799999997019768 4
      vertex 11 37.20000000298023 4
    endloop
  endfacet
  facet normal 0 0 -1
    outer loop
      vertex -12 19.5 0
      vertex 12 37.20000000298023 0
      vertex 11.086956518147641 36.5 0
    endloop
  endfacet
  facet normal 0 0.04906767124254976 -0.9987954563567223
    outer loop
      vertex -12 37.20000000298023 0
      vertex 12 37.37643085420132 0.008667491376399994
      vertex 12 37.20000000298023 0
    endloop
  endfacet
  facet normal 0 0.14673048800578198 -0.9891765079547659
    outer loop
      vertex -12 37.37643085420132 0.008667491376399994
      vertex 12 37.55116257816553 0.03458649665117264
      vertex 12 37.37643085420132 0.008667491376399994
    endloop
  endfacet
  facet normal 0 0.24298019176794297 -0.9700312502225964
    outer loop
      vertex -12 37.55116257816553 0.03458649665117264
      vertex 12 37.722512416541576 0.0775073990225792
      vertex 12 37.55116257816553 0.03458649665117264
    endloop
  endfacet
  facet normal 0 0.33688982746813306 -0.941544074458807
    outer loop
      vertex -12 37.722512416541576 0.0775073990225792
      vertex 12 37.88883017748594 0.13701684027910233
      vertex 12 37.722512416541576 0.0775073990225792
    endloop
  endfacet
  facet normal 0 0.4275550829790278 -0.9039892980665183
    outer loop
      vertex -12 37.88883017748594 0.13701684027910233
      vertex 12 38.04851412773132 0.21254172176122665
      vertex 12 37.88883017748594 0.13701684027910233
    endloop
  endfacet
  facet normal 0 0.5141027395339042 -0.8577286127929594
    outer loop
      vertex -12 38.04851412773132 0.21254172176122665
      vertex 12 38.20002642273903 0.3033546954393387
      vertex 12 38.04851412773132 0.21254172176122665
    endloop
  endfacet
  facet normal 0 0.595699317803761 -0.8032075216082913
    outer loop
      vertex -12 38.20002642273903 0.3033546954393387
      vertex 12 38.341907911002636 0.4085811823606491
      vertex 12 38.20002642273903 0.3033546954393387
    endloop
  endfacet
  facet normal 0 0.6715589461927918 -0.7409511331986929
    outer loop
      vertex -12 38.341907911002636 0.4085811823606491
      vertex 12 38.47279220819473 0.5272077918052673
      vertex 12 38.341907911002636 0.4085811823606491
    endloop
  endfacet
  facet normal 0 0.7409511331986929 -0.6715589461927918
    outer loop
      vertex -12 38.47279220819473 0.5272077918052673
      vertex 12 38.59141881763935 0.658092088997364
      vertex 12 38.47279220819473 0.5272077918052673
    endloop
  endfacet
  facet normal 0 0.8032075216082913 -0.595699317803761
    outer loop
      vertex -12 38.59141881763935 0.658092088997364
      vertex 12 38.69664530456066 0.7999735772609711
      vertex 12 38.59141881763935 0.658092088997364
    endloop
  endfacet
  facet normal 0 0.8577286127929594 -0.5141027395339042
    outer loop
      vertex -12 38.69664530456066 0.7999735772609711
      vertex 12 38.78745827823877 0.9514858722686768
      vertex 12 38.69664530456066 0.7999735772609711
    endloop
  endfacet
  facet normal 0 0.9039892980665183 -0.4275550829790278
    outer loop
      vertex -12 38.78745827823877 0.9514858722686768
      vertex 12 38.8629831597209 1.1111698225140572
      vertex 12 38.78745827823877 0.9514858722686768
    endloop
  endfacet
  facet normal 0 0.941544074458807 -0.33688982746813306
    outer loop
      vertex -12 38.8629831597209 1.1111698225140572
      vertex 12 38.92249260097742 1.2774875834584236
      vertex 12 38.8629831597209 1.1111698225140572
    endloop
  endfacet
  facet normal 0 0.9700312502225964 -0.24298019176794297
    outer loop
      vertex -12 38.92249260097742 1.2774875834584236
      vertex 12 38.96541350334883 1.4488374218344688
      vertex 12 38.92249260097742 1.2774875834584236
    endloop
  endfacet
  facet normal 0 0.9891765079547659 -0.14673048800578198
    outer loop
      vertex -12 38.96541350334883 1.4488374218344688
      vertex 12 38.9913325086236 1.6235691457986832
      vertex 12 38.96541350334883 1.4488374218344688
    endloop
  endfacet
  facet normal 0 0.9987954563567223 -0.04906767124254976
    outer loop
      vertex -12 38.9913325086236 1.6235691457986832
      vertex 12 39 1.7999999970197678
      vertex 12 38.9913325086236 1.6235691457986832
    endloop
  endfacet
  facet normal 0 0.9987954563567214 0.04906767124256732
    outer loop
      vertex -12 39 2.2000000029802322
      vertex 11 38.99263097199423 2.350000023432444
      vertex 12 39 2.2000000029802322
    endloop
  endfacet
  facet normal 0 0.9987954563567272 0.04906767124245004
    outer loop
      vertex -11 38.9913325086236 2.376430854201317
      vertex 11 38.9913325086236 2.376430854201317
      vertex 11 38.99263097199423 2.350000023432444
    endloop
  endfacet
  facet normal 0 0.989176507954766 0.146730488005782
    outer loop
      vertex -11 38.96541350334883 2.551162578165531
      vertex 11 38.96541350334883 2.551162578165531
      vertex 11 38.9913325086236 2.376430854201317
    endloop
  endfacet
  facet normal 0 0.9700312502225965 0.242980191767943
    outer loop
      vertex -11 38.92249260097742 2.7225124165415764
      vertex 11 38.92249260097742 2.7225124165415764
      vertex 11 38.96541350334883 2.551162578165531
    endloop
  endfacet
  facet normal 0 0.9415440744588071 0.3368898274681331
    outer loop
      vertex -11 38.8629831597209 2.888830177485943
      vertex 11 38.8629831597209 2.888830177485943
      vertex 11 38.92249260097742 2.7225124165415764
    endloop
  endfacet
  facet normal 0 0.9039892980665184 0.4275550829790278
    outer loop
      vertex -11 38.78745827823877 3.0485141277313232
      vertex 11 38.78745827823877 3.0485141277313232
      vertex 11 38.8629831597209 2.888830177485943
    endloop
  endfacet
  facet normal 0 0.8577286127929595 0.5141027395339043
    outer loop
      vertex -11 38.69664530456066 3.200026422739029
      vertex 11 38.69664530456066 3.200026422739029
      vertex 11 38.78745827823877 3.0485141277313232
    endloop
  endfacet
  facet normal 0 0.8032075216082913 0.595699317803761
    outer loop
      vertex -11 38.59141881763935 3.341907911002636
      vertex 11 38.59141881763935 3.341907911002636
      vertex 11 38.69664530456066 3.200026422739029
    endloop
  endfacet
  facet normal 0 0.7409511331986929 0.6715589461927918
    outer loop
      vertex -11 38.47279220819473 3.4727922081947327
      vertex 11 38.47279220819473 3.4727922081947327
      vertex 11 38.59141881763935 3.341907911002636
    endloop
  endfacet
  facet normal 0 0.6715589461927918 0.7409511331986929
    outer loop
      vertex -11 38.341907911002636 3.591418817639351
      vertex 11 38.341907911002636 3.591418817639351
      vertex 11 38.47279220819473 3.4727922081947327
    endloop
  endfacet
  facet normal 0 0.595699317803761 0.8032075216082913
    outer loop
      vertex -11 38.20002642273903 3.6966453045606613
      vertex 11 38.20002642273903 3.6966453045606613
      vertex 11 38.341907911002636 3.591418817639351
    endloop
  endfacet
  facet normal 0 0.146730488005782 0.989176507954766
    outer loop
      vertex -11 37.37643085420132 3.9913325086236
      vertex 11 37.37643085420132 3.9913325086236
      vertex 11 37.55116257816553 3.9654135033488274
    endloop
  endfacet
  facet normal 0 0.04906767124254976 0.9987954563567223
    outer loop
      vertex -11 37.20000000298023 4
      vertex 11 37.20000000298023 4
      vertex 11 37.37643085420132 3.9913325086236
    endloop
  endfacet
  facet normal 0 0.5141027395339043 0.8577286127929595
    outer loop
      vertex -11 38.04851412773132 3.7874582782387733
      vertex 11 38.04851412773132 3.7874582782387733
      vertex 11 38.20002642273903 3.6966453045606613
    endloop
  endfacet
  facet normal 0 0.4275550829790278 0.9039892980665184
    outer loop
      vertex -11 37.88883017748594 3.8629831597208977
      vertex 11 37.88883017748594 3.8629831597208977
      vertex 11 38.04851412773132 3.7874582782387733
    endloop
  endfacet
  facet normal 0 0.3368898274681331 0.9415440744588071
    outer loop
      vertex -11 37.722512416541576 3.922492600977421
      vertex 11 37.722512416541576 3.922492600977421
      vertex 11 37.88883017748594 3.8629831597208977
    endloop
  endfacet
  facet normal 0 0.242980191767943 0.9700312502225965
    outer loop
      vertex -11 37.55116257816553 3.9654135033488274
      vertex 11 37.55116257816553 3.9654135033488274
      vertex 11 37.722512416541576 3.922492600977421
    endloop
  endfacet
  facet normal 1 0 0
    outer loop
      vertex 12 18.54329141974449 0.19030117243528366
      vertex 12 18.44883742183447 0.03458649665117264
      vertex 12 18.623569145798683 0.008667491376399994
    endloop
  endfacet
  facet normal 1 0 0
    outer loop
      vertex 12 18.54329141974449 0.19030117243528366
      vertex 12 18.623569145798683 0.008667491376399994
      vertex 12 18.774288304150105 0.10764916241168976
    endloop
  endfacet
  facet normal 1 0 0
    outer loop
      vertex 12 18.111074417829514 0.4213259667158127
      vertex 12 17.951485872268677 0.21254172176122665
      vertex 12 18.111169822514057 0.13701684027910233
    endloop
  endfacet
  facet normal 1 0 0
    outer loop
      vertex 12 18.111074417829514 0.4213259667158127
      vertex 12 18.111169822514057 0.13701684027910233
      vertex 12 18.277487583458424 0.0775073990225792
    endloop
  endfacet
  facet normal 1 0 0
    outer loop
      vertex 12 18.111074417829514 0.4213259667158127
      vertex 12 18.277487583458424 0.0775073990225792
      vertex 12 18.321508154273033 0.2951968386769295
    endloop
  endfacet
  facet normal 1 0 0
    outer loop
      vertex 12 18.321508154273033 0.2951968386769295
      vertex 12 18.277487583458424 0.0775073990225792
      vertex 12 18.44883742183447 0.03458649665117264
    endloop
  endfacet
  facet normal 1 0 0
    outer loop
      vertex 12 18.321508154273033 0.2951968386769295
      vertex 12 18.44883742183447 0.03458649665117264
      vertex 12 18.54329141974449 0.19030117243528366
    endloop
  endfacet
  facet normal 1 0 0
    outer loop
      vertex 12 17.914016790688038 0.567473866045475
      vertex 12 17.79997357726097 0.3033546954393387
      vertex 12 17.951485872268677 0.21254172176122665
    endloop
  endfacet
  facet normal 1 0 0
    outer loop
      vertex 12 17.73223304748535 0.7322330474853516
      vertex 12 17.658092088997364 0.4085811823606491
      vertex 12 17.79997357726097 0.3033546954393387
    endloop
  endfacet
  facet normal 1 0 0
    outer loop
      vertex 12 17.914016790688038 0.567473866045475
      vertex 12 17.951485872268677 0.21254172176122665
      vertex 12 18.111074417829514 0.4213259667158127
    endloop
  endfacet
  facet normal 1 0 0
    outer loop
      vertex 12 18.623569145798683 0.008667491376399994
      vertex 12 18.799999997019768 0
      vertex 12 18.774288304150105 0.10764916241168976
    endloop
  endfacet
  facet normal 1 0 0
    outer loop
      vertex 12 18.774288304150105 0.10764916241168976
      vertex 12 18.799999997019768 0
      vertex 12 19.01227419823408 0.04803679883480072
    endloop
  endfacet
  facet normal 1 0 0
    outer loop
      vertex 12 18.799999997019768 0
      vertex 12 19.254957146942616 0.012038186192512512
      vertex 12 19.01227419823408 0.04803679883480072
    endloop
  endfacet
  facet normal 1 0 0
    outer loop
      vertex 12 18.799999997019768 0
      vertex 12 19.5 0
      vertex 12 19.254957146942616 0.012038186192512512
    endloop
  endfacet
  facet normal 1 0 0
    outer loop
      vertex 12 17.73223304748535 0.7322330474853516
      vertex 12 17.79997357726097 0.3033546954393387
      vertex 12 17.914016790688038 0.567473866045475
    endloop
  endfacet
  facet normal 1 0 0
    outer loop
      vertex 12 17.567473866045475 0.9140167906880379
      vertex 12 17.527207791805267 0.5272077918052673
      vertex 12 17.658092088997364 0.4085811823606491
    endloop
  endfacet
  facet normal 1 0 0
    outer loop
      vertex 12 17.421325966715813 1.1110744178295135
      vertex 12 17.40858118236065 0.658092088997364
      vertex 12 17.527207791805267 0.5272077918052673
    endloop
  endfacet
  facet normal 1 0 0
    outer loop
      vertex 12 17.567473866045475 0.9140167906880379
      vertex 12 17.658092088997364 0.4085811823606491
      vertex 12 17.73223304748535 0.7322330474853516
    endloop
  endfacet
  facet normal 1 0 0
    outer loop
      vertex 12 17.421325966715813 1.1110744178295135
      vertex 12 17.527207791805267 0.5272077918052673
      vertex 12 17.567473866045475 0.9140167906880379
    endloop
  endfacet
  facet normal 1 0 0
    outer loop
      vertex 12 17.29519683867693 1.3215081542730331
      vertex 12 17.30335469543934 0.7999735772609711
      vertex 12 17.40858118236065 0.658092088997364
    endloop
  endfacet
  facet normal 1 0 0
    outer loop
      vertex 12 17.29519683867693 1.3215081542730331
      vertex 12 17.212541721761227 0.9514858722686768
      vertex 12 17.30335469543934 0.7999735772609711
    endloop
  endfacet
  facet normal 1 0 0
    outer loop
      vertex 12 17.29519683867693 1.3215081542730331
      vertex 12 17.40858118236065 0.658092088997364
      vertex 12 17.421325966715813 1.1110744178295135
    endloop
  endfacet
  facet normal 1 0 0
    outer loop
      vertex 12 17.10764916241169 1.7742883041501045
      vertex 12 17.07750739902258 1.2774875834584236
      vertex 12 17.137016840279102 1.1111698225140572
    endloop
  endfacet
  facet normal 1 0 0
    outer loop
      vertex 12 17.0480367988348 2.0122741982340813
      vertex 12 17.034586496651173 1.4488374218344688
      vertex 12 17.07750739902258 1.2774875834584236
    endloop
  endfacet
  facet normal 1 0 0
    outer loop
      vertex 12 17.0480367988348 2.0122741982340813
      vertex 12 17.07750739902258 1.2774875834584236
      vertex 12 17.10764916241169 1.7742883041501045
    endloop
  endfacet
  facet normal 1 0 0
    outer loop
      vertex 12 17.012038186192513 2.2549571469426155
      vertex 12 17.0086674913764 1.6235691457986832
      vertex 12 17.034586496651173 1.4488374218344688
    endloop
  endfacet
  facet normal 1 0 0
    outer loop
      vertex 12 17.007369028005765 2.350000023432443
      vertex 12 17 1.7999999970197678
      vertex 12 17.0086674913764 1.6235691457986832
    endloop
  endfacet
  facet normal 1 0 0
    outer loop
      vertex 12 17.012038186192513 2.2549571469426155
      vertex 12 17.034586496651173 1.4488374218344688
      vertex 12 17.0480367988348 2.0122741982340813
    endloop
  endfacet
  facet normal 1 0 0
    outer loop
      vertex 12 17.007369028005765 2.350000023432443
      vertex 12 17.0086674913764 1.6235691457986832
      vertex 12 17.012038186192513 2.2549571469426155
    endloop
  endfacet
  facet normal 1 0 0
    outer loop
      vertex 12 17.007369028005765 2.350000023432443
      vertex 12 17 2.2000000029802322
      vertex 12 17 1.7999999970197678
    endloop
  endfacet
  facet normal 1 0 0
    outer loop
      vertex 12 17.190301172435284 1.5432914197444916
      vertex 12 17.137016840279102 1.1111698225140572
      vertex 12 17.212541721761227 0.9514858722686768
    endloop
  endfacet
  facet normal 1 0 0
    outer loop
      vertex 12 17.190301172435284 1.5432914197444916
      vertex 12 17.212541721761227 0.9514858722686768
      vertex 12 17.29519683867693 1.3215081542730331
    endloop
  endfacet
  facet normal 1 0 0
    outer loop
      vertex 12 17.10764916241169 1.7742883041501045
      vertex 12 17.137016840279102 1.1111698225140572
      vertex 12 17.190301172435284 1.5432914197444916
    endloop
  endfacet
  facet normal -3.504853433419749e-15 -0.9987954563567225 0.04906767124254401
    outer loop
      vertex 11 17.00736902800577 2.350000023432444
      vertex 12 17 2.2000000029802322
      vertex 12 17.007369028005765 2.350000023432443
    endloop
  endfacet
  facet normal 0 0 -1
    outer loop
      vertex 11.086956518147641 36.5 0
      vertex 12 37.20000000298023 0
      vertex 12 36.5 0
    endloop
  endfacet
  facet normal 1 0 0
    outer loop
      vertex 12 36.5 0
      vertex 12 37.20000000298023 0
      vertex 12 36.745042853057384 0.012038186192512512
    endloop
  endfacet
  facet normal 1 0 0
    outer loop
      vertex 12 36.745042853057384 0.012038186192512512
      vertex 12 37.20000000298023 0
      vertex 12 36.98772580176592 0.04803679883480072
    endloop
  endfacet
  facet normal 1 0 0
    outer loop
      vertex 12 36.98772580176592 0.04803679883480072
      vertex 12 37.20000000298023 0
      vertex 12 37.225711695849895 0.10764916241168976
    endloop
  endfacet
  facet normal 1 0 0
    outer loop
      vertex 12 37.225711695849895 0.10764916241168976
      vertex 12 37.20000000298023 0
      vertex 12 37.37643085420132 0.008667491376399994
    endloop
  endfacet
  facet normal 1 0 0
    outer loop
      vertex 12 37.225711695849895 0.10764916241168976
      vertex 12 37.37643085420132 0.008667491376399994
      vertex 12 37.55116257816553 0.03458649665117264
    endloop
  endfacet
  facet normal 1 0 0
    outer loop
      vertex 12 37.225711695849895 0.10764916241168976
      vertex 12 37.55116257816553 0.03458649665117264
      vertex 12 37.45670858025551 0.19030117243528366
    endloop
  endfacet
  facet normal 1 0 0
    outer loop
      vertex 12 37.45670858025551 0.19030117243528366
      vertex 12 37.55116257816553 0.03458649665117264
      vertex 12 37.722512416541576 0.0775073990225792
    endloop
  endfacet
  facet normal 1 0 0
    outer loop
      vertex 12 37.45670858025551 0.19030117243528366
      vertex 12 37.722512416541576 0.0775073990225792
      vertex 12 37.67849184572697 0.2951968386769295
    endloop
  endfacet
  facet normal 1 0 0
    outer loop
      vertex 12 37.67849184572697 0.2951968386769295
      vertex 12 37.722512416541576 0.0775073990225792
      vertex 12 37.88883017748594 0.13701684027910233
    endloop
  endfacet
  facet normal 1 0 0
    outer loop
      vertex 12 37.88892558217049 0.4213259667158127
      vertex 12 37.88883017748594 0.13701684027910233
      vertex 12 38.04851412773132 0.21254172176122665
    endloop
  endfacet
  facet normal 1 0 0
    outer loop
      vertex 12 37.88892558217049 0.4213259667158127
      vertex 12 37.67849184572697 0.2951968386769295
      vertex 12 37.88883017748594 0.13701684027910233
    endloop
  endfacet
  facet normal 1 0 0
    outer loop
      vertex 12 37.88892558217049 0.4213259667158127
      vertex 12 38.04851412773132 0.21254172176122665
      vertex 12 38.20002642273903 0.3033546954393387
    endloop
  endfacet
  facet normal 1 0 0
    outer loop
      vertex 12 38.08598320931196 0.567473866045475
      vertex 12 37.88892558217049 0.4213259667158127
      vertex 12 38.20002642273903 0.3033546954393387
    endloop
  endfacet
  facet normal 1 0 0
    outer loop
      vertex 12 38.08598320931196 0.567473866045475
      vertex 12 38.20002642273903 0.3033546954393387
      vertex 12 38.341907911002636 0.4085811823606491
    endloop
  endfacet
  facet normal 1 0 0
    outer loop
      vertex 12 38.26776695251465 0.7322330474853516
      vertex 12 38.341907911002636 0.4085811823606491
      vertex 12 38.47279220819473 0.5272077918052673
    endloop
  endfacet
  facet normal 1 0 0
    outer loop
      vertex 12 38.26776695251465 0.7322330474853516
      vertex 12 38.08598320931196 0.567473866045475
      vertex 12 38.341907911002636 0.4085811823606491
    endloop
  endfacet
  facet normal 1 0 0
    outer loop
      vertex 12 38.26776695251465 0.7322330474853516
      vertex 12 38.47279220819473 0.5272077918052673
      vertex 12 38.432526133954525 0.9140167906880379
    endloop
  endfacet
  facet normal 1 0 0
    outer loop
      vertex 12 38.432526133954525 0.9140167906880379
      vertex 12 38.47279220819473 0.5272077918052673
      vertex 12 38.59141881763935 0.658092088997364
    endloop
  endfacet
  facet normal 1 0 0
    outer loop
      vertex 12 38.57867403328419 1.1110744178295135
      vertex 12 38.432526133954525 0.9140167906880379
      vertex 12 38.59141881763935 0.658092088997364
    endloop
  endfacet
  facet normal 1 0 0
    outer loop
      vertex 12 38.57867403328419 1.1110744178295135
      vertex 12 38.59141881763935 0.658092088997364
      vertex 12 38.69664530456066 0.7999735772609711
    endloop
  endfacet
  facet normal 1 0 0
    outer loop
      vertex 12 38.70480316132307 1.3215081542730331
      vertex 12 38.69664530456066 0.7999735772609711
      vertex 12 38.78745827823877 0.9514858722686768
    endloop
  endfacet
  facet normal 1 0 0
    outer loop
      vertex 12 38.57867403328419 1.1110744178295135
      vertex 12 38.69664530456066 0.7999735772609711
      vertex 12 38.70480316132307 1.3215081542730331
    endloop
  endfacet
  facet normal 1 0 0
    outer loop
      vertex 12 38.809698827564716 1.5432914197444916
      vertex 12 38.78745827823877 0.9514858722686768
      vertex 12 38.8629831597209 1.1111698225140572
    endloop
  endfacet
  facet normal 1 0 0
    outer loop
      vertex 12 38.809698827564716 1.5432914197444916
      vertex 12 38.70480316132307 1.3215081542730331
      vertex 12 38.78745827823877 0.9514858722686768
    endloop
  endfacet
  facet normal 1 0 0
    outer loop
      vertex 12 38.809698827564716 1.5432914197444916
      vertex 12 38.8629831597209 1.1111698225140572
      vertex 12 38.92249260097742 1.2774875834584236
    endloop
  endfacet
  facet normal 1 0 0
    outer loop
      vertex 12 38.89235083758831 1.7742883041501045
      vertex 12 38.92249260097742 1.2774875834584236
      vertex 12 38.96541350334883 1.4488374218344688
    endloop
  endfacet
  facet normal 1 0 0
    outer loop
      vertex 12 38.89235083758831 1.7742883041501045
      vertex 12 38.809698827564716 1.5432914197444916
      vertex 12 38.92249260097742 1.2774875834584236
    endloop
  endfacet
  facet normal 1 0 0
    outer loop
      vertex 12 38.9519632011652 2.0122741982340813
      vertex 12 38.96541350334883 1.4488374218344688
      vertex 12 38.9913325086236 1.6235691457986832
    endloop
  endfacet
  facet normal 1 0 0
    outer loop
      vertex 12 38.9519632011652 2.0122741982340813
      vertex 12 38.89235083758831 1.7742883041501045
      vertex 12 38.96541350334883 1.4488374218344688
    endloop
  endfacet
  facet normal 1 0 0
    outer loop
      vertex 12 39 2.2000000029802322
      vertex 12 38.9913325086236 1.6235691457986832
      vertex 12 39 1.7999999970197678
    endloop
  endfacet
  facet normal 1 0 0
    outer loop
      vertex 12 38.98796181380749 2.2549571469426155
      vertex 12 38.9519632011652 2.0122741982340813
      vertex 12 38.9913325086236 1.6235691457986832
    endloop
  endfacet
  facet normal 1 0 0
    outer loop
      vertex 12 38.98796181380749 2.2549571469426155
      vertex 12 38.9913325086236 1.6235691457986832
      vertex 12 39 2.2000000029802322
    endloop
  endfacet
  facet normal -4.358084670258847e-17 0.9987954563567214 0.049067671242567036
    outer loop
      vertex 11 38.99263097199423 2.350000023432444
      vertex 12 38.99263097199423 2.350000023432445
      vertex 12 39 2.2000000029802322
    endloop
  endfacet
  facet normal 1 0 0
    outer loop
      vertex 12 38.99263097199423 2.350000023432445
      vertex 12 38.98796181380749 2.2549571469426155
      vertex 12 39 2.2000000029802322
    endloop
  endfacet
  facet normal -0.8032075288649991 -0.5956993080192237 0
    outer loop
      vertex -20.092041812837124 -9.537573136389256 8.5
      vertex -20.152015055618133 -9.456708580255508 0.19030117243528366
      vertex -20.092041812837124 -9.537573136389256 0.2285472568409439
    endloop
  endfacet
  facet normal -0.7409511174895561 -0.6715589635251531 1.9736292792539678e-16
    outer loop
      vertex -19.828427121043205 -9.828427121043205 8.5
      vertex -20.092041812837124 -9.537573136389256 0.2285472568409439
      vertex -19.9643205365608 -9.678491845726967 0.2951968386769295
    endloop
  endfacet
  facet normal -0.6715589635251622 -0.740951117489548 3.872081385823223e-16
    outer loop
      vertex -19.537573136389256 -10.092041812837124 8.5
      vertex -19.828427121043205 -9.828427121043205 0.3850645844933567
      vertex -19.761677356966864 -9.888925582170486 0.4213259667158127
    endloop
  endfacet
  facet normal -0.7409511174895508 -0.6715589635251591 0
    outer loop
      vertex -19.828427121043205 -9.828427121043205 8.5
      vertex -19.9643205365608 -9.678491845726967 0.2951968386769295
      vertex -19.828427121043205 -9.828427121043205 0.3850645844933567
    endloop
  endfacet
  facet normal -0.8577286070283971 -0.5141027491514956 0
    outer loop
      vertex -20.32587844878435 -9.22228093445301 8.5
      vertex -20.4664653868367 -8.987725801765919 0.04803679883480072
      vertex -20.32587844878435 -9.22228093445301 0.10678980141248573
    endloop
  endfacet
  facet normal -0.9039892993552946 -0.42755508025413946 -2.9334709955091357e-16
    outer loop
      vertex -20.527685061097145 -8.885586947202682 8.5
      vertex -20.695518128573895 -8.530733726918697 0.0015098515317664152
      vertex -20.59415746458067 -8.745042853057384 0.012038186192512512
    endloop
  endfacet
  facet normal -0.9039892993553014 -0.4275550802541249 0
    outer loop
      vertex -20.527685061097145 -8.885586947202682 8.5
      vertex -20.59415746458067 -8.745042853057384 0.012038186192512512
      vertex -20.527685061097145 -8.885586947202682 0.03288593190856659
    endloop
  endfacet
  facet normal -0.8577286070283968 -0.5141027491514959 -2.076846040428482e-17
    outer loop
      vertex -20.32587844878435 -9.22228093445301 8.5
      vertex -20.527685061097145 -8.885586947202682 0.03288593190856659
      vertex -20.4664653868367 -8.987725801765919 0.04803679883480072
    endloop
  endfacet
  facet normal -0.941544062798275 -0.3368898600571383 0
    outer loop
      vertex -20.695518128573895 -8.530733726918697 8.5
      vertex -20.70651483214813 -8.5 0
      vertex -20.695518128573895 -8.530733726918697 0.0015098515317664152
    endloop
  endfacet
  facet normal -0.941544062798269 -0.3368898600571547 -6.719676482572207e-17
    outer loop
      vertex -20.695518128573895 -8.530733726918697 8.5
      vertex -20.827761344611645 -8.161138705909252 0
      vertex -20.70651483214813 -8.5 0
    endloop
  endfacet
  facet normal -0.970031253702096 -0.24298017787700282 0
    outer loop
      vertex -20.827761344611645 -8.161138705909252 8.5
      vertex -20.92314112186432 -7.780361287295818 0
      vertex -20.827761344611645 -8.161138705909252 0
    endloop
  endfacet
  facet normal -0.8032075288650209 -0.5956993080191941 0
    outer loop
      vertex -20.32587844878435 -9.22228093445301 8.5
      vertex -20.32587844878435 -9.22228093445301 0.10678980141248573
      vertex -20.323334022696873 -9.225711695849895 0.10764916241168976
    endloop
  endfacet
  facet normal -0.8032075288650016 -0.5956993080192199 5.39030280301653e-17
    outer loop
      vertex -20.092041812837124 -9.537573136389256 8.5
      vertex -20.323334022696873 -9.225711695849895 0.10764916241168976
      vertex -20.152015055618133 -9.456708580255508 0.19030117243528366
    endloop
  endfacet
  facet normal -0.6715589635251545 -0.7409511174895548 5.872273614514059e-18
    outer loop
      vertex -19.537573136389256 -10.092041812837124 8.5
      vertex -19.761677356966864 -9.888925582170486 0.4213259667158127
      vertex -19.54425777511231 -10.085983209311962 0.567473866045475
    endloop
  endfacet
  facet normal -0.9891765093153608 -0.14673047883339677 0
    outer loop
      vertex -20.92314112186432 -7.780361287295818 8.5
      vertex -20.980738908052444 -7.392068564891815 0
      vertex -20.92314112186432 -7.780361287295818 0
    endloop
  endfacet
  facet normal -0.9987954563973426 -0.049067670415704694 0
    outer loop
      vertex -20.980738908052444 -7.392068564891815 8.5
      vertex -21 -7 0
      vertex -20.980738908052444 -7.392068564891815 0
    endloop
  endfacet
  facet normal -0.5956993080192199 -0.8032075288650018 -4.420893106818325e-17
    outer loop
      vertex -19.22228093445301 -10.325878448784351 8.5
      vertex -19.537573136389256 -10.092041812837124 0.5729650642125268
      vertex -19.30063521603282 -10.267766952514648 0.7322330474853516
    endloop
  endfacet
  facet normal -0.5956993080192228 -0.8032075288649997 0
    outer loop
      vertex -19.22228093445301 -10.325878448784351 8.5
      vertex -19.30063521603282 -10.267766952514648 0.7322330474853516
      vertex -19.22228093445301 -10.325878448784351 0.7963492030931674
    endloop
  endfacet
  facet normal -0.5141027491514991 -0.8577286070283949 1.9673528305969006e-16
    outer loop
      vertex -18.885586947202682 -10.527685061097145 8.5
      vertex -19.22228093445301 -10.325878448784351 0.7963492030931674
      vertex -19.04435002357033 -10.432526133954525 0.9140167906880379
    endloop
  endfacet
  facet normal -0.6715589635251508 -0.7409511174895583 0
    outer loop
      vertex -19.537573136389256 -10.092041812837124 8.5
      vertex -19.54425777511231 -10.085983209311962 0.567473866045475
      vertex -19.537573136389256 -10.092041812837124 0.5729650642125268
    endloop
  endfacet
  facet normal -0.514102749151492 -0.8577286070283991 0
    outer loop
      vertex -18.885586947202682 -10.527685061097145 8.5
      vertex -19.04435002357033 -10.432526133954525 0.9140167906880379
      vertex -18.885586947202682 -10.527685061097145 1.0423237487083874
    endloop
  endfacet
  facet normal -0.42755508025413635 -0.9039892993552961 1.4482962570419754e-16
    outer loop
      vertex -18.530733726918697 -10.695518128573895 8.5
      vertex -18.885586947202682 -10.527685061097145 1.0423237487083874
      vertex -18.777779819253663 -10.578674033284187 1.1110744178295135
    endloop
  endfacet
  facet normal -0.4275550802541326 -0.9039892993552978 0
    outer loop
      vertex -18.530733726918697 -10.695518128573895 8.5
      vertex -18.777779819253663 -10.578674033284187 1.1110744178295135
      vertex -18.530733726918697 -10.695518128573895 1.3060170130530038
    endloop
  endfacet
  facet normal -0.33688986005716315 -0.9415440627982661 0
    outer loop
      vertex -18.530733726918697 -10.695518128573895 8.5
      vertex -18.530733726918697 -10.695518128573895 1.3060170130530038
      vertex -18.50478379937742 -10.70480316132307 1.3215081542730331
    endloop
  endfacet
  facet normal -0.33688986005715194 -0.9415440627982701 -3.865349554193193e-17
    outer loop
      vertex -18.161138705909252 -10.827761344611645 8.5
      vertex -18.50478379937742 -10.70480316132307 1.3215081542730331
      vertex -18.211620058128766 -10.809698827564716 1.5432914197444916
    endloop
  endfacet
  facet normal -0.33688986005715654 -0.9415440627982683 0
    outer loop
      vertex -18.161138705909252 -10.827761344611645 8.5
      vertex -18.211620058128766 -10.809698827564716 1.5432914197444916
      vertex -18.161138705909252 -10.827761344611645 1.593772771149892
    endloop
  endfacet
  facet normal -0.24298017787700202 -0.9700312537020961 -4.7177477150461453e-17
    outer loop
      vertex -17.78036128729582 -10.923141121864319 8.5
      vertex -18.161138705909252 -10.827761344611645 1.593772771149892
      vertex -17.903282993580927 -10.89235083758831 1.7742883041501045
    endloop
  endfacet
  facet normal -0.2429801778770044 -0.9700312537020954 0
    outer loop
      vertex -17.78036128729582 -10.923141121864319 8.5
      vertex -17.903282993580927 -10.89235083758831 1.7742883041501045
      vertex -17.78036128729582 -10.923141121864319 1.8972100085222907
    endloop
  endfacet
  facet normal -0.14673047883339774 -0.9891765093153607 5.820242741426214e-17
    outer loop
      vertex -17.392068564891815 -10.980738908052444 8.5
      vertex -17.78036128729582 -10.923141121864319 1.8972100085222907
      vertex -17.58605861738886 -10.9519632011652 2.0122741982340813
    endloop
  endfacet
  facet normal -0.14673047883339582 -0.989176509315361 0
    outer loop
      vertex -17.392068564891815 -10.980738908052444 8.5
      vertex -17.58605861738886 -10.9519632011652 2.0122741982340813
      vertex -17.392068564891815 -10.980738908052444 2.206264268572669
    endloop
  endfacet
  facet normal -1 0 0
    outer loop
      vertex -21 -7 8.5
      vertex -21 7 0
      vertex -21 -7 0
    endloop
  endfacet
  facet normal -0.9987954563973426 0.049067670415704694 0
    outer loop
      vertex -21 7 8.5
      vertex -20.980738908052444 7.392068564891815 0
      vertex -21 7 0
    endloop
  endfacet
  facet normal -0.9891765093153608 0.14673047883339677 0
    outer loop
      vertex -20.980738908052444 7.392068564891815 8.5
      vertex -20.92314112186432 7.780361287295818 0
      vertex -20.980738908052444 7.392068564891815 0
    endloop
  endfacet
  facet normal -0.970031253702096 0.24298017787700282 0
    outer loop
      vertex -20.92314112186432 7.780361287295818 8.5
      vertex -20.827761344611645 8.161138705909252 0
      vertex -20.92314112186432 7.780361287295818 0
    endloop
  endfacet
  facet normal -0.941544062798269 0.3368898600571547 0
    outer loop
      vertex -20.827761344611645 8.161138705909252 8.5
      vertex -20.70651483214813 8.5 0
      vertex -20.827761344611645 8.161138705909252 0
    endloop
  endfacet
  facet normal -0.9415440627982749 0.3368898600571385 -7.488041907034555e-16
    outer loop
      vertex -20.827761344611645 8.161138705909252 8.5
      vertex -20.695518128573895 8.530733726918697 0.0015098515317664152
      vertex -20.70651483214813 8.5 0
    endloop
  endfacet
  facet normal -0.9039892993552946 0.42755508025413946 0
    outer loop
      vertex -20.695518128573895 8.530733726918697 8.5
      vertex -20.59415746458067 8.745042853057384 0.012038186192512512
      vertex -20.695518128573895 8.530733726918697 0.0015098515317664152
    endloop
  endfacet
  facet normal -0.9039892993553014 0.427555080254125 -4.452797352573915e-16
    outer loop
      vertex -20.695518128573895 8.530733726918697 8.5
      vertex -20.527685061097145 8.885586947202682 0.03288593190856659
      vertex -20.59415746458067 8.745042853057384 0.012038186192512512
    endloop
  endfacet
  facet normal -0.8577286070283968 0.5141027491514962 0
    outer loop
      vertex -20.527685061097145 8.885586947202682 8.5
      vertex -20.4664653868367 8.987725801765919 0.04803679883480072
      vertex -20.527685061097145 8.885586947202682 0.03288593190856659
    endloop
  endfacet
  facet normal -0.8577286070283971 0.5141027491514956 -1.0475940085107094e-17
    outer loop
      vertex -20.527685061097145 8.885586947202682 8.5
      vertex -20.32587844878435 9.22228093445301 0.10678980141248573
      vertex -20.4664653868367 8.987725801765919 0.04803679883480072
    endloop
  endfacet
  facet normal -0.8032075288650209 0.5956993080191941 0
    outer loop
      vertex -20.32587844878435 9.22228093445301 8.5
      vertex -20.323334022696873 9.225711695849895 0.10764916241168976
      vertex -20.32587844878435 9.22228093445301 0.10678980141248573
    endloop
  endfacet
  facet normal -0.8032075288650017 0.5956993080192199 1.6348810303261245e-17
    outer loop
      vertex -20.32587844878435 9.22228093445301 8.5
      vertex -20.152015055618133 9.456708580255508 0.19030117243528366
      vertex -20.323334022696873 9.225711695849895 0.10764916241168976
    endloop
  endfacet
  facet normal -0.803207528864999 0.5956993080192237 1.7188475735904744e-16
    outer loop
      vertex -20.32587844878435 9.22228093445301 8.5
      vertex -20.092041812837124 9.537573136389256 0.2285472568409439
      vertex -20.152015055618133 9.456708580255508 0.19030117243528366
    endloop
  endfacet
  facet normal -0.7409511174895561 0.6715589635251533 0
    outer loop
      vertex -20.092041812837124 9.537573136389256 8.5
      vertex -19.9643205365608 9.678491845726967 0.2951968386769295
      vertex -20.092041812837124 9.537573136389256 0.2285472568409439
    endloop
  endfacet
  facet normal -0.7409511174895509 0.671558963525159 1.8201725170750461e-16
    outer loop
      vertex -20.092041812837124 9.537573136389256 8.5
      vertex -19.828427121043205 9.828427121043205 0.3850645844933549
      vertex -19.9643205365608 9.678491845726967 0.2951968386769295
    endloop
  endfacet
  facet normal -0.671558963525162 0.740951117489548 0
    outer loop
      vertex -19.828427121043205 9.828427121043205 8.5
      vertex -19.761677356966864 9.888925582170486 0.4213259667158127
      vertex -19.828427121043205 9.828427121043205 0.3850645844933549
    endloop
  endfacet
  facet normal -0.6715589635251547 0.7409511174895547 1.1207181555818549e-16
    outer loop
      vertex -19.828427121043205 9.828427121043205 8.5
      vertex -19.54425777511231 10.085983209311962 0.567473866045475
      vertex -19.761677356966864 9.888925582170486 0.4213259667158127
    endloop
  endfacet
  facet normal -0.6715589635251523 0.740951117489557 3.7675110479548003e-16
    outer loop
      vertex -19.828427121043205 9.828427121043205 8.5
      vertex -19.537573136389256 10.092041812837124 0.5729650642125268
      vertex -19.54425777511231 10.085983209311962 0.567473866045475
    endloop
  endfacet
  facet normal -0.5956993080192199 0.8032075288650018 0
    outer loop
      vertex -19.537573136389256 10.092041812837124 8.5
      vertex -19.30063521603282 10.267766952514648 0.7322330474853516
      vertex -19.537573136389256 10.092041812837124 0.5729650642125268
    endloop
  endfacet
  facet normal -0.5956993080192227 0.8032075288649998 -1.3401193403913002e-16
    outer loop
      vertex -19.537573136389256 10.092041812837124 8.5
      vertex -19.22228093445301 10.325878448784351 0.7963492030931683
      vertex -19.30063521603282 10.267766952514648 0.7322330474853516
    endloop
  endfacet
  facet normal -0.514102749151499 0.857728607028395 0
    outer loop
      vertex -19.22228093445301 10.325878448784351 8.5
      vertex -19.04435002357033 10.432526133954525 0.9140167906880379
      vertex -19.22228093445301 10.325878448784351 0.7963492030931683
    endloop
  endfacet
  facet normal -0.5141027491514922 0.857728607028399 2.133910130800899e-16
    outer loop
      vertex -19.22228093445301 10.325878448784351 8.5
      vertex -18.885586947202682 10.527685061097145 1.0423237487083874
      vertex -19.04435002357033 10.432526133954525 0.9140167906880379
    endloop
  endfacet
  facet normal -0.42755508025413613 0.9039892993552961 0
    outer loop
      vertex -18.885586947202682 10.527685061097145 8.5
      vertex -18.777779819253663 10.578674033284187 1.1110744178295135
      vertex -18.885586947202682 10.527685061097145 1.0423237487083874
    endloop
  endfacet
  facet normal -0.4275550802541327 0.9039892993552977 6.284843127151635e-17
    outer loop
      vertex -18.885586947202682 10.527685061097145 8.5
      vertex -18.530733726918697 10.695518128573895 1.3060170130530029
      vertex -18.777779819253663 10.578674033284187 1.1110744178295135
    endloop
  endfacet
  facet normal -0.3368898600571632 0.9415440627982661 0
    outer loop
      vertex -18.530733726918697 10.695518128573895 8.5
      vertex -18.50478379937742 10.70480316132307 1.3215081542730331
      vertex -18.530733726918697 10.695518128573895 1.3060170130530029
    endloop
  endfacet
  facet normal -0.336889860057152 0.9415440627982701 4.5859542376914566e-17
    outer loop
      vertex -18.530733726918697 10.695518128573895 8.5
      vertex -18.211620058128766 10.809698827564716 1.5432914197444916
      vertex -18.50478379937742 10.70480316132307 1.3215081542730331
    endloop
  endfacet
  facet normal -0.3368898600571562 0.9415440627982684 -1.778761973167981e-16
    outer loop
      vertex -18.530733726918697 10.695518128573895 8.5
      vertex -18.161138705909252 10.827761344611645 1.5937727711498928
      vertex -18.211620058128766 10.809698827564716 1.5432914197444916
    endloop
  endfacet
  facet normal -0.24298017787700202 0.9700312537020961 0
    outer loop
      vertex -18.161138705909252 10.827761344611645 8.5
      vertex -17.903282993580927 10.89235083758831 1.7742883041501045
      vertex -18.161138705909252 10.827761344611645 1.5937727711498928
    endloop
  endfacet
  facet normal -0.24298017787700438 0.9700312537020955 -9.409169908968755e-17
    outer loop
      vertex -18.161138705909252 10.827761344611645 8.5
      vertex -17.78036128729582 10.923141121864319 1.8972100085222934
      vertex -17.903282993580927 10.89235083758831 1.7742883041501045
    endloop
  endfacet
  facet normal -0.14673047883339774 0.9891765093153606 0
    outer loop
      vertex -17.78036128729582 10.923141121864319 8.5
      vertex -17.58605861738886 10.9519632011652 2.0122741982340813
      vertex -17.78036128729582 10.923141121864319 1.8972100085222934
    endloop
  endfacet
  facet normal -0.14673047883339588 0.9891765093153608 5.559881776660629e-17
    outer loop
      vertex -17.78036128729582 10.923141121864319 8.5
      vertex -17.392068564891815 10.980738908052444 2.2062642685726725
      vertex -17.58605861738886 10.9519632011652 2.0122741982340813
    endloop
  endfacet
  facet normal 0 -1 0
    outer loop
      vertex -12 -11 2.2000000029802322
      vertex -12 -11 1.7999999970197678
      vertex 12 -11 2.2000000029802322
    endloop
  endfacet
  facet normal 0 1 0
    outer loop
      vertex -12 11 2.2000000029802322
      vertex 12 11 1.7999999970197678
      vertex -12 11 1.7999999970197678
    endloop
  endfacet
  facet normal -0.04906767041570527 -0.9987954563973425 3.536964797964326e-17
    outer loop
      vertex -17 -11 8.5
      vertex -17.392068564891815 -10.980738908052444 2.206264268572669
      vertex -17.24504292888742 -10.987961813807487 2.2549571469426155
    endloop
  endfacet
  facet normal -0.04906767041570436 -0.9987954563973426 0
    outer loop
      vertex -17 -11 8.5
      vertex -17.24504292888742 -10.987961813807487 2.2549571469426155
      vertex -17 -11 2.5
    endloop
  endfacet
  facet normal -0.6715589635251563 -0.7409511174895534 0
    outer loop
      vertex -19.828427121043205 -9.828427121043205 8.5
      vertex -19.828427121043205 -9.828427121043205 0.3850645844933567
      vertex -19.537573136389256 -10.092041812837124 8.5
    endloop
  endfacet
  facet normal -0.7409511174895534 -0.6715589635251562 0
    outer loop
      vertex -19.828427121043205 -9.828427121043205 8.5
      vertex -20.092041812837124 -9.537573136389256 8.5
      vertex -20.092041812837124 -9.537573136389256 0.2285472568409439
    endloop
  endfacet
  facet normal -0.857728607028397 -0.5141027491514957 0
    outer loop
      vertex -20.32587844878435 -9.22228093445301 8.5
      vertex -20.527685061097145 -8.885586947202682 8.5
      vertex -20.527685061097145 -8.885586947202682 0.03288593190856659
    endloop
  endfacet
  facet normal -0.9415440627982695 -0.3368898600571534 0
    outer loop
      vertex -20.695518128573895 -8.530733726918697 8.5
      vertex -20.827761344611645 -8.161138705909252 8.5
      vertex -20.827761344611645 -8.161138705909252 0
    endloop
  endfacet
  facet normal -0.970031253702096 -0.24298017787700282 0
    outer loop
      vertex -20.827761344611645 -8.161138705909252 8.5
      vertex -20.92314112186432 -7.780361287295818 8.5
      vertex -20.92314112186432 -7.780361287295818 0
    endloop
  endfacet
  facet normal -0.9039892993552974 -0.42755508025413363 0
    outer loop
      vertex -20.527685061097145 -8.885586947202682 8.5
      vertex -20.695518128573895 -8.530733726918697 8.5
      vertex -20.695518128573895 -8.530733726918697 0.0015098515317664152
    endloop
  endfacet
  facet normal -0.8032075288650012 -0.5956993080192207 1.6850436064787592e-17
    outer loop
      vertex -20.092041812837124 -9.537573136389256 8.5
      vertex -20.32587844878435 -9.22228093445301 8.5
      vertex -20.323334022696873 -9.225711695849895 0.10764916241168976
    endloop
  endfacet
  facet normal -0.5141027491514958 -0.8577286070283969 0
    outer loop
      vertex -19.22228093445301 -10.325878448784351 8.5
      vertex -19.22228093445301 -10.325878448784351 0.7963492030931674
      vertex -18.885586947202682 -10.527685061097145 8.5
    endloop
  endfacet
  facet normal -0.5956993080192206 -0.8032075288650012 0
    outer loop
      vertex -19.22228093445301 -10.325878448784351 8.5
      vertex -19.537573136389256 -10.092041812837124 8.5
      vertex -19.537573136389256 -10.092041812837124 0.5729650642125268
    endloop
  endfacet
  facet normal -0.4275550802541337 -0.9039892993552973 0
    outer loop
      vertex -18.530733726918697 -10.695518128573895 8.5
      vertex -18.885586947202682 -10.527685061097145 8.5
      vertex -18.885586947202682 -10.527685061097145 1.0423237487083874
    endloop
  endfacet
  facet normal -0.3368898600571533 -0.9415440627982695 4.001519505492059e-17
    outer loop
      vertex -18.530733726918697 -10.695518128573895 8.5
      vertex -18.50478379937742 -10.70480316132307 1.3215081542730331
      vertex -18.161138705909252 -10.827761344611645 8.5
    endloop
  endfacet
  facet normal -0.9891765093153608 -0.14673047883339677 0
    outer loop
      vertex -20.92314112186432 -7.780361287295818 8.5
      vertex -20.980738908052444 -7.392068564891815 8.5
      vertex -20.980738908052444 -7.392068564891815 0
    endloop
  endfacet
  facet normal -0.9987954563973426 -0.049067670415704694 0
    outer loop
      vertex -20.980738908052444 -7.392068564891815 8.5
      vertex -21 -7 8.5
      vertex -21 -7 0
    endloop
  endfacet
  facet normal -0.24298017787700277 -0.970031253702096 0
    outer loop
      vertex -18.161138705909252 -10.827761344611645 8.5
      vertex -18.161138705909252 -10.827761344611645 1.593772771149892
      vertex -17.78036128729582 -10.923141121864319 8.5
    endloop
  endfacet
  facet normal -0.1467304788333968 -0.9891765093153608 0
    outer loop
      vertex -17.78036128729582 -10.923141121864319 8.5
      vertex -17.78036128729582 -10.923141121864319 1.8972100085222907
      vertex -17.392068564891815 -10.980738908052444 8.5
    endloop
  endfacet
  facet normal 0 -1 0
    outer loop
      vertex -11 -11 8.5
      vertex -17 -11 2.5
      vertex -11 -11 2.5
    endloop
  endfacet
  facet normal -0.04906767041570469 -0.9987954563973425 0
    outer loop
      vertex -17.392068564891815 -10.980738908052444 8.5
      vertex -17.392068564891815 -10.980738908052444 2.206264268572669
      vertex -17 -11 8.5
    endloop
  endfacet
  facet normal 0 -1 0
    outer loop
      vertex -17 -11 8.5
      vertex -17 -11 2.5
      vertex -11 -11 8.5
    endloop
  endfacet
  facet normal -1 0 0
    outer loop
      vertex -21 -7 8.5
      vertex -21 7 8.5
      vertex -21 7 0
    endloop
  endfacet
  facet normal -0.9987954563973426 0.049067670415704694 0
    outer loop
      vertex -21 7 8.5
      vertex -20.980738908052444 7.392068564891815 8.5
      vertex -20.980738908052444 7.392068564891815 0
    endloop
  endfacet
  facet normal -0.9891765093153608 0.14673047883339677 0
    outer loop
      vertex -20.980738908052444 7.392068564891815 8.5
      vertex -20.92314112186432 7.780361287295818 8.5
      vertex -20.92314112186432 7.780361287295818 0
    endloop
  endfacet
  facet normal -0.049067670415705256 0.9987954563973425 0
    outer loop
      vertex -17.392068564891815 10.980738908052444 8.5
      vertex -17.24504292888742 10.987961813807487 2.2549571469426155
      vertex -17.392068564891815 10.980738908052444 2.2062642685726725
    endloop
  endfacet
  facet normal -0.04906767041570438 0.9987954563973426 2.0740751808813657e-17
    outer loop
      vertex -17.392068564891815 10.980738908052444 8.5
      vertex -17 11 2.5
      vertex -17.24504292888742 10.987961813807487 2.2549571469426155
    endloop
  endfacet
  facet normal -0.970031253702096 0.24298017787700282 0
    outer loop
      vertex -20.92314112186432 7.780361287295818 8.5
      vertex -20.827761344611645 8.161138705909252 8.5
      vertex -20.827761344611645 8.161138705909252 0
    endloop
  endfacet
  facet normal -0.9415440627982695 0.3368898600571533 0
    outer loop
      vertex -20.827761344611645 8.161138705909252 8.5
      vertex -20.695518128573895 8.530733726918697 8.5
      vertex -20.695518128573895 8.530733726918697 0.0015098515317664152
    endloop
  endfacet
  facet normal -0.9039892993552973 0.42755508025413363 0
    outer loop
      vertex -20.695518128573895 8.530733726918697 8.5
      vertex -20.527685061097145 8.885586947202682 8.5
      vertex -20.527685061097145 8.885586947202682 0.03288593190856659
    endloop
  endfacet
  facet normal -0.8577286070283969 0.5141027491514958 0
    outer loop
      vertex -20.527685061097145 8.885586947202682 8.5
      vertex -20.32587844878435 9.22228093445301 8.5
      vertex -20.32587844878435 9.22228093445301 0.10678980141248573
    endloop
  endfacet
  facet normal -0.8032075288650012 0.5956993080192206 0
    outer loop
      vertex -20.32587844878435 9.22228093445301 8.5
      vertex -20.092041812837124 9.537573136389256 8.5
      vertex -20.092041812837124 9.537573136389256 0.2285472568409439
    endloop
  endfacet
  facet normal -0.7409511174895533 0.6715589635251562 0
    outer loop
      vertex -20.092041812837124 9.537573136389256 8.5
      vertex -19.828427121043205 9.828427121043205 8.5
      vertex -19.828427121043205 9.828427121043205 0.3850645844933549
    endloop
  endfacet
  facet normal -0.6715589635251562 0.7409511174895533 0
    outer loop
      vertex -19.828427121043205 9.828427121043205 8.5
      vertex -19.537573136389256 10.092041812837124 8.5
      vertex -19.537573136389256 10.092041812837124 0.5729650642125268
    endloop
  endfacet
  facet normal -0.5956993080192206 0.8032075288650011 0
    outer loop
      vertex -19.537573136389256 10.092041812837124 8.5
      vertex -19.22228093445301 10.325878448784351 8.5
      vertex -19.22228093445301 10.325878448784351 0.7963492030931683
    endloop
  endfacet
  facet normal -0.5141027491514958 0.857728607028397 0
    outer loop
      vertex -19.22228093445301 10.325878448784351 8.5
      vertex -18.885586947202682 10.527685061097145 8.5
      vertex -18.885586947202682 10.527685061097145 1.0423237487083874
    endloop
  endfacet
  facet normal -0.4275550802541337 0.9039892993552973 0
    outer loop
      vertex -18.885586947202682 10.527685061097145 8.5
      vertex -18.530733726918697 10.695518128573895 8.5
      vertex -18.530733726918697 10.695518128573895 1.3060170130530029
    endloop
  endfacet
  facet normal -0.3368898600571533 0.9415440627982696 0
    outer loop
      vertex -18.530733726918697 10.695518128573895 8.5
      vertex -18.161138705909252 10.827761344611645 8.5
      vertex -18.161138705909252 10.827761344611645 1.5937727711498928
    endloop
  endfacet
  facet normal -0.24298017787700274 0.9700312537020959 0
    outer loop
      vertex -18.161138705909252 10.827761344611645 8.5
      vertex -17.78036128729582 10.923141121864319 8.5
      vertex -17.78036128729582 10.923141121864319 1.8972100085222934
    endloop
  endfacet
  facet normal 0 1 0
    outer loop
      vertex -11 11 8.5
      vertex -11 11 2.5
      vertex -17 11 2.5
    endloop
  endfacet
  facet normal -0.14673047883339677 0.9891765093153607 0
    outer loop
      vertex -17.78036128729582 10.923141121864319 8.5
      vertex -17.392068564891815 10.980738908052444 8.5
      vertex -17.392068564891815 10.980738908052444 2.2062642685726725
    endloop
  endfacet
  facet normal -0.049067670415704694 0.9987954563973426 0
    outer loop
      vertex -17.392068564891815 10.980738908052444 8.5
      vertex -17 11 8.5
      vertex -17 11 2.5
    endloop
  endfacet
  facet normal 0 1 0
    outer loop
      vertex -17 11 8.5
      vertex -11 11 8.5
      vertex -17 11 2.5
    endloop
  endfacet
  facet normal 0 -1 0
    outer loop
      vertex -12 -11 1.7999999970197678
      vertex 12 -11 1.7999999970197678
      vertex 12 -11 2.2000000029802322
    endloop
  endfacet
  facet normal 0 1 0
    outer loop
      vertex -12 11 2.2000000029802322
      vertex 12 11 2.2000000029802322
      vertex 12 11 1.7999999970197678
    endloop
  endfacet
  facet normal 0.7409511174895561 -0.6715589635251533 0
    outer loop
      vertex 20.092041812837124 -9.537573136389256 8.5
      vertex 19.9643205365608 -9.678491845726967 0.2951968386769295
      vertex 20.092041812837124 -9.537573136389256 0.2285472568409439
    endloop
  endfacet
  facet normal 0.671558963525162 -0.740951117489548 0
    outer loop
      vertex 19.828427121043205 -9.828427121043205 8.5
      vertex 19.761677356966864 -9.888925582170486 0.4213259667158127
      vertex 19.828427121043205 -9.828427121043205 0.3850645844933549
    endloop
  endfacet
  facet normal 0.6715589635251547 -0.7409511174895547 1.1207181555818549e-16
    outer loop
      vertex 19.828427121043205 -9.828427121043205 8.5
      vertex 19.54425777511231 -10.085983209311962 0.567473866045475
      vertex 19.761677356966864 -9.888925582170486 0.4213259667158127
    endloop
  endfacet
  facet normal 0.7409511174895509 -0.671558963525159 1.8201725170750461e-16
    outer loop
      vertex 20.092041812837124 -9.537573136389256 8.5
      vertex 19.828427121043205 -9.828427121043205 0.3850645844933549
      vertex 19.9643205365608 -9.678491845726967 0.2951968386769295
    endloop
  endfacet
  facet normal 0.8032075288650209 -0.5956993080191941 0
    outer loop
      vertex 20.32587844878435 -9.22228093445301 8.5
      vertex 20.323334022696873 -9.225711695849895 0.10764916241168976
      vertex 20.32587844878435 -9.22228093445301 0.10678980141248573
    endloop
  endfacet
  facet normal 0.9039892993553014 -0.427555080254125 -4.452797352573915e-16
    outer loop
      vertex 20.695518128573895 -8.530733726918697 8.5
      vertex 20.527685061097145 -8.885586947202682 0.03288593190856659
      vertex 20.59415746458067 -8.745042853057384 0.012038186192512512
    endloop
  endfacet
  facet normal 0.8577286070283971 -0.5141027491514956 -1.0475940085107094e-17
    outer loop
      vertex 20.527685061097145 -8.885586947202682 8.5
      vertex 20.32587844878435 -9.22228093445301 0.10678980141248573
      vertex 20.4664653868367 -8.987725801765919 0.04803679883480072
    endloop
  endfacet
  facet normal 0.8577286070283968 -0.5141027491514962 0
    outer loop
      vertex 20.527685061097145 -8.885586947202682 8.5
      vertex 20.4664653868367 -8.987725801765919 0.04803679883480072
      vertex 20.527685061097145 -8.885586947202682 0.03288593190856659
    endloop
  endfacet
  facet normal 0.9039892993552946 -0.42755508025413946 0
    outer loop
      vertex 20.695518128573895 -8.530733726918697 8.5
      vertex 20.59415746458067 -8.745042853057384 0.012038186192512512
      vertex 20.695518128573895 -8.530733726918697 0.0015098515317664152
    endloop
  endfacet
  facet normal 0.9415440627982749 -0.3368898600571385 -7.488041907034555e-16
    outer loop
      vertex 20.827761344611645 -8.161138705909252 8.5
      vertex 20.695518128573895 -8.530733726918697 0.0015098515317664152
      vertex 20.70651483214813 -8.5 0
    endloop
  endfacet
  facet normal 0.941544062798269 -0.3368898600571547 0
    outer loop
      vertex 20.827761344611645 -8.161138705909252 8.5
      vertex 20.70651483214813 -8.5 0
      vertex 20.827761344611645 -8.161138705909252 0
    endloop
  endfacet
  facet normal 0.970031253702096 -0.24298017787700282 0
    outer loop
      vertex 20.92314112186432 -7.780361287295818 8.5
      vertex 20.827761344611645 -8.161138705909252 0
      vertex 20.92314112186432 -7.780361287295818 0
    endloop
  endfacet
  facet normal 0.8032075288650017 -0.5956993080192199 1.6348810303261245e-17
    outer loop
      vertex 20.32587844878435 -9.22228093445301 8.5
      vertex 20.152015055618133 -9.456708580255508 0.19030117243528366
      vertex 20.323334022696873 -9.225711695849895 0.10764916241168976
    endloop
  endfacet
  facet normal 0.803207528864999 -0.5956993080192237 1.7188475735904744e-16
    outer loop
      vertex 20.32587844878435 -9.22228093445301 8.5
      vertex 20.092041812837124 -9.537573136389256 0.2285472568409439
      vertex 20.152015055618133 -9.456708580255508 0.19030117243528366
    endloop
  endfacet
  facet normal 0.9891765093153608 -0.14673047883339677 0
    outer loop
      vertex 20.980738908052444 -7.392068564891815 8.5
      vertex 20.92314112186432 -7.780361287295818 0
      vertex 20.980738908052444 -7.392068564891815 0
    endloop
  endfacet
  facet normal 0.9987954563973426 -0.049067670415704694 0
    outer loop
      vertex 21 -7 8.5
      vertex 20.980738908052444 -7.392068564891815 0
      vertex 21 -7 0
    endloop
  endfacet
  facet normal 0.3368898600571562 -0.9415440627982684 -1.778761973167981e-16
    outer loop
      vertex 18.530733726918697 -10.695518128573895 8.5
      vertex 18.161138705909252 -10.827761344611645 1.5937727711498928
      vertex 18.211620058128766 -10.809698827564716 1.5432914197444916
    endloop
  endfacet
  facet normal 0.24298017787700202 -0.9700312537020961 0
    outer loop
      vertex 18.161138705909252 -10.827761344611645 8.5
      vertex 17.903282993580927 -10.89235083758831 1.7742883041501045
      vertex 18.161138705909252 -10.827761344611645 1.5937727711498928
    endloop
  endfacet
  facet normal 0.14673047883339774 -0.9891765093153606 0
    outer loop
      vertex 17.78036128729582 -10.923141121864319 8.5
      vertex 17.58605861738886 -10.9519632011652 2.0122741982340813
      vertex 17.78036128729582 -10.923141121864319 1.8972100085222934
    endloop
  endfacet
  facet normal 0.14673047883339588 -0.9891765093153608 5.559881776660629e-17
    outer loop
      vertex 17.78036128729582 -10.923141121864319 8.5
      vertex 17.392068564891815 -10.980738908052444 2.2062642685726725
      vertex 17.58605861738886 -10.9519632011652 2.0122741982340813
    endloop
  endfacet
  facet normal 0.24298017787700438 -0.9700312537020955 -9.409169908968755e-17
    outer loop
      vertex 18.161138705909252 -10.827761344611645 8.5
      vertex 17.78036128729582 -10.923141121864319 1.8972100085222934
      vertex 17.903282993580927 -10.89235083758831 1.7742883041501045
    endloop
  endfacet
  facet normal 0.5956993080192227 -0.8032075288649998 -1.3401193403913002e-16
    outer loop
      vertex 19.537573136389256 -10.092041812837124 8.5
      vertex 19.22228093445301 -10.325878448784351 0.7963492030931683
      vertex 19.30063521603282 -10.267766952514648 0.7322330474853516
    endloop
  endfacet
  facet normal 0.514102749151499 -0.857728607028395 0
    outer loop
      vertex 19.22228093445301 -10.325878448784351 8.5
      vertex 19.04435002357033 -10.432526133954525 0.9140167906880379
      vertex 19.22228093445301 -10.325878448784351 0.7963492030931683
    endloop
  endfacet
  facet normal 0.6715589635251523 -0.740951117489557 3.7675110479548003e-16
    outer loop
      vertex 19.828427121043205 -9.828427121043205 8.5
      vertex 19.537573136389256 -10.092041812837124 0.5729650642125268
      vertex 19.54425777511231 -10.085983209311962 0.567473866045475
    endloop
  endfacet
  facet normal 0.5956993080192199 -0.8032075288650018 0
    outer loop
      vertex 19.537573136389256 -10.092041812837124 8.5
      vertex 19.30063521603282 -10.267766952514648 0.7322330474853516
      vertex 19.537573136389256 -10.092041812837124 0.5729650642125268
    endloop
  endfacet
  facet normal 0.42755508025413613 -0.9039892993552961 0
    outer loop
      vertex 18.885586947202682 -10.527685061097145 8.5
      vertex 18.777779819253663 -10.578674033284187 1.1110744178295135
      vertex 18.885586947202682 -10.527685061097145 1.0423237487083874
    endloop
  endfacet
  facet normal 0.3368898600571632 -0.9415440627982661 0
    outer loop
      vertex 18.530733726918697 -10.695518128573895 8.5
      vertex 18.50478379937742 -10.70480316132307 1.3215081542730331
      vertex 18.530733726918697 -10.695518128573895 1.3060170130530029
    endloop
  endfacet
  facet normal 0.4275550802541327 -0.9039892993552977 6.284843127151635e-17
    outer loop
      vertex 18.885586947202682 -10.527685061097145 8.5
      vertex 18.530733726918697 -10.695518128573895 1.3060170130530029
      vertex 18.777779819253663 -10.578674033284187 1.1110744178295135
    endloop
  endfacet
  facet normal 0.5141027491514922 -0.857728607028399 2.133910130800899e-16
    outer loop
      vertex 19.22228093445301 -10.325878448784351 8.5
      vertex 18.885586947202682 -10.527685061097145 1.0423237487083874
      vertex 19.04435002357033 -10.432526133954525 0.9140167906880379
    endloop
  endfacet
  facet normal 0.336889860057152 -0.9415440627982701 4.5859542376914566e-17
    outer loop
      vertex 18.530733726918697 -10.695518128573895 8.5
      vertex 18.211620058128766 -10.809698827564716 1.5432914197444916
      vertex 18.50478379937742 -10.70480316132307 1.3215081542730331
    endloop
  endfacet
  facet normal 1 0 0
    outer loop
      vertex 21 -7 0
      vertex 21 7 0
      vertex 21 7 8.5
    endloop
  endfacet
  facet normal 0.9987954563973426 0.049067670415704694 0
    outer loop
      vertex 20.980738908052444 7.392068564891815 8.5
      vertex 21 7 0
      vertex 20.980738908052444 7.392068564891815 0
    endloop
  endfacet
  facet normal 0.9891765093153608 0.14673047883339677 0
    outer loop
      vertex 20.92314112186432 7.780361287295818 8.5
      vertex 20.980738908052444 7.392068564891815 0
      vertex 20.92314112186432 7.780361287295818 0
    endloop
  endfacet
  facet normal 0.6715589635251545 0.7409511174895548 5.872273614514059e-18
    outer loop
      vertex 19.537573136389256 10.092041812837124 8.5
      vertex 19.761677356966864 9.888925582170486 0.4213259667158127
      vertex 19.54425777511231 10.085983209311962 0.567473866045475
    endloop
  endfacet
  facet normal 0.8032075288650209 0.5956993080191941 0
    outer loop
      vertex 20.32587844878435 9.22228093445301 8.5
      vertex 20.32587844878435 9.22228093445301 0.10678980141248573
      vertex 20.323334022696873 9.225711695849895 0.10764916241168976
    endloop
  endfacet
  facet normal 0.970031253702096 0.24298017787700282 0
    outer loop
      vertex 20.827761344611645 8.161138705909252 8.5
      vertex 20.92314112186432 7.780361287295818 0
      vertex 20.827761344611645 8.161138705909252 0
    endloop
  endfacet
  facet normal 0.941544062798269 0.3368898600571547 -6.719676482572207e-17
    outer loop
      vertex 20.695518128573895 8.530733726918697 8.5
      vertex 20.827761344611645 8.161138705909252 0
      vertex 20.70651483214813 8.5 0
    endloop
  endfacet
  facet normal 0.941544062798275 0.3368898600571383 0
    outer loop
      vertex 20.695518128573895 8.530733726918697 8.5
      vertex 20.70651483214813 8.5 0
      vertex 20.695518128573895 8.530733726918697 0.0015098515317664152
    endloop
  endfacet
  facet normal 0.9039892993552946 0.42755508025413946 -2.9334709955091357e-16
    outer loop
      vertex 20.527685061097145 8.885586947202682 8.5
      vertex 20.695518128573895 8.530733726918697 0.0015098515317664152
      vertex 20.59415746458067 8.745042853057384 0.012038186192512512
    endloop
  endfacet
  facet normal 0.9039892993553014 0.4275550802541249 0
    outer loop
      vertex 20.527685061097145 8.885586947202682 8.5
      vertex 20.59415746458067 8.745042853057384 0.012038186192512512
      vertex 20.527685061097145 8.885586947202682 0.03288593190856659
    endloop
  endfacet
  facet normal 0.8577286070283968 0.5141027491514959 -2.076846040428482e-17
    outer loop
      vertex 20.32587844878435 9.22228093445301 8.5
      vertex 20.527685061097145 8.885586947202682 0.03288593190856659
      vertex 20.4664653868367 8.987725801765919 0.04803679883480072
    endloop
  endfacet
  facet normal 0.8577286070283971 0.5141027491514956 0
    outer loop
      vertex 20.32587844878435 9.22228093445301 8.5
      vertex 20.4664653868367 8.987725801765919 0.04803679883480072
      vertex 20.32587844878435 9.22228093445301 0.10678980141248573
    endloop
  endfacet
  facet normal 0.7409511174895561 0.6715589635251531 1.9736292792539678e-16
    outer loop
      vertex 19.828427121043205 9.828427121043205 8.5
      vertex 20.092041812837124 9.537573136389256 0.2285472568409439
      vertex 19.9643205365608 9.678491845726967 0.2951968386769295
    endloop
  endfacet
  facet normal 0.8032075288649991 0.5956993080192237 0
    outer loop
      vertex 20.092041812837124 9.537573136389256 8.5
      vertex 20.152015055618133 9.456708580255508 0.19030117243528366
      vertex 20.092041812837124 9.537573136389256 0.2285472568409439
    endloop
  endfacet
  facet normal 0.8032075288650016 0.5956993080192199 5.39030280301653e-17
    outer loop
      vertex 20.092041812837124 9.537573136389256 8.5
      vertex 20.323334022696873 9.225711695849895 0.10764916241168976
      vertex 20.152015055618133 9.456708580255508 0.19030117243528366
    endloop
  endfacet
  facet normal 0.6715589635251622 0.740951117489548 3.872081385823223e-16
    outer loop
      vertex 19.537573136389256 10.092041812837124 8.5
      vertex 19.828427121043205 9.828427121043205 0.3850645844933567
      vertex 19.761677356966864 9.888925582170486 0.4213259667158127
    endloop
  endfacet
  facet normal 0.7409511174895508 0.6715589635251591 0
    outer loop
      vertex 19.828427121043205 9.828427121043205 8.5
      vertex 19.9643205365608 9.678491845726967 0.2951968386769295
      vertex 19.828427121043205 9.828427121043205 0.3850645844933567
    endloop
  endfacet
  facet normal 0.33688986005715194 0.9415440627982701 -3.865349554193193e-17
    outer loop
      vertex 18.161138705909252 10.827761344611645 8.5
      vertex 18.50478379937742 10.70480316132307 1.3215081542730331
      vertex 18.211620058128766 10.809698827564716 1.5432914197444916
    endloop
  endfacet
  facet normal 0.33688986005715654 0.9415440627982683 0
    outer loop
      vertex 18.161138705909252 10.827761344611645 8.5
      vertex 18.211620058128766 10.809698827564716 1.5432914197444916
      vertex 18.161138705909252 10.827761344611645 1.593772771149892
    endloop
  endfacet
  facet normal 0.24298017787700202 0.9700312537020961 -4.7177477150461453e-17
    outer loop
      vertex 17.78036128729582 10.923141121864319 8.5
      vertex 18.161138705909252 10.827761344611645 1.593772771149892
      vertex 17.903282993580927 10.89235083758831 1.7742883041501045
    endloop
  endfacet
  facet normal 0.14673047883339774 0.9891765093153607 5.820242741426214e-17
    outer loop
      vertex 17.392068564891815 10.980738908052444 8.5
      vertex 17.78036128729582 10.923141121864319 1.8972100085222907
      vertex 17.58605861738886 10.9519632011652 2.0122741982340813
    endloop
  endfacet
  facet normal 0.14673047883339582 0.989176509315361 0
    outer loop
      vertex 17.392068564891815 10.980738908052444 8.5
      vertex 17.58605861738886 10.9519632011652 2.0122741982340813
      vertex 17.392068564891815 10.980738908052444 2.206264268572669
    endloop
  endfacet
  facet normal 0.2429801778770044 0.9700312537020954 0
    outer loop
      vertex 17.78036128729582 10.923141121864319 8.5
      vertex 17.903282993580927 10.89235083758831 1.7742883041501045
      vertex 17.78036128729582 10.923141121864319 1.8972100085222907
    endloop
  endfacet
  facet normal 0.6715589635251508 0.7409511174895583 0
    outer loop
      vertex 19.537573136389256 10.092041812837124 8.5
      vertex 19.54425777511231 10.085983209311962 0.567473866045475
      vertex 19.537573136389256 10.092041812837124 0.5729650642125268
    endloop
  endfacet
  facet normal 0.5956993080192199 0.8032075288650018 -4.420893106818325e-17
    outer loop
      vertex 19.22228093445301 10.325878448784351 8.5
      vertex 19.537573136389256 10.092041812837124 0.5729650642125268
      vertex 19.30063521603282 10.267766952514648 0.7322330474853516
    endloop
  endfacet
  facet normal 0.5956993080192228 0.8032075288649997 0
    outer loop
      vertex 19.22228093445301 10.325878448784351 8.5
      vertex 19.30063521603282 10.267766952514648 0.7322330474853516
      vertex 19.22228093445301 10.325878448784351 0.7963492030931674
    endloop
  endfacet
  facet normal 0.5141027491514991 0.8577286070283949 1.9673528305969006e-16
    outer loop
      vertex 18.885586947202682 10.527685061097145 8.5
      vertex 19.22228093445301 10.325878448784351 0.7963492030931674
      vertex 19.04435002357033 10.432526133954525 0.9140167906880379
    endloop
  endfacet
  facet normal 0.514102749151492 0.8577286070283991 0
    outer loop
      vertex 18.885586947202682 10.527685061097145 8.5
      vertex 19.04435002357033 10.432526133954525 0.9140167906880379
      vertex 18.885586947202682 10.527685061097145 1.0423237487083874
    endloop
  endfacet
  facet normal 0.42755508025413635 0.9039892993552961 1.4482962570419754e-16
    outer loop
      vertex 18.530733726918697 10.695518128573895 8.5
      vertex 18.885586947202682 10.527685061097145 1.0423237487083874
      vertex 18.777779819253663 10.578674033284187 1.1110744178295135
    endloop
  endfacet
  facet normal 0.4275550802541326 0.9039892993552978 0
    outer loop
      vertex 18.530733726918697 10.695518128573895 8.5
      vertex 18.777779819253663 10.578674033284187 1.1110744178295135
      vertex 18.530733726918697 10.695518128573895 1.3060170130530038
    endloop
  endfacet
  facet normal 0.33688986005716315 0.9415440627982661 0
    outer loop
      vertex 18.530733726918697 10.695518128573895 8.5
      vertex 18.530733726918697 10.695518128573895 1.3060170130530038
      vertex 18.50478379937742 10.70480316132307 1.3215081542730331
    endloop
  endfacet
  facet normal 0 -1 0
    outer loop
      vertex 11 -11 8.5
      vertex 11 -11 2.5
      vertex 17 -11 2.5
    endloop
  endfacet
  facet normal 0.049067670415705256 -0.9987954563973425 0
    outer loop
      vertex 17.392068564891815 -10.980738908052444 8.5
      vertex 17.24504292888742 -10.987961813807487 2.2549571469426155
      vertex 17.392068564891815 -10.980738908052444 2.2062642685726725
    endloop
  endfacet
  facet normal 0.04906767041570438 -0.9987954563973426 2.0740751808813657e-17
    outer loop
      vertex 17.392068564891815 -10.980738908052444 8.5
      vertex 17 -11 2.5
      vertex 17.24504292888742 -10.987961813807487 2.2549571469426155
    endloop
  endfacet
  facet normal 0.3368898600571533 -0.9415440627982696 0
    outer loop
      vertex 18.161138705909252 -10.827761344611645 8.5
      vertex 18.161138705909252 -10.827761344611645 1.5937727711498928
      vertex 18.530733726918697 -10.695518128573895 8.5
    endloop
  endfacet
  facet normal 0.24298017787700274 -0.9700312537020959 0
    outer loop
      vertex 17.78036128729582 -10.923141121864319 8.5
      vertex 17.78036128729582 -10.923141121864319 1.8972100085222934
      vertex 18.161138705909252 -10.827761344611645 8.5
    endloop
  endfacet
  facet normal 0.7409511174895533 -0.6715589635251562 0
    outer loop
      vertex 19.828427121043205 -9.828427121043205 8.5
      vertex 19.828427121043205 -9.828427121043205 0.3850645844933549
      vertex 20.092041812837124 -9.537573136389256 8.5
    endloop
  endfacet
  facet normal 0.8032075288650012 -0.5956993080192206 0
    outer loop
      vertex 20.092041812837124 -9.537573136389256 8.5
      vertex 20.092041812837124 -9.537573136389256 0.2285472568409439
      vertex 20.32587844878435 -9.22228093445301 8.5
    endloop
  endfacet
  facet normal 0.8577286070283969 -0.5141027491514958 0
    outer loop
      vertex 20.32587844878435 -9.22228093445301 8.5
      vertex 20.32587844878435 -9.22228093445301 0.10678980141248573
      vertex 20.527685061097145 -8.885586947202682 8.5
    endloop
  endfacet
  facet normal 0.9039892993552973 -0.42755508025413363 0
    outer loop
      vertex 20.527685061097145 -8.885586947202682 8.5
      vertex 20.527685061097145 -8.885586947202682 0.03288593190856659
      vertex 20.695518128573895 -8.530733726918697 8.5
    endloop
  endfacet
  facet normal 0.9415440627982695 -0.3368898600571533 0
    outer loop
      vertex 20.695518128573895 -8.530733726918697 8.5
      vertex 20.695518128573895 -8.530733726918697 0.0015098515317664152
      vertex 20.827761344611645 -8.161138705909252 8.5
    endloop
  endfacet
  facet normal 0.970031253702096 -0.24298017787700282 0
    outer loop
      vertex 20.827761344611645 -8.161138705909252 8.5
      vertex 20.827761344611645 -8.161138705909252 0
      vertex 20.92314112186432 -7.780361287295818 8.5
    endloop
  endfacet
  facet normal 0.4275550802541337 -0.9039892993552973 0
    outer loop
      vertex 18.530733726918697 -10.695518128573895 8.5
      vertex 18.530733726918697 -10.695518128573895 1.3060170130530029
      vertex 18.885586947202682 -10.527685061097145 8.5
    endloop
  endfacet
  facet normal 0.5141027491514958 -0.857728607028397 0
    outer loop
      vertex 18.885586947202682 -10.527685061097145 8.5
      vertex 18.885586947202682 -10.527685061097145 1.0423237487083874
      vertex 19.22228093445301 -10.325878448784351 8.5
    endloop
  endfacet
  facet normal 0.5956993080192206 -0.8032075288650011 0
    outer loop
      vertex 19.22228093445301 -10.325878448784351 8.5
      vertex 19.22228093445301 -10.325878448784351 0.7963492030931683
      vertex 19.537573136389256 -10.092041812837124 8.5
    endloop
  endfacet
  facet normal 0.6715589635251562 -0.7409511174895533 0
    outer loop
      vertex 19.537573136389256 -10.092041812837124 8.5
      vertex 19.537573136389256 -10.092041812837124 0.5729650642125268
      vertex 19.828427121043205 -9.828427121043205 8.5
    endloop
  endfacet
  facet normal 0.9891765093153608 -0.14673047883339677 0
    outer loop
      vertex 20.92314112186432 -7.780361287295818 8.5
      vertex 20.92314112186432 -7.780361287295818 0
      vertex 20.980738908052444 -7.392068564891815 8.5
    endloop
  endfacet
  facet normal 0.9987954563973426 -0.049067670415704694 0
    outer loop
      vertex 20.980738908052444 -7.392068564891815 8.5
      vertex 20.980738908052444 -7.392068564891815 0
      vertex 21 -7 8.5
    endloop
  endfacet
  facet normal 1 0 0
    outer loop
      vertex 21 -7 8.5
      vertex 21 -7 0
      vertex 21 7 8.5
    endloop
  endfacet
  facet normal 0 -1 0
    outer loop
      vertex 11 -11 8.5
      vertex 17 -11 2.5
      vertex 17 -11 8.5
    endloop
  endfacet
  facet normal 0.049067670415704694 -0.9987954563973426 0
    outer loop
      vertex 17 -11 8.5
      vertex 17 -11 2.5
      vertex 17.392068564891815 -10.980738908052444 8.5
    endloop
  endfacet
  facet normal 0.14673047883339677 -0.9891765093153607 0
    outer loop
      vertex 17.392068564891815 -10.980738908052444 8.5
      vertex 17.392068564891815 -10.980738908052444 2.2062642685726725
      vertex 17.78036128729582 -10.923141121864319 8.5
    endloop
  endfacet
  facet normal 0 1 0
    outer loop
      vertex 11 11 8.5
      vertex 17 11 2.5
      vertex 11 11 2.5
    endloop
  endfacet
  facet normal 0.9987954563973426 0.049067670415704694 0
    outer loop
      vertex 21 7 8.5
      vertex 21 7 0
      vertex 20.980738908052444 7.392068564891815 8.5
    endloop
  endfacet
  facet normal 0.9891765093153608 0.14673047883339677 0
    outer loop
      vertex 20.980738908052444 7.392068564891815 8.5
      vertex 20.980738908052444 7.392068564891815 0
      vertex 20.92314112186432 7.780361287295818 8.5
    endloop
  endfacet
  facet normal 0.04906767041570527 0.9987954563973425 3.536964797964326e-17
    outer loop
      vertex 17 11 8.5
      vertex 17.392068564891815 10.980738908052444 2.206264268572669
      vertex 17.24504292888742 10.987961813807487 2.2549571469426155
    endloop
  endfacet
  facet normal 0.04906767041570436 0.9987954563973426 0
    outer loop
      vertex 17 11 8.5
      vertex 17.24504292888742 10.987961813807487 2.2549571469426155
      vertex 17 11 2.5
    endloop
  endfacet
  facet normal 0.24298017787700277 0.970031253702096 0
    outer loop
      vertex 17.78036128729582 10.923141121864319 8.5
      vertex 18.161138705909252 10.827761344611645 8.5
      vertex 18.161138705909252 10.827761344611645 1.593772771149892
    endloop
  endfacet
  facet normal 0.1467304788333968 0.9891765093153608 0
    outer loop
      vertex 17.392068564891815 10.980738908052444 8.5
      vertex 17.78036128729582 10.923141121864319 8.5
      vertex 17.78036128729582 10.923141121864319 1.8972100085222907
    endloop
  endfacet
  facet normal 0.970031253702096 0.24298017787700282 0
    outer loop
      vertex 20.92314112186432 7.780361287295818 8.5
      vertex 20.92314112186432 7.780361287295818 0
      vertex 20.827761344611645 8.161138705909252 8.5
    endloop
  endfacet
  facet normal 0.9415440627982695 0.3368898600571534 0
    outer loop
      vertex 20.827761344611645 8.161138705909252 8.5
      vertex 20.827761344611645 8.161138705909252 0
      vertex 20.695518128573895 8.530733726918697 8.5
    endloop
  endfacet
  facet normal 0.9039892993552974 0.42755508025413363 0
    outer loop
      vertex 20.695518128573895 8.530733726918697 8.5
      vertex 20.695518128573895 8.530733726918697 0.0015098515317664152
      vertex 20.527685061097145 8.885586947202682 8.5
    endloop
  endfacet
  facet normal 0.857728607028397 0.5141027491514957 0
    outer loop
      vertex 20.527685061097145 8.885586947202682 8.5
      vertex 20.527685061097145 8.885586947202682 0.03288593190856659
      vertex 20.32587844878435 9.22228093445301 8.5
    endloop
  endfacet
  facet normal 0.8032075288650012 0.5956993080192207 1.6751703040970477e-17
    outer loop
      vertex 20.32587844878435 9.22228093445301 8.5
      vertex 20.323334022696873 9.225711695849895 0.10764916241168976
      vertex 20.092041812837124 9.537573136389256 8.5
    endloop
  endfacet
  facet normal 0.7409511174895534 0.6715589635251562 0
    outer loop
      vertex 20.092041812837124 9.537573136389256 8.5
      vertex 20.092041812837124 9.537573136389256 0.2285472568409439
      vertex 19.828427121043205 9.828427121043205 8.5
    endloop
  endfacet
  facet normal 0.6715589635251563 0.7409511174895534 0
    outer loop
      vertex 19.537573136389256 10.092041812837124 8.5
      vertex 19.828427121043205 9.828427121043205 8.5
      vertex 19.828427121043205 9.828427121043205 0.3850645844933567
    endloop
  endfacet
  facet normal 0.3368898600571533 0.9415440627982695 3.9399576669460275e-17
    outer loop
      vertex 18.161138705909252 10.827761344611645 8.5
      vertex 18.530733726918697 10.695518128573895 8.5
      vertex 18.50478379937742 10.70480316132307 1.3215081542730331
    endloop
  endfacet
  facet normal 0.4275550802541337 0.9039892993552973 0
    outer loop
      vertex 18.885586947202682 10.527685061097145 8.5
      vertex 18.885586947202682 10.527685061097145 1.0423237487083874
      vertex 18.530733726918697 10.695518128573895 8.5
    endloop
  endfacet
  facet normal 0.5141027491514958 0.8577286070283969 0
    outer loop
      vertex 18.885586947202682 10.527685061097145 8.5
      vertex 19.22228093445301 10.325878448784351 8.5
      vertex 19.22228093445301 10.325878448784351 0.7963492030931674
    endloop
  endfacet
  facet normal 0.5956993080192206 0.8032075288650012 0
    outer loop
      vertex 19.537573136389256 10.092041812837124 8.5
      vertex 19.537573136389256 10.092041812837124 0.5729650642125268
      vertex 19.22228093445301 10.325878448784351 8.5
    endloop
  endfacet
  facet normal 0 1 0
    outer loop
      vertex 11 11 8.5
      vertex 17 11 8.5
      vertex 17 11 2.5
    endloop
  endfacet
  facet normal 0.04906767041570469 0.9987954563973425 0
    outer loop
      vertex 17 11 8.5
      vertex 17.392068564891815 10.980738908052444 8.5
      vertex 17.392068564891815 10.980738908052444 2.206264268572669
    endloop
  endfacet
  facet normal -0.8032075288650016 -0.5956993080192199 5.39030280301653e-17
    outer loop
      vertex -20.092041812837124 18.462426863610744 8.5
      vertex -20.323334022696873 18.774288304150105 0.10764916241168976
      vertex -20.152015055618133 18.54329141974449 0.19030117243528366
    endloop
  endfacet
  facet normal -0.8032075288649991 -0.5956993080192237 0
    outer loop
      vertex -20.092041812837124 18.462426863610744 8.5
      vertex -20.152015055618133 18.54329141974449 0.19030117243528366
      vertex -20.092041812837124 18.462426863610744 0.2285472568409439
    endloop
  endfacet
  facet normal -0.7409511174895561 -0.6715589635251531 1.9736292792539678e-16
    outer loop
      vertex -19.828427121043205 18.171572878956795 8.5
      vertex -20.092041812837124 18.462426863610744 0.2285472568409439
      vertex -19.9643205365608 18.321508154273033 0.2951968386769295
    endloop
  endfacet
  facet normal -0.7409511174895508 -0.6715589635251591 0
    outer loop
      vertex -19.828427121043205 18.171572878956795 8.5
      vertex -19.9643205365608 18.321508154273033 0.2951968386769295
      vertex -19.828427121043205 18.171572878956795 0.3850645844933567
    endloop
  endfacet
  facet normal -0.6715589635251622 -0.740951117489548 3.872081385823223e-16
    outer loop
      vertex -19.537573136389256 17.907958187162876 8.5
      vertex -19.828427121043205 18.171572878956795 0.3850645844933567
      vertex -19.761677356966864 18.111074417829514 0.4213259667158127
    endloop
  endfacet
  facet normal -0.8577286070283971 -0.5141027491514956 0
    outer loop
      vertex -20.32587844878435 18.77771906554699 8.5
      vertex -20.4664653868367 19.01227419823408 0.04803679883480072
      vertex -20.32587844878435 18.77771906554699 0.10678980141248573
    endloop
  endfacet
  facet normal -0.8577286070283968 -0.5141027491514959 -2.076846040428482e-17
    outer loop
      vertex -20.32587844878435 18.77771906554699 8.5
      vertex -20.527685061097145 19.114413052797318 0.03288593190856659
      vertex -20.4664653868367 19.01227419823408 0.04803679883480072
    endloop
  endfacet
  facet normal -0.9039892993553014 -0.4275550802541249 0
    outer loop
      vertex -20.527685061097145 19.114413052797318 8.5
      vertex -20.59415746458067 19.254957146942616 0.012038186192512512
      vertex -20.527685061097145 19.114413052797318 0.03288593190856659
    endloop
  endfacet
  facet normal -0.9039892993552946 -0.42755508025413946 -2.9334709955091357e-16
    outer loop
      vertex -20.527685061097145 19.114413052797318 8.5
      vertex -20.695518128573895 19.469266273081303 0.0015098515317664152
      vertex -20.59415746458067 19.254957146942616 0.012038186192512512
    endloop
  endfacet
  facet normal -0.941544062798275 -0.3368898600571383 0
    outer loop
      vertex -20.695518128573895 19.469266273081303 8.5
      vertex -20.70651483214813 19.5 0
      vertex -20.695518128573895 19.469266273081303 0.0015098515317664152
    endloop
  endfacet
  facet normal -0.941544062798269 -0.3368898600571547 -6.719676482572207e-17
    outer loop
      vertex -20.695518128573895 19.469266273081303 8.5
      vertex -20.827761344611645 19.838861294090748 0
      vertex -20.70651483214813 19.5 0
    endloop
  endfacet
  facet normal -0.970031253702096 -0.24298017787700282 0
    outer loop
      vertex -20.827761344611645 19.838861294090748 8.5
      vertex -20.92314112186432 20.21963871270418 0
      vertex -20.827761344611645 19.838861294090748 0
    endloop
  endfacet
  facet normal -0.8032075288650209 -0.5956993080191941 0
    outer loop
      vertex -20.32587844878435 18.77771906554699 8.5
      vertex -20.32587844878435 18.77771906554699 0.10678980141248573
      vertex -20.323334022696873 18.774288304150105 0.10764916241168976
    endloop
  endfacet
  facet normal -0.6715589635251545 -0.7409511174895548 5.872273614514059e-18
    outer loop
      vertex -19.537573136389256 17.907958187162876 8.5
      vertex -19.761677356966864 18.111074417829514 0.4213259667158127
      vertex -19.54425777511231 17.914016790688038 0.567473866045475
    endloop
  endfacet
  facet normal -0.5956993080192199 -0.8032075288650018 -4.420893106818325e-17
    outer loop
      vertex -19.22228093445301 17.67412155121565 8.5
      vertex -19.537573136389256 17.907958187162876 0.5729650642125268
      vertex -19.30063521603282 17.73223304748535 0.7322330474853516
    endloop
  endfacet
  facet normal -0.5956993080192228 -0.8032075288649997 0
    outer loop
      vertex -19.22228093445301 17.67412155121565 8.5
      vertex -19.30063521603282 17.73223304748535 0.7322330474853516
      vertex -19.22228093445301 17.67412155121565 0.7963492030931674
    endloop
  endfacet
  facet normal -0.5141027491514991 -0.8577286070283949 1.9673528305969006e-16
    outer loop
      vertex -18.885586947202682 17.472314938902855 8.5
      vertex -19.22228093445301 17.67412155121565 0.7963492030931674
      vertex -19.04435002357033 17.567473866045475 0.9140167906880379
    endloop
  endfacet
  facet normal -0.6715589635251508 -0.7409511174895583 0
    outer loop
      vertex -19.537573136389256 17.907958187162876 8.5
      vertex -19.54425777511231 17.914016790688038 0.567473866045475
      vertex -19.537573136389256 17.907958187162876 0.5729650642125268
    endloop
  endfacet
  facet normal -0.514102749151492 -0.8577286070283991 0
    outer loop
      vertex -18.885586947202682 17.472314938902855 8.5
      vertex -19.04435002357033 17.567473866045475 0.9140167906880379
      vertex -18.885586947202682 17.472314938902855 1.0423237487083874
    endloop
  endfacet
  facet normal -0.42755508025413635 -0.9039892993552961 1.4482962570419754e-16
    outer loop
      vertex -18.530733726918697 17.304481871426105 8.5
      vertex -18.885586947202682 17.472314938902855 1.0423237487083874
      vertex -18.777779819253663 17.421325966715813 1.1110744178295135
    endloop
  endfacet
  facet normal -0.4275550802541326 -0.9039892993552978 0
    outer loop
      vertex -18.530733726918697 17.304481871426105 8.5
      vertex -18.777779819253663 17.421325966715813 1.1110744178295135
      vertex -18.530733726918697 17.304481871426105 1.3060170130530038
    endloop
  endfacet
  facet normal -0.33688986005716315 -0.9415440627982661 0
    outer loop
      vertex -18.530733726918697 17.304481871426105 8.5
      vertex -18.530733726918697 17.304481871426105 1.3060170130530038
      vertex -18.50478379937742 17.29519683867693 1.3215081542730331
    endloop
  endfacet
  facet normal -0.24298017787700202 -0.9700312537020961 -4.7177477150461453e-17
    outer loop
      vertex -17.78036128729582 17.07685887813568 8.5
      vertex -18.161138705909252 17.172238655388355 1.593772771149892
      vertex -17.903282993580927 17.10764916241169 1.7742883041501045
    endloop
  endfacet
  facet normal -0.2429801778770044 -0.9700312537020954 0
    outer loop
      vertex -17.78036128729582 17.07685887813568 8.5
      vertex -17.903282993580927 17.10764916241169 1.7742883041501045
      vertex -17.78036128729582 17.07685887813568 1.8972100085222907
    endloop
  endfacet
  facet normal -0.14673047883339774 -0.9891765093153607 5.820242741426214e-17
    outer loop
      vertex -17.392068564891815 17.019261091947556 8.5
      vertex -17.78036128729582 17.07685887813568 1.8972100085222907
      vertex -17.58605861738886 17.0480367988348 2.0122741982340813
    endloop
  endfacet
  facet normal -0.14673047883339582 -0.989176509315361 0
    outer loop
      vertex -17.392068564891815 17.019261091947556 8.5
      vertex -17.58605861738886 17.0480367988348 2.0122741982340813
      vertex -17.392068564891815 17.019261091947556 2.206264268572669
    endloop
  endfacet
  facet normal -0.33688986005715194 -0.9415440627982701 -3.865349554193193e-17
    outer loop
      vertex -18.161138705909252 17.172238655388355 8.5
      vertex -18.50478379937742 17.29519683867693 1.3215081542730331
      vertex -18.211620058128766 17.190301172435284 1.5432914197444916
    endloop
  endfacet
  facet normal -0.33688986005715654 -0.9415440627982683 0
    outer loop
      vertex -18.161138705909252 17.172238655388355 8.5
      vertex -18.211620058128766 17.190301172435284 1.5432914197444916
      vertex -18.161138705909252 17.172238655388355 1.593772771149892
    endloop
  endfacet
  facet normal -0.9891765093153608 -0.14673047883339677 0
    outer loop
      vertex -20.92314112186432 20.21963871270418 8.5
      vertex -20.980738908052444 20.607931435108185 0
      vertex -20.92314112186432 20.21963871270418 0
    endloop
  endfacet
  facet normal -0.9987954563973426 -0.049067670415704694 0
    outer loop
      vertex -20.980738908052444 20.607931435108185 8.5
      vertex -21 21 0
      vertex -20.980738908052444 20.607931435108185 0
    endloop
  endfacet
  facet normal -1 0 0
    outer loop
      vertex -21 21 8.5
      vertex -21 35 0
      vertex -21 21 0
    endloop
  endfacet
  facet normal -0.9987954563973426 0.049067670415704694 0
    outer loop
      vertex -21 35 8.5
      vertex -20.980738908052444 35.392068564891815 0
      vertex -21 35 0
    endloop
  endfacet
  facet normal -0.9891765093153608 0.14673047883339677 0
    outer loop
      vertex -20.980738908052444 35.392068564891815 8.5
      vertex -20.92314112186432 35.78036128729582 0
      vertex -20.980738908052444 35.392068564891815 0
    endloop
  endfacet
  facet normal -0.970031253702096 0.24298017787700282 0
    outer loop
      vertex -20.92314112186432 35.78036128729582 8.5
      vertex -20.827761344611645 36.16113870590925 0
      vertex -20.92314112186432 35.78036128729582 0
    endloop
  endfacet
  facet normal -0.941544062798269 0.3368898600571547 0
    outer loop
      vertex -20.827761344611645 36.16113870590925 8.5
      vertex -20.70651483214813 36.5 0
      vertex -20.827761344611645 36.16113870590925 0
    endloop
  endfacet
  facet normal -0.9415440627982749 0.3368898600571385 -7.488041907034555e-16
    outer loop
      vertex -20.827761344611645 36.16113870590925 8.5
      vertex -20.695518128573895 36.5307337269187 0.0015098515317664152
      vertex -20.70651483214813 36.5 0
    endloop
  endfacet
  facet normal -0.9039892993552946 0.42755508025413946 0
    outer loop
      vertex -20.695518128573895 36.5307337269187 8.5
      vertex -20.59415746458067 36.745042853057384 0.012038186192512512
      vertex -20.695518128573895 36.5307337269187 0.0015098515317664152
    endloop
  endfacet
  facet normal -0.9039892993553014 0.427555080254125 -4.452797352573915e-16
    outer loop
      vertex -20.695518128573895 36.5307337269187 8.5
      vertex -20.527685061097145 36.88558694720268 0.03288593190856659
      vertex -20.59415746458067 36.745042853057384 0.012038186192512512
    endloop
  endfacet
  facet normal -0.8577286070283968 0.5141027491514962 0
    outer loop
      vertex -20.527685061097145 36.88558694720268 8.5
      vertex -20.4664653868367 36.98772580176592 0.04803679883480072
      vertex -20.527685061097145 36.88558694720268 0.03288593190856659
    endloop
  endfacet
  facet normal -0.8577286070283971 0.5141027491514956 -1.0475940085107094e-17
    outer loop
      vertex -20.527685061097145 36.88558694720268 8.5
      vertex -20.32587844878435 37.22228093445301 0.10678980141248573
      vertex -20.4664653868367 36.98772580176592 0.04803679883480072
    endloop
  endfacet
  facet normal -0.8032075288650209 0.5956993080191941 0
    outer loop
      vertex -20.32587844878435 37.22228093445301 8.5
      vertex -20.323334022696873 37.225711695849895 0.10764916241168976
      vertex -20.32587844878435 37.22228093445301 0.10678980141248573
    endloop
  endfacet
  facet normal -0.8032075288650017 0.5956993080192199 1.6348810303261245e-17
    outer loop
      vertex -20.32587844878435 37.22228093445301 8.5
      vertex -20.152015055618133 37.45670858025551 0.19030117243528366
      vertex -20.323334022696873 37.225711695849895 0.10764916241168976
    endloop
  endfacet
  facet normal -0.803207528864999 0.5956993080192237 1.7188475735904744e-16
    outer loop
      vertex -20.32587844878435 37.22228093445301 8.5
      vertex -20.092041812837124 37.537573136389256 0.2285472568409439
      vertex -20.152015055618133 37.45670858025551 0.19030117243528366
    endloop
  endfacet
  facet normal -0.7409511174895561 0.6715589635251533 0
    outer loop
      vertex -20.092041812837124 37.537573136389256 8.5
      vertex -19.9643205365608 37.67849184572697 0.2951968386769295
      vertex -20.092041812837124 37.537573136389256 0.2285472568409439
    endloop
  endfacet
  facet normal -0.7409511174895509 0.671558963525159 1.8201725170750461e-16
    outer loop
      vertex -20.092041812837124 37.537573136389256 8.5
      vertex -19.828427121043205 37.828427121043205 0.3850645844933549
      vertex -19.9643205365608 37.67849184572697 0.2951968386769295
    endloop
  endfacet
  facet normal -0.671558963525162 0.740951117489548 0
    outer loop
      vertex -19.828427121043205 37.828427121043205 8.5
      vertex -19.761677356966864 37.88892558217049 0.4213259667158127
      vertex -19.828427121043205 37.828427121043205 0.3850645844933549
    endloop
  endfacet
  facet normal -0.6715589635251547 0.7409511174895547 1.1207181555818549e-16
    outer loop
      vertex -19.828427121043205 37.828427121043205 8.5
      vertex -19.54425777511231 38.08598320931196 0.567473866045475
      vertex -19.761677356966864 37.88892558217049 0.4213259667158127
    endloop
  endfacet
  facet normal -0.6715589635251523 0.740951117489557 3.7675110479548003e-16
    outer loop
      vertex -19.828427121043205 37.828427121043205 8.5
      vertex -19.537573136389256 38.092041812837124 0.5729650642125268
      vertex -19.54425777511231 38.08598320931196 0.567473866045475
    endloop
  endfacet
  facet normal -0.5956993080192199 0.8032075288650018 0
    outer loop
      vertex -19.537573136389256 38.092041812837124 8.5
      vertex -19.30063521603282 38.26776695251465 0.7322330474853516
      vertex -19.537573136389256 38.092041812837124 0.5729650642125268
    endloop
  endfacet
  facet normal -0.5956993080192227 0.8032075288649998 -1.3401193403913002e-16
    outer loop
      vertex -19.537573136389256 38.092041812837124 8.5
      vertex -19.22228093445301 38.32587844878435 0.7963492030931683
      vertex -19.30063521603282 38.26776695251465 0.7322330474853516
    endloop
  endfacet
  facet normal -0.514102749151499 0.857728607028395 0
    outer loop
      vertex -19.22228093445301 38.32587844878435 8.5
      vertex -19.04435002357033 38.432526133954525 0.9140167906880379
      vertex -19.22228093445301 38.32587844878435 0.7963492030931683
    endloop
  endfacet
  facet normal -0.5141027491514922 0.857728607028399 2.133910130800899e-16
    outer loop
      vertex -19.22228093445301 38.32587844878435 8.5
      vertex -18.885586947202682 38.527685061097145 1.0423237487083874
      vertex -19.04435002357033 38.432526133954525 0.9140167906880379
    endloop
  endfacet
  facet normal -0.42755508025413613 0.9039892993552961 0
    outer loop
      vertex -18.885586947202682 38.527685061097145 8.5
      vertex -18.777779819253663 38.57867403328419 1.1110744178295135
      vertex -18.885586947202682 38.527685061097145 1.0423237487083874
    endloop
  endfacet
  facet normal -0.4275550802541327 0.9039892993552977 6.284843127151635e-17
    outer loop
      vertex -18.885586947202682 38.527685061097145 8.5
      vertex -18.530733726918697 38.695518128573895 1.3060170130530029
      vertex -18.777779819253663 38.57867403328419 1.1110744178295135
    endloop
  endfacet
  facet normal -0.3368898600571632 0.9415440627982661 0
    outer loop
      vertex -18.530733726918697 38.695518128573895 8.5
      vertex -18.50478379937742 38.70480316132307 1.3215081542730331
      vertex -18.530733726918697 38.695518128573895 1.3060170130530029
    endloop
  endfacet
  facet normal -0.336889860057152 0.9415440627982701 4.5859542376914566e-17
    outer loop
      vertex -18.530733726918697 38.695518128573895 8.5
      vertex -18.211620058128766 38.809698827564716 1.5432914197444916
      vertex -18.50478379937742 38.70480316132307 1.3215081542730331
    endloop
  endfacet
  facet normal -0.3368898600571562 0.9415440627982684 -1.778761973167981e-16
    outer loop
      vertex -18.530733726918697 38.695518128573895 8.5
      vertex -18.161138705909252 38.827761344611645 1.5937727711498928
      vertex -18.211620058128766 38.809698827564716 1.5432914197444916
    endloop
  endfacet
  facet normal -0.24298017787700202 0.9700312537020961 0
    outer loop
      vertex -18.161138705909252 38.827761344611645 8.5
      vertex -17.903282993580927 38.89235083758831 1.7742883041501045
      vertex -18.161138705909252 38.827761344611645 1.5937727711498928
    endloop
  endfacet
  facet normal -0.24298017787700438 0.9700312537020955 -9.409169908968755e-17
    outer loop
      vertex -18.161138705909252 38.827761344611645 8.5
      vertex -17.78036128729582 38.92314112186432 1.8972100085222934
      vertex -17.903282993580927 38.89235083758831 1.7742883041501045
    endloop
  endfacet
  facet normal -0.14673047883339774 0.9891765093153606 0
    outer loop
      vertex -17.78036128729582 38.92314112186432 8.5
      vertex -17.58605861738886 38.9519632011652 2.0122741982340813
      vertex -17.78036128729582 38.92314112186432 1.8972100085222934
    endloop
  endfacet
  facet normal -0.14673047883339588 0.9891765093153608 5.559881776660629e-17
    outer loop
      vertex -17.78036128729582 38.92314112186432 8.5
      vertex -17.392068564891815 38.980738908052444 2.2062642685726725
      vertex -17.58605861738886 38.9519632011652 2.0122741982340813
    endloop
  endfacet
  facet normal 0 -1 0
    outer loop
      vertex -12 17 2.2000000029802322
      vertex -12 17 1.7999999970197678
      vertex 12 17 2.2000000029802322
    endloop
  endfacet
  facet normal 0 1 0
    outer loop
      vertex -12 39 2.2000000029802322
      vertex 12 39 1.7999999970197678
      vertex -12 39 1.7999999970197678
    endloop
  endfacet
  facet normal -0.04906767041570527 -0.9987954563973425 3.536964797964326e-17
    outer loop
      vertex -17 17 8.5
      vertex -17.392068564891815 17.019261091947556 2.206264268572669
      vertex -17.24504292888742 17.012038186192513 2.2549571469426155
    endloop
  endfacet
  facet normal -0.04906767041570436 -0.9987954563973426 0
    outer loop
      vertex -17 17 8.5
      vertex -17.24504292888742 17.012038186192513 2.2549571469426155
      vertex -17 17 2.5
    endloop
  endfacet
  facet normal -0.8032075288650012 -0.5956993080192207 1.6850436064787592e-17
    outer loop
      vertex -20.092041812837124 18.462426863610744 8.5
      vertex -20.32587844878435 18.77771906554699 8.5
      vertex -20.323334022696873 18.774288304150105 0.10764916241168976
    endloop
  endfacet
  facet normal -0.6715589635251563 -0.7409511174895534 0
    outer loop
      vertex -19.828427121043205 18.171572878956795 8.5
      vertex -19.828427121043205 18.171572878956795 0.3850645844933567
      vertex -19.537573136389256 17.907958187162876 8.5
    endloop
  endfacet
  facet normal -0.7409511174895534 -0.6715589635251562 0
    outer loop
      vertex -19.828427121043205 18.171572878956795 8.5
      vertex -20.092041812837124 18.462426863610744 8.5
      vertex -20.092041812837124 18.462426863610744 0.2285472568409439
    endloop
  endfacet
  facet normal -0.857728607028397 -0.5141027491514957 0
    outer loop
      vertex -20.32587844878435 18.77771906554699 8.5
      vertex -20.527685061097145 19.114413052797318 8.5
      vertex -20.527685061097145 19.114413052797318 0.03288593190856659
    endloop
  endfacet
  facet normal -0.9039892993552974 -0.42755508025413363 0
    outer loop
      vertex -20.527685061097145 19.114413052797318 8.5
      vertex -20.695518128573895 19.469266273081303 8.5
      vertex -20.695518128573895 19.469266273081303 0.0015098515317664152
    endloop
  endfacet
  facet normal -0.9415440627982695 -0.3368898600571534 0
    outer loop
      vertex -20.695518128573895 19.469266273081303 8.5
      vertex -20.827761344611645 19.838861294090748 8.5
      vertex -20.827761344611645 19.838861294090748 0
    endloop
  endfacet
  facet normal -0.970031253702096 -0.24298017787700282 0
    outer loop
      vertex -20.827761344611645 19.838861294090748 8.5
      vertex -20.92314112186432 20.21963871270418 8.5
      vertex -20.92314112186432 20.21963871270418 0
    endloop
  endfacet
  facet normal -0.5956993080192206 -0.8032075288650012 0
    outer loop
      vertex -19.22228093445301 17.67412155121565 8.5
      vertex -19.537573136389256 17.907958187162876 8.5
      vertex -19.537573136389256 17.907958187162876 0.5729650642125268
    endloop
  endfacet
  facet normal -0.5141027491514958 -0.8577286070283969 0
    outer loop
      vertex -19.22228093445301 17.67412155121565 8.5
      vertex -19.22228093445301 17.67412155121565 0.7963492030931674
      vertex -18.885586947202682 17.472314938902855 8.5
    endloop
  endfacet
  facet normal -0.4275550802541337 -0.9039892993552973 0
    outer loop
      vertex -18.530733726918697 17.304481871426105 8.5
      vertex -18.885586947202682 17.472314938902855 8.5
      vertex -18.885586947202682 17.472314938902855 1.0423237487083874
    endloop
  endfacet
  facet normal -0.3368898600571533 -0.9415440627982695 4.001519505492059e-17
    outer loop
      vertex -18.530733726918697 17.304481871426105 8.5
      vertex -18.50478379937742 17.29519683867693 1.3215081542730331
      vertex -18.161138705909252 17.172238655388355 8.5
    endloop
  endfacet
  facet normal -0.1467304788333968 -0.9891765093153608 0
    outer loop
      vertex -17.78036128729582 17.07685887813568 8.5
      vertex -17.78036128729582 17.07685887813568 1.8972100085222907
      vertex -17.392068564891815 17.019261091947556 8.5
    endloop
  endfacet
  facet normal -0.24298017787700277 -0.970031253702096 0
    outer loop
      vertex -18.161138705909252 17.172238655388355 8.5
      vertex -18.161138705909252 17.172238655388355 1.593772771149892
      vertex -17.78036128729582 17.07685887813568 8.5
    endloop
  endfacet
  facet normal -0.9891765093153608 -0.14673047883339677 0
    outer loop
      vertex -20.92314112186432 20.21963871270418 8.5
      vertex -20.980738908052444 20.607931435108185 8.5
      vertex -20.980738908052444 20.607931435108185 0
    endloop
  endfacet
  facet normal -0.9987954563973426 -0.049067670415704694 0
    outer loop
      vertex -20.980738908052444 20.607931435108185 8.5
      vertex -21 21 8.5
      vertex -21 21 0
    endloop
  endfacet
  facet normal 0 -1 0
    outer loop
      vertex -11 17 8.5
      vertex -17 17 2.5
      vertex -11 17 2.5
    endloop
  endfacet
  facet normal -0.04906767041570469 -0.9987954563973425 0
    outer loop
      vertex -17.392068564891815 17.019261091947556 8.5
      vertex -17.392068564891815 17.019261091947556 2.206264268572669
      vertex -17 17 8.5
    endloop
  endfacet
  facet normal 0 -1 0
    outer loop
      vertex -17 17 8.5
      vertex -17 17 2.5
      vertex -11 17 8.5
    endloop
  endfacet
  facet normal -1 0 0
    outer loop
      vertex -21 21 8.5
      vertex -21 35 8.5
      vertex -21 35 0
    endloop
  endfacet
  facet normal -0.049067670415705256 0.9987954563973425 0
    outer loop
      vertex -17.392068564891815 38.980738908052444 8.5
      vertex -17.24504292888742 38.98796181380749 2.2549571469426155
      vertex -17.392068564891815 38.980738908052444 2.2062642685726725
    endloop
  endfacet
  facet normal -0.04906767041570438 0.9987954563973426 2.0740751808813657e-17
    outer loop
      vertex -17.392068564891815 38.980738908052444 8.5
      vertex -17 39 2.5
      vertex -17.24504292888742 38.98796181380749 2.2549571469426155
    endloop
  endfacet
  facet normal -0.9987954563973426 0.049067670415704694 0
    outer loop
      vertex -21 35 8.5
      vertex -20.980738908052444 35.392068564891815 8.5
      vertex -20.980738908052444 35.392068564891815 0
    endloop
  endfacet
  facet normal -0.9891765093153608 0.14673047883339677 0
    outer loop
      vertex -20.980738908052444 35.392068564891815 8.5
      vertex -20.92314112186432 35.78036128729582 8.5
      vertex -20.92314112186432 35.78036128729582 0
    endloop
  endfacet
  facet normal -0.970031253702096 0.24298017787700282 0
    outer loop
      vertex -20.92314112186432 35.78036128729582 8.5
      vertex -20.827761344611645 36.16113870590925 8.5
      vertex -20.827761344611645 36.16113870590925 0
    endloop
  endfacet
  facet normal -0.9415440627982695 0.3368898600571533 0
    outer loop
      vertex -20.827761344611645 36.16113870590925 8.5
      vertex -20.695518128573895 36.5307337269187 8.5
      vertex -20.695518128573895 36.5307337269187 0.0015098515317664152
    endloop
  endfacet
  facet normal -0.9039892993552973 0.42755508025413363 0
    outer loop
      vertex -20.695518128573895 36.5307337269187 8.5
      vertex -20.527685061097145 36.88558694720268 8.5
      vertex -20.527685061097145 36.88558694720268 0.03288593190856659
    endloop
  endfacet
  facet normal -0.8577286070283969 0.5141027491514958 0
    outer loop
      vertex -20.527685061097145 36.88558694720268 8.5
      vertex -20.32587844878435 37.22228093445301 8.5
      vertex -20.32587844878435 37.22228093445301 0.10678980141248573
    endloop
  endfacet
  facet normal -0.8032075288650012 0.5956993080192206 0
    outer loop
      vertex -20.32587844878435 37.22228093445301 8.5
      vertex -20.092041812837124 37.537573136389256 8.5
      vertex -20.092041812837124 37.537573136389256 0.2285472568409439
    endloop
  endfacet
  facet normal -0.7409511174895533 0.6715589635251562 0
    outer loop
      vertex -20.092041812837124 37.537573136389256 8.5
      vertex -19.828427121043205 37.828427121043205 8.5
      vertex -19.828427121043205 37.828427121043205 0.3850645844933549
    endloop
  endfacet
  facet normal -0.6715589635251562 0.7409511174895533 0
    outer loop
      vertex -19.828427121043205 37.828427121043205 8.5
      vertex -19.537573136389256 38.092041812837124 8.5
      vertex -19.537573136389256 38.092041812837124 0.5729650642125268
    endloop
  endfacet
  facet normal -0.5956993080192206 0.8032075288650011 0
    outer loop
      vertex -19.537573136389256 38.092041812837124 8.5
      vertex -19.22228093445301 38.32587844878435 8.5
      vertex -19.22228093445301 38.32587844878435 0.7963492030931683
    endloop
  endfacet
  facet normal -0.5141027491514958 0.857728607028397 0
    outer loop
      vertex -19.22228093445301 38.32587844878435 8.5
      vertex -18.885586947202682 38.527685061097145 8.5
      vertex -18.885586947202682 38.527685061097145 1.0423237487083874
    endloop
  endfacet
  facet normal -0.4275550802541337 0.9039892993552973 0
    outer loop
      vertex -18.885586947202682 38.527685061097145 8.5
      vertex -18.530733726918697 38.695518128573895 8.5
      vertex -18.530733726918697 38.695518128573895 1.3060170130530029
    endloop
  endfacet
  facet normal -0.3368898600571533 0.9415440627982696 0
    outer loop
      vertex -18.530733726918697 38.695518128573895 8.5
      vertex -18.161138705909252 38.827761344611645 8.5
      vertex -18.161138705909252 38.827761344611645 1.5937727711498928
    endloop
  endfacet
  facet normal -0.24298017787700274 0.9700312537020959 0
    outer loop
      vertex -18.161138705909252 38.827761344611645 8.5
      vertex -17.78036128729582 38.92314112186432 8.5
      vertex -17.78036128729582 38.92314112186432 1.8972100085222934
    endloop
  endfacet
  facet normal 0 1 0
    outer loop
      vertex -11 39 8.5
      vertex -11 39 2.5
      vertex -17 39 2.5
    endloop
  endfacet
  facet normal -0.14673047883339677 0.9891765093153607 0
    outer loop
      vertex -17.78036128729582 38.92314112186432 8.5
      vertex -17.392068564891815 38.980738908052444 8.5
      vertex -17.392068564891815 38.980738908052444 2.2062642685726725
    endloop
  endfacet
  facet normal -0.049067670415704694 0.9987954563973426 0
    outer loop
      vertex -17.392068564891815 38.980738908052444 8.5
      vertex -17 39 8.5
      vertex -17 39 2.5
    endloop
  endfacet
  facet normal 0 1 0
    outer loop
      vertex -17 39 8.5
      vertex -11 39 8.5
      vertex -17 39 2.5
    endloop
  endfacet
  facet normal 0 -1 0
    outer loop
      vertex -12 17 1.7999999970197678
      vertex 12 17 1.7999999970197678
      vertex 12 17 2.2000000029802322
    endloop
  endfacet
  facet normal 0 1 0
    outer loop
      vertex -12 39 2.2000000029802322
      vertex 12 39 2.2000000029802322
      vertex 12 39 1.7999999970197678
    endloop
  endfacet
  facet normal 0.803207528864999 -0.5956993080192237 1.7188475735904744e-16
    outer loop
      vertex 20.32587844878435 18.77771906554699 8.5
      vertex 20.092041812837124 18.462426863610744 0.2285472568409439
      vertex 20.152015055618133 18.54329141974449 0.19030117243528366
    endloop
  endfacet
  facet normal 0.7409511174895561 -0.6715589635251533 0
    outer loop
      vertex 20.092041812837124 18.462426863610744 8.5
      vertex 19.9643205365608 18.321508154273033 0.2951968386769295
      vertex 20.092041812837124 18.462426863610744 0.2285472568409439
    endloop
  endfacet
  facet normal 0.671558963525162 -0.740951117489548 0
    outer loop
      vertex 19.828427121043205 18.171572878956795 8.5
      vertex 19.761677356966864 18.111074417829514 0.4213259667158127
      vertex 19.828427121043205 18.171572878956795 0.3850645844933549
    endloop
  endfacet
  facet normal 0.6715589635251547 -0.7409511174895547 1.1207181555818549e-16
    outer loop
      vertex 19.828427121043205 18.171572878956795 8.5
      vertex 19.54425777511231 17.914016790688038 0.567473866045475
      vertex 19.761677356966864 18.111074417829514 0.4213259667158127
    endloop
  endfacet
  facet normal 0.7409511174895509 -0.671558963525159 1.8201725170750461e-16
    outer loop
      vertex 20.092041812837124 18.462426863610744 8.5
      vertex 19.828427121043205 18.171572878956795 0.3850645844933549
      vertex 19.9643205365608 18.321508154273033 0.2951968386769295
    endloop
  endfacet
  facet normal 0.8032075288650209 -0.5956993080191941 0
    outer loop
      vertex 20.32587844878435 18.77771906554699 8.5
      vertex 20.323334022696873 18.774288304150105 0.10764916241168976
      vertex 20.32587844878435 18.77771906554699 0.10678980141248573
    endloop
  endfacet
  facet normal 0.8577286070283971 -0.5141027491514956 -1.0475940085107094e-17
    outer loop
      vertex 20.527685061097145 19.114413052797318 8.5
      vertex 20.32587844878435 18.77771906554699 0.10678980141248573
      vertex 20.4664653868367 19.01227419823408 0.04803679883480072
    endloop
  endfacet
  facet normal 0.9039892993553014 -0.427555080254125 -4.452797352573915e-16
    outer loop
      vertex 20.695518128573895 19.469266273081303 8.5
      vertex 20.527685061097145 19.114413052797318 0.03288593190856659
      vertex 20.59415746458067 19.254957146942616 0.012038186192512512
    endloop
  endfacet
  facet normal 0.9039892993552946 -0.42755508025413946 0
    outer loop
      vertex 20.695518128573895 19.469266273081303 8.5
      vertex 20.59415746458067 19.254957146942616 0.012038186192512512
      vertex 20.695518128573895 19.469266273081303 0.0015098515317664152
    endloop
  endfacet
  facet normal 0.8577286070283968 -0.5141027491514962 0
    outer loop
      vertex 20.527685061097145 19.114413052797318 8.5
      vertex 20.4664653868367 19.01227419823408 0.04803679883480072
      vertex 20.527685061097145 19.114413052797318 0.03288593190856659
    endloop
  endfacet
  facet normal 0.9415440627982749 -0.3368898600571385 -7.488041907034555e-16
    outer loop
      vertex 20.827761344611645 19.838861294090748 8.5
      vertex 20.695518128573895 19.469266273081303 0.0015098515317664152
      vertex 20.70651483214813 19.5 0
    endloop
  endfacet
  facet normal 0.941544062798269 -0.3368898600571547 0
    outer loop
      vertex 20.827761344611645 19.838861294090748 8.5
      vertex 20.70651483214813 19.5 0
      vertex 20.827761344611645 19.838861294090748 0
    endloop
  endfacet
  facet normal 0.970031253702096 -0.24298017787700282 0
    outer loop
      vertex 20.92314112186432 20.21963871270418 8.5
      vertex 20.827761344611645 19.838861294090748 0
      vertex 20.92314112186432 20.21963871270418 0
    endloop
  endfacet
  facet normal 0.8032075288650017 -0.5956993080192199 1.6348810303261245e-17
    outer loop
      vertex 20.32587844878435 18.77771906554699 8.5
      vertex 20.152015055618133 18.54329141974449 0.19030117243528366
      vertex 20.323334022696873 18.774288304150105 0.10764916241168976
    endloop
  endfacet
  facet normal 0.14673047883339774 -0.9891765093153606 0
    outer loop
      vertex 17.78036128729582 17.07685887813568 8.5
      vertex 17.58605861738886 17.0480367988348 2.0122741982340813
      vertex 17.78036128729582 17.07685887813568 1.8972100085222934
    endloop
  endfacet
  facet normal 0.14673047883339588 -0.9891765093153608 5.559881776660629e-17
    outer loop
      vertex 17.78036128729582 17.07685887813568 8.5
      vertex 17.392068564891815 17.019261091947556 2.2062642685726725
      vertex 17.58605861738886 17.0480367988348 2.0122741982340813
    endloop
  endfacet
  facet normal 0.24298017787700438 -0.9700312537020955 -9.409169908968755e-17
    outer loop
      vertex 18.161138705909252 17.172238655388355 8.5
      vertex 17.78036128729582 17.07685887813568 1.8972100085222934
      vertex 17.903282993580927 17.10764916241169 1.7742883041501045
    endloop
  endfacet
  facet normal 0.3368898600571562 -0.9415440627982684 -1.778761973167981e-16
    outer loop
      vertex 18.530733726918697 17.304481871426105 8.5
      vertex 18.161138705909252 17.172238655388355 1.5937727711498928
      vertex 18.211620058128766 17.190301172435284 1.5432914197444916
    endloop
  endfacet
  facet normal 0.24298017787700202 -0.9700312537020961 0
    outer loop
      vertex 18.161138705909252 17.172238655388355 8.5
      vertex 17.903282993580927 17.10764916241169 1.7742883041501045
      vertex 18.161138705909252 17.172238655388355 1.5937727711498928
    endloop
  endfacet
  facet normal 0.5956993080192199 -0.8032075288650018 0
    outer loop
      vertex 19.537573136389256 17.907958187162876 8.5
      vertex 19.30063521603282 17.73223304748535 0.7322330474853516
      vertex 19.537573136389256 17.907958187162876 0.5729650642125268
    endloop
  endfacet
  facet normal 0.5956993080192227 -0.8032075288649998 -1.3401193403913002e-16
    outer loop
      vertex 19.537573136389256 17.907958187162876 8.5
      vertex 19.22228093445301 17.67412155121565 0.7963492030931683
      vertex 19.30063521603282 17.73223304748535 0.7322330474853516
    endloop
  endfacet
  facet normal 0.514102749151499 -0.857728607028395 0
    outer loop
      vertex 19.22228093445301 17.67412155121565 8.5
      vertex 19.04435002357033 17.567473866045475 0.9140167906880379
      vertex 19.22228093445301 17.67412155121565 0.7963492030931683
    endloop
  endfacet
  facet normal 0.6715589635251523 -0.740951117489557 3.7675110479548003e-16
    outer loop
      vertex 19.828427121043205 18.171572878956795 8.5
      vertex 19.537573136389256 17.907958187162876 0.5729650642125268
      vertex 19.54425777511231 17.914016790688038 0.567473866045475
    endloop
  endfacet
  facet normal 0.42755508025413613 -0.9039892993552961 0
    outer loop
      vertex 18.885586947202682 17.472314938902855 8.5
      vertex 18.777779819253663 17.421325966715813 1.1110744178295135
      vertex 18.885586947202682 17.472314938902855 1.0423237487083874
    endloop
  endfacet
  facet normal 0.3368898600571632 -0.9415440627982661 0
    outer loop
      vertex 18.530733726918697 17.304481871426105 8.5
      vertex 18.50478379937742 17.29519683867693 1.3215081542730331
      vertex 18.530733726918697 17.304481871426105 1.3060170130530029
    endloop
  endfacet
  facet normal 0.4275550802541327 -0.9039892993552977 6.284843127151635e-17
    outer loop
      vertex 18.885586947202682 17.472314938902855 8.5
      vertex 18.530733726918697 17.304481871426105 1.3060170130530029
      vertex 18.777779819253663 17.421325966715813 1.1110744178295135
    endloop
  endfacet
  facet normal 0.5141027491514922 -0.857728607028399 2.133910130800899e-16
    outer loop
      vertex 19.22228093445301 17.67412155121565 8.5
      vertex 18.885586947202682 17.472314938902855 1.0423237487083874
      vertex 19.04435002357033 17.567473866045475 0.9140167906880379
    endloop
  endfacet
  facet normal 0.336889860057152 -0.9415440627982701 4.5859542376914566e-17
    outer loop
      vertex 18.530733726918697 17.304481871426105 8.5
      vertex 18.211620058128766 17.190301172435284 1.5432914197444916
      vertex 18.50478379937742 17.29519683867693 1.3215081542730331
    endloop
  endfacet
  facet normal 0.9891765093153608 -0.14673047883339677 0
    outer loop
      vertex 20.980738908052444 20.607931435108185 8.5
      vertex 20.92314112186432 20.21963871270418 0
      vertex 20.980738908052444 20.607931435108185 0
    endloop
  endfacet
  facet normal 0.9987954563973426 -0.049067670415704694 0
    outer loop
      vertex 21 21 8.5
      vertex 20.980738908052444 20.607931435108185 0
      vertex 21 21 0
    endloop
  endfacet
  facet normal 1 0 0
    outer loop
      vertex 21 21 0
      vertex 21 35 0
      vertex 21 35 8.5
    endloop
  endfacet
  facet normal 0.9987954563973426 0.049067670415704694 0
    outer loop
      vertex 20.980738908052444 35.392068564891815 8.5
      vertex 21 35 0
      vertex 20.980738908052444 35.392068564891815 0
    endloop
  endfacet
  facet normal 0.9891765093153608 0.14673047883339677 0
    outer loop
      vertex 20.92314112186432 35.78036128729582 8.5
      vertex 20.980738908052444 35.392068564891815 0
      vertex 20.92314112186432 35.78036128729582 0
    endloop
  endfacet
  facet normal 0.6715589635251545 0.7409511174895548 5.872273614514059e-18
    outer loop
      vertex 19.537573136389256 38.092041812837124 8.5
      vertex 19.761677356966864 37.88892558217049 0.4213259667158127
      vertex 19.54425777511231 38.08598320931196 0.567473866045475
    endloop
  endfacet
  facet normal 0.8032075288650209 0.5956993080191941 0
    outer loop
      vertex 20.32587844878435 37.22228093445301 8.5
      vertex 20.32587844878435 37.22228093445301 0.10678980141248573
      vertex 20.323334022696873 37.225711695849895 0.10764916241168976
    endloop
  endfacet
  facet normal 0.970031253702096 0.24298017787700282 0
    outer loop
      vertex 20.827761344611645 36.16113870590925 8.5
      vertex 20.92314112186432 35.78036128729582 0
      vertex 20.827761344611645 36.16113870590925 0
    endloop
  endfacet
  facet normal 0.941544062798269 0.3368898600571547 -6.719676482572207e-17
    outer loop
      vertex 20.695518128573895 36.5307337269187 8.5
      vertex 20.827761344611645 36.16113870590925 0
      vertex 20.70651483214813 36.5 0
    endloop
  endfacet
  facet normal 0.941544062798275 0.3368898600571383 0
    outer loop
      vertex 20.695518128573895 36.5307337269187 8.5
      vertex 20.70651483214813 36.5 0
      vertex 20.695518128573895 36.5307337269187 0.0015098515317664152
    endloop
  endfacet
  facet normal 0.9039892993553014 0.4275550802541249 0
    outer loop
      vertex 20.527685061097145 36.88558694720268 8.5
      vertex 20.59415746458067 36.745042853057384 0.012038186192512512
      vertex 20.527685061097145 36.88558694720268 0.03288593190856659
    endloop
  endfacet
  facet normal 0.9039892993552946 0.42755508025413946 -2.9334709955091357e-16
    outer loop
      vertex 20.527685061097145 36.88558694720268 8.5
      vertex 20.695518128573895 36.5307337269187 0.0015098515317664152
      vertex 20.59415746458067 36.745042853057384 0.012038186192512512
    endloop
  endfacet
  facet normal 0.8577286070283968 0.5141027491514959 -2.076846040428482e-17
    outer loop
      vertex 20.32587844878435 37.22228093445301 8.5
      vertex 20.527685061097145 36.88558694720268 0.03288593190856659
      vertex 20.4664653868367 36.98772580176592 0.04803679883480072
    endloop
  endfacet
  facet normal 0.8577286070283971 0.5141027491514956 0
    outer loop
      vertex 20.32587844878435 37.22228093445301 8.5
      vertex 20.4664653868367 36.98772580176592 0.04803679883480072
      vertex 20.32587844878435 37.22228093445301 0.10678980141248573
    endloop
  endfacet
  facet normal 0.8032075288650016 0.5956993080192199 5.39030280301653e-17
    outer loop
      vertex 20.092041812837124 37.537573136389256 8.5
      vertex 20.323334022696873 37.225711695849895 0.10764916241168976
      vertex 20.152015055618133 37.45670858025551 0.19030117243528366
    endloop
  endfacet
  facet normal 0.7409511174895561 0.6715589635251531 1.9736292792539678e-16
    outer loop
      vertex 19.828427121043205 37.828427121043205 8.5
      vertex 20.092041812837124 37.537573136389256 0.2285472568409439
      vertex 19.9643205365608 37.67849184572697 0.2951968386769295
    endloop
  endfacet
  facet normal 0.8032075288649991 0.5956993080192237 0
    outer loop
      vertex 20.092041812837124 37.537573136389256 8.5
      vertex 20.152015055618133 37.45670858025551 0.19030117243528366
      vertex 20.092041812837124 37.537573136389256 0.2285472568409439
    endloop
  endfacet
  facet normal 0.7409511174895508 0.6715589635251591 0
    outer loop
      vertex 19.828427121043205 37.828427121043205 8.5
      vertex 19.9643205365608 37.67849184572697 0.2951968386769295
      vertex 19.828427121043205 37.828427121043205 0.3850645844933567
    endloop
  endfacet
  facet normal 0.6715589635251622 0.740951117489548 3.872081385823223e-16
    outer loop
      vertex 19.537573136389256 38.092041812837124 8.5
      vertex 19.828427121043205 37.828427121043205 0.3850645844933567
      vertex 19.761677356966864 37.88892558217049 0.4213259667158127
    endloop
  endfacet
  facet normal 0.33688986005715194 0.9415440627982701 -3.865349554193193e-17
    outer loop
      vertex 18.161138705909252 38.827761344611645 8.5
      vertex 18.50478379937742 38.70480316132307 1.3215081542730331
      vertex 18.211620058128766 38.809698827564716 1.5432914197444916
    endloop
  endfacet
  facet normal 0.24298017787700202 0.9700312537020961 -4.7177477150461453e-17
    outer loop
      vertex 17.78036128729582 38.92314112186432 8.5
      vertex 18.161138705909252 38.827761344611645 1.593772771149892
      vertex 17.903282993580927 38.89235083758831 1.7742883041501045
    endloop
  endfacet
  facet normal 0.33688986005715654 0.9415440627982683 0
    outer loop
      vertex 18.161138705909252 38.827761344611645 8.5
      vertex 18.211620058128766 38.809698827564716 1.5432914197444916
      vertex 18.161138705909252 38.827761344611645 1.593772771149892
    endloop
  endfacet
  facet normal 0.14673047883339774 0.9891765093153607 5.820242741426214e-17
    outer loop
      vertex 17.392068564891815 38.980738908052444 8.5
      vertex 17.78036128729582 38.92314112186432 1.8972100085222907
      vertex 17.58605861738886 38.9519632011652 2.0122741982340813
    endloop
  endfacet
  facet normal 0.14673047883339582 0.989176509315361 0
    outer loop
      vertex 17.392068564891815 38.980738908052444 8.5
      vertex 17.58605861738886 38.9519632011652 2.0122741982340813
      vertex 17.392068564891815 38.980738908052444 2.206264268572669
    endloop
  endfacet
  facet normal 0.2429801778770044 0.9700312537020954 0
    outer loop
      vertex 17.78036128729582 38.92314112186432 8.5
      vertex 17.903282993580927 38.89235083758831 1.7742883041501045
      vertex 17.78036128729582 38.92314112186432 1.8972100085222907
    endloop
  endfacet
  facet normal 0.6715589635251508 0.7409511174895583 0
    outer loop
      vertex 19.537573136389256 38.092041812837124 8.5
      vertex 19.54425777511231 38.08598320931196 0.567473866045475
      vertex 19.537573136389256 38.092041812837124 0.5729650642125268
    endloop
  endfacet
  facet normal 0.5956993080192199 0.8032075288650018 -4.420893106818325e-17
    outer loop
      vertex 19.22228093445301 38.32587844878435 8.5
      vertex 19.537573136389256 38.092041812837124 0.5729650642125268
      vertex 19.30063521603282 38.26776695251465 0.7322330474853516
    endloop
  endfacet
  facet normal 0.5956993080192228 0.8032075288649997 0
    outer loop
      vertex 19.22228093445301 38.32587844878435 8.5
      vertex 19.30063521603282 38.26776695251465 0.7322330474853516
      vertex 19.22228093445301 38.32587844878435 0.7963492030931674
    endloop
  endfacet
  facet normal 0.5141027491514991 0.8577286070283949 1.9673528305969006e-16
    outer loop
      vertex 18.885586947202682 38.527685061097145 8.5
      vertex 19.22228093445301 38.32587844878435 0.7963492030931674
      vertex 19.04435002357033 38.432526133954525 0.9140167906880379
    endloop
  endfacet
  facet normal 0.514102749151492 0.8577286070283991 0
    outer loop
      vertex 18.885586947202682 38.527685061097145 8.5
      vertex 19.04435002357033 38.432526133954525 0.9140167906880379
      vertex 18.885586947202682 38.527685061097145 1.0423237487083874
    endloop
  endfacet
  facet normal 0.42755508025413635 0.9039892993552961 1.4482962570419754e-16
    outer loop
      vertex 18.530733726918697 38.695518128573895 8.5
      vertex 18.885586947202682 38.527685061097145 1.0423237487083874
      vertex 18.777779819253663 38.57867403328419 1.1110744178295135
    endloop
  endfacet
  facet normal 0.4275550802541326 0.9039892993552978 0
    outer loop
      vertex 18.530733726918697 38.695518128573895 8.5
      vertex 18.777779819253663 38.57867403328419 1.1110744178295135
      vertex 18.530733726918697 38.695518128573895 1.3060170130530038
    endloop
  endfacet
  facet normal 0.33688986005716315 0.9415440627982661 0
    outer loop
      vertex 18.530733726918697 38.695518128573895 8.5
      vertex 18.530733726918697 38.695518128573895 1.3060170130530038
      vertex 18.50478379937742 38.70480316132307 1.3215081542730331
    endloop
  endfacet
  facet normal 0 -1 0
    outer loop
      vertex 11 17 8.5
      vertex 11 17 2.5
      vertex 17 17 2.5
    endloop
  endfacet
  facet normal 0.049067670415705256 -0.9987954563973425 0
    outer loop
      vertex 17.392068564891815 17.019261091947556 8.5
      vertex 17.24504292888742 17.012038186192513 2.2549571469426155
      vertex 17.392068564891815 17.019261091947556 2.2062642685726725
    endloop
  endfacet
  facet normal 0.04906767041570438 -0.9987954563973426 2.0740751808813657e-17
    outer loop
      vertex 17.392068564891815 17.019261091947556 8.5
      vertex 17 17 2.5
      vertex 17.24504292888742 17.012038186192513 2.2549571469426155
    endloop
  endfacet
  facet normal 0.24298017787700274 -0.9700312537020959 0
    outer loop
      vertex 17.78036128729582 17.07685887813568 8.5
      vertex 17.78036128729582 17.07685887813568 1.8972100085222934
      vertex 18.161138705909252 17.172238655388355 8.5
    endloop
  endfacet
  facet normal 0.3368898600571533 -0.9415440627982696 0
    outer loop
      vertex 18.161138705909252 17.172238655388355 8.5
      vertex 18.161138705909252 17.172238655388355 1.5937727711498928
      vertex 18.530733726918697 17.304481871426105 8.5
    endloop
  endfacet
  facet normal 0.7409511174895533 -0.6715589635251562 0
    outer loop
      vertex 19.828427121043205 18.171572878956795 8.5
      vertex 19.828427121043205 18.171572878956795 0.3850645844933549
      vertex 20.092041812837124 18.462426863610744 8.5
    endloop
  endfacet
  facet normal 0.8032075288650012 -0.5956993080192206 0
    outer loop
      vertex 20.092041812837124 18.462426863610744 8.5
      vertex 20.092041812837124 18.462426863610744 0.2285472568409439
      vertex 20.32587844878435 18.77771906554699 8.5
    endloop
  endfacet
  facet normal 0.8577286070283969 -0.5141027491514958 0
    outer loop
      vertex 20.32587844878435 18.77771906554699 8.5
      vertex 20.32587844878435 18.77771906554699 0.10678980141248573
      vertex 20.527685061097145 19.114413052797318 8.5
    endloop
  endfacet
  facet normal 0.9039892993552973 -0.42755508025413363 0
    outer loop
      vertex 20.527685061097145 19.114413052797318 8.5
      vertex 20.527685061097145 19.114413052797318 0.03288593190856659
      vertex 20.695518128573895 19.469266273081303 8.5
    endloop
  endfacet
  facet normal 0.9415440627982695 -0.3368898600571533 0
    outer loop
      vertex 20.695518128573895 19.469266273081303 8.5
      vertex 20.695518128573895 19.469266273081303 0.0015098515317664152
      vertex 20.827761344611645 19.838861294090748 8.5
    endloop
  endfacet
  facet normal 0.970031253702096 -0.24298017787700282 0
    outer loop
      vertex 20.827761344611645 19.838861294090748 8.5
      vertex 20.827761344611645 19.838861294090748 0
      vertex 20.92314112186432 20.21963871270418 8.5
    endloop
  endfacet
  facet normal 0.4275550802541337 -0.9039892993552973 0
    outer loop
      vertex 18.530733726918697 17.304481871426105 8.5
      vertex 18.530733726918697 17.304481871426105 1.3060170130530029
      vertex 18.885586947202682 17.472314938902855 8.5
    endloop
  endfacet
  facet normal 0.5141027491514958 -0.857728607028397 0
    outer loop
      vertex 18.885586947202682 17.472314938902855 8.5
      vertex 18.885586947202682 17.472314938902855 1.0423237487083874
      vertex 19.22228093445301 17.67412155121565 8.5
    endloop
  endfacet
  facet normal 0.5956993080192206 -0.8032075288650011 0
    outer loop
      vertex 19.22228093445301 17.67412155121565 8.5
      vertex 19.22228093445301 17.67412155121565 0.7963492030931683
      vertex 19.537573136389256 17.907958187162876 8.5
    endloop
  endfacet
  facet normal 0.6715589635251562 -0.7409511174895533 0
    outer loop
      vertex 19.537573136389256 17.907958187162876 8.5
      vertex 19.537573136389256 17.907958187162876 0.5729650642125268
      vertex 19.828427121043205 18.171572878956795 8.5
    endloop
  endfacet
  facet normal 0.9891765093153608 -0.14673047883339677 0
    outer loop
      vertex 20.92314112186432 20.21963871270418 8.5
      vertex 20.92314112186432 20.21963871270418 0
      vertex 20.980738908052444 20.607931435108185 8.5
    endloop
  endfacet
  facet normal 0.9987954563973426 -0.049067670415704694 0
    outer loop
      vertex 20.980738908052444 20.607931435108185 8.5
      vertex 20.980738908052444 20.607931435108185 0
      vertex 21 21 8.5
    endloop
  endfacet
  facet normal 1 0 0
    outer loop
      vertex 21 21 8.5
      vertex 21 21 0
      vertex 21 35 8.5
    endloop
  endfacet
  facet normal 0 -1 0
    outer loop
      vertex 11 17 8.5
      vertex 17 17 2.5
      vertex 17 17 8.5
    endloop
  endfacet
  facet normal 0.049067670415704694 -0.9987954563973426 0
    outer loop
      vertex 17 17 8.5
      vertex 17 17 2.5
      vertex 17.392068564891815 17.019261091947556 8.5
    endloop
  endfacet
  facet normal 0.14673047883339677 -0.9891765093153607 0
    outer loop
      vertex 17.392068564891815 17.019261091947556 8.5
      vertex 17.392068564891815 17.019261091947556 2.2062642685726725
      vertex 17.78036128729582 17.07685887813568 8.5
    endloop
  endfacet
  facet normal 0 1 0
    outer loop
      vertex 11 39 8.5
      vertex 17 39 2.5
      vertex 11 39 2.5
    endloop
  endfacet
  facet normal 0.04906767041570527 0.9987954563973425 3.536964797964326e-17
    outer loop
      vertex 17 39 8.5
      vertex 17.392068564891815 38.980738908052444 2.206264268572669
      vertex 17.24504292888742 38.98796181380749 2.2549571469426155
    endloop
  endfacet
  facet normal 0.04906767041570436 0.9987954563973426 0
    outer loop
      vertex 17 39 8.5
      vertex 17.24504292888742 38.98796181380749 2.2549571469426155
      vertex 17 39 2.5
    endloop
  endfacet
  facet normal 0.1467304788333968 0.9891765093153608 0
    outer loop
      vertex 17.392068564891815 38.980738908052444 8.5
      vertex 17.78036128729582 38.92314112186432 8.5
      vertex 17.78036128729582 38.92314112186432 1.8972100085222907
    endloop
  endfacet
  facet normal 0.24298017787700277 0.970031253702096 0
    outer loop
      vertex 17.78036128729582 38.92314112186432 8.5
      vertex 18.161138705909252 38.827761344611645 8.5
      vertex 18.161138705909252 38.827761344611645 1.593772771149892
    endloop
  endfacet
  facet normal 0.9987954563973426 0.049067670415704694 0
    outer loop
      vertex 21 35 8.5
      vertex 21 35 0
      vertex 20.980738908052444 35.392068564891815 8.5
    endloop
  endfacet
  facet normal 0.9891765093153608 0.14673047883339677 0
    outer loop
      vertex 20.980738908052444 35.392068564891815 8.5
      vertex 20.980738908052444 35.392068564891815 0
      vertex 20.92314112186432 35.78036128729582 8.5
    endloop
  endfacet
  facet normal 0.8032075288650012 0.5956993080192207 1.6751703040970477e-17
    outer loop
      vertex 20.32587844878435 37.22228093445301 8.5
      vertex 20.323334022696873 37.225711695849895 0.10764916241168976
      vertex 20.092041812837124 37.537573136389256 8.5
    endloop
  endfacet
  facet normal 0.9039892993552974 0.42755508025413363 0
    outer loop
      vertex 20.695518128573895 36.5307337269187 8.5
      vertex 20.695518128573895 36.5307337269187 0.0015098515317664152
      vertex 20.527685061097145 36.88558694720268 8.5
    endloop
  endfacet
  facet normal 0.970031253702096 0.24298017787700282 0
    outer loop
      vertex 20.92314112186432 35.78036128729582 8.5
      vertex 20.92314112186432 35.78036128729582 0
      vertex 20.827761344611645 36.16113870590925 8.5
    endloop
  endfacet
  facet normal 0.9415440627982695 0.3368898600571534 0
    outer loop
      vertex 20.827761344611645 36.16113870590925 8.5
      vertex 20.827761344611645 36.16113870590925 0
      vertex 20.695518128573895 36.5307337269187 8.5
    endloop
  endfacet
  facet normal 0.857728607028397 0.5141027491514957 0
    outer loop
      vertex 20.527685061097145 36.88558694720268 8.5
      vertex 20.527685061097145 36.88558694720268 0.03288593190856659
      vertex 20.32587844878435 37.22228093445301 8.5
    endloop
  endfacet
  facet normal 0.7409511174895534 0.6715589635251562 0
    outer loop
      vertex 20.092041812837124 37.537573136389256 8.5
      vertex 20.092041812837124 37.537573136389256 0.2285472568409439
      vertex 19.828427121043205 37.828427121043205 8.5
    endloop
  endfacet
  facet normal 0.6715589635251563 0.7409511174895534 0
    outer loop
      vertex 19.537573136389256 38.092041812837124 8.5
      vertex 19.828427121043205 37.828427121043205 8.5
      vertex 19.828427121043205 37.828427121043205 0.3850645844933567
    endloop
  endfacet
  facet normal 0.3368898600571533 0.9415440627982695 3.9399576669460275e-17
    outer loop
      vertex 18.161138705909252 38.827761344611645 8.5
      vertex 18.530733726918697 38.695518128573895 8.5
      vertex 18.50478379937742 38.70480316132307 1.3215081542730331
    endloop
  endfacet
  facet normal 0.4275550802541337 0.9039892993552973 0
    outer loop
      vertex 18.885586947202682 38.527685061097145 8.5
      vertex 18.885586947202682 38.527685061097145 1.0423237487083874
      vertex 18.530733726918697 38.695518128573895 8.5
    endloop
  endfacet
  facet normal 0.5956993080192206 0.8032075288650012 0
    outer loop
      vertex 19.537573136389256 38.092041812837124 8.5
      vertex 19.537573136389256 38.092041812837124 0.5729650642125268
      vertex 19.22228093445301 38.32587844878435 8.5
    endloop
  endfacet
  facet normal 0.5141027491514958 0.8577286070283969 0
    outer loop
      vertex 18.885586947202682 38.527685061097145 8.5
      vertex 19.22228093445301 38.32587844878435 8.5
      vertex 19.22228093445301 38.32587844878435 0.7963492030931674
    endloop
  endfacet
  facet normal 0 1 0
    outer loop
      vertex 11 39 8.5
      vertex 17 39 8.5
      vertex 17 39 2.5
    endloop
  endfacet
  facet normal 0.04906767041570469 0.9987954563973425 0
    outer loop
      vertex 17 39 8.5
      vertex 17.392068564891815 38.980738908052444 8.5
      vertex 17.392068564891815 38.980738908052444 2.206264268572669
    endloop
  endfacet
  facet normal 0 0 1
    outer loop
      vertex -17.22598160050404 -0.2438629025201603 1.1999999999999993
      vertex -17.243980908340248 0.12252142541195075 1.1999999999999993
      vertex -17.243980908340248 -0.12252142541195075 1.1999999999999993
    endloop
  endfacet
  facet normal 0 0 1
    outer loop
      vertex -17.19617541966526 -0.3628558465680779 1.1999999999999993
      vertex -17.22598160050404 0.2438629025201603 1.1999999999999993
      vertex -17.22598160050404 -0.2438629025201603 1.1999999999999993
    endloop
  endfacet
  facet normal 0 0 1
    outer loop
      vertex -17.15484941563911 -0.47835429045636224 1.1999999999999993
      vertex -17.19617541966526 0.3628558465680779 1.1999999999999993
      vertex -17.19617541966526 -0.3628558465680779 1.1999999999999993
    endloop
  endfacet
  facet normal 0 0 1
    outer loop
      vertex -17.102401580435444 -0.5892459210324971 1.1999999999999993
      vertex -17.15484941563911 0.47835429045636224 1.1999999999999993
      vertex -17.15484941563911 -0.47835429045636224 1.1999999999999993
    endloop
  endfacet
  facet normal 0 0 1
    outer loop
      vertex -17.03933701537818 -0.6944627912745027 1.1999999999999993
      vertex -17.102401580435444 0.5892459210324971 1.1999999999999993
      vertex -17.102401580435444 -0.5892459210324971 1.1999999999999993
    endloop
  endfacet
  facet normal 0 0 1
    outer loop
      vertex -17.243980908340248 -0.12252142541195075 1.1999999999999993
      vertex -17.243980908340248 0.12252142541195075 1.1999999999999993
      vertex -17.25 0 1.1999999999999993
    endloop
  endfacet
  facet normal 0 0 1
    outer loop
      vertex -17.22598160050404 -0.2438629025201603 1.1999999999999993
      vertex -17.22598160050404 0.2438629025201603 1.1999999999999993
      vertex -17.243980908340248 0.12252142541195075 1.1999999999999993
    endloop
  endfacet
  facet normal 0 0 1
    outer loop
      vertex -17.19617541966526 -0.3628558465680779 1.1999999999999993
      vertex -17.19617541966526 0.3628558465680779 1.1999999999999993
      vertex -17.22598160050404 0.2438629025201603 1.1999999999999993
    endloop
  endfacet
  facet normal 0 0 1
    outer loop
      vertex -17.15484941563911 -0.47835429045636224 1.1999999999999993
      vertex -17.15484941563911 0.47835429045636224 1.1999999999999993
      vertex -17.19617541966526 0.3628558465680779 1.1999999999999993
    endloop
  endfacet
  facet normal 0 0 1
    outer loop
      vertex -17.102401580435444 -0.5892459210324971 1.1999999999999993
      vertex -17.102401580435444 0.5892459210324971 1.1999999999999993
      vertex -17.15484941563911 0.47835429045636224 1.1999999999999993
    endloop
  endfacet
  facet normal 0 0 1
    outer loop
      vertex -16.966263066703423 -0.7929916052045569 1.1999999999999993
      vertex -17.03933701537818 0.6944627912745027 1.1999999999999993
      vertex -17.03933701537818 -0.6944627912745027 1.1999999999999993
    endloop
  endfacet
  facet normal 0 0 1
    outer loop
      vertex -16.883883476483184 -0.8838834764831844 1.1999999999999993
      vertex -16.966263066703423 0.7929916052045569 1.1999999999999993
      vertex -16.966263066703423 -0.7929916052045569 1.1999999999999993
    endloop
  endfacet
  facet normal 0 0 1
    outer loop
      vertex -16.792991605204556 -0.9662630667034212 1.1999999999999993
      vertex -16.883883476483184 0.8838834764831844 1.1999999999999993
      vertex -16.883883476483184 -0.8838834764831844 1.1999999999999993
    endloop
  endfacet
  facet normal 0 0 1
    outer loop
      vertex -16.694462791274503 -1.0393370153781816 1.1999999999999993
      vertex -16.792991605204556 0.9662630667034212 1.1999999999999993
      vertex -16.792991605204556 -0.9662630667034212 1.1999999999999993
    endloop
  endfacet
  facet normal 0 0 1
    outer loop
      vertex -16.589245921032497 -1.102401580435444 1.1999999999999993
      vertex -16.694462791274503 1.0393370153781816 1.1999999999999993
      vertex -16.694462791274503 -1.0393370153781816 1.1999999999999993
    endloop
  endfacet
  facet normal 0 0 1
    outer loop
      vertex -16.478354290456362 -1.1548494156391085 1.1999999999999993
      vertex -16.589245921032497 1.102401580435444 1.1999999999999993
      vertex -16.589245921032497 -1.102401580435444 1.1999999999999993
    endloop
  endfacet
  facet normal 0 0 1
    outer loop
      vertex -16.362855846568078 -1.196175419665261 1.1999999999999993
      vertex -16.478354290456362 1.1548494156391085 1.1999999999999993
      vertex -16.478354290456362 -1.1548494156391085 1.1999999999999993
    endloop
  endfacet
  facet normal 0 0 1
    outer loop
      vertex -16.24386290252016 -1.225981600504038 1.1999999999999993
      vertex -16.362855846568078 1.196175419665261 1.1999999999999993
      vertex -16.362855846568078 -1.196175419665261 1.1999999999999993
    endloop
  endfacet
  facet normal 0 0 1
    outer loop
      vertex -16.24386290252016 -1.225981600504038 1.1999999999999993
      vertex -16.12252142541195 -1.2439809083402462 1.1999999999999993
      vertex -16.24386290252016 1.225981600504038 1.1999999999999993
    endloop
  endfacet
  facet normal 0 0 1
    outer loop
      vertex -16.12252142541195 -1.2439809083402462 1.1999999999999993
      vertex -16 -1.25 1.1999999999999993
      vertex -16.12252142541195 1.2439809083402462 1.1999999999999993
    endloop
  endfacet
  facet normal 0 0 1
    outer loop
      vertex -16 -1.25 1.1999999999999993
      vertex -15.87747857458805 -1.2439809083402462 1.1999999999999993
      vertex -16 1.25 1.1999999999999993
    endloop
  endfacet
  facet normal 0 0 1
    outer loop
      vertex -15.87747857458805 -1.2439809083402462 1.1999999999999993
      vertex -15.75613709747984 -1.225981600504038 1.1999999999999993
      vertex -15.87747857458805 1.2439809083402462 1.1999999999999993
    endloop
  endfacet
  facet normal 0 0 1
    outer loop
      vertex -17.03933701537818 -0.6944627912745027 1.1999999999999993
      vertex -17.03933701537818 0.6944627912745027 1.1999999999999993
      vertex -17.102401580435444 0.5892459210324971 1.1999999999999993
    endloop
  endfacet
  facet normal 0 0 1
    outer loop
      vertex -16.966263066703423 -0.7929916052045569 1.1999999999999993
      vertex -16.966263066703423 0.7929916052045569 1.1999999999999993
      vertex -17.03933701537818 0.6944627912745027 1.1999999999999993
    endloop
  endfacet
  facet normal 0 0 1
    outer loop
      vertex -16.883883476483184 -0.8838834764831844 1.1999999999999993
      vertex -16.883883476483184 0.8838834764831844 1.1999999999999993
      vertex -16.966263066703423 0.7929916052045569 1.1999999999999993
    endloop
  endfacet
  facet normal 0 0 1
    outer loop
      vertex -16.792991605204556 -0.9662630667034212 1.1999999999999993
      vertex -16.792991605204556 0.9662630667034212 1.1999999999999993
      vertex -16.883883476483184 0.8838834764831844 1.1999999999999993
    endloop
  endfacet
  facet normal 0 0 1
    outer loop
      vertex -16.694462791274503 -1.0393370153781816 1.1999999999999993
      vertex -16.694462791274503 1.0393370153781816 1.1999999999999993
      vertex -16.792991605204556 0.9662630667034212 1.1999999999999993
    endloop
  endfacet
  facet normal 0 0 1
    outer loop
      vertex -16.589245921032497 -1.102401580435444 1.1999999999999993
      vertex -16.589245921032497 1.102401580435444 1.1999999999999993
      vertex -16.694462791274503 1.0393370153781816 1.1999999999999993
    endloop
  endfacet
  facet normal 0 0 1
    outer loop
      vertex -16.478354290456362 -1.1548494156391085 1.1999999999999993
      vertex -16.478354290456362 1.1548494156391085 1.1999999999999993
      vertex -16.589245921032497 1.102401580435444 1.1999999999999993
    endloop
  endfacet
  facet normal 0 0 1
    outer loop
      vertex -16.362855846568078 -1.196175419665261 1.1999999999999993
      vertex -16.362855846568078 1.196175419665261 1.1999999999999993
      vertex -16.478354290456362 1.1548494156391085 1.1999999999999993
    endloop
  endfacet
  facet normal 0 0 1
    outer loop
      vertex -16.24386290252016 -1.225981600504038 1.1999999999999993
      vertex -16.24386290252016 1.225981600504038 1.1999999999999993
      vertex -16.362855846568078 1.196175419665261 1.1999999999999993
    endloop
  endfacet
  facet normal 0 0 1
    outer loop
      vertex -16.12252142541195 -1.2439809083402462 1.1999999999999993
      vertex -16.12252142541195 1.2439809083402462 1.1999999999999993
      vertex -16.24386290252016 1.225981600504038 1.1999999999999993
    endloop
  endfacet
  facet normal 0 0 1
    outer loop
      vertex -16 -1.25 1.1999999999999993
      vertex -16 1.25 1.1999999999999993
      vertex -16.12252142541195 1.2439809083402462 1.1999999999999993
    endloop
  endfacet
  facet normal 0 0 1
    outer loop
      vertex -15.87747857458805 -1.2439809083402462 1.1999999999999993
      vertex -15.87747857458805 1.2439809083402462 1.1999999999999993
      vertex -16 1.25 1.1999999999999993
    endloop
  endfacet
  facet normal 0 0 1
    outer loop
      vertex -15.75613709747984 -1.225981600504038 1.1999999999999993
      vertex -15.75613709747984 1.225981600504038 1.1999999999999993
      vertex -15.87747857458805 1.2439809083402462 1.1999999999999993
    endloop
  endfacet
  facet normal 0 0 1
    outer loop
      vertex -15.75613709747984 -1.225981600504038 1.1999999999999993
      vertex -15.637144153431922 -1.196175419665261 1.1999999999999993
      vertex -15.75613709747984 1.225981600504038 1.1999999999999993
    endloop
  endfacet
  facet normal 0 0 1
    outer loop
      vertex -15.637144153431922 -1.196175419665261 1.1999999999999993
      vertex -15.521645709543638 -1.1548494156391085 1.1999999999999993
      vertex -15.637144153431922 1.196175419665261 1.1999999999999993
    endloop
  endfacet
  facet normal 0 0 1
    outer loop
      vertex -15.521645709543638 -1.1548494156391085 1.1999999999999993
      vertex -15.410754078967503 -1.102401580435444 1.1999999999999993
      vertex -15.521645709543638 1.1548494156391085 1.1999999999999993
    endloop
  endfacet
  facet normal 0 0 1
    outer loop
      vertex -15.410754078967503 -1.102401580435444 1.1999999999999993
      vertex -15.305537208725497 -1.0393370153781816 1.1999999999999993
      vertex -15.410754078967503 1.102401580435444 1.1999999999999993
    endloop
  endfacet
  facet normal 0 0 1
    outer loop
      vertex -15.305537208725497 -1.0393370153781816 1.1999999999999993
      vertex -15.207008394795443 -0.9662630667034212 1.1999999999999993
      vertex -15.305537208725497 1.0393370153781816 1.1999999999999993
    endloop
  endfacet
  facet normal 0 0 1
    outer loop
      vertex -15.207008394795443 -0.9662630667034212 1.1999999999999993
      vertex -15.116116523516816 -0.8838834764831844 1.1999999999999993
      vertex -15.207008394795443 0.9662630667034212 1.1999999999999993
    endloop
  endfacet
  facet normal 0 0 1
    outer loop
      vertex -15.116116523516816 -0.8838834764831844 1.1999999999999993
      vertex -15.033736933296579 -0.7929916052045569 1.1999999999999993
      vertex -15.116116523516816 0.8838834764831844 1.1999999999999993
    endloop
  endfacet
  facet normal 0 0 1
    outer loop
      vertex -15.033736933296579 -0.7929916052045569 1.1999999999999993
      vertex -14.960662984621818 -0.6944627912745027 1.1999999999999993
      vertex -15.033736933296579 0.7929916052045569 1.1999999999999993
    endloop
  endfacet
  facet normal 0 0 1
    outer loop
      vertex -14.960662984621818 -0.6944627912745027 1.1999999999999993
      vertex -14.897598419564556 -0.5892459210324971 1.1999999999999993
      vertex -14.960662984621818 0.6944627912745027 1.1999999999999993
    endloop
  endfacet
  facet normal 0 0 1
    outer loop
      vertex -14.897598419564556 -0.5892459210324971 1.1999999999999993
      vertex -14.84515058436089 -0.47835429045636224 1.1999999999999993
      vertex -14.897598419564556 0.5892459210324971 1.1999999999999993
    endloop
  endfacet
  facet normal 0 0 1
    outer loop
      vertex -14.84515058436089 -0.47835429045636224 1.1999999999999993
      vertex -14.803824580334739 -0.3628558465680779 1.1999999999999993
      vertex -14.84515058436089 0.47835429045636224 1.1999999999999993
    endloop
  endfacet
  facet normal 0 0 1
    outer loop
      vertex -14.803824580334739 -0.3628558465680779 1.1999999999999993
      vertex -14.774018399495962 -0.2438629025201603 1.1999999999999993
      vertex -14.803824580334739 0.3628558465680779 1.1999999999999993
    endloop
  endfacet
  facet normal 0 0 1
    outer loop
      vertex -15.637144153431922 -1.196175419665261 1.1999999999999993
      vertex -15.637144153431922 1.196175419665261 1.1999999999999993
      vertex -15.75613709747984 1.225981600504038 1.1999999999999993
    endloop
  endfacet
  facet normal 0 0 1
    outer loop
      vertex -15.521645709543638 -1.1548494156391085 1.1999999999999993
      vertex -15.521645709543638 1.1548494156391085 1.1999999999999993
      vertex -15.637144153431922 1.196175419665261 1.1999999999999993
    endloop
  endfacet
  facet normal 0 0 1
    outer loop
      vertex -15.410754078967503 -1.102401580435444 1.1999999999999993
      vertex -15.410754078967503 1.102401580435444 1.1999999999999993
      vertex -15.521645709543638 1.1548494156391085 1.1999999999999993
    endloop
  endfacet
  facet normal 0 0 1
    outer loop
      vertex -15.116116523516816 -0.8838834764831844 1.1999999999999993
      vertex -15.116116523516816 0.8838834764831844 1.1999999999999993
      vertex -15.207008394795443 0.9662630667034212 1.1999999999999993
    endloop
  endfacet
  facet normal 0 0 1
    outer loop
      vertex -15.305537208725497 -1.0393370153781816 1.1999999999999993
      vertex -15.305537208725497 1.0393370153781816 1.1999999999999993
      vertex -15.410754078967503 1.102401580435444 1.1999999999999993
    endloop
  endfacet
  facet normal 0 0 1
    outer loop
      vertex -15.207008394795443 -0.9662630667034212 1.1999999999999993
      vertex -15.207008394795443 0.9662630667034212 1.1999999999999993
      vertex -15.305537208725497 1.0393370153781816 1.1999999999999993
    endloop
  endfacet
  facet normal 0 0 1
    outer loop
      vertex -15.033736933296579 -0.7929916052045569 1.1999999999999993
      vertex -15.033736933296579 0.7929916052045569 1.1999999999999993
      vertex -15.116116523516816 0.8838834764831844 1.1999999999999993
    endloop
  endfacet
  facet normal 0 0 1
    outer loop
      vertex -14.960662984621818 -0.6944627912745027 1.1999999999999993
      vertex -14.960662984621818 0.6944627912745027 1.1999999999999993
      vertex -15.033736933296579 0.7929916052045569 1.1999999999999993
    endloop
  endfacet
  facet normal 0 0 1
    outer loop
      vertex -14.774018399495962 -0.2438629025201603 1.1999999999999993
      vertex -14.756019091659754 -0.12252142541195075 1.1999999999999993
      vertex -14.774018399495962 0.2438629025201603 1.1999999999999993
    endloop
  endfacet
  facet normal 0 0 1
    outer loop
      vertex -14.774018399495962 -0.2438629025201603 1.1999999999999993
      vertex -14.774018399495962 0.2438629025201603 1.1999999999999993
      vertex -14.803824580334739 0.3628558465680779 1.1999999999999993
    endloop
  endfacet
  facet normal 0 0 1
    outer loop
      vertex -14.84515058436089 -0.47835429045636224 1.1999999999999993
      vertex -14.84515058436089 0.47835429045636224 1.1999999999999993
      vertex -14.897598419564556 0.5892459210324971 1.1999999999999993
    endloop
  endfacet
  facet normal 0 0 1
    outer loop
      vertex -14.897598419564556 -0.5892459210324971 1.1999999999999993
      vertex -14.897598419564556 0.5892459210324971 1.1999999999999993
      vertex -14.960662984621818 0.6944627912745027 1.1999999999999993
    endloop
  endfacet
  facet normal 0 0 1
    outer loop
      vertex -14.803824580334739 -0.3628558465680779 1.1999999999999993
      vertex -14.803824580334739 0.3628558465680779 1.1999999999999993
      vertex -14.84515058436089 0.47835429045636224 1.1999999999999993
    endloop
  endfacet
  facet normal 0 0 1
    outer loop
      vertex -14.756019091659754 -0.12252142541195075 1.1999999999999993
      vertex -14.75 0 1.1999999999999993
      vertex -14.756019091659754 0.12252142541195075 1.1999999999999993
    endloop
  endfacet
  facet normal 0 0 1
    outer loop
      vertex -14.756019091659754 -0.12252142541195075 1.1999999999999993
      vertex -14.756019091659754 0.12252142541195075 1.1999999999999993
      vertex -14.774018399495962 0.2438629025201603 1.1999999999999993
    endloop
  endfacet
  facet normal 0.9039892931234415 0.4275550934302861 0
    outer loop
      vertex -17.102401580435444 -0.5892459210324971 1.1999999999999993
      vertex -17.15484941563911 -0.47835429045636224 1.1999999999999993
      vertex -17.102401580435444 -0.5892459210324971 8.5
    endloop
  endfacet
  facet normal 0.9891765099647791 0.14673047445537346 0
    outer loop
      vertex -17.22598160050404 -0.2438629025201603 1.1999999999999993
      vertex -17.243980908340248 -0.12252142541195075 1.1999999999999993
      vertex -17.22598160050404 -0.2438629025201603 8.5
    endloop
  endfacet
  facet normal 0.9987954562051732 0.04906767432740269 0
    outer loop
      vertex -17.243980908340248 -0.12252142541195075 1.1999999999999993
      vertex -17.25 0 1.1999999999999993
      vertex -17.243980908340248 -0.12252142541195075 8.5
    endloop
  endfacet
  facet normal 0.9415440651830281 0.3368898533921996 0
    outer loop
      vertex -17.15484941563911 -0.47835429045636224 1.1999999999999993
      vertex -17.19617541966526 -0.3628558465680779 1.1999999999999993
      vertex -17.15484941563911 -0.47835429045636224 8.5
    endloop
  endfacet
  facet normal 0.9700312531945395 0.24298017990328158 0
    outer loop
      vertex -17.19617541966526 -0.3628558465680779 1.1999999999999993
      vertex -17.22598160050404 -0.2438629025201603 1.1999999999999993
      vertex -17.19617541966526 -0.3628558465680779 8.5
    endloop
  endfacet
  facet normal 0.9987954562051732 -0.04906767432740269 0
    outer loop
      vertex -17.25 0 1.1999999999999993
      vertex -17.243980908340248 0.12252142541195075 1.1999999999999993
      vertex -17.25 0 8.5
    endloop
  endfacet
  facet normal 0.9891765099647791 -0.14673047445537346 0
    outer loop
      vertex -17.243980908340248 0.12252142541195075 1.1999999999999993
      vertex -17.22598160050404 0.2438629025201603 1.1999999999999993
      vertex -17.243980908340248 0.12252142541195075 8.5
    endloop
  endfacet
  facet normal 0.9700312531945395 -0.24298017990328158 0
    outer loop
      vertex -17.22598160050404 0.2438629025201603 1.1999999999999993
      vertex -17.19617541966526 0.3628558465680779 1.1999999999999993
      vertex -17.22598160050404 0.2438629025201603 8.5
    endloop
  endfacet
  facet normal 0.9415440651830281 -0.3368898533921996 0
    outer loop
      vertex -17.19617541966526 0.3628558465680779 1.1999999999999993
      vertex -17.15484941563911 0.47835429045636224 1.1999999999999993
      vertex -17.19617541966526 0.3628558465680779 8.5
    endloop
  endfacet
  facet normal 0.9039892931234415 -0.4275550934302861 0
    outer loop
      vertex -17.15484941563911 0.47835429045636224 1.1999999999999993
      vertex -17.102401580435444 0.5892459210324971 1.1999999999999993
      vertex -17.15484941563911 0.47835429045636224 8.5
    endloop
  endfacet
  facet normal 0.8577286100002661 -0.5141027441932318 0
    outer loop
      vertex -17.102401580435444 0.5892459210324971 1.1999999999999993
      vertex -17.03933701537818 0.6944627912745027 1.1999999999999993
      vertex -17.102401580435444 0.5892459210324971 8.5
    endloop
  endfacet
  facet normal 0.7409511253549523 0.6715589548470259 0
    outer loop
      vertex -16.883883476483184 -0.8838834764831844 1.1999999999999993
      vertex -16.966263066703423 -0.7929916052045569 1.1999999999999993
      vertex -16.883883476483184 -0.8838834764831844 8.5
    endloop
  endfacet
  facet normal 0.671558954847013 0.7409511253549641 0
    outer loop
      vertex -16.792991605204556 -0.9662630667034212 1.1999999999999993
      vertex -16.883883476483184 -0.8838834764831844 1.1999999999999993
      vertex -16.792991605204556 -0.9662630667034212 8.5
    endloop
  endfacet
  facet normal 0.514102744193218 0.8577286100002742 0
    outer loop
      vertex -16.589245921032497 -1.102401580435444 1.1999999999999993
      vertex -16.694462791274503 -1.0393370153781816 1.1999999999999993
      vertex -16.589245921032497 -1.102401580435444 8.5
    endloop
  endfacet
  facet normal 0.5956993044924408 0.8032075314806394 0
    outer loop
      vertex -16.694462791274503 -1.0393370153781816 1.1999999999999993
      vertex -16.792991605204556 -0.9662630667034212 1.1999999999999993
      vertex -16.694462791274503 -1.0393370153781816 8.5
    endloop
  endfacet
  facet normal 0.4275550934302841 0.9039892931234423 0
    outer loop
      vertex -16.478354290456362 -1.1548494156391085 1.1999999999999993
      vertex -16.589245921032497 -1.102401580435444 1.1999999999999993
      vertex -16.478354290456362 -1.1548494156391085 8.5
    endloop
  endfacet
  facet normal 0.8032075314806569 0.5956993044924173 0
    outer loop
      vertex -16.966263066703423 -0.7929916052045569 1.1999999999999993
      vertex -17.03933701537818 -0.6944627912745027 1.1999999999999993
      vertex -16.966263066703423 -0.7929916052045569 8.5
    endloop
  endfacet
  facet normal 0.8577286100002661 0.5141027441932318 0
    outer loop
      vertex -17.03933701537818 -0.6944627912745027 1.1999999999999993
      vertex -17.102401580435444 -0.5892459210324971 1.1999999999999993
      vertex -17.03933701537818 -0.6944627912745027 8.5
    endloop
  endfacet
  facet normal 0.14673047445536233 0.9891765099647809 0
    outer loop
      vertex -16.24386290252016 -1.225981600504038 1.1999999999999993
      vertex -16.12252142541195 -1.2439809083402462 8.5
      vertex -16.12252142541195 -1.2439809083402462 1.1999999999999993
    endloop
  endfacet
  facet normal 0.3368898533922174 0.9415440651830218 0
    outer loop
      vertex -16.362855846568078 -1.196175419665261 1.1999999999999993
      vertex -16.478354290456362 -1.1548494156391085 1.1999999999999993
      vertex -16.362855846568078 -1.196175419665261 8.5
    endloop
  endfacet
  facet normal 0.24298017990326454 0.9700312531945438 0
    outer loop
      vertex -16.24386290252016 -1.225981600504038 1.1999999999999993
      vertex -16.362855846568078 -1.196175419665261 1.1999999999999993
      vertex -16.24386290252016 -1.225981600504038 8.5
    endloop
  endfacet
  facet normal 0.04906767432741743 0.9987954562051725 0
    outer loop
      vertex -16.12252142541195 -1.2439809083402462 1.1999999999999993
      vertex -16 -1.25 8.5
      vertex -16 -1.25 1.1999999999999993
    endloop
  endfacet
  facet normal -0.04906767432741743 0.9987954562051725 0
    outer loop
      vertex -16 -1.25 1.1999999999999993
      vertex -15.87747857458805 -1.2439809083402462 8.5
      vertex -15.87747857458805 -1.2439809083402462 1.1999999999999993
    endloop
  endfacet
  facet normal -0.14673047445536233 0.9891765099647809 0
    outer loop
      vertex -15.87747857458805 -1.2439809083402462 1.1999999999999993
      vertex -15.75613709747984 -1.225981600504038 8.5
      vertex -15.75613709747984 -1.225981600504038 1.1999999999999993
    endloop
  endfacet
  facet normal 0.8032075314806569 -0.5956993044924173 0
    outer loop
      vertex -17.03933701537818 0.6944627912745027 1.1999999999999993
      vertex -16.966263066703423 0.7929916052045569 1.1999999999999993
      vertex -17.03933701537818 0.6944627912745027 8.5
    endloop
  endfacet
  facet normal 0.7409511253549523 -0.6715589548470259 0
    outer loop
      vertex -16.966263066703423 0.7929916052045569 1.1999999999999993
      vertex -16.883883476483184 0.8838834764831844 1.1999999999999993
      vertex -16.966263066703423 0.7929916052045569 8.5
    endloop
  endfacet
  facet normal 0.671558954847013 -0.7409511253549641 0
    outer loop
      vertex -16.883883476483184 0.8838834764831844 1.1999999999999993
      vertex -16.792991605204556 0.9662630667034212 1.1999999999999993
      vertex -16.883883476483184 0.8838834764831844 8.5
    endloop
  endfacet
  facet normal 0.5956993044924408 -0.8032075314806394 0
    outer loop
      vertex -16.792991605204556 0.9662630667034212 1.1999999999999993
      vertex -16.694462791274503 1.0393370153781816 1.1999999999999993
      vertex -16.792991605204556 0.9662630667034212 8.5
    endloop
  endfacet
  facet normal 0.514102744193218 -0.8577286100002742 0
    outer loop
      vertex -16.694462791274503 1.0393370153781816 1.1999999999999993
      vertex -16.589245921032497 1.102401580435444 1.1999999999999993
      vertex -16.694462791274503 1.0393370153781816 8.5
    endloop
  endfacet
  facet normal 0.4275550934302841 -0.9039892931234423 0
    outer loop
      vertex -16.589245921032497 1.102401580435444 1.1999999999999993
      vertex -16.478354290456362 1.1548494156391085 1.1999999999999993
      vertex -16.589245921032497 1.102401580435444 8.5
    endloop
  endfacet
  facet normal 0.3368898533922174 -0.9415440651830218 0
    outer loop
      vertex -16.478354290456362 1.1548494156391085 1.1999999999999993
      vertex -16.362855846568078 1.196175419665261 1.1999999999999993
      vertex -16.478354290456362 1.1548494156391085 8.5
    endloop
  endfacet
  facet normal 0.24298017990326454 -0.9700312531945438 0
    outer loop
      vertex -16.362855846568078 1.196175419665261 1.1999999999999993
      vertex -16.24386290252016 1.225981600504038 1.1999999999999993
      vertex -16.362855846568078 1.196175419665261 8.5
    endloop
  endfacet
  facet normal 0.14673047445536233 -0.9891765099647809 0
    outer loop
      vertex -16.24386290252016 1.225981600504038 1.1999999999999993
      vertex -16.12252142541195 1.2439809083402462 1.1999999999999993
      vertex -16.24386290252016 1.225981600504038 8.5
    endloop
  endfacet
  facet normal 0.04906767432741743 -0.9987954562051725 0
    outer loop
      vertex -16.12252142541195 1.2439809083402462 1.1999999999999993
      vertex -16 1.25 1.1999999999999993
      vertex -16.12252142541195 1.2439809083402462 8.5
    endloop
  endfacet
  facet normal -0.04906767432741743 -0.9987954562051725 0
    outer loop
      vertex -16 1.25 1.1999999999999993
      vertex -15.87747857458805 1.2439809083402462 1.1999999999999993
      vertex -16 1.25 8.5
    endloop
  endfacet
  facet normal -0.14673047445536233 -0.9891765099647809 0
    outer loop
      vertex -15.75613709747984 1.225981600504038 1.1999999999999993
      vertex -15.87747857458805 1.2439809083402462 8.5
      vertex -15.87747857458805 1.2439809083402462 1.1999999999999993
    endloop
  endfacet
  facet normal -0.24298017990326454 0.9700312531945438 0
    outer loop
      vertex -15.75613709747984 -1.225981600504038 1.1999999999999993
      vertex -15.637144153431922 -1.196175419665261 8.5
      vertex -15.637144153431922 -1.196175419665261 1.1999999999999993
    endloop
  endfacet
  facet normal -0.3368898533922174 0.9415440651830218 0
    outer loop
      vertex -15.637144153431922 -1.196175419665261 1.1999999999999993
      vertex -15.521645709543638 -1.1548494156391085 8.5
      vertex -15.521645709543638 -1.1548494156391085 1.1999999999999993
    endloop
  endfacet
  facet normal -0.4275550934302841 0.9039892931234423 0
    outer loop
      vertex -15.521645709543638 -1.1548494156391085 1.1999999999999993
      vertex -15.410754078967503 -1.102401580435444 8.5
      vertex -15.410754078967503 -1.102401580435444 1.1999999999999993
    endloop
  endfacet
  facet normal -0.514102744193218 0.8577286100002742 0
    outer loop
      vertex -15.410754078967503 -1.102401580435444 1.1999999999999993
      vertex -15.305537208725497 -1.0393370153781816 8.5
      vertex -15.305537208725497 -1.0393370153781816 1.1999999999999993
    endloop
  endfacet
  facet normal -0.5956993044924339 0.8032075314806445 0
    outer loop
      vertex -15.305537208725497 -1.0393370153781816 1.1999999999999993
      vertex -15.207008394795443 -0.9662630667034212 8.5
      vertex -15.207008394795443 -0.9662630667034212 1.1999999999999993
    endloop
  endfacet
  facet normal -0.6715589548470201 0.7409511253549574 0
    outer loop
      vertex -15.207008394795443 -0.9662630667034212 1.1999999999999993
      vertex -15.116116523516816 -0.8838834764831844 8.5
      vertex -15.116116523516816 -0.8838834764831844 1.1999999999999993
    endloop
  endfacet
  facet normal -0.7409511253549597 0.6715589548470179 0
    outer loop
      vertex -15.116116523516816 -0.8838834764831844 1.1999999999999993
      vertex -15.033736933296579 -0.7929916052045569 8.5
      vertex -15.033736933296579 -0.7929916052045569 1.1999999999999993
    endloop
  endfacet
  facet normal -0.8032075314806429 0.5956993044924359 0
    outer loop
      vertex -15.033736933296579 -0.7929916052045569 1.1999999999999993
      vertex -14.960662984621818 -0.6944627912745027 8.5
      vertex -14.960662984621818 -0.6944627912745027 1.1999999999999993
    endloop
  endfacet
  facet normal -0.8577286100002725 0.5141027441932211 0
    outer loop
      vertex -14.960662984621818 -0.6944627912745027 1.1999999999999993
      vertex -14.897598419564556 -0.5892459210324971 8.5
      vertex -14.897598419564556 -0.5892459210324971 1.1999999999999993
    endloop
  endfacet
  facet normal -0.9039892931234415 0.4275550934302861 0
    outer loop
      vertex -14.897598419564556 -0.5892459210324971 1.1999999999999993
      vertex -14.84515058436089 -0.47835429045636224 8.5
      vertex -14.84515058436089 -0.47835429045636224 1.1999999999999993
    endloop
  endfacet
  facet normal -0.9415440651830236 0.33688985339221245 0
    outer loop
      vertex -14.84515058436089 -0.47835429045636224 1.1999999999999993
      vertex -14.803824580334739 -0.3628558465680779 8.5
      vertex -14.803824580334739 -0.3628558465680779 1.1999999999999993
    endloop
  endfacet
  facet normal -0.970031253194543 0.24298017990326795 0
    outer loop
      vertex -14.803824580334739 -0.3628558465680779 1.1999999999999993
      vertex -14.774018399495962 -0.2438629025201603 8.5
      vertex -14.774018399495962 -0.2438629025201603 1.1999999999999993
    endloop
  endfacet
  facet normal -0.9891765099647813 0.1467304744553593 0
    outer loop
      vertex -14.774018399495962 -0.2438629025201603 1.1999999999999993
      vertex -14.756019091659754 -0.12252142541195075 8.5
      vertex -14.756019091659754 -0.12252142541195075 1.1999999999999993
    endloop
  endfacet
  facet normal -0.24298017990326454 -0.9700312531945438 0
    outer loop
      vertex -15.637144153431922 1.196175419665261 1.1999999999999993
      vertex -15.75613709747984 1.225981600504038 8.5
      vertex -15.75613709747984 1.225981600504038 1.1999999999999993
    endloop
  endfacet
  facet normal -0.3368898533922174 -0.9415440651830218 0
    outer loop
      vertex -15.521645709543638 1.1548494156391085 1.1999999999999993
      vertex -15.637144153431922 1.196175419665261 8.5
      vertex -15.637144153431922 1.196175419665261 1.1999999999999993
    endloop
  endfacet
  facet normal -0.4275550934302841 -0.9039892931234423 0
    outer loop
      vertex -15.410754078967503 1.102401580435444 1.1999999999999993
      vertex -15.521645709543638 1.1548494156391085 8.5
      vertex -15.521645709543638 1.1548494156391085 1.1999999999999993
    endloop
  endfacet
  facet normal -0.514102744193218 -0.8577286100002742 0
    outer loop
      vertex -15.305537208725497 1.0393370153781816 1.1999999999999993
      vertex -15.410754078967503 1.102401580435444 8.5
      vertex -15.410754078967503 1.102401580435444 1.1999999999999993
    endloop
  endfacet
  facet normal -0.5956993044924339 -0.8032075314806445 0
    outer loop
      vertex -15.207008394795443 0.9662630667034212 1.1999999999999993
      vertex -15.305537208725497 1.0393370153781816 8.5
      vertex -15.305537208725497 1.0393370153781816 1.1999999999999993
    endloop
  endfacet
  facet normal -0.6715589548470201 -0.7409511253549574 0
    outer loop
      vertex -15.116116523516816 0.8838834764831844 1.1999999999999993
      vertex -15.207008394795443 0.9662630667034212 8.5
      vertex -15.207008394795443 0.9662630667034212 1.1999999999999993
    endloop
  endfacet
  facet normal -0.9891765099647813 -0.1467304744553593 0
    outer loop
      vertex -14.756019091659754 0.12252142541195075 1.1999999999999993
      vertex -14.774018399495962 0.2438629025201603 8.5
      vertex -14.774018399495962 0.2438629025201603 1.1999999999999993
    endloop
  endfacet
  facet normal -0.970031253194543 -0.24298017990326795 0
    outer loop
      vertex -14.774018399495962 0.2438629025201603 1.1999999999999993
      vertex -14.803824580334739 0.3628558465680779 8.5
      vertex -14.803824580334739 0.3628558465680779 1.1999999999999993
    endloop
  endfacet
  facet normal -0.8577286100002725 -0.5141027441932211 0
    outer loop
      vertex -14.897598419564556 0.5892459210324971 1.1999999999999993
      vertex -14.960662984621818 0.6944627912745027 8.5
      vertex -14.960662984621818 0.6944627912745027 1.1999999999999993
    endloop
  endfacet
  facet normal -0.9415440651830236 -0.33688985339221245 0
    outer loop
      vertex -14.803824580334739 0.3628558465680779 1.1999999999999993
      vertex -14.84515058436089 0.47835429045636224 8.5
      vertex -14.84515058436089 0.47835429045636224 1.1999999999999993
    endloop
  endfacet
  facet normal -0.9039892931234415 -0.4275550934302861 0
    outer loop
      vertex -14.84515058436089 0.47835429045636224 1.1999999999999993
      vertex -14.897598419564556 0.5892459210324971 8.5
      vertex -14.897598419564556 0.5892459210324971 1.1999999999999993
    endloop
  endfacet
  facet normal -0.9987954562051725 0.04906767432741713 0
    outer loop
      vertex -14.756019091659754 -0.12252142541195075 1.1999999999999993
      vertex -14.75 0 8.5
      vertex -14.75 0 1.1999999999999993
    endloop
  endfacet
  facet normal -0.9987954562051725 -0.04906767432741713 0
    outer loop
      vertex -14.75 0 1.1999999999999993
      vertex -14.756019091659754 0.12252142541195075 8.5
      vertex -14.756019091659754 0.12252142541195075 1.1999999999999993
    endloop
  endfacet
  facet normal -0.7409511253549597 -0.6715589548470179 0
    outer loop
      vertex -15.116116523516816 0.8838834764831844 1.1999999999999993
      vertex -15.033736933296579 0.7929916052045569 1.1999999999999993
      vertex -15.116116523516816 0.8838834764831844 8.5
    endloop
  endfacet
  facet normal -0.8032075314806429 -0.5956993044924359 0
    outer loop
      vertex -14.960662984621818 0.6944627912745027 1.1999999999999993
      vertex -15.033736933296579 0.7929916052045569 8.5
      vertex -15.033736933296579 0.7929916052045569 1.1999999999999993
    endloop
  endfacet
  facet normal 0.8577286100002661 0.5141027441932318 0
    outer loop
      vertex -17.102401580435444 -0.5892459210324971 1.1999999999999993
      vertex -17.102401580435444 -0.5892459210324971 8.5
      vertex -17.03933701537818 -0.6944627912745027 8.5
    endloop
  endfacet
  facet normal 0.9039892931234415 0.4275550934302861 0
    outer loop
      vertex -17.15484941563911 -0.47835429045636224 1.1999999999999993
      vertex -17.15484941563911 -0.47835429045636224 8.5
      vertex -17.102401580435444 -0.5892459210324971 8.5
    endloop
  endfacet
  facet normal 0.9891765099647791 0.14673047445537346 0
    outer loop
      vertex -17.243980908340248 -0.12252142541195075 1.1999999999999993
      vertex -17.243980908340248 -0.12252142541195075 8.5
      vertex -17.22598160050404 -0.2438629025201603 8.5
    endloop
  endfacet
  facet normal 0.9415440651830281 0.3368898533921996 0
    outer loop
      vertex -17.19617541966526 -0.3628558465680779 1.1999999999999993
      vertex -17.19617541966526 -0.3628558465680779 8.5
      vertex -17.15484941563911 -0.47835429045636224 8.5
    endloop
  endfacet
  facet normal 0.9700312531945395 0.24298017990328158 0
    outer loop
      vertex -17.22598160050404 -0.2438629025201603 1.1999999999999993
      vertex -17.22598160050404 -0.2438629025201603 8.5
      vertex -17.19617541966526 -0.3628558465680779 8.5
    endloop
  endfacet
  facet normal 0.9987954562051732 0.04906767432740269 0
    outer loop
      vertex -17.25 0 1.1999999999999993
      vertex -17.25 0 8.5
      vertex -17.243980908340248 -0.12252142541195075 8.5
    endloop
  endfacet
  facet normal 0.9987954562051732 -0.04906767432740269 0
    outer loop
      vertex -17.243980908340248 0.12252142541195075 1.1999999999999993
      vertex -17.243980908340248 0.12252142541195075 8.5
      vertex -17.25 0 8.5
    endloop
  endfacet
  facet normal 0.9891765099647791 -0.14673047445537346 0
    outer loop
      vertex -17.22598160050404 0.2438629025201603 1.1999999999999993
      vertex -17.22598160050404 0.2438629025201603 8.5
      vertex -17.243980908340248 0.12252142541195075 8.5
    endloop
  endfacet
  facet normal 0.9700312531945395 -0.24298017990328158 0
    outer loop
      vertex -17.19617541966526 0.3628558465680779 1.1999999999999993
      vertex -17.19617541966526 0.3628558465680779 8.5
      vertex -17.22598160050404 0.2438629025201603 8.5
    endloop
  endfacet
  facet normal 0.9415440651830281 -0.3368898533921996 0
    outer loop
      vertex -17.15484941563911 0.47835429045636224 1.1999999999999993
      vertex -17.15484941563911 0.47835429045636224 8.5
      vertex -17.19617541966526 0.3628558465680779 8.5
    endloop
  endfacet
  facet normal 0.9039892931234415 -0.4275550934302861 0
    outer loop
      vertex -17.102401580435444 0.5892459210324971 1.1999999999999993
      vertex -17.102401580435444 0.5892459210324971 8.5
      vertex -17.15484941563911 0.47835429045636224 8.5
    endloop
  endfacet
  facet normal 0.671558954847013 0.7409511253549641 0
    outer loop
      vertex -16.883883476483184 -0.8838834764831844 1.1999999999999993
      vertex -16.883883476483184 -0.8838834764831844 8.5
      vertex -16.792991605204556 -0.9662630667034212 8.5
    endloop
  endfacet
  facet normal 0.5956993044924408 0.8032075314806394 0
    outer loop
      vertex -16.792991605204556 -0.9662630667034212 1.1999999999999993
      vertex -16.792991605204556 -0.9662630667034212 8.5
      vertex -16.694462791274503 -1.0393370153781816 8.5
    endloop
  endfacet
  facet normal 0.514102744193218 0.8577286100002742 0
    outer loop
      vertex -16.694462791274503 -1.0393370153781816 1.1999999999999993
      vertex -16.694462791274503 -1.0393370153781816 8.5
      vertex -16.589245921032497 -1.102401580435444 8.5
    endloop
  endfacet
  facet normal 0.4275550934302841 0.9039892931234423 0
    outer loop
      vertex -16.589245921032497 -1.102401580435444 1.1999999999999993
      vertex -16.589245921032497 -1.102401580435444 8.5
      vertex -16.478354290456362 -1.1548494156391085 8.5
    endloop
  endfacet
  facet normal 0.3368898533922174 0.9415440651830218 0
    outer loop
      vertex -16.478354290456362 -1.1548494156391085 1.1999999999999993
      vertex -16.478354290456362 -1.1548494156391085 8.5
      vertex -16.362855846568078 -1.196175419665261 8.5
    endloop
  endfacet
  facet normal 0.8032075314806569 0.5956993044924173 0
    outer loop
      vertex -17.03933701537818 -0.6944627912745027 1.1999999999999993
      vertex -17.03933701537818 -0.6944627912745027 8.5
      vertex -16.966263066703423 -0.7929916052045569 8.5
    endloop
  endfacet
  facet normal 0.7409511253549523 0.6715589548470259 0
    outer loop
      vertex -16.966263066703423 -0.7929916052045569 1.1999999999999993
      vertex -16.966263066703423 -0.7929916052045569 8.5
      vertex -16.883883476483184 -0.8838834764831844 8.5
    endloop
  endfacet
  facet normal 0.04906767432741743 0.9987954562051725 0
    outer loop
      vertex -16.12252142541195 -1.2439809083402462 1.1999999999999993
      vertex -16.12252142541195 -1.2439809083402462 8.5
      vertex -16 -1.25 8.5
    endloop
  endfacet
  facet normal 0.24298017990326454 0.9700312531945438 0
    outer loop
      vertex -16.362855846568078 -1.196175419665261 1.1999999999999993
      vertex -16.362855846568078 -1.196175419665261 8.5
      vertex -16.24386290252016 -1.225981600504038 8.5
    endloop
  endfacet
  facet normal 0.14673047445536233 0.9891765099647809 0
    outer loop
      vertex -16.24386290252016 -1.225981600504038 1.1999999999999993
      vertex -16.24386290252016 -1.225981600504038 8.5
      vertex -16.12252142541195 -1.2439809083402462 8.5
    endloop
  endfacet
  facet normal -0.04906767432741743 0.9987954562051725 0
    outer loop
      vertex -16 -1.25 1.1999999999999993
      vertex -16 -1.25 8.5
      vertex -15.87747857458805 -1.2439809083402462 8.5
    endloop
  endfacet
  facet normal -0.14673047445536233 0.9891765099647809 0
    outer loop
      vertex -15.87747857458805 -1.2439809083402462 1.1999999999999993
      vertex -15.87747857458805 -1.2439809083402462 8.5
      vertex -15.75613709747984 -1.225981600504038 8.5
    endloop
  endfacet
  facet normal 0.8577286100002661 -0.5141027441932318 0
    outer loop
      vertex -17.03933701537818 0.6944627912745027 1.1999999999999993
      vertex -17.03933701537818 0.6944627912745027 8.5
      vertex -17.102401580435444 0.5892459210324971 8.5
    endloop
  endfacet
  facet normal 0.8032075314806569 -0.5956993044924173 0
    outer loop
      vertex -16.966263066703423 0.7929916052045569 1.1999999999999993
      vertex -16.966263066703423 0.7929916052045569 8.5
      vertex -17.03933701537818 0.6944627912745027 8.5
    endloop
  endfacet
  facet normal 0.7409511253549523 -0.6715589548470259 0
    outer loop
      vertex -16.883883476483184 0.8838834764831844 1.1999999999999993
      vertex -16.883883476483184 0.8838834764831844 8.5
      vertex -16.966263066703423 0.7929916052045569 8.5
    endloop
  endfacet
  facet normal 0.671558954847013 -0.7409511253549641 0
    outer loop
      vertex -16.792991605204556 0.9662630667034212 1.1999999999999993
      vertex -16.792991605204556 0.9662630667034212 8.5
      vertex -16.883883476483184 0.8838834764831844 8.5
    endloop
  endfacet
  facet normal 0.5956993044924408 -0.8032075314806394 0
    outer loop
      vertex -16.694462791274503 1.0393370153781816 1.1999999999999993
      vertex -16.694462791274503 1.0393370153781816 8.5
      vertex -16.792991605204556 0.9662630667034212 8.5
    endloop
  endfacet
  facet normal 0.514102744193218 -0.8577286100002742 0
    outer loop
      vertex -16.589245921032497 1.102401580435444 1.1999999999999993
      vertex -16.589245921032497 1.102401580435444 8.5
      vertex -16.694462791274503 1.0393370153781816 8.5
    endloop
  endfacet
  facet normal 0.4275550934302841 -0.9039892931234423 0
    outer loop
      vertex -16.478354290456362 1.1548494156391085 1.1999999999999993
      vertex -16.478354290456362 1.1548494156391085 8.5
      vertex -16.589245921032497 1.102401580435444 8.5
    endloop
  endfacet
  facet normal 0.3368898533922174 -0.9415440651830218 0
    outer loop
      vertex -16.362855846568078 1.196175419665261 1.1999999999999993
      vertex -16.362855846568078 1.196175419665261 8.5
      vertex -16.478354290456362 1.1548494156391085 8.5
    endloop
  endfacet
  facet normal 0.24298017990326454 -0.9700312531945438 0
    outer loop
      vertex -16.24386290252016 1.225981600504038 1.1999999999999993
      vertex -16.24386290252016 1.225981600504038 8.5
      vertex -16.362855846568078 1.196175419665261 8.5
    endloop
  endfacet
  facet normal 0.14673047445536233 -0.9891765099647809 0
    outer loop
      vertex -16.12252142541195 1.2439809083402462 1.1999999999999993
      vertex -16.12252142541195 1.2439809083402462 8.5
      vertex -16.24386290252016 1.225981600504038 8.5
    endloop
  endfacet
  facet normal 0.04906767432741743 -0.9987954562051725 0
    outer loop
      vertex -16 1.25 1.1999999999999993
      vertex -16 1.25 8.5
      vertex -16.12252142541195 1.2439809083402462 8.5
    endloop
  endfacet
  facet normal -0.04906767432741743 -0.9987954562051725 0
    outer loop
      vertex -15.87747857458805 1.2439809083402462 1.1999999999999993
      vertex -15.87747857458805 1.2439809083402462 8.5
      vertex -16 1.25 8.5
    endloop
  endfacet
  facet normal -0.14673047445536233 -0.9891765099647809 0
    outer loop
      vertex -15.75613709747984 1.225981600504038 1.1999999999999993
      vertex -15.75613709747984 1.225981600504038 8.5
      vertex -15.87747857458805 1.2439809083402462 8.5
    endloop
  endfacet
  facet normal -0.24298017990326454 0.9700312531945438 0
    outer loop
      vertex -15.75613709747984 -1.225981600504038 1.1999999999999993
      vertex -15.75613709747984 -1.225981600504038 8.5
      vertex -15.637144153431922 -1.196175419665261 8.5
    endloop
  endfacet
  facet normal -0.3368898533922174 0.9415440651830218 0
    outer loop
      vertex -15.637144153431922 -1.196175419665261 1.1999999999999993
      vertex -15.637144153431922 -1.196175419665261 8.5
      vertex -15.521645709543638 -1.1548494156391085 8.5
    endloop
  endfacet
  facet normal -0.4275550934302841 0.9039892931234423 0
    outer loop
      vertex -15.521645709543638 -1.1548494156391085 1.1999999999999993
      vertex -15.521645709543638 -1.1548494156391085 8.5
      vertex -15.410754078967503 -1.102401580435444 8.5
    endloop
  endfacet
  facet normal -0.514102744193218 0.8577286100002742 0
    outer loop
      vertex -15.410754078967503 -1.102401580435444 1.1999999999999993
      vertex -15.410754078967503 -1.102401580435444 8.5
      vertex -15.305537208725497 -1.0393370153781816 8.5
    endloop
  endfacet
  facet normal -0.5956993044924339 0.8032075314806445 0
    outer loop
      vertex -15.305537208725497 -1.0393370153781816 1.1999999999999993
      vertex -15.305537208725497 -1.0393370153781816 8.5
      vertex -15.207008394795443 -0.9662630667034212 8.5
    endloop
  endfacet
  facet normal -0.6715589548470201 0.7409511253549574 0
    outer loop
      vertex -15.207008394795443 -0.9662630667034212 1.1999999999999993
      vertex -15.207008394795443 -0.9662630667034212 8.5
      vertex -15.116116523516816 -0.8838834764831844 8.5
    endloop
  endfacet
  facet normal -0.7409511253549597 0.6715589548470179 0
    outer loop
      vertex -15.116116523516816 -0.8838834764831844 1.1999999999999993
      vertex -15.116116523516816 -0.8838834764831844 8.5
      vertex -15.033736933296579 -0.7929916052045569 8.5
    endloop
  endfacet
  facet normal -0.8032075314806429 0.5956993044924359 0
    outer loop
      vertex -15.033736933296579 -0.7929916052045569 1.1999999999999993
      vertex -15.033736933296579 -0.7929916052045569 8.5
      vertex -14.960662984621818 -0.6944627912745027 8.5
    endloop
  endfacet
  facet normal -0.8577286100002725 0.5141027441932211 0
    outer loop
      vertex -14.960662984621818 -0.6944627912745027 1.1999999999999993
      vertex -14.960662984621818 -0.6944627912745027 8.5
      vertex -14.897598419564556 -0.5892459210324971 8.5
    endloop
  endfacet
  facet normal -0.9039892931234415 0.4275550934302861 0
    outer loop
      vertex -14.897598419564556 -0.5892459210324971 1.1999999999999993
      vertex -14.897598419564556 -0.5892459210324971 8.5
      vertex -14.84515058436089 -0.47835429045636224 8.5
    endloop
  endfacet
  facet normal -0.9415440651830236 0.33688985339221245 0
    outer loop
      vertex -14.84515058436089 -0.47835429045636224 1.1999999999999993
      vertex -14.84515058436089 -0.47835429045636224 8.5
      vertex -14.803824580334739 -0.3628558465680779 8.5
    endloop
  endfacet
  facet normal -0.970031253194543 0.24298017990326795 0
    outer loop
      vertex -14.803824580334739 -0.3628558465680779 1.1999999999999993
      vertex -14.803824580334739 -0.3628558465680779 8.5
      vertex -14.774018399495962 -0.2438629025201603 8.5
    endloop
  endfacet
  facet normal -0.9891765099647813 0.1467304744553593 0
    outer loop
      vertex -14.774018399495962 -0.2438629025201603 1.1999999999999993
      vertex -14.774018399495962 -0.2438629025201603 8.5
      vertex -14.756019091659754 -0.12252142541195075 8.5
    endloop
  endfacet
  facet normal -0.9987954562051725 0.04906767432741713 0
    outer loop
      vertex -14.756019091659754 -0.12252142541195075 1.1999999999999993
      vertex -14.756019091659754 -0.12252142541195075 8.5
      vertex -14.75 0 8.5
    endloop
  endfacet
  facet normal -0.24298017990326454 -0.9700312531945438 0
    outer loop
      vertex -15.637144153431922 1.196175419665261 1.1999999999999993
      vertex -15.637144153431922 1.196175419665261 8.5
      vertex -15.75613709747984 1.225981600504038 8.5
    endloop
  endfacet
  facet normal -0.3368898533922174 -0.9415440651830218 0
    outer loop
      vertex -15.521645709543638 1.1548494156391085 1.1999999999999993
      vertex -15.521645709543638 1.1548494156391085 8.5
      vertex -15.637144153431922 1.196175419665261 8.5
    endloop
  endfacet
  facet normal -0.4275550934302841 -0.9039892931234423 0
    outer loop
      vertex -15.410754078967503 1.102401580435444 1.1999999999999993
      vertex -15.410754078967503 1.102401580435444 8.5
      vertex -15.521645709543638 1.1548494156391085 8.5
    endloop
  endfacet
  facet normal -0.514102744193218 -0.8577286100002742 0
    outer loop
      vertex -15.305537208725497 1.0393370153781816 1.1999999999999993
      vertex -15.305537208725497 1.0393370153781816 8.5
      vertex -15.410754078967503 1.102401580435444 8.5
    endloop
  endfacet
  facet normal -0.6715589548470201 -0.7409511253549574 0
    outer loop
      vertex -15.116116523516816 0.8838834764831844 1.1999999999999993
      vertex -15.116116523516816 0.8838834764831844 8.5
      vertex -15.207008394795443 0.9662630667034212 8.5
    endloop
  endfacet
  facet normal -0.5956993044924339 -0.8032075314806445 0
    outer loop
      vertex -15.207008394795443 0.9662630667034212 1.1999999999999993
      vertex -15.207008394795443 0.9662630667034212 8.5
      vertex -15.305537208725497 1.0393370153781816 8.5
    endloop
  endfacet
  facet normal -0.970031253194543 -0.24298017990326795 0
    outer loop
      vertex -14.774018399495962 0.2438629025201603 1.1999999999999993
      vertex -14.774018399495962 0.2438629025201603 8.5
      vertex -14.803824580334739 0.3628558465680779 8.5
    endloop
  endfacet
  facet normal -0.9039892931234415 -0.4275550934302861 0
    outer loop
      vertex -14.84515058436089 0.47835429045636224 1.1999999999999993
      vertex -14.84515058436089 0.47835429045636224 8.5
      vertex -14.897598419564556 0.5892459210324971 8.5
    endloop
  endfacet
  facet normal -0.9415440651830236 -0.33688985339221245 0
    outer loop
      vertex -14.803824580334739 0.3628558465680779 1.1999999999999993
      vertex -14.803824580334739 0.3628558465680779 8.5
      vertex -14.84515058436089 0.47835429045636224 8.5
    endloop
  endfacet
  facet normal -0.8577286100002725 -0.5141027441932211 0
    outer loop
      vertex -14.897598419564556 0.5892459210324971 1.1999999999999993
      vertex -14.897598419564556 0.5892459210324971 8.5
      vertex -14.960662984621818 0.6944627912745027 8.5
    endloop
  endfacet
  facet normal -0.9987954562051725 -0.04906767432741713 0
    outer loop
      vertex -14.75 0 1.1999999999999993
      vertex -14.75 0 8.5
      vertex -14.756019091659754 0.12252142541195075 8.5
    endloop
  endfacet
  facet normal -0.9891765099647813 -0.1467304744553593 0
    outer loop
      vertex -14.756019091659754 0.12252142541195075 1.1999999999999993
      vertex -14.756019091659754 0.12252142541195075 8.5
      vertex -14.774018399495962 0.2438629025201603 8.5
    endloop
  endfacet
  facet normal -0.7409511253549597 -0.6715589548470179 0
    outer loop
      vertex -15.033736933296579 0.7929916052045569 1.1999999999999993
      vertex -15.033736933296579 0.7929916052045569 8.5
      vertex -15.116116523516816 0.8838834764831844 8.5
    endloop
  endfacet
  facet normal -0.8032075314806429 -0.5956993044924359 0
    outer loop
      vertex -14.960662984621818 0.6944627912745027 1.1999999999999993
      vertex -14.960662984621818 0.6944627912745027 8.5
      vertex -15.033736933296579 0.7929916052045569 8.5
    endloop
  endfacet
  facet normal 0 0 1
    outer loop
      vertex -17.22598160050404 27.75613709747984 1.1999999999999993
      vertex -17.243980908340248 28.12252142541195 1.1999999999999993
      vertex -17.243980908340248 27.87747857458805 1.1999999999999993
    endloop
  endfacet
  facet normal 0 0 1
    outer loop
      vertex -17.243980908340248 27.87747857458805 1.1999999999999993
      vertex -17.243980908340248 28.12252142541195 1.1999999999999993
      vertex -17.25 28 1.1999999999999993
    endloop
  endfacet
  facet normal 0 0 1
    outer loop
      vertex -17.22598160050404 27.75613709747984 1.1999999999999993
      vertex -17.22598160050404 28.24386290252016 1.1999999999999993
      vertex -17.243980908340248 28.12252142541195 1.1999999999999993
    endloop
  endfacet
  facet normal 0 0 1
    outer loop
      vertex -17.15484941563911 27.521645709543638 1.1999999999999993
      vertex -17.19617541966526 28.362855846568078 1.1999999999999993
      vertex -17.19617541966526 27.637144153431922 1.1999999999999993
    endloop
  endfacet
  facet normal 0 0 1
    outer loop
      vertex -17.03933701537818 27.305537208725497 1.1999999999999993
      vertex -17.102401580435444 28.589245921032497 1.1999999999999993
      vertex -17.102401580435444 27.410754078967503 1.1999999999999993
    endloop
  endfacet
  facet normal 0 0 1
    outer loop
      vertex -17.102401580435444 27.410754078967503 1.1999999999999993
      vertex -17.15484941563911 28.478354290456362 1.1999999999999993
      vertex -17.15484941563911 27.521645709543638 1.1999999999999993
    endloop
  endfacet
  facet normal 0 0 1
    outer loop
      vertex -17.19617541966526 27.637144153431922 1.1999999999999993
      vertex -17.22598160050404 28.24386290252016 1.1999999999999993
      vertex -17.22598160050404 27.75613709747984 1.1999999999999993
    endloop
  endfacet
  facet normal 0 0 1
    outer loop
      vertex -17.19617541966526 27.637144153431922 1.1999999999999993
      vertex -17.19617541966526 28.362855846568078 1.1999999999999993
      vertex -17.22598160050404 28.24386290252016 1.1999999999999993
    endloop
  endfacet
  facet normal 0 0 1
    outer loop
      vertex -17.15484941563911 27.521645709543638 1.1999999999999993
      vertex -17.15484941563911 28.478354290456362 1.1999999999999993
      vertex -17.19617541966526 28.362855846568078 1.1999999999999993
    endloop
  endfacet
  facet normal 0 0 1
    outer loop
      vertex -17.102401580435444 27.410754078967503 1.1999999999999993
      vertex -17.102401580435444 28.589245921032497 1.1999999999999993
      vertex -17.15484941563911 28.478354290456362 1.1999999999999993
    endloop
  endfacet
  facet normal 0 0 1
    outer loop
      vertex -16.694462791274503 26.96066298462182 1.1999999999999993
      vertex -16.792991605204556 28.966263066703423 1.1999999999999993
      vertex -16.792991605204556 27.033736933296577 1.1999999999999993
    endloop
  endfacet
  facet normal 0 0 1
    outer loop
      vertex -16.966263066703423 27.207008394795444 1.1999999999999993
      vertex -17.03933701537818 28.694462791274503 1.1999999999999993
      vertex -17.03933701537818 27.305537208725497 1.1999999999999993
    endloop
  endfacet
  facet normal 0 0 1
    outer loop
      vertex -16.883883476483184 27.116116523516816 1.1999999999999993
      vertex -16.966263066703423 28.792991605204556 1.1999999999999993
      vertex -16.966263066703423 27.207008394795444 1.1999999999999993
    endloop
  endfacet
  facet normal 0 0 1
    outer loop
      vertex -16.792991605204556 27.033736933296577 1.1999999999999993
      vertex -16.883883476483184 28.883883476483184 1.1999999999999993
      vertex -16.883883476483184 27.116116523516816 1.1999999999999993
    endloop
  endfacet
  facet normal 0 0 1
    outer loop
      vertex -16.589245921032497 26.897598419564556 1.1999999999999993
      vertex -16.694462791274503 29.03933701537818 1.1999999999999993
      vertex -16.694462791274503 26.96066298462182 1.1999999999999993
    endloop
  endfacet
  facet normal 0 0 1
    outer loop
      vertex -16.478354290456362 26.84515058436089 1.1999999999999993
      vertex -16.589245921032497 29.102401580435444 1.1999999999999993
      vertex -16.589245921032497 26.897598419564556 1.1999999999999993
    endloop
  endfacet
  facet normal 0 0 1
    outer loop
      vertex -16.362855846568078 26.80382458033474 1.1999999999999993
      vertex -16.478354290456362 29.15484941563911 1.1999999999999993
      vertex -16.478354290456362 26.84515058436089 1.1999999999999993
    endloop
  endfacet
  facet normal 0 0 1
    outer loop
      vertex -16.24386290252016 26.77401839949596 1.1999999999999993
      vertex -16.362855846568078 29.19617541966526 1.1999999999999993
      vertex -16.362855846568078 26.80382458033474 1.1999999999999993
    endloop
  endfacet
  facet normal 0 0 1
    outer loop
      vertex -16.24386290252016 26.77401839949596 1.1999999999999993
      vertex -16.12252142541195 26.756019091659752 1.1999999999999993
      vertex -16.24386290252016 29.22598160050404 1.1999999999999993
    endloop
  endfacet
  facet normal 0 0 1
    outer loop
      vertex -16.12252142541195 26.756019091659752 1.1999999999999993
      vertex -16 26.75 1.1999999999999993
      vertex -16.12252142541195 29.243980908340248 1.1999999999999993
    endloop
  endfacet
  facet normal 0 0 1
    outer loop
      vertex -16 26.75 1.1999999999999993
      vertex -15.87747857458805 26.756019091659752 1.1999999999999993
      vertex -16 29.25 1.1999999999999993
    endloop
  endfacet
  facet normal 0 0 1
    outer loop
      vertex -15.87747857458805 26.756019091659752 1.1999999999999993
      vertex -15.75613709747984 26.77401839949596 1.1999999999999993
      vertex -15.87747857458805 29.243980908340248 1.1999999999999993
    endloop
  endfacet
  facet normal 0 0 1
    outer loop
      vertex -17.03933701537818 27.305537208725497 1.1999999999999993
      vertex -17.03933701537818 28.694462791274503 1.1999999999999993
      vertex -17.102401580435444 28.589245921032497 1.1999999999999993
    endloop
  endfacet
  facet normal 0 0 1
    outer loop
      vertex -16.966263066703423 27.207008394795444 1.1999999999999993
      vertex -16.966263066703423 28.792991605204556 1.1999999999999993
      vertex -17.03933701537818 28.694462791274503 1.1999999999999993
    endloop
  endfacet
  facet normal 0 0 1
    outer loop
      vertex -16.883883476483184 27.116116523516816 1.1999999999999993
      vertex -16.883883476483184 28.883883476483184 1.1999999999999993
      vertex -16.966263066703423 28.792991605204556 1.1999999999999993
    endloop
  endfacet
  facet normal 0 0 1
    outer loop
      vertex -16.792991605204556 27.033736933296577 1.1999999999999993
      vertex -16.792991605204556 28.966263066703423 1.1999999999999993
      vertex -16.883883476483184 28.883883476483184 1.1999999999999993
    endloop
  endfacet
  facet normal 0 0 1
    outer loop
      vertex -16.694462791274503 26.96066298462182 1.1999999999999993
      vertex -16.694462791274503 29.03933701537818 1.1999999999999993
      vertex -16.792991605204556 28.966263066703423 1.1999999999999993
    endloop
  endfacet
  facet normal 0 0 1
    outer loop
      vertex -16.589245921032497 26.897598419564556 1.1999999999999993
      vertex -16.589245921032497 29.102401580435444 1.1999999999999993
      vertex -16.694462791274503 29.03933701537818 1.1999999999999993
    endloop
  endfacet
  facet normal 0 0 1
    outer loop
      vertex -16.478354290456362 26.84515058436089 1.1999999999999993
      vertex -16.478354290456362 29.15484941563911 1.1999999999999993
      vertex -16.589245921032497 29.102401580435444 1.1999999999999993
    endloop
  endfacet
  facet normal 0 0 1
    outer loop
      vertex -16.362855846568078 26.80382458033474 1.1999999999999993
      vertex -16.362855846568078 29.19617541966526 1.1999999999999993
      vertex -16.478354290456362 29.15484941563911 1.1999999999999993
    endloop
  endfacet
  facet normal 0 0 1
    outer loop
      vertex -16.24386290252016 26.77401839949596 1.1999999999999993
      vertex -16.24386290252016 29.22598160050404 1.1999999999999993
      vertex -16.362855846568078 29.19617541966526 1.1999999999999993
    endloop
  endfacet
  facet normal 0 0 1
    outer loop
      vertex -16.12252142541195 26.756019091659752 1.1999999999999993
      vertex -16.12252142541195 29.243980908340248 1.1999999999999993
      vertex -16.24386290252016 29.22598160050404 1.1999999999999993
    endloop
  endfacet
  facet normal 0 0 1
    outer loop
      vertex -16 26.75 1.1999999999999993
      vertex -16 29.25 1.1999999999999993
      vertex -16.12252142541195 29.243980908340248 1.1999999999999993
    endloop
  endfacet
  facet normal 0 0 1
    outer loop
      vertex -15.87747857458805 26.756019091659752 1.1999999999999993
      vertex -15.87747857458805 29.243980908340248 1.1999999999999993
      vertex -16 29.25 1.1999999999999993
    endloop
  endfacet
  facet normal 0 0 1
    outer loop
      vertex -15.75613709747984 26.77401839949596 1.1999999999999993
      vertex -15.75613709747984 29.22598160050404 1.1999999999999993
      vertex -15.87747857458805 29.243980908340248 1.1999999999999993
    endloop
  endfacet
  facet normal 0 0 1
    outer loop
      vertex -15.75613709747984 26.77401839949596 1.1999999999999993
      vertex -15.637144153431922 26.80382458033474 1.1999999999999993
      vertex -15.75613709747984 29.22598160050404 1.1999999999999993
    endloop
  endfacet
  facet normal 0 0 1
    outer loop
      vertex -15.637144153431922 26.80382458033474 1.1999999999999993
      vertex -15.521645709543638 26.84515058436089 1.1999999999999993
      vertex -15.637144153431922 29.19617541966526 1.1999999999999993
    endloop
  endfacet
  facet normal 0 0 1
    outer loop
      vertex -15.521645709543638 26.84515058436089 1.1999999999999993
      vertex -15.410754078967503 26.897598419564556 1.1999999999999993
      vertex -15.521645709543638 29.15484941563911 1.1999999999999993
    endloop
  endfacet
  facet normal 0 0 1
    outer loop
      vertex -15.410754078967503 26.897598419564556 1.1999999999999993
      vertex -15.305537208725497 26.96066298462182 1.1999999999999993
      vertex -15.410754078967503 29.102401580435444 1.1999999999999993
    endloop
  endfacet
  facet normal 0 0 1
    outer loop
      vertex -15.305537208725497 26.96066298462182 1.1999999999999993
      vertex -15.207008394795443 27.033736933296577 1.1999999999999993
      vertex -15.305537208725497 29.03933701537818 1.1999999999999993
    endloop
  endfacet
  facet normal 0 0 1
    outer loop
      vertex -15.207008394795443 27.033736933296577 1.1999999999999993
      vertex -15.116116523516816 27.116116523516816 1.1999999999999993
      vertex -15.207008394795443 28.966263066703423 1.1999999999999993
    endloop
  endfacet
  facet normal 0 0 1
    outer loop
      vertex -15.116116523516816 27.116116523516816 1.1999999999999993
      vertex -15.033736933296579 27.207008394795444 1.1999999999999993
      vertex -15.116116523516816 28.883883476483184 1.1999999999999993
    endloop
  endfacet
  facet normal 0 0 1
    outer loop
      vertex -15.033736933296579 27.207008394795444 1.1999999999999993
      vertex -14.960662984621818 27.305537208725497 1.1999999999999993
      vertex -15.033736933296579 28.792991605204556 1.1999999999999993
    endloop
  endfacet
  facet normal 0 0 1
    outer loop
      vertex -14.960662984621818 27.305537208725497 1.1999999999999993
      vertex -14.897598419564556 27.410754078967503 1.1999999999999993
      vertex -14.960662984621818 28.694462791274503 1.1999999999999993
    endloop
  endfacet
  facet normal 0 0 1
    outer loop
      vertex -14.897598419564556 27.410754078967503 1.1999999999999993
      vertex -14.84515058436089 27.521645709543638 1.1999999999999993
      vertex -14.897598419564556 28.589245921032497 1.1999999999999993
    endloop
  endfacet
  facet normal 0 0 1
    outer loop
      vertex -14.84515058436089 27.521645709543638 1.1999999999999993
      vertex -14.803824580334739 27.637144153431922 1.1999999999999993
      vertex -14.84515058436089 28.478354290456362 1.1999999999999993
    endloop
  endfacet
  facet normal 0 0 1
    outer loop
      vertex -14.803824580334739 27.637144153431922 1.1999999999999993
      vertex -14.774018399495962 27.75613709747984 1.1999999999999993
      vertex -14.803824580334739 28.362855846568078 1.1999999999999993
    endloop
  endfacet
  facet normal 0 0 1
    outer loop
      vertex -14.774018399495962 27.75613709747984 1.1999999999999993
      vertex -14.756019091659754 27.87747857458805 1.1999999999999993
      vertex -14.774018399495962 28.24386290252016 1.1999999999999993
    endloop
  endfacet
  facet normal 0 0 1
    outer loop
      vertex -14.756019091659754 27.87747857458805 1.1999999999999993
      vertex -14.75 28 1.1999999999999993
      vertex -14.756019091659754 28.12252142541195 1.1999999999999993
    endloop
  endfacet
  facet normal 0 0 1
    outer loop
      vertex -15.637144153431922 26.80382458033474 1.1999999999999993
      vertex -15.637144153431922 29.19617541966526 1.1999999999999993
      vertex -15.75613709747984 29.22598160050404 1.1999999999999993
    endloop
  endfacet
  facet normal 0 0 1
    outer loop
      vertex -15.521645709543638 26.84515058436089 1.1999999999999993
      vertex -15.521645709543638 29.15484941563911 1.1999999999999993
      vertex -15.637144153431922 29.19617541966526 1.1999999999999993
    endloop
  endfacet
  facet normal 0 0 1
    outer loop
      vertex -15.410754078967503 26.897598419564556 1.1999999999999993
      vertex -15.410754078967503 29.102401580435444 1.1999999999999993
      vertex -15.521645709543638 29.15484941563911 1.1999999999999993
    endloop
  endfacet
  facet normal 0 0 1
    outer loop
      vertex -15.305537208725497 26.96066298462182 1.1999999999999993
      vertex -15.305537208725497 29.03933701537818 1.1999999999999993
      vertex -15.410754078967503 29.102401580435444 1.1999999999999993
    endloop
  endfacet
  facet normal 0 0 1
    outer loop
      vertex -15.207008394795443 27.033736933296577 1.1999999999999993
      vertex -15.207008394795443 28.966263066703423 1.1999999999999993
      vertex -15.305537208725497 29.03933701537818 1.1999999999999993
    endloop
  endfacet
  facet normal 0 0 1
    outer loop
      vertex -15.116116523516816 27.116116523516816 1.1999999999999993
      vertex -15.116116523516816 28.883883476483184 1.1999999999999993
      vertex -15.207008394795443 28.966263066703423 1.1999999999999993
    endloop
  endfacet
  facet normal 0 0 1
    outer loop
      vertex -15.033736933296579 27.207008394795444 1.1999999999999993
      vertex -15.033736933296579 28.792991605204556 1.1999999999999993
      vertex -15.116116523516816 28.883883476483184 1.1999999999999993
    endloop
  endfacet
  facet normal 0 0 1
    outer loop
      vertex -14.960662984621818 27.305537208725497 1.1999999999999993
      vertex -14.960662984621818 28.694462791274503 1.1999999999999993
      vertex -15.033736933296579 28.792991605204556 1.1999999999999993
    endloop
  endfacet
  facet normal 0 0 1
    outer loop
      vertex -14.897598419564556 27.410754078967503 1.1999999999999993
      vertex -14.897598419564556 28.589245921032497 1.1999999999999993
      vertex -14.960662984621818 28.694462791274503 1.1999999999999993
    endloop
  endfacet
  facet normal 0 0 1
    outer loop
      vertex -14.84515058436089 27.521645709543638 1.1999999999999993
      vertex -14.84515058436089 28.478354290456362 1.1999999999999993
      vertex -14.897598419564556 28.589245921032497 1.1999999999999993
    endloop
  endfacet
  facet normal 0 0 1
    outer loop
      vertex -14.803824580334739 27.637144153431922 1.1999999999999993
      vertex -14.803824580334739 28.362855846568078 1.1999999999999993
      vertex -14.84515058436089 28.478354290456362 1.1999999999999993
    endloop
  endfacet
  facet normal 0 0 1
    outer loop
      vertex -14.774018399495962 27.75613709747984 1.1999999999999993
      vertex -14.774018399495962 28.24386290252016 1.1999999999999993
      vertex -14.803824580334739 28.362855846568078 1.1999999999999993
    endloop
  endfacet
  facet normal 0 0 1
    outer loop
      vertex -14.756019091659754 27.87747857458805 1.1999999999999993
      vertex -14.756019091659754 28.12252142541195 1.1999999999999993
      vertex -14.774018399495962 28.24386290252016 1.1999999999999993
    endloop
  endfacet
  facet normal 0.9039892931234402 0.4275550934302885 0
    outer loop
      vertex -17.102401580435444 27.410754078967503 1.1999999999999993
      vertex -17.15484941563911 27.521645709543638 1.1999999999999993
      vertex -17.102401580435444 27.410754078967503 8.5
    endloop
  endfacet
  facet normal 0.9415440651830287 0.3368898533921982 0
    outer loop
      vertex -17.15484941563911 27.521645709543638 1.1999999999999993
      vertex -17.19617541966526 27.637144153431922 1.1999999999999993
      vertex -17.15484941563911 27.521645709543638 8.5
    endloop
  endfacet
  facet normal 0.9891765099647793 0.14673047445537296 0
    outer loop
      vertex -17.22598160050404 27.75613709747984 1.1999999999999993
      vertex -17.243980908340248 27.87747857458805 1.1999999999999993
      vertex -17.22598160050404 27.75613709747984 8.5
    endloop
  endfacet
  facet normal 0.9987954562051731 0.049067674327402985 0
    outer loop
      vertex -17.243980908340248 27.87747857458805 1.1999999999999993
      vertex -17.25 28 1.1999999999999993
      vertex -17.243980908340248 27.87747857458805 8.5
    endloop
  endfacet
  facet normal 0.9987954562051731 -0.049067674327402985 0
    outer loop
      vertex -17.25 28 1.1999999999999993
      vertex -17.243980908340248 28.12252142541195 1.1999999999999993
      vertex -17.25 28 8.5
    endloop
  endfacet
  facet normal 0.9700312531945395 0.24298017990328158 0
    outer loop
      vertex -17.19617541966526 27.637144153431922 1.1999999999999993
      vertex -17.22598160050404 27.75613709747984 1.1999999999999993
      vertex -17.19617541966526 27.637144153431922 8.5
    endloop
  endfacet
  facet normal 0.9891765099647793 -0.14673047445537296 0
    outer loop
      vertex -17.243980908340248 28.12252142541195 1.1999999999999993
      vertex -17.22598160050404 28.24386290252016 1.1999999999999993
      vertex -17.243980908340248 28.12252142541195 8.5
    endloop
  endfacet
  facet normal 0.9700312531945395 -0.24298017990328158 0
    outer loop
      vertex -17.22598160050404 28.24386290252016 1.1999999999999993
      vertex -17.19617541966526 28.362855846568078 1.1999999999999993
      vertex -17.22598160050404 28.24386290252016 8.5
    endloop
  endfacet
  facet normal 0.9415440651830287 -0.3368898533921982 0
    outer loop
      vertex -17.19617541966526 28.362855846568078 1.1999999999999993
      vertex -17.15484941563911 28.478354290456362 1.1999999999999993
      vertex -17.19617541966526 28.362855846568078 8.5
    endloop
  endfacet
  facet normal 0.9039892931234402 -0.4275550934302885 0
    outer loop
      vertex -17.15484941563911 28.478354290456362 1.1999999999999993
      vertex -17.102401580435444 28.589245921032497 1.1999999999999993
      vertex -17.15484941563911 28.478354290456362 8.5
    endloop
  endfacet
  facet normal 0.8577286100002687 -0.5141027441932274 0
    outer loop
      vertex -17.102401580435444 28.589245921032497 1.1999999999999993
      vertex -17.03933701537818 28.694462791274503 1.1999999999999993
      vertex -17.102401580435444 28.589245921032497 8.5
    endloop
  endfacet
  facet normal 0.8032075314806512 0.595699304492425 0
    outer loop
      vertex -16.966263066703423 27.207008394795444 1.1999999999999993
      vertex -17.03933701537818 27.305537208725497 1.1999999999999993
      vertex -16.966263066703423 27.207008394795444 8.5
    endloop
  endfacet
  facet normal 0.7409511253549573 0.6715589548470204 0
    outer loop
      vertex -16.883883476483184 27.116116523516816 1.1999999999999993
      vertex -16.966263066703423 27.207008394795444 1.1999999999999993
      vertex -16.883883476483184 27.116116523516816 8.5
    endloop
  endfacet
  facet normal 0.6715589548470204 0.7409511253549573 0
    outer loop
      vertex -16.792991605204556 27.033736933296577 1.1999999999999993
      vertex -16.883883476483184 27.116116523516816 1.1999999999999993
      vertex -16.792991605204556 27.033736933296577 8.5
    endloop
  endfacet
  facet normal 0.4275550934302885 0.9039892931234402 0
    outer loop
      vertex -16.478354290456362 26.84515058436089 1.1999999999999993
      vertex -16.589245921032497 26.897598419564556 1.1999999999999993
      vertex -16.478354290456362 26.84515058436089 8.5
    endloop
  endfacet
  facet normal 0.595699304492425 0.8032075314806512 0
    outer loop
      vertex -16.694462791274503 26.96066298462182 1.1999999999999993
      vertex -16.792991605204556 27.033736933296577 1.1999999999999993
      vertex -16.694462791274503 26.96066298462182 8.5
    endloop
  endfacet
  facet normal 0.5141027441932274 0.8577286100002687 0
    outer loop
      vertex -16.589245921032497 26.897598419564556 1.1999999999999993
      vertex -16.694462791274503 26.96066298462182 1.1999999999999993
      vertex -16.589245921032497 26.897598419564556 8.5
    endloop
  endfacet
  facet normal 0.8577286100002687 0.5141027441932274 0
    outer loop
      vertex -17.03933701537818 27.305537208725497 1.1999999999999993
      vertex -17.102401580435444 27.410754078967503 1.1999999999999993
      vertex -17.03933701537818 27.305537208725497 8.5
    endloop
  endfacet
  facet normal 0.3368898533921982 0.9415440651830287 0
    outer loop
      vertex -16.362855846568078 26.80382458033474 1.1999999999999993
      vertex -16.478354290456362 26.84515058436089 1.1999999999999993
      vertex -16.362855846568078 26.80382458033474 8.5
    endloop
  endfacet
  facet normal 0.24298017990328158 0.9700312531945395 0
    outer loop
      vertex -16.24386290252016 26.77401839949596 1.1999999999999993
      vertex -16.362855846568078 26.80382458033474 1.1999999999999993
      vertex -16.24386290252016 26.77401839949596 8.5
    endloop
  endfacet
  facet normal 0.14673047445537296 0.9891765099647793 0
    outer loop
      vertex -16.24386290252016 26.77401839949596 1.1999999999999993
      vertex -16.12252142541195 26.756019091659752 8.5
      vertex -16.12252142541195 26.756019091659752 1.1999999999999993
    endloop
  endfacet
  facet normal 0.049067674327402985 0.9987954562051731 0
    outer loop
      vertex -16.12252142541195 26.756019091659752 1.1999999999999993
      vertex -16 26.75 8.5
      vertex -16 26.75 1.1999999999999993
    endloop
  endfacet
  facet normal -0.049067674327402985 0.9987954562051731 0
    outer loop
      vertex -16 26.75 1.1999999999999993
      vertex -15.87747857458805 26.756019091659752 8.5
      vertex -15.87747857458805 26.756019091659752 1.1999999999999993
    endloop
  endfacet
  facet normal -0.14673047445537296 0.9891765099647793 0
    outer loop
      vertex -15.87747857458805 26.756019091659752 1.1999999999999993
      vertex -15.75613709747984 26.77401839949596 8.5
      vertex -15.75613709747984 26.77401839949596 1.1999999999999993
    endloop
  endfacet
  facet normal 0.8032075314806512 -0.595699304492425 0
    outer loop
      vertex -17.03933701537818 28.694462791274503 1.1999999999999993
      vertex -16.966263066703423 28.792991605204556 1.1999999999999993
      vertex -17.03933701537818 28.694462791274503 8.5
    endloop
  endfacet
  facet normal 0.7409511253549573 -0.6715589548470204 0
    outer loop
      vertex -16.966263066703423 28.792991605204556 1.1999999999999993
      vertex -16.883883476483184 28.883883476483184 1.1999999999999993
      vertex -16.966263066703423 28.792991605204556 8.5
    endloop
  endfacet
  facet normal 0.6715589548470204 -0.7409511253549573 0
    outer loop
      vertex -16.883883476483184 28.883883476483184 1.1999999999999993
      vertex -16.792991605204556 28.966263066703423 1.1999999999999993
      vertex -16.883883476483184 28.883883476483184 8.5
    endloop
  endfacet
  facet normal 0.595699304492425 -0.8032075314806512 0
    outer loop
      vertex -16.792991605204556 28.966263066703423 1.1999999999999993
      vertex -16.694462791274503 29.03933701537818 1.1999999999999993
      vertex -16.792991605204556 28.966263066703423 8.5
    endloop
  endfacet
  facet normal 0.5141027441932274 -0.8577286100002687 0
    outer loop
      vertex -16.694462791274503 29.03933701537818 1.1999999999999993
      vertex -16.589245921032497 29.102401580435444 1.1999999999999993
      vertex -16.694462791274503 29.03933701537818 8.5
    endloop
  endfacet
  facet normal 0.4275550934302885 -0.9039892931234402 0
    outer loop
      vertex -16.589245921032497 29.102401580435444 1.1999999999999993
      vertex -16.478354290456362 29.15484941563911 1.1999999999999993
      vertex -16.589245921032497 29.102401580435444 8.5
    endloop
  endfacet
  facet normal 0.3368898533921982 -0.9415440651830287 0
    outer loop
      vertex -16.478354290456362 29.15484941563911 1.1999999999999993
      vertex -16.362855846568078 29.19617541966526 1.1999999999999993
      vertex -16.478354290456362 29.15484941563911 8.5
    endloop
  endfacet
  facet normal 0.24298017990328158 -0.9700312531945395 0
    outer loop
      vertex -16.362855846568078 29.19617541966526 1.1999999999999993
      vertex -16.24386290252016 29.22598160050404 1.1999999999999993
      vertex -16.362855846568078 29.19617541966526 8.5
    endloop
  endfacet
  facet normal 0.14673047445537296 -0.9891765099647793 0
    outer loop
      vertex -16.24386290252016 29.22598160050404 1.1999999999999993
      vertex -16.12252142541195 29.243980908340248 1.1999999999999993
      vertex -16.24386290252016 29.22598160050404 8.5
    endloop
  endfacet
  facet normal 0.049067674327402985 -0.9987954562051731 0
    outer loop
      vertex -16.12252142541195 29.243980908340248 1.1999999999999993
      vertex -16 29.25 1.1999999999999993
      vertex -16.12252142541195 29.243980908340248 8.5
    endloop
  endfacet
  facet normal -0.049067674327402985 -0.9987954562051731 0
    outer loop
      vertex -16 29.25 1.1999999999999993
      vertex -15.87747857458805 29.243980908340248 1.1999999999999993
      vertex -16 29.25 8.5
    endloop
  endfacet
  facet normal -0.14673047445537296 -0.9891765099647793 0
    outer loop
      vertex -15.75613709747984 29.22598160050404 1.1999999999999993
      vertex -15.87747857458805 29.243980908340248 8.5
      vertex -15.87747857458805 29.243980908340248 1.1999999999999993
    endloop
  endfacet
  facet normal -0.24298017990328158 0.9700312531945395 0
    outer loop
      vertex -15.75613709747984 26.77401839949596 1.1999999999999993
      vertex -15.637144153431922 26.80382458033474 8.5
      vertex -15.637144153431922 26.80382458033474 1.1999999999999993
    endloop
  endfacet
  facet normal -0.3368898533921982 0.9415440651830287 0
    outer loop
      vertex -15.637144153431922 26.80382458033474 1.1999999999999993
      vertex -15.521645709543638 26.84515058436089 8.5
      vertex -15.521645709543638 26.84515058436089 1.1999999999999993
    endloop
  endfacet
  facet normal -0.4275550934302885 0.9039892931234402 0
    outer loop
      vertex -15.521645709543638 26.84515058436089 1.1999999999999993
      vertex -15.410754078967503 26.897598419564556 8.5
      vertex -15.410754078967503 26.897598419564556 1.1999999999999993
    endloop
  endfacet
  facet normal -0.5141027441932274 0.8577286100002687 0
    outer loop
      vertex -15.410754078967503 26.897598419564556 1.1999999999999993
      vertex -15.305537208725497 26.96066298462182 8.5
      vertex -15.305537208725497 26.96066298462182 1.1999999999999993
    endloop
  endfacet
  facet normal -0.5956993044924181 0.8032075314806562 0
    outer loop
      vertex -15.305537208725497 26.96066298462182 1.1999999999999993
      vertex -15.207008394795443 27.033736933296577 8.5
      vertex -15.207008394795443 27.033736933296577 1.1999999999999993
    endloop
  endfacet
  facet normal -0.6715589548470277 0.7409511253549508 0
    outer loop
      vertex -15.207008394795443 27.033736933296577 1.1999999999999993
      vertex -15.116116523516816 27.116116523516816 8.5
      vertex -15.116116523516816 27.116116523516816 1.1999999999999993
    endloop
  endfacet
  facet normal -0.7409511253549645 0.6715589548470124 0
    outer loop
      vertex -15.116116523516816 27.116116523516816 1.1999999999999993
      vertex -15.033736933296579 27.207008394795444 8.5
      vertex -15.033736933296579 27.207008394795444 1.1999999999999993
    endloop
  endfacet
  facet normal -0.8032075314806372 0.5956993044924437 0
    outer loop
      vertex -15.033736933296579 27.207008394795444 1.1999999999999993
      vertex -14.960662984621818 27.305537208725497 8.5
      vertex -14.960662984621818 27.305537208725497 1.1999999999999993
    endloop
  endfacet
  facet normal -0.8577286100002751 0.5141027441932167 0
    outer loop
      vertex -14.960662984621818 27.305537208725497 1.1999999999999993
      vertex -14.897598419564556 27.410754078967503 8.5
      vertex -14.897598419564556 27.410754078967503 1.1999999999999993
    endloop
  endfacet
  facet normal -0.9039892931234402 0.4275550934302885 0
    outer loop
      vertex -14.897598419564556 27.410754078967503 1.1999999999999993
      vertex -14.84515058436089 27.521645709543638 8.5
      vertex -14.84515058436089 27.521645709543638 1.1999999999999993
    endloop
  endfacet
  facet normal -0.9415440651830239 0.33688985339221095 0
    outer loop
      vertex -14.84515058436089 27.521645709543638 1.1999999999999993
      vertex -14.803824580334739 27.637144153431922 8.5
      vertex -14.803824580334739 27.637144153431922 1.1999999999999993
    endloop
  endfacet
  facet normal -0.970031253194543 0.24298017990326795 0
    outer loop
      vertex -14.803824580334739 27.637144153431922 1.1999999999999993
      vertex -14.774018399495962 27.75613709747984 8.5
      vertex -14.774018399495962 27.75613709747984 1.1999999999999993
    endloop
  endfacet
  facet normal -0.9891765099647815 0.14673047445535878 0
    outer loop
      vertex -14.774018399495962 27.75613709747984 1.1999999999999993
      vertex -14.756019091659754 27.87747857458805 8.5
      vertex -14.756019091659754 27.87747857458805 1.1999999999999993
    endloop
  endfacet
  facet normal -0.9987954562051725 0.04906767432741743 0
    outer loop
      vertex -14.756019091659754 27.87747857458805 1.1999999999999993
      vertex -14.75 28 8.5
      vertex -14.75 28 1.1999999999999993
    endloop
  endfacet
  facet normal -0.24298017990328158 -0.9700312531945395 0
    outer loop
      vertex -15.637144153431922 29.19617541966526 1.1999999999999993
      vertex -15.75613709747984 29.22598160050404 8.5
      vertex -15.75613709747984 29.22598160050404 1.1999999999999993
    endloop
  endfacet
  facet normal -0.3368898533921982 -0.9415440651830287 0
    outer loop
      vertex -15.521645709543638 29.15484941563911 1.1999999999999993
      vertex -15.637144153431922 29.19617541966526 8.5
      vertex -15.637144153431922 29.19617541966526 1.1999999999999993
    endloop
  endfacet
  facet normal -0.4275550934302885 -0.9039892931234402 0
    outer loop
      vertex -15.410754078967503 29.102401580435444 1.1999999999999993
      vertex -15.521645709543638 29.15484941563911 8.5
      vertex -15.521645709543638 29.15484941563911 1.1999999999999993
    endloop
  endfacet
  facet normal -0.5956993044924181 -0.8032075314806562 0
    outer loop
      vertex -15.207008394795443 28.966263066703423 1.1999999999999993
      vertex -15.305537208725497 29.03933701537818 8.5
      vertex -15.305537208725497 29.03933701537818 1.1999999999999993
    endloop
  endfacet
  facet normal -0.5141027441932274 -0.8577286100002687 0
    outer loop
      vertex -15.305537208725497 29.03933701537818 1.1999999999999993
      vertex -15.410754078967503 29.102401580435444 8.5
      vertex -15.410754078967503 29.102401580435444 1.1999999999999993
    endloop
  endfacet
  facet normal -0.6715589548470277 -0.7409511253549508 0
    outer loop
      vertex -15.116116523516816 28.883883476483184 1.1999999999999993
      vertex -15.207008394795443 28.966263066703423 8.5
      vertex -15.207008394795443 28.966263066703423 1.1999999999999993
    endloop
  endfacet
  facet normal -0.9891765099647815 -0.14673047445535878 0
    outer loop
      vertex -14.756019091659754 28.12252142541195 1.1999999999999993
      vertex -14.774018399495962 28.24386290252016 8.5
      vertex -14.774018399495962 28.24386290252016 1.1999999999999993
    endloop
  endfacet
  facet normal -0.970031253194543 -0.24298017990326795 0
    outer loop
      vertex -14.774018399495962 28.24386290252016 1.1999999999999993
      vertex -14.803824580334739 28.362855846568078 8.5
      vertex -14.803824580334739 28.362855846568078 1.1999999999999993
    endloop
  endfacet
  facet normal -0.9415440651830239 -0.33688985339221095 0
    outer loop
      vertex -14.803824580334739 28.362855846568078 1.1999999999999993
      vertex -14.84515058436089 28.478354290456362 8.5
      vertex -14.84515058436089 28.478354290456362 1.1999999999999993
    endloop
  endfacet
  facet normal -0.8577286100002751 -0.5141027441932167 0
    outer loop
      vertex -14.897598419564556 28.589245921032497 1.1999999999999993
      vertex -14.960662984621818 28.694462791274503 8.5
      vertex -14.960662984621818 28.694462791274503 1.1999999999999993
    endloop
  endfacet
  facet normal -0.8032075314806372 -0.5956993044924437 0
    outer loop
      vertex -14.960662984621818 28.694462791274503 1.1999999999999993
      vertex -15.033736933296579 28.792991605204556 8.5
      vertex -15.033736933296579 28.792991605204556 1.1999999999999993
    endloop
  endfacet
  facet normal -0.9039892931234402 -0.4275550934302885 0
    outer loop
      vertex -14.84515058436089 28.478354290456362 1.1999999999999993
      vertex -14.897598419564556 28.589245921032497 8.5
      vertex -14.897598419564556 28.589245921032497 1.1999999999999993
    endloop
  endfacet
  facet normal -0.9987954562051725 -0.04906767432741743 0
    outer loop
      vertex -14.75 28 1.1999999999999993
      vertex -14.756019091659754 28.12252142541195 8.5
      vertex -14.756019091659754 28.12252142541195 1.1999999999999993
    endloop
  endfacet
  facet normal -0.7409511253549645 -0.6715589548470124 0
    outer loop
      vertex -15.116116523516816 28.883883476483184 1.1999999999999993
      vertex -15.033736933296579 28.792991605204556 1.1999999999999993
      vertex -15.116116523516816 28.883883476483184 8.5
    endloop
  endfacet
  facet normal 0.8577286100002687 0.5141027441932274 0
    outer loop
      vertex -17.102401580435444 27.410754078967503 1.1999999999999993
      vertex -17.102401580435444 27.410754078967503 8.5
      vertex -17.03933701537818 27.305537208725497 8.5
    endloop
  endfacet
  facet normal 0.9415440651830287 0.3368898533921982 0
    outer loop
      vertex -17.19617541966526 27.637144153431922 1.1999999999999993
      vertex -17.19617541966526 27.637144153431922 8.5
      vertex -17.15484941563911 27.521645709543638 8.5
    endloop
  endfacet
  facet normal 0.9039892931234402 0.4275550934302885 0
    outer loop
      vertex -17.15484941563911 27.521645709543638 1.1999999999999993
      vertex -17.15484941563911 27.521645709543638 8.5
      vertex -17.102401580435444 27.410754078967503 8.5
    endloop
  endfacet
  facet normal 0.9891765099647793 0.14673047445537296 0
    outer loop
      vertex -17.243980908340248 27.87747857458805 1.1999999999999993
      vertex -17.243980908340248 27.87747857458805 8.5
      vertex -17.22598160050404 27.75613709747984 8.5
    endloop
  endfacet
  facet normal 0.9987954562051731 0.049067674327402985 0
    outer loop
      vertex -17.25 28 1.1999999999999993
      vertex -17.25 28 8.5
      vertex -17.243980908340248 27.87747857458805 8.5
    endloop
  endfacet
  facet normal 0.9700312531945395 0.24298017990328158 0
    outer loop
      vertex -17.22598160050404 27.75613709747984 1.1999999999999993
      vertex -17.22598160050404 27.75613709747984 8.5
      vertex -17.19617541966526 27.637144153431922 8.5
    endloop
  endfacet
  facet normal 0.9987954562051731 -0.049067674327402985 0
    outer loop
      vertex -17.243980908340248 28.12252142541195 1.1999999999999993
      vertex -17.243980908340248 28.12252142541195 8.5
      vertex -17.25 28 8.5
    endloop
  endfacet
  facet normal 0.9891765099647793 -0.14673047445537296 0
    outer loop
      vertex -17.22598160050404 28.24386290252016 1.1999999999999993
      vertex -17.22598160050404 28.24386290252016 8.5
      vertex -17.243980908340248 28.12252142541195 8.5
    endloop
  endfacet
  facet normal 0.9700312531945395 -0.24298017990328158 0
    outer loop
      vertex -17.19617541966526 28.362855846568078 1.1999999999999993
      vertex -17.19617541966526 28.362855846568078 8.5
      vertex -17.22598160050404 28.24386290252016 8.5
    endloop
  endfacet
  facet normal 0.9415440651830287 -0.3368898533921982 0
    outer loop
      vertex -17.15484941563911 28.478354290456362 1.1999999999999993
      vertex -17.15484941563911 28.478354290456362 8.5
      vertex -17.19617541966526 28.362855846568078 8.5
    endloop
  endfacet
  facet normal 0.9039892931234402 -0.4275550934302885 0
    outer loop
      vertex -17.102401580435444 28.589245921032497 1.1999999999999993
      vertex -17.102401580435444 28.589245921032497 8.5
      vertex -17.15484941563911 28.478354290456362 8.5
    endloop
  endfacet
  facet normal 0.8032075314806512 0.595699304492425 0
    outer loop
      vertex -17.03933701537818 27.305537208725497 1.1999999999999993
      vertex -17.03933701537818 27.305537208725497 8.5
      vertex -16.966263066703423 27.207008394795444 8.5
    endloop
  endfacet
  facet normal 0.7409511253549573 0.6715589548470204 0
    outer loop
      vertex -16.966263066703423 27.207008394795444 1.1999999999999993
      vertex -16.966263066703423 27.207008394795444 8.5
      vertex -16.883883476483184 27.116116523516816 8.5
    endloop
  endfacet
  facet normal 0.595699304492425 0.8032075314806512 0
    outer loop
      vertex -16.792991605204556 27.033736933296577 1.1999999999999993
      vertex -16.792991605204556 27.033736933296577 8.5
      vertex -16.694462791274503 26.96066298462182 8.5
    endloop
  endfacet
  facet normal 0.6715589548470204 0.7409511253549573 0
    outer loop
      vertex -16.883883476483184 27.116116523516816 1.1999999999999993
      vertex -16.883883476483184 27.116116523516816 8.5
      vertex -16.792991605204556 27.033736933296577 8.5
    endloop
  endfacet
  facet normal 0.4275550934302885 0.9039892931234402 0
    outer loop
      vertex -16.589245921032497 26.897598419564556 1.1999999999999993
      vertex -16.589245921032497 26.897598419564556 8.5
      vertex -16.478354290456362 26.84515058436089 8.5
    endloop
  endfacet
  facet normal 0.3368898533921982 0.9415440651830287 0
    outer loop
      vertex -16.478354290456362 26.84515058436089 1.1999999999999993
      vertex -16.478354290456362 26.84515058436089 8.5
      vertex -16.362855846568078 26.80382458033474 8.5
    endloop
  endfacet
  facet normal 0.5141027441932274 0.8577286100002687 0
    outer loop
      vertex -16.694462791274503 26.96066298462182 1.1999999999999993
      vertex -16.694462791274503 26.96066298462182 8.5
      vertex -16.589245921032497 26.897598419564556 8.5
    endloop
  endfacet
  facet normal 0.24298017990328158 0.9700312531945395 0
    outer loop
      vertex -16.362855846568078 26.80382458033474 1.1999999999999993
      vertex -16.362855846568078 26.80382458033474 8.5
      vertex -16.24386290252016 26.77401839949596 8.5
    endloop
  endfacet
  facet normal 0.14673047445537296 0.9891765099647793 0
    outer loop
      vertex -16.24386290252016 26.77401839949596 1.1999999999999993
      vertex -16.24386290252016 26.77401839949596 8.5
      vertex -16.12252142541195 26.756019091659752 8.5
    endloop
  endfacet
  facet normal 0.049067674327402985 0.9987954562051731 0
    outer loop
      vertex -16.12252142541195 26.756019091659752 1.1999999999999993
      vertex -16.12252142541195 26.756019091659752 8.5
      vertex -16 26.75 8.5
    endloop
  endfacet
  facet normal -0.049067674327402985 0.9987954562051731 0
    outer loop
      vertex -16 26.75 1.1999999999999993
      vertex -16 26.75 8.5
      vertex -15.87747857458805 26.756019091659752 8.5
    endloop
  endfacet
  facet normal -0.14673047445537296 0.9891765099647793 0
    outer loop
      vertex -15.87747857458805 26.756019091659752 1.1999999999999993
      vertex -15.87747857458805 26.756019091659752 8.5
      vertex -15.75613709747984 26.77401839949596 8.5
    endloop
  endfacet
  facet normal 0.8577286100002687 -0.5141027441932274 0
    outer loop
      vertex -17.03933701537818 28.694462791274503 1.1999999999999993
      vertex -17.03933701537818 28.694462791274503 8.5
      vertex -17.102401580435444 28.589245921032497 8.5
    endloop
  endfacet
  facet normal 0.8032075314806512 -0.595699304492425 0
    outer loop
      vertex -16.966263066703423 28.792991605204556 1.1999999999999993
      vertex -16.966263066703423 28.792991605204556 8.5
      vertex -17.03933701537818 28.694462791274503 8.5
    endloop
  endfacet
  facet normal 0.7409511253549573 -0.6715589548470204 0
    outer loop
      vertex -16.883883476483184 28.883883476483184 1.1999999999999993
      vertex -16.883883476483184 28.883883476483184 8.5
      vertex -16.966263066703423 28.792991605204556 8.5
    endloop
  endfacet
  facet normal 0.6715589548470204 -0.7409511253549573 0
    outer loop
      vertex -16.792991605204556 28.966263066703423 1.1999999999999993
      vertex -16.792991605204556 28.966263066703423 8.5
      vertex -16.883883476483184 28.883883476483184 8.5
    endloop
  endfacet
  facet normal 0.595699304492425 -0.8032075314806512 0
    outer loop
      vertex -16.694462791274503 29.03933701537818 1.1999999999999993
      vertex -16.694462791274503 29.03933701537818 8.5
      vertex -16.792991605204556 28.966263066703423 8.5
    endloop
  endfacet
  facet normal 0.5141027441932274 -0.8577286100002687 0
    outer loop
      vertex -16.589245921032497 29.102401580435444 1.1999999999999993
      vertex -16.589245921032497 29.102401580435444 8.5
      vertex -16.694462791274503 29.03933701537818 8.5
    endloop
  endfacet
  facet normal 0.4275550934302885 -0.9039892931234402 0
    outer loop
      vertex -16.478354290456362 29.15484941563911 1.1999999999999993
      vertex -16.478354290456362 29.15484941563911 8.5
      vertex -16.589245921032497 29.102401580435444 8.5
    endloop
  endfacet
  facet normal 0.3368898533921982 -0.9415440651830287 0
    outer loop
      vertex -16.362855846568078 29.19617541966526 1.1999999999999993
      vertex -16.362855846568078 29.19617541966526 8.5
      vertex -16.478354290456362 29.15484941563911 8.5
    endloop
  endfacet
  facet normal 0.24298017990328158 -0.9700312531945395 0
    outer loop
      vertex -16.24386290252016 29.22598160050404 1.1999999999999993
      vertex -16.24386290252016 29.22598160050404 8.5
      vertex -16.362855846568078 29.19617541966526 8.5
    endloop
  endfacet
  facet normal 0.14673047445537296 -0.9891765099647793 0
    outer loop
      vertex -16.12252142541195 29.243980908340248 1.1999999999999993
      vertex -16.12252142541195 29.243980908340248 8.5
      vertex -16.24386290252016 29.22598160050404 8.5
    endloop
  endfacet
  facet normal -0.14673047445537296 -0.9891765099647793 0
    outer loop
      vertex -15.75613709747984 29.22598160050404 1.1999999999999993
      vertex -15.75613709747984 29.22598160050404 8.5
      vertex -15.87747857458805 29.243980908340248 8.5
    endloop
  endfacet
  facet normal 0.049067674327402985 -0.9987954562051731 0
    outer loop
      vertex -16 29.25 1.1999999999999993
      vertex -16 29.25 8.5
      vertex -16.12252142541195 29.243980908340248 8.5
    endloop
  endfacet
  facet normal -0.049067674327402985 -0.9987954562051731 0
    outer loop
      vertex -15.87747857458805 29.243980908340248 1.1999999999999993
      vertex -15.87747857458805 29.243980908340248 8.5
      vertex -16 29.25 8.5
    endloop
  endfacet
  facet normal -0.24298017990328158 0.9700312531945395 0
    outer loop
      vertex -15.75613709747984 26.77401839949596 1.1999999999999993
      vertex -15.75613709747984 26.77401839949596 8.5
      vertex -15.637144153431922 26.80382458033474 8.5
    endloop
  endfacet
  facet normal -0.3368898533921982 0.9415440651830287 0
    outer loop
      vertex -15.637144153431922 26.80382458033474 1.1999999999999993
      vertex -15.637144153431922 26.80382458033474 8.5
      vertex -15.521645709543638 26.84515058436089 8.5
    endloop
  endfacet
  facet normal -0.4275550934302885 0.9039892931234402 0
    outer loop
      vertex -15.521645709543638 26.84515058436089 1.1999999999999993
      vertex -15.521645709543638 26.84515058436089 8.5
      vertex -15.410754078967503 26.897598419564556 8.5
    endloop
  endfacet
  facet normal -0.5141027441932274 0.8577286100002687 0
    outer loop
      vertex -15.410754078967503 26.897598419564556 1.1999999999999993
      vertex -15.410754078967503 26.897598419564556 8.5
      vertex -15.305537208725497 26.96066298462182 8.5
    endloop
  endfacet
  facet normal -0.5956993044924181 0.8032075314806562 0
    outer loop
      vertex -15.305537208725497 26.96066298462182 1.1999999999999993
      vertex -15.305537208725497 26.96066298462182 8.5
      vertex -15.207008394795443 27.033736933296577 8.5
    endloop
  endfacet
  facet normal -0.6715589548470277 0.7409511253549508 0
    outer loop
      vertex -15.207008394795443 27.033736933296577 1.1999999999999993
      vertex -15.207008394795443 27.033736933296577 8.5
      vertex -15.116116523516816 27.116116523516816 8.5
    endloop
  endfacet
  facet normal -0.7409511253549645 0.6715589548470124 0
    outer loop
      vertex -15.116116523516816 27.116116523516816 1.1999999999999993
      vertex -15.116116523516816 27.116116523516816 8.5
      vertex -15.033736933296579 27.207008394795444 8.5
    endloop
  endfacet
  facet normal -0.8032075314806372 0.5956993044924437 0
    outer loop
      vertex -15.033736933296579 27.207008394795444 1.1999999999999993
      vertex -15.033736933296579 27.207008394795444 8.5
      vertex -14.960662984621818 27.305537208725497 8.5
    endloop
  endfacet
  facet normal -0.8577286100002751 0.5141027441932167 0
    outer loop
      vertex -14.960662984621818 27.305537208725497 1.1999999999999993
      vertex -14.960662984621818 27.305537208725497 8.5
      vertex -14.897598419564556 27.410754078967503 8.5
    endloop
  endfacet
  facet normal -0.9039892931234402 0.4275550934302885 0
    outer loop
      vertex -14.897598419564556 27.410754078967503 1.1999999999999993
      vertex -14.897598419564556 27.410754078967503 8.5
      vertex -14.84515058436089 27.521645709543638 8.5
    endloop
  endfacet
  facet normal -0.9415440651830239 0.33688985339221095 0
    outer loop
      vertex -14.84515058436089 27.521645709543638 1.1999999999999993
      vertex -14.84515058436089 27.521645709543638 8.5
      vertex -14.803824580334739 27.637144153431922 8.5
    endloop
  endfacet
  facet normal -0.970031253194543 0.24298017990326795 0
    outer loop
      vertex -14.803824580334739 27.637144153431922 1.1999999999999993
      vertex -14.803824580334739 27.637144153431922 8.5
      vertex -14.774018399495962 27.75613709747984 8.5
    endloop
  endfacet
  facet normal -0.9891765099647815 0.14673047445535878 0
    outer loop
      vertex -14.774018399495962 27.75613709747984 1.1999999999999993
      vertex -14.774018399495962 27.75613709747984 8.5
      vertex -14.756019091659754 27.87747857458805 8.5
    endloop
  endfacet
  facet normal -0.9987954562051725 0.04906767432741743 0
    outer loop
      vertex -14.756019091659754 27.87747857458805 1.1999999999999993
      vertex -14.756019091659754 27.87747857458805 8.5
      vertex -14.75 28 8.5
    endloop
  endfacet
  facet normal -0.9987954562051725 -0.04906767432741743 0
    outer loop
      vertex -14.75 28 1.1999999999999993
      vertex -14.75 28 8.5
      vertex -14.756019091659754 28.12252142541195 8.5
    endloop
  endfacet
  facet normal -0.24298017990328158 -0.9700312531945395 0
    outer loop
      vertex -15.637144153431922 29.19617541966526 1.1999999999999993
      vertex -15.637144153431922 29.19617541966526 8.5
      vertex -15.75613709747984 29.22598160050404 8.5
    endloop
  endfacet
  facet normal -0.3368898533921982 -0.9415440651830287 0
    outer loop
      vertex -15.521645709543638 29.15484941563911 1.1999999999999993
      vertex -15.521645709543638 29.15484941563911 8.5
      vertex -15.637144153431922 29.19617541966526 8.5
    endloop
  endfacet
  facet normal -0.4275550934302885 -0.9039892931234402 0
    outer loop
      vertex -15.410754078967503 29.102401580435444 1.1999999999999993
      vertex -15.410754078967503 29.102401580435444 8.5
      vertex -15.521645709543638 29.15484941563911 8.5
    endloop
  endfacet
  facet normal -0.5141027441932274 -0.8577286100002687 0
    outer loop
      vertex -15.305537208725497 29.03933701537818 1.1999999999999993
      vertex -15.305537208725497 29.03933701537818 8.5
      vertex -15.410754078967503 29.102401580435444 8.5
    endloop
  endfacet
  facet normal -0.5956993044924181 -0.8032075314806562 0
    outer loop
      vertex -15.207008394795443 28.966263066703423 1.1999999999999993
      vertex -15.207008394795443 28.966263066703423 8.5
      vertex -15.305537208725497 29.03933701537818 8.5
    endloop
  endfacet
  facet normal -0.6715589548470277 -0.7409511253549508 0
    outer loop
      vertex -15.116116523516816 28.883883476483184 1.1999999999999993
      vertex -15.116116523516816 28.883883476483184 8.5
      vertex -15.207008394795443 28.966263066703423 8.5
    endloop
  endfacet
  facet normal -0.970031253194543 -0.24298017990326795 0
    outer loop
      vertex -14.774018399495962 28.24386290252016 1.1999999999999993
      vertex -14.774018399495962 28.24386290252016 8.5
      vertex -14.803824580334739 28.362855846568078 8.5
    endloop
  endfacet
  facet normal -0.9415440651830239 -0.33688985339221095 0
    outer loop
      vertex -14.803824580334739 28.362855846568078 1.1999999999999993
      vertex -14.803824580334739 28.362855846568078 8.5
      vertex -14.84515058436089 28.478354290456362 8.5
    endloop
  endfacet
  facet normal -0.7409511253549645 -0.6715589548470124 0
    outer loop
      vertex -15.033736933296579 28.792991605204556 1.1999999999999993
      vertex -15.033736933296579 28.792991605204556 8.5
      vertex -15.116116523516816 28.883883476483184 8.5
    endloop
  endfacet
  facet normal -0.8032075314806372 -0.5956993044924437 0
    outer loop
      vertex -14.960662984621818 28.694462791274503 1.1999999999999993
      vertex -14.960662984621818 28.694462791274503 8.5
      vertex -15.033736933296579 28.792991605204556 8.5
    endloop
  endfacet
  facet normal -0.9039892931234402 -0.4275550934302885 0
    outer loop
      vertex -14.84515058436089 28.478354290456362 1.1999999999999993
      vertex -14.84515058436089 28.478354290456362 8.5
      vertex -14.897598419564556 28.589245921032497 8.5
    endloop
  endfacet
  facet normal -0.8577286100002751 -0.5141027441932167 0
    outer loop
      vertex -14.897598419564556 28.589245921032497 1.1999999999999993
      vertex -14.897598419564556 28.589245921032497 8.5
      vertex -14.960662984621818 28.694462791274503 8.5
    endloop
  endfacet
  facet normal -0.9891765099647815 -0.14673047445535878 0
    outer loop
      vertex -14.756019091659754 28.12252142541195 1.1999999999999993
      vertex -14.756019091659754 28.12252142541195 8.5
      vertex -14.774018399495962 28.24386290252016 8.5
    endloop
  endfacet
  facet normal 0 0 1
    outer loop
      vertex 14.774018399495962 -0.2438629025201603 1.1999999999999993
      vertex 14.756019091659754 0.12252142541195075 1.1999999999999993
      vertex 14.756019091659754 -0.12252142541195075 1.1999999999999993
    endloop
  endfacet
  facet normal 0 0 1
    outer loop
      vertex 14.803824580334739 -0.3628558465680779 1.1999999999999993
      vertex 14.774018399495962 0.2438629025201603 1.1999999999999993
      vertex 14.774018399495962 -0.2438629025201603 1.1999999999999993
    endloop
  endfacet
  facet normal 0 0 1
    outer loop
      vertex 14.84515058436089 -0.47835429045636224 1.1999999999999993
      vertex 14.803824580334739 0.3628558465680779 1.1999999999999993
      vertex 14.803824580334739 -0.3628558465680779 1.1999999999999993
    endloop
  endfacet
  facet normal 0 0 1
    outer loop
      vertex 14.897598419564556 -0.5892459210324971 1.1999999999999993
      vertex 14.84515058436089 0.47835429045636224 1.1999999999999993
      vertex 14.84515058436089 -0.47835429045636224 1.1999999999999993
    endloop
  endfacet
  facet normal 0 0 1
    outer loop
      vertex 14.960662984621818 -0.6944627912745027 1.1999999999999993
      vertex 14.897598419564556 0.5892459210324971 1.1999999999999993
      vertex 14.897598419564556 -0.5892459210324971 1.1999999999999993
    endloop
  endfacet
  facet normal 0 0 1
    outer loop
      vertex 15.033736933296579 -0.7929916052045569 1.1999999999999993
      vertex 14.960662984621818 0.6944627912745027 1.1999999999999993
      vertex 14.960662984621818 -0.6944627912745027 1.1999999999999993
    endloop
  endfacet
  facet normal 0 0 1
    outer loop
      vertex 15.033736933296579 -0.7929916052045569 1.1999999999999993
      vertex 15.116116523516816 -0.8838834764831844 1.1999999999999993
      vertex 15.033736933296579 0.7929916052045569 1.1999999999999993
    endloop
  endfacet
  facet normal 0 0 1
    outer loop
      vertex 15.207008394795443 -0.9662630667034212 1.1999999999999993
      vertex 15.116116523516816 0.8838834764831844 1.1999999999999993
      vertex 15.116116523516816 -0.8838834764831844 1.1999999999999993
    endloop
  endfacet
  facet normal 0 0 1
    outer loop
      vertex 15.305537208725497 -1.0393370153781816 1.1999999999999993
      vertex 15.207008394795443 0.9662630667034212 1.1999999999999993
      vertex 15.207008394795443 -0.9662630667034212 1.1999999999999993
    endloop
  endfacet
  facet normal 0 0 1
    outer loop
      vertex 15.410754078967503 -1.102401580435444 1.1999999999999993
      vertex 15.305537208725497 1.0393370153781816 1.1999999999999993
      vertex 15.305537208725497 -1.0393370153781816 1.1999999999999993
    endloop
  endfacet
  facet normal 0 0 1
    outer loop
      vertex 15.521645709543638 -1.1548494156391085 1.1999999999999993
      vertex 15.410754078967503 1.102401580435444 1.1999999999999993
      vertex 15.410754078967503 -1.102401580435444 1.1999999999999993
    endloop
  endfacet
  facet normal 0 0 1
    outer loop
      vertex 15.637144153431922 -1.196175419665261 1.1999999999999993
      vertex 15.521645709543638 1.1548494156391085 1.1999999999999993
      vertex 15.521645709543638 -1.1548494156391085 1.1999999999999993
    endloop
  endfacet
  facet normal 0 0 1
    outer loop
      vertex 15.75613709747984 -1.225981600504038 1.1999999999999993
      vertex 15.637144153431922 1.196175419665261 1.1999999999999993
      vertex 15.637144153431922 -1.196175419665261 1.1999999999999993
    endloop
  endfacet
  facet normal 0 0 1
    outer loop
      vertex 14.756019091659754 -0.12252142541195075 1.1999999999999993
      vertex 14.756019091659754 0.12252142541195075 1.1999999999999993
      vertex 14.75 0 1.1999999999999993
    endloop
  endfacet
  facet normal 0 0 1
    outer loop
      vertex 14.774018399495962 -0.2438629025201603 1.1999999999999993
      vertex 14.774018399495962 0.2438629025201603 1.1999999999999993
      vertex 14.756019091659754 0.12252142541195075 1.1999999999999993
    endloop
  endfacet
  facet normal 0 0 1
    outer loop
      vertex 14.803824580334739 -0.3628558465680779 1.1999999999999993
      vertex 14.803824580334739 0.3628558465680779 1.1999999999999993
      vertex 14.774018399495962 0.2438629025201603 1.1999999999999993
    endloop
  endfacet
  facet normal 0 0 1
    outer loop
      vertex 14.84515058436089 -0.47835429045636224 1.1999999999999993
      vertex 14.84515058436089 0.47835429045636224 1.1999999999999993
      vertex 14.803824580334739 0.3628558465680779 1.1999999999999993
    endloop
  endfacet
  facet normal 0 0 1
    outer loop
      vertex 14.897598419564556 -0.5892459210324971 1.1999999999999993
      vertex 14.897598419564556 0.5892459210324971 1.1999999999999993
      vertex 14.84515058436089 0.47835429045636224 1.1999999999999993
    endloop
  endfacet
  facet normal 0 0 1
    outer loop
      vertex 14.960662984621818 -0.6944627912745027 1.1999999999999993
      vertex 14.960662984621818 0.6944627912745027 1.1999999999999993
      vertex 14.897598419564556 0.5892459210324971 1.1999999999999993
    endloop
  endfacet
  facet normal 0 0 1
    outer loop
      vertex 15.033736933296579 -0.7929916052045569 1.1999999999999993
      vertex 15.033736933296579 0.7929916052045569 1.1999999999999993
      vertex 14.960662984621818 0.6944627912745027 1.1999999999999993
    endloop
  endfacet
  facet normal 0 0 1
    outer loop
      vertex 15.116116523516816 -0.8838834764831844 1.1999999999999993
      vertex 15.116116523516816 0.8838834764831844 1.1999999999999993
      vertex 15.033736933296579 0.7929916052045569 1.1999999999999993
    endloop
  endfacet
  facet normal 0 0 1
    outer loop
      vertex 15.207008394795443 -0.9662630667034212 1.1999999999999993
      vertex 15.207008394795443 0.9662630667034212 1.1999999999999993
      vertex 15.116116523516816 0.8838834764831844 1.1999999999999993
    endloop
  endfacet
  facet normal 0 0 1
    outer loop
      vertex 15.305537208725497 -1.0393370153781816 1.1999999999999993
      vertex 15.305537208725497 1.0393370153781816 1.1999999999999993
      vertex 15.207008394795443 0.9662630667034212 1.1999999999999993
    endloop
  endfacet
  facet normal 0 0 1
    outer loop
      vertex 15.410754078967503 -1.102401580435444 1.1999999999999993
      vertex 15.410754078967503 1.102401580435444 1.1999999999999993
      vertex 15.305537208725497 1.0393370153781816 1.1999999999999993
    endloop
  endfacet
  facet normal 0 0 1
    outer loop
      vertex 15.521645709543638 -1.1548494156391085 1.1999999999999993
      vertex 15.521645709543638 1.1548494156391085 1.1999999999999993
      vertex 15.410754078967503 1.102401580435444 1.1999999999999993
    endloop
  endfacet
  facet normal 0 0 1
    outer loop
      vertex 15.637144153431922 -1.196175419665261 1.1999999999999993
      vertex 15.637144153431922 1.196175419665261 1.1999999999999993
      vertex 15.521645709543638 1.1548494156391085 1.1999999999999993
    endloop
  endfacet
  facet normal 0 0 1
    outer loop
      vertex 15.75613709747984 -1.225981600504038 1.1999999999999993
      vertex 15.75613709747984 1.225981600504038 1.1999999999999993
      vertex 15.637144153431922 1.196175419665261 1.1999999999999993
    endloop
  endfacet
  facet normal 0 0 1
    outer loop
      vertex 15.87747857458805 -1.2439809083402462 1.1999999999999993
      vertex 15.75613709747984 1.225981600504038 1.1999999999999993
      vertex 15.75613709747984 -1.225981600504038 1.1999999999999993
    endloop
  endfacet
  facet normal 0 0 1
    outer loop
      vertex 15.87747857458805 -1.2439809083402462 1.1999999999999993
      vertex 16 -1.25 1.1999999999999993
      vertex 15.87747857458805 1.2439809083402462 1.1999999999999993
    endloop
  endfacet
  facet normal 0 0 1
    outer loop
      vertex 16 -1.25 1.1999999999999993
      vertex 16.12252142541195 -1.2439809083402462 1.1999999999999993
      vertex 16 1.25 1.1999999999999993
    endloop
  endfacet
  facet normal 0 0 1
    outer loop
      vertex 16.12252142541195 -1.2439809083402462 1.1999999999999993
      vertex 16.24386290252016 -1.225981600504038 1.1999999999999993
      vertex 16.12252142541195 1.2439809083402462 1.1999999999999993
    endloop
  endfacet
  facet normal 0 0 1
    outer loop
      vertex 16.24386290252016 -1.225981600504038 1.1999999999999993
      vertex 16.362855846568078 -1.196175419665261 1.1999999999999993
      vertex 16.24386290252016 1.225981600504038 1.1999999999999993
    endloop
  endfacet
  facet normal 0 0 1
    outer loop
      vertex 16.362855846568078 -1.196175419665261 1.1999999999999993
      vertex 16.478354290456362 -1.1548494156391085 1.1999999999999993
      vertex 16.362855846568078 1.196175419665261 1.1999999999999993
    endloop
  endfacet
  facet normal 0 0 1
    outer loop
      vertex 16.478354290456362 -1.1548494156391085 1.1999999999999993
      vertex 16.589245921032497 -1.102401580435444 1.1999999999999993
      vertex 16.478354290456362 1.1548494156391085 1.1999999999999993
    endloop
  endfacet
  facet normal 0 0 1
    outer loop
      vertex 16.589245921032497 -1.102401580435444 1.1999999999999993
      vertex 16.694462791274503 -1.0393370153781816 1.1999999999999993
      vertex 16.589245921032497 1.102401580435444 1.1999999999999993
    endloop
  endfacet
  facet normal 0 0 1
    outer loop
      vertex 16.694462791274503 -1.0393370153781816 1.1999999999999993
      vertex 16.792991605204556 -0.9662630667034212 1.1999999999999993
      vertex 16.694462791274503 1.0393370153781816 1.1999999999999993
    endloop
  endfacet
  facet normal 0 0 1
    outer loop
      vertex 16.792991605204556 -0.9662630667034212 1.1999999999999993
      vertex 16.883883476483184 -0.8838834764831844 1.1999999999999993
      vertex 16.792991605204556 0.9662630667034212 1.1999999999999993
    endloop
  endfacet
  facet normal 0 0 1
    outer loop
      vertex 16.883883476483184 -0.8838834764831844 1.1999999999999993
      vertex 16.966263066703423 -0.7929916052045569 1.1999999999999993
      vertex 16.883883476483184 0.8838834764831844 1.1999999999999993
    endloop
  endfacet
  facet normal 0 0 1
    outer loop
      vertex 16.966263066703423 -0.7929916052045569 1.1999999999999993
      vertex 17.03933701537818 -0.6944627912745027 1.1999999999999993
      vertex 16.966263066703423 0.7929916052045569 1.1999999999999993
    endloop
  endfacet
  facet normal 0 0 1
    outer loop
      vertex 17.03933701537818 -0.6944627912745027 1.1999999999999993
      vertex 17.102401580435444 -0.5892459210324971 1.1999999999999993
      vertex 17.03933701537818 0.6944627912745027 1.1999999999999993
    endloop
  endfacet
  facet normal 0 0 1
    outer loop
      vertex 15.87747857458805 -1.2439809083402462 1.1999999999999993
      vertex 15.87747857458805 1.2439809083402462 1.1999999999999993
      vertex 15.75613709747984 1.225981600504038 1.1999999999999993
    endloop
  endfacet
  facet normal 0 0 1
    outer loop
      vertex 16 -1.25 1.1999999999999993
      vertex 16 1.25 1.1999999999999993
      vertex 15.87747857458805 1.2439809083402462 1.1999999999999993
    endloop
  endfacet
  facet normal 0 0 1
    outer loop
      vertex 16.12252142541195 -1.2439809083402462 1.1999999999999993
      vertex 16.12252142541195 1.2439809083402462 1.1999999999999993
      vertex 16 1.25 1.1999999999999993
    endloop
  endfacet
  facet normal 0 0 1
    outer loop
      vertex 16.24386290252016 -1.225981600504038 1.1999999999999993
      vertex 16.24386290252016 1.225981600504038 1.1999999999999993
      vertex 16.12252142541195 1.2439809083402462 1.1999999999999993
    endloop
  endfacet
  facet normal 0 0 1
    outer loop
      vertex 16.362855846568078 -1.196175419665261 1.1999999999999993
      vertex 16.362855846568078 1.196175419665261 1.1999999999999993
      vertex 16.24386290252016 1.225981600504038 1.1999999999999993
    endloop
  endfacet
  facet normal 0 0 1
    outer loop
      vertex 16.478354290456362 -1.1548494156391085 1.1999999999999993
      vertex 16.478354290456362 1.1548494156391085 1.1999999999999993
      vertex 16.362855846568078 1.196175419665261 1.1999999999999993
    endloop
  endfacet
  facet normal 0 0 1
    outer loop
      vertex 16.589245921032497 -1.102401580435444 1.1999999999999993
      vertex 16.589245921032497 1.102401580435444 1.1999999999999993
      vertex 16.478354290456362 1.1548494156391085 1.1999999999999993
    endloop
  endfacet
  facet normal 0 0 1
    outer loop
      vertex 16.694462791274503 -1.0393370153781816 1.1999999999999993
      vertex 16.694462791274503 1.0393370153781816 1.1999999999999993
      vertex 16.589245921032497 1.102401580435444 1.1999999999999993
    endloop
  endfacet
  facet normal 0 0 1
    outer loop
      vertex 16.883883476483184 -0.8838834764831844 1.1999999999999993
      vertex 16.883883476483184 0.8838834764831844 1.1999999999999993
      vertex 16.792991605204556 0.9662630667034212 1.1999999999999993
    endloop
  endfacet
  facet normal 0 0 1
    outer loop
      vertex 16.966263066703423 -0.7929916052045569 1.1999999999999993
      vertex 16.966263066703423 0.7929916052045569 1.1999999999999993
      vertex 16.883883476483184 0.8838834764831844 1.1999999999999993
    endloop
  endfacet
  facet normal 0 0 1
    outer loop
      vertex 17.03933701537818 -0.6944627912745027 1.1999999999999993
      vertex 17.03933701537818 0.6944627912745027 1.1999999999999993
      vertex 16.966263066703423 0.7929916052045569 1.1999999999999993
    endloop
  endfacet
  facet normal 0 0 1
    outer loop
      vertex 16.792991605204556 -0.9662630667034212 1.1999999999999993
      vertex 16.792991605204556 0.9662630667034212 1.1999999999999993
      vertex 16.694462791274503 1.0393370153781816 1.1999999999999993
    endloop
  endfacet
  facet normal 0 0 1
    outer loop
      vertex 17.102401580435444 -0.5892459210324971 1.1999999999999993
      vertex 17.15484941563911 -0.47835429045636224 1.1999999999999993
      vertex 17.102401580435444 0.5892459210324971 1.1999999999999993
    endloop
  endfacet
  facet normal 0 0 1
    outer loop
      vertex 17.15484941563911 -0.47835429045636224 1.1999999999999993
      vertex 17.19617541966526 -0.3628558465680779 1.1999999999999993
      vertex 17.15484941563911 0.47835429045636224 1.1999999999999993
    endloop
  endfacet
  facet normal 0 0 1
    outer loop
      vertex 17.19617541966526 -0.3628558465680779 1.1999999999999993
      vertex 17.22598160050404 -0.2438629025201603 1.1999999999999993
      vertex 17.19617541966526 0.3628558465680779 1.1999999999999993
    endloop
  endfacet
  facet normal 0 0 1
    outer loop
      vertex 17.22598160050404 -0.2438629025201603 1.1999999999999993
      vertex 17.22598160050404 0.2438629025201603 1.1999999999999993
      vertex 17.19617541966526 0.3628558465680779 1.1999999999999993
    endloop
  endfacet
  facet normal 0 0 1
    outer loop
      vertex 17.15484941563911 -0.47835429045636224 1.1999999999999993
      vertex 17.15484941563911 0.47835429045636224 1.1999999999999993
      vertex 17.102401580435444 0.5892459210324971 1.1999999999999993
    endloop
  endfacet
  facet normal 0 0 1
    outer loop
      vertex 17.102401580435444 -0.5892459210324971 1.1999999999999993
      vertex 17.102401580435444 0.5892459210324971 1.1999999999999993
      vertex 17.03933701537818 0.6944627912745027 1.1999999999999993
    endloop
  endfacet
  facet normal 0 0 1
    outer loop
      vertex 17.19617541966526 -0.3628558465680779 1.1999999999999993
      vertex 17.19617541966526 0.3628558465680779 1.1999999999999993
      vertex 17.15484941563911 0.47835429045636224 1.1999999999999993
    endloop
  endfacet
  facet normal 0 0 1
    outer loop
      vertex 17.22598160050404 -0.2438629025201603 1.1999999999999993
      vertex 17.243980908340248 -0.12252142541195075 1.1999999999999993
      vertex 17.22598160050404 0.2438629025201603 1.1999999999999993
    endloop
  endfacet
  facet normal 0 0 1
    outer loop
      vertex 17.243980908340248 -0.12252142541195075 1.1999999999999993
      vertex 17.25 0 1.1999999999999993
      vertex 17.243980908340248 0.12252142541195075 1.1999999999999993
    endloop
  endfacet
  facet normal 0 0 1
    outer loop
      vertex 17.243980908340248 -0.12252142541195075 1.1999999999999993
      vertex 17.243980908340248 0.12252142541195075 1.1999999999999993
      vertex 17.22598160050404 0.2438629025201603 1.1999999999999993
    endloop
  endfacet
  facet normal 0.7409511253549597 0.6715589548470179 0
    outer loop
      vertex 15.033736933296579 -0.7929916052045569 1.1999999999999993
      vertex 15.116116523516816 -0.8838834764831844 8.5
      vertex 15.116116523516816 -0.8838834764831844 1.1999999999999993
    endloop
  endfacet
  facet normal 0.9987954562051725 0.04906767432741713 0
    outer loop
      vertex 14.756019091659754 -0.12252142541195075 1.1999999999999993
      vertex 14.75 0 1.1999999999999993
      vertex 14.756019091659754 -0.12252142541195075 8.5
    endloop
  endfacet
  facet normal 0.9039892931234415 0.4275550934302861 0
    outer loop
      vertex 14.897598419564556 -0.5892459210324971 1.1999999999999993
      vertex 14.84515058436089 -0.47835429045636224 1.1999999999999993
      vertex 14.897598419564556 -0.5892459210324971 8.5
    endloop
  endfacet
  facet normal 0.8032075314806429 0.5956993044924359 0
    outer loop
      vertex 15.033736933296579 -0.7929916052045569 1.1999999999999993
      vertex 14.960662984621818 -0.6944627912745027 1.1999999999999993
      vertex 15.033736933296579 -0.7929916052045569 8.5
    endloop
  endfacet
  facet normal 0.8577286100002725 0.5141027441932211 0
    outer loop
      vertex 14.960662984621818 -0.6944627912745027 1.1999999999999993
      vertex 14.897598419564556 -0.5892459210324971 1.1999999999999993
      vertex 14.960662984621818 -0.6944627912745027 8.5
    endloop
  endfacet
  facet normal 0.9415440651830236 0.33688985339221245 0
    outer loop
      vertex 14.84515058436089 -0.47835429045636224 1.1999999999999993
      vertex 14.803824580334739 -0.3628558465680779 1.1999999999999993
      vertex 14.84515058436089 -0.47835429045636224 8.5
    endloop
  endfacet
  facet normal 0.970031253194543 0.24298017990326795 0
    outer loop
      vertex 14.803824580334739 -0.3628558465680779 1.1999999999999993
      vertex 14.774018399495962 -0.2438629025201603 1.1999999999999993
      vertex 14.803824580334739 -0.3628558465680779 8.5
    endloop
  endfacet
  facet normal 0.9891765099647813 0.1467304744553593 0
    outer loop
      vertex 14.774018399495962 -0.2438629025201603 1.1999999999999993
      vertex 14.756019091659754 -0.12252142541195075 1.1999999999999993
      vertex 14.774018399495962 -0.2438629025201603 8.5
    endloop
  endfacet
  facet normal 0.6715589548470201 0.7409511253549574 0
    outer loop
      vertex 15.207008394795443 -0.9662630667034212 1.1999999999999993
      vertex 15.116116523516816 -0.8838834764831844 1.1999999999999993
      vertex 15.207008394795443 -0.9662630667034212 8.5
    endloop
  endfacet
  facet normal 0.514102744193218 0.8577286100002742 0
    outer loop
      vertex 15.410754078967503 -1.102401580435444 1.1999999999999993
      vertex 15.305537208725497 -1.0393370153781816 1.1999999999999993
      vertex 15.410754078967503 -1.102401580435444 8.5
    endloop
  endfacet
  facet normal 0.5956993044924339 0.8032075314806445 0
    outer loop
      vertex 15.305537208725497 -1.0393370153781816 1.1999999999999993
      vertex 15.207008394795443 -0.9662630667034212 1.1999999999999993
      vertex 15.305537208725497 -1.0393370153781816 8.5
    endloop
  endfacet
  facet normal 0.4275550934302841 0.9039892931234423 0
    outer loop
      vertex 15.521645709543638 -1.1548494156391085 1.1999999999999993
      vertex 15.410754078967503 -1.102401580435444 1.1999999999999993
      vertex 15.521645709543638 -1.1548494156391085 8.5
    endloop
  endfacet
  facet normal 0.3368898533922174 0.9415440651830218 0
    outer loop
      vertex 15.637144153431922 -1.196175419665261 1.1999999999999993
      vertex 15.521645709543638 -1.1548494156391085 1.1999999999999993
      vertex 15.637144153431922 -1.196175419665261 8.5
    endloop
  endfacet
  facet normal 0.24298017990326454 0.9700312531945438 0
    outer loop
      vertex 15.75613709747984 -1.225981600504038 1.1999999999999993
      vertex 15.637144153431922 -1.196175419665261 1.1999999999999993
      vertex 15.75613709747984 -1.225981600504038 8.5
    endloop
  endfacet
  facet normal 0.9987954562051725 -0.04906767432741713 0
    outer loop
      vertex 14.75 0 1.1999999999999993
      vertex 14.756019091659754 0.12252142541195075 1.1999999999999993
      vertex 14.75 0 8.5
    endloop
  endfacet
  facet normal 0.9891765099647813 -0.1467304744553593 0
    outer loop
      vertex 14.756019091659754 0.12252142541195075 1.1999999999999993
      vertex 14.774018399495962 0.2438629025201603 1.1999999999999993
      vertex 14.756019091659754 0.12252142541195075 8.5
    endloop
  endfacet
  facet normal 0.970031253194543 -0.24298017990326795 0
    outer loop
      vertex 14.774018399495962 0.2438629025201603 1.1999999999999993
      vertex 14.803824580334739 0.3628558465680779 1.1999999999999993
      vertex 14.774018399495962 0.2438629025201603 8.5
    endloop
  endfacet
  facet normal 0.9415440651830236 -0.33688985339221245 0
    outer loop
      vertex 14.803824580334739 0.3628558465680779 1.1999999999999993
      vertex 14.84515058436089 0.47835429045636224 1.1999999999999993
      vertex 14.803824580334739 0.3628558465680779 8.5
    endloop
  endfacet
  facet normal 0.9039892931234415 -0.4275550934302861 0
    outer loop
      vertex 14.84515058436089 0.47835429045636224 1.1999999999999993
      vertex 14.897598419564556 0.5892459210324971 1.1999999999999993
      vertex 14.84515058436089 0.47835429045636224 8.5
    endloop
  endfacet
  facet normal 0.8577286100002725 -0.5141027441932211 0
    outer loop
      vertex 14.897598419564556 0.5892459210324971 1.1999999999999993
      vertex 14.960662984621818 0.6944627912745027 1.1999999999999993
      vertex 14.897598419564556 0.5892459210324971 8.5
    endloop
  endfacet
  facet normal 0.8032075314806429 -0.5956993044924359 0
    outer loop
      vertex 14.960662984621818 0.6944627912745027 1.1999999999999993
      vertex 15.033736933296579 0.7929916052045569 1.1999999999999993
      vertex 14.960662984621818 0.6944627912745027 8.5
    endloop
  endfacet
  facet normal 0.7409511253549597 -0.6715589548470179 0
    outer loop
      vertex 15.033736933296579 0.7929916052045569 1.1999999999999993
      vertex 15.116116523516816 0.8838834764831844 1.1999999999999993
      vertex 15.033736933296579 0.7929916052045569 8.5
    endloop
  endfacet
  facet normal 0.6715589548470201 -0.7409511253549574 0
    outer loop
      vertex 15.116116523516816 0.8838834764831844 1.1999999999999993
      vertex 15.207008394795443 0.9662630667034212 1.1999999999999993
      vertex 15.116116523516816 0.8838834764831844 8.5
    endloop
  endfacet
  facet normal 0.5956993044924339 -0.8032075314806445 0
    outer loop
      vertex 15.207008394795443 0.9662630667034212 1.1999999999999993
      vertex 15.305537208725497 1.0393370153781816 1.1999999999999993
      vertex 15.207008394795443 0.9662630667034212 8.5
    endloop
  endfacet
  facet normal 0.514102744193218 -0.8577286100002742 0
    outer loop
      vertex 15.305537208725497 1.0393370153781816 1.1999999999999993
      vertex 15.410754078967503 1.102401580435444 1.1999999999999993
      vertex 15.305537208725497 1.0393370153781816 8.5
    endloop
  endfacet
  facet normal 0.4275550934302841 -0.9039892931234423 0
    outer loop
      vertex 15.410754078967503 1.102401580435444 1.1999999999999993
      vertex 15.521645709543638 1.1548494156391085 1.1999999999999993
      vertex 15.410754078967503 1.102401580435444 8.5
    endloop
  endfacet
  facet normal 0.3368898533922174 -0.9415440651830218 0
    outer loop
      vertex 15.521645709543638 1.1548494156391085 1.1999999999999993
      vertex 15.637144153431922 1.196175419665261 1.1999999999999993
      vertex 15.521645709543638 1.1548494156391085 8.5
    endloop
  endfacet
  facet normal 0.24298017990326454 -0.9700312531945438 0
    outer loop
      vertex 15.637144153431922 1.196175419665261 1.1999999999999993
      vertex 15.75613709747984 1.225981600504038 1.1999999999999993
      vertex 15.637144153431922 1.196175419665261 8.5
    endloop
  endfacet
  facet normal 0.14673047445536233 0.9891765099647809 0
    outer loop
      vertex 15.87747857458805 -1.2439809083402462 1.1999999999999993
      vertex 15.75613709747984 -1.225981600504038 1.1999999999999993
      vertex 15.87747857458805 -1.2439809083402462 8.5
    endloop
  endfacet
  facet normal 0.04906767432741743 0.9987954562051725 0
    outer loop
      vertex 15.87747857458805 -1.2439809083402462 1.1999999999999993
      vertex 16 -1.25 8.5
      vertex 16 -1.25 1.1999999999999993
    endloop
  endfacet
  facet normal -0.04906767432741743 0.9987954562051725 0
    outer loop
      vertex 16 -1.25 1.1999999999999993
      vertex 16.12252142541195 -1.2439809083402462 8.5
      vertex 16.12252142541195 -1.2439809083402462 1.1999999999999993
    endloop
  endfacet
  facet normal -0.14673047445536233 0.9891765099647809 0
    outer loop
      vertex 16.12252142541195 -1.2439809083402462 1.1999999999999993
      vertex 16.24386290252016 -1.225981600504038 8.5
      vertex 16.24386290252016 -1.225981600504038 1.1999999999999993
    endloop
  endfacet
  facet normal -0.24298017990326454 0.9700312531945438 0
    outer loop
      vertex 16.24386290252016 -1.225981600504038 1.1999999999999993
      vertex 16.362855846568078 -1.196175419665261 8.5
      vertex 16.362855846568078 -1.196175419665261 1.1999999999999993
    endloop
  endfacet
  facet normal -0.3368898533922174 0.9415440651830218 0
    outer loop
      vertex 16.362855846568078 -1.196175419665261 1.1999999999999993
      vertex 16.478354290456362 -1.1548494156391085 8.5
      vertex 16.478354290456362 -1.1548494156391085 1.1999999999999993
    endloop
  endfacet
  facet normal -0.4275550934302841 0.9039892931234423 0
    outer loop
      vertex 16.478354290456362 -1.1548494156391085 1.1999999999999993
      vertex 16.589245921032497 -1.102401580435444 8.5
      vertex 16.589245921032497 -1.102401580435444 1.1999999999999993
    endloop
  endfacet
  facet normal -0.514102744193218 0.8577286100002742 0
    outer loop
      vertex 16.589245921032497 -1.102401580435444 1.1999999999999993
      vertex 16.694462791274503 -1.0393370153781816 8.5
      vertex 16.694462791274503 -1.0393370153781816 1.1999999999999993
    endloop
  endfacet
  facet normal -0.5956993044924408 0.8032075314806394 0
    outer loop
      vertex 16.694462791274503 -1.0393370153781816 1.1999999999999993
      vertex 16.792991605204556 -0.9662630667034212 8.5
      vertex 16.792991605204556 -0.9662630667034212 1.1999999999999993
    endloop
  endfacet
  facet normal -0.671558954847013 0.7409511253549641 0
    outer loop
      vertex 16.792991605204556 -0.9662630667034212 1.1999999999999993
      vertex 16.883883476483184 -0.8838834764831844 8.5
      vertex 16.883883476483184 -0.8838834764831844 1.1999999999999993
    endloop
  endfacet
  facet normal -0.7409511253549523 0.6715589548470259 0
    outer loop
      vertex 16.883883476483184 -0.8838834764831844 1.1999999999999993
      vertex 16.966263066703423 -0.7929916052045569 8.5
      vertex 16.966263066703423 -0.7929916052045569 1.1999999999999993
    endloop
  endfacet
  facet normal -0.8032075314806569 0.5956993044924173 0
    outer loop
      vertex 16.966263066703423 -0.7929916052045569 1.1999999999999993
      vertex 17.03933701537818 -0.6944627912745027 8.5
      vertex 17.03933701537818 -0.6944627912745027 1.1999999999999993
    endloop
  endfacet
  facet normal 0.14673047445536233 -0.9891765099647809 0
    outer loop
      vertex 15.75613709747984 1.225981600504038 1.1999999999999993
      vertex 15.87747857458805 1.2439809083402462 1.1999999999999993
      vertex 15.75613709747984 1.225981600504038 8.5
    endloop
  endfacet
  facet normal 0.04906767432741743 -0.9987954562051725 0
    outer loop
      vertex 15.87747857458805 1.2439809083402462 1.1999999999999993
      vertex 16 1.25 1.1999999999999993
      vertex 15.87747857458805 1.2439809083402462 8.5
    endloop
  endfacet
  facet normal -0.04906767432741743 -0.9987954562051725 0
    outer loop
      vertex 16 1.25 1.1999999999999993
      vertex 16.12252142541195 1.2439809083402462 1.1999999999999993
      vertex 16 1.25 8.5
    endloop
  endfacet
  facet normal -0.14673047445536233 -0.9891765099647809 0
    outer loop
      vertex 16.12252142541195 1.2439809083402462 1.1999999999999993
      vertex 16.24386290252016 1.225981600504038 1.1999999999999993
      vertex 16.12252142541195 1.2439809083402462 8.5
    endloop
  endfacet
  facet normal -0.24298017990326454 -0.9700312531945438 0
    outer loop
      vertex 16.362855846568078 1.196175419665261 1.1999999999999993
      vertex 16.24386290252016 1.225981600504038 8.5
      vertex 16.24386290252016 1.225981600504038 1.1999999999999993
    endloop
  endfacet
  facet normal -0.3368898533922174 -0.9415440651830218 0
    outer loop
      vertex 16.478354290456362 1.1548494156391085 1.1999999999999993
      vertex 16.362855846568078 1.196175419665261 8.5
      vertex 16.362855846568078 1.196175419665261 1.1999999999999993
    endloop
  endfacet
  facet normal -0.8577286100002661 -0.5141027441932318 0
    outer loop
      vertex 17.102401580435444 0.5892459210324971 1.1999999999999993
      vertex 17.03933701537818 0.6944627912745027 8.5
      vertex 17.03933701537818 0.6944627912745027 1.1999999999999993
    endloop
  endfacet
  facet normal -0.514102744193218 -0.8577286100002742 0
    outer loop
      vertex 16.694462791274503 1.0393370153781816 1.1999999999999993
      vertex 16.589245921032497 1.102401580435444 8.5
      vertex 16.589245921032497 1.102401580435444 1.1999999999999993
    endloop
  endfacet
  facet normal -0.5956993044924408 -0.8032075314806394 0
    outer loop
      vertex 16.792991605204556 0.9662630667034212 1.1999999999999993
      vertex 16.694462791274503 1.0393370153781816 8.5
      vertex 16.694462791274503 1.0393370153781816 1.1999999999999993
    endloop
  endfacet
  facet normal -0.4275550934302841 -0.9039892931234423 0
    outer loop
      vertex 16.589245921032497 1.102401580435444 1.1999999999999993
      vertex 16.478354290456362 1.1548494156391085 8.5
      vertex 16.478354290456362 1.1548494156391085 1.1999999999999993
    endloop
  endfacet
  facet normal -0.671558954847013 -0.7409511253549641 0
    outer loop
      vertex 16.883883476483184 0.8838834764831844 1.1999999999999993
      vertex 16.792991605204556 0.9662630667034212 8.5
      vertex 16.792991605204556 0.9662630667034212 1.1999999999999993
    endloop
  endfacet
  facet normal -0.7409511253549523 -0.6715589548470259 0
    outer loop
      vertex 16.966263066703423 0.7929916052045569 1.1999999999999993
      vertex 16.883883476483184 0.8838834764831844 8.5
      vertex 16.883883476483184 0.8838834764831844 1.1999999999999993
    endloop
  endfacet
  facet normal -0.8032075314806569 -0.5956993044924173 0
    outer loop
      vertex 17.03933701537818 0.6944627912745027 1.1999999999999993
      vertex 16.966263066703423 0.7929916052045569 8.5
      vertex 16.966263066703423 0.7929916052045569 1.1999999999999993
    endloop
  endfacet
  facet normal -0.8577286100002661 0.5141027441932318 0
    outer loop
      vertex 17.03933701537818 -0.6944627912745027 1.1999999999999993
      vertex 17.102401580435444 -0.5892459210324971 8.5
      vertex 17.102401580435444 -0.5892459210324971 1.1999999999999993
    endloop
  endfacet
  facet normal -0.9039892931234415 0.4275550934302861 0
    outer loop
      vertex 17.102401580435444 -0.5892459210324971 1.1999999999999993
      vertex 17.15484941563911 -0.47835429045636224 8.5
      vertex 17.15484941563911 -0.47835429045636224 1.1999999999999993
    endloop
  endfacet
  facet normal -0.9415440651830281 0.3368898533921996 0
    outer loop
      vertex 17.15484941563911 -0.47835429045636224 1.1999999999999993
      vertex 17.19617541966526 -0.3628558465680779 8.5
      vertex 17.19617541966526 -0.3628558465680779 1.1999999999999993
    endloop
  endfacet
  facet normal -0.9700312531945395 0.24298017990328158 0
    outer loop
      vertex 17.19617541966526 -0.3628558465680779 1.1999999999999993
      vertex 17.22598160050404 -0.2438629025201603 8.5
      vertex 17.22598160050404 -0.2438629025201603 1.1999999999999993
    endloop
  endfacet
  facet normal -0.9891765099647791 0.14673047445537346 0
    outer loop
      vertex 17.22598160050404 -0.2438629025201603 1.1999999999999993
      vertex 17.243980908340248 -0.12252142541195075 8.5
      vertex 17.243980908340248 -0.12252142541195075 1.1999999999999993
    endloop
  endfacet
  facet normal -0.9700312531945395 -0.24298017990328158 0
    outer loop
      vertex 17.22598160050404 0.2438629025201603 1.1999999999999993
      vertex 17.19617541966526 0.3628558465680779 8.5
      vertex 17.19617541966526 0.3628558465680779 1.1999999999999993
    endloop
  endfacet
  facet normal -0.9987954562051732 0.04906767432740269 0
    outer loop
      vertex 17.243980908340248 -0.12252142541195075 1.1999999999999993
      vertex 17.25 0 8.5
      vertex 17.25 0 1.1999999999999993
    endloop
  endfacet
  facet normal -0.9987954562051732 -0.04906767432740269 0
    outer loop
      vertex 17.25 0 1.1999999999999993
      vertex 17.243980908340248 0.12252142541195075 8.5
      vertex 17.243980908340248 0.12252142541195075 1.1999999999999993
    endloop
  endfacet
  facet normal -0.9891765099647791 -0.14673047445537346 0
    outer loop
      vertex 17.243980908340248 0.12252142541195075 1.1999999999999993
      vertex 17.22598160050404 0.2438629025201603 8.5
      vertex 17.22598160050404 0.2438629025201603 1.1999999999999993
    endloop
  endfacet
  facet normal -0.9415440651830281 -0.3368898533921996 0
    outer loop
      vertex 17.19617541966526 0.3628558465680779 1.1999999999999993
      vertex 17.15484941563911 0.47835429045636224 8.5
      vertex 17.15484941563911 0.47835429045636224 1.1999999999999993
    endloop
  endfacet
  facet normal -0.9039892931234415 -0.4275550934302861 0
    outer loop
      vertex 17.15484941563911 0.47835429045636224 1.1999999999999993
      vertex 17.102401580435444 0.5892459210324971 8.5
      vertex 17.102401580435444 0.5892459210324971 1.1999999999999993
    endloop
  endfacet
  facet normal 0.9891765099647813 0.1467304744553593 0
    outer loop
      vertex 14.756019091659754 -0.12252142541195075 1.1999999999999993
      vertex 14.756019091659754 -0.12252142541195075 8.5
      vertex 14.774018399495962 -0.2438629025201603 8.5
    endloop
  endfacet
  facet normal 0.8577286100002725 0.5141027441932211 0
    outer loop
      vertex 14.897598419564556 -0.5892459210324971 1.1999999999999993
      vertex 14.897598419564556 -0.5892459210324971 8.5
      vertex 14.960662984621818 -0.6944627912745027 8.5
    endloop
  endfacet
  facet normal 0.9039892931234415 0.4275550934302861 0
    outer loop
      vertex 14.84515058436089 -0.47835429045636224 1.1999999999999993
      vertex 14.84515058436089 -0.47835429045636224 8.5
      vertex 14.897598419564556 -0.5892459210324971 8.5
    endloop
  endfacet
  facet normal 0.8032075314806429 0.5956993044924359 0
    outer loop
      vertex 14.960662984621818 -0.6944627912745027 1.1999999999999993
      vertex 14.960662984621818 -0.6944627912745027 8.5
      vertex 15.033736933296579 -0.7929916052045569 8.5
    endloop
  endfacet
  facet normal 0.7409511253549597 0.6715589548470179 0
    outer loop
      vertex 15.033736933296579 -0.7929916052045569 1.1999999999999993
      vertex 15.033736933296579 -0.7929916052045569 8.5
      vertex 15.116116523516816 -0.8838834764831844 8.5
    endloop
  endfacet
  facet normal 0.9415440651830236 0.33688985339221245 0
    outer loop
      vertex 14.803824580334739 -0.3628558465680779 1.1999999999999993
      vertex 14.803824580334739 -0.3628558465680779 8.5
      vertex 14.84515058436089 -0.47835429045636224 8.5
    endloop
  endfacet
  facet normal 0.970031253194543 0.24298017990326795 0
    outer loop
      vertex 14.774018399495962 -0.2438629025201603 1.1999999999999993
      vertex 14.774018399495962 -0.2438629025201603 8.5
      vertex 14.803824580334739 -0.3628558465680779 8.5
    endloop
  endfacet
  facet normal 0.6715589548470201 0.7409511253549574 0
    outer loop
      vertex 15.116116523516816 -0.8838834764831844 1.1999999999999993
      vertex 15.116116523516816 -0.8838834764831844 8.5
      vertex 15.207008394795443 -0.9662630667034212 8.5
    endloop
  endfacet
  facet normal 0.5956993044924339 0.8032075314806445 0
    outer loop
      vertex 15.207008394795443 -0.9662630667034212 1.1999999999999993
      vertex 15.207008394795443 -0.9662630667034212 8.5
      vertex 15.305537208725497 -1.0393370153781816 8.5
    endloop
  endfacet
  facet normal 0.514102744193218 0.8577286100002742 0
    outer loop
      vertex 15.305537208725497 -1.0393370153781816 1.1999999999999993
      vertex 15.305537208725497 -1.0393370153781816 8.5
      vertex 15.410754078967503 -1.102401580435444 8.5
    endloop
  endfacet
  facet normal 0.4275550934302841 0.9039892931234423 0
    outer loop
      vertex 15.410754078967503 -1.102401580435444 1.1999999999999993
      vertex 15.410754078967503 -1.102401580435444 8.5
      vertex 15.521645709543638 -1.1548494156391085 8.5
    endloop
  endfacet
  facet normal 0.3368898533922174 0.9415440651830218 0
    outer loop
      vertex 15.521645709543638 -1.1548494156391085 1.1999999999999993
      vertex 15.521645709543638 -1.1548494156391085 8.5
      vertex 15.637144153431922 -1.196175419665261 8.5
    endloop
  endfacet
  facet normal 0.24298017990326454 0.9700312531945438 0
    outer loop
      vertex 15.637144153431922 -1.196175419665261 1.1999999999999993
      vertex 15.637144153431922 -1.196175419665261 8.5
      vertex 15.75613709747984 -1.225981600504038 8.5
    endloop
  endfacet
  facet normal 0.9987954562051725 0.04906767432741713 0
    outer loop
      vertex 14.75 0 1.1999999999999993
      vertex 14.75 0 8.5
      vertex 14.756019091659754 -0.12252142541195075 8.5
    endloop
  endfacet
  facet normal 0.9987954562051725 -0.04906767432741713 0
    outer loop
      vertex 14.756019091659754 0.12252142541195075 1.1999999999999993
      vertex 14.756019091659754 0.12252142541195075 8.5
      vertex 14.75 0 8.5
    endloop
  endfacet
  facet normal 0.9891765099647813 -0.1467304744553593 0
    outer loop
      vertex 14.774018399495962 0.2438629025201603 1.1999999999999993
      vertex 14.774018399495962 0.2438629025201603 8.5
      vertex 14.756019091659754 0.12252142541195075 8.5
    endloop
  endfacet
  facet normal 0.970031253194543 -0.24298017990326795 0
    outer loop
      vertex 14.803824580334739 0.3628558465680779 1.1999999999999993
      vertex 14.803824580334739 0.3628558465680779 8.5
      vertex 14.774018399495962 0.2438629025201603 8.5
    endloop
  endfacet
  facet normal 0.9415440651830236 -0.33688985339221245 0
    outer loop
      vertex 14.84515058436089 0.47835429045636224 1.1999999999999993
      vertex 14.84515058436089 0.47835429045636224 8.5
      vertex 14.803824580334739 0.3628558465680779 8.5
    endloop
  endfacet
  facet normal 0.9039892931234415 -0.4275550934302861 0
    outer loop
      vertex 14.897598419564556 0.5892459210324971 1.1999999999999993
      vertex 14.897598419564556 0.5892459210324971 8.5
      vertex 14.84515058436089 0.47835429045636224 8.5
    endloop
  endfacet
  facet normal 0.8577286100002725 -0.5141027441932211 0
    outer loop
      vertex 14.960662984621818 0.6944627912745027 1.1999999999999993
      vertex 14.960662984621818 0.6944627912745027 8.5
      vertex 14.897598419564556 0.5892459210324971 8.5
    endloop
  endfacet
  facet normal 0.8032075314806429 -0.5956993044924359 0
    outer loop
      vertex 15.033736933296579 0.7929916052045569 1.1999999999999993
      vertex 15.033736933296579 0.7929916052045569 8.5
      vertex 14.960662984621818 0.6944627912745027 8.5
    endloop
  endfacet
  facet normal 0.7409511253549597 -0.6715589548470179 0
    outer loop
      vertex 15.116116523516816 0.8838834764831844 1.1999999999999993
      vertex 15.116116523516816 0.8838834764831844 8.5
      vertex 15.033736933296579 0.7929916052045569 8.5
    endloop
  endfacet
  facet normal 0.6715589548470201 -0.7409511253549574 0
    outer loop
      vertex 15.207008394795443 0.9662630667034212 1.1999999999999993
      vertex 15.207008394795443 0.9662630667034212 8.5
      vertex 15.116116523516816 0.8838834764831844 8.5
    endloop
  endfacet
  facet normal 0.5956993044924339 -0.8032075314806445 0
    outer loop
      vertex 15.305537208725497 1.0393370153781816 1.1999999999999993
      vertex 15.305537208725497 1.0393370153781816 8.5
      vertex 15.207008394795443 0.9662630667034212 8.5
    endloop
  endfacet
  facet normal 0.514102744193218 -0.8577286100002742 0
    outer loop
      vertex 15.410754078967503 1.102401580435444 1.1999999999999993
      vertex 15.410754078967503 1.102401580435444 8.5
      vertex 15.305537208725497 1.0393370153781816 8.5
    endloop
  endfacet
  facet normal 0.4275550934302841 -0.9039892931234423 0
    outer loop
      vertex 15.521645709543638 1.1548494156391085 1.1999999999999993
      vertex 15.521645709543638 1.1548494156391085 8.5
      vertex 15.410754078967503 1.102401580435444 8.5
    endloop
  endfacet
  facet normal 0.3368898533922174 -0.9415440651830218 0
    outer loop
      vertex 15.637144153431922 1.196175419665261 1.1999999999999993
      vertex 15.637144153431922 1.196175419665261 8.5
      vertex 15.521645709543638 1.1548494156391085 8.5
    endloop
  endfacet
  facet normal 0.24298017990326454 -0.9700312531945438 0
    outer loop
      vertex 15.75613709747984 1.225981600504038 1.1999999999999993
      vertex 15.75613709747984 1.225981600504038 8.5
      vertex 15.637144153431922 1.196175419665261 8.5
    endloop
  endfacet
  facet normal 0.04906767432741743 0.9987954562051725 0
    outer loop
      vertex 15.87747857458805 -1.2439809083402462 1.1999999999999993
      vertex 15.87747857458805 -1.2439809083402462 8.5
      vertex 16 -1.25 8.5
    endloop
  endfacet
  facet normal -0.04906767432741743 0.9987954562051725 0
    outer loop
      vertex 16 -1.25 1.1999999999999993
      vertex 16 -1.25 8.5
      vertex 16.12252142541195 -1.2439809083402462 8.5
    endloop
  endfacet
  facet normal 0.14673047445536233 0.9891765099647809 0
    outer loop
      vertex 15.75613709747984 -1.225981600504038 1.1999999999999993
      vertex 15.75613709747984 -1.225981600504038 8.5
      vertex 15.87747857458805 -1.2439809083402462 8.5
    endloop
  endfacet
  facet normal -0.14673047445536233 0.9891765099647809 0
    outer loop
      vertex 16.12252142541195 -1.2439809083402462 1.1999999999999993
      vertex 16.12252142541195 -1.2439809083402462 8.5
      vertex 16.24386290252016 -1.225981600504038 8.5
    endloop
  endfacet
  facet normal -0.24298017990326454 0.9700312531945438 0
    outer loop
      vertex 16.24386290252016 -1.225981600504038 1.1999999999999993
      vertex 16.24386290252016 -1.225981600504038 8.5
      vertex 16.362855846568078 -1.196175419665261 8.5
    endloop
  endfacet
  facet normal -0.3368898533922174 0.9415440651830218 0
    outer loop
      vertex 16.362855846568078 -1.196175419665261 1.1999999999999993
      vertex 16.362855846568078 -1.196175419665261 8.5
      vertex 16.478354290456362 -1.1548494156391085 8.5
    endloop
  endfacet
  facet normal -0.4275550934302841 0.9039892931234423 0
    outer loop
      vertex 16.478354290456362 -1.1548494156391085 1.1999999999999993
      vertex 16.478354290456362 -1.1548494156391085 8.5
      vertex 16.589245921032497 -1.102401580435444 8.5
    endloop
  endfacet
  facet normal -0.514102744193218 0.8577286100002742 0
    outer loop
      vertex 16.589245921032497 -1.102401580435444 1.1999999999999993
      vertex 16.589245921032497 -1.102401580435444 8.5
      vertex 16.694462791274503 -1.0393370153781816 8.5
    endloop
  endfacet
  facet normal -0.5956993044924408 0.8032075314806394 0
    outer loop
      vertex 16.694462791274503 -1.0393370153781816 1.1999999999999993
      vertex 16.694462791274503 -1.0393370153781816 8.5
      vertex 16.792991605204556 -0.9662630667034212 8.5
    endloop
  endfacet
  facet normal -0.671558954847013 0.7409511253549641 0
    outer loop
      vertex 16.792991605204556 -0.9662630667034212 1.1999999999999993
      vertex 16.792991605204556 -0.9662630667034212 8.5
      vertex 16.883883476483184 -0.8838834764831844 8.5
    endloop
  endfacet
  facet normal -0.7409511253549523 0.6715589548470259 0
    outer loop
      vertex 16.883883476483184 -0.8838834764831844 1.1999999999999993
      vertex 16.883883476483184 -0.8838834764831844 8.5
      vertex 16.966263066703423 -0.7929916052045569 8.5
    endloop
  endfacet
  facet normal -0.8032075314806569 0.5956993044924173 0
    outer loop
      vertex 16.966263066703423 -0.7929916052045569 1.1999999999999993
      vertex 16.966263066703423 -0.7929916052045569 8.5
      vertex 17.03933701537818 -0.6944627912745027 8.5
    endloop
  endfacet
  facet normal -0.8577286100002661 0.5141027441932318 0
    outer loop
      vertex 17.03933701537818 -0.6944627912745027 1.1999999999999993
      vertex 17.03933701537818 -0.6944627912745027 8.5
      vertex 17.102401580435444 -0.5892459210324971 8.5
    endloop
  endfacet
  facet normal 0.14673047445536233 -0.9891765099647809 0
    outer loop
      vertex 15.87747857458805 1.2439809083402462 1.1999999999999993
      vertex 15.87747857458805 1.2439809083402462 8.5
      vertex 15.75613709747984 1.225981600504038 8.5
    endloop
  endfacet
  facet normal 0.04906767432741743 -0.9987954562051725 0
    outer loop
      vertex 16 1.25 1.1999999999999993
      vertex 16 1.25 8.5
      vertex 15.87747857458805 1.2439809083402462 8.5
    endloop
  endfacet
  facet normal -0.04906767432741743 -0.9987954562051725 0
    outer loop
      vertex 16.12252142541195 1.2439809083402462 1.1999999999999993
      vertex 16.12252142541195 1.2439809083402462 8.5
      vertex 16 1.25 8.5
    endloop
  endfacet
  facet normal -0.14673047445536233 -0.9891765099647809 0
    outer loop
      vertex 16.24386290252016 1.225981600504038 1.1999999999999993
      vertex 16.24386290252016 1.225981600504038 8.5
      vertex 16.12252142541195 1.2439809083402462 8.5
    endloop
  endfacet
  facet normal -0.24298017990326454 -0.9700312531945438 0
    outer loop
      vertex 16.362855846568078 1.196175419665261 1.1999999999999993
      vertex 16.362855846568078 1.196175419665261 8.5
      vertex 16.24386290252016 1.225981600504038 8.5
    endloop
  endfacet
  facet normal -0.514102744193218 -0.8577286100002742 0
    outer loop
      vertex 16.694462791274503 1.0393370153781816 1.1999999999999993
      vertex 16.694462791274503 1.0393370153781816 8.5
      vertex 16.589245921032497 1.102401580435444 8.5
    endloop
  endfacet
  facet normal -0.3368898533922174 -0.9415440651830218 0
    outer loop
      vertex 16.478354290456362 1.1548494156391085 1.1999999999999993
      vertex 16.478354290456362 1.1548494156391085 8.5
      vertex 16.362855846568078 1.196175419665261 8.5
    endloop
  endfacet
  facet normal -0.4275550934302841 -0.9039892931234423 0
    outer loop
      vertex 16.589245921032497 1.102401580435444 1.1999999999999993
      vertex 16.589245921032497 1.102401580435444 8.5
      vertex 16.478354290456362 1.1548494156391085 8.5
    endloop
  endfacet
  facet normal -0.671558954847013 -0.7409511253549641 0
    outer loop
      vertex 16.883883476483184 0.8838834764831844 1.1999999999999993
      vertex 16.883883476483184 0.8838834764831844 8.5
      vertex 16.792991605204556 0.9662630667034212 8.5
    endloop
  endfacet
  facet normal -0.5956993044924408 -0.8032075314806394 0
    outer loop
      vertex 16.792991605204556 0.9662630667034212 1.1999999999999993
      vertex 16.792991605204556 0.9662630667034212 8.5
      vertex 16.694462791274503 1.0393370153781816 8.5
    endloop
  endfacet
  facet normal -0.7409511253549523 -0.6715589548470259 0
    outer loop
      vertex 16.966263066703423 0.7929916052045569 1.1999999999999993
      vertex 16.966263066703423 0.7929916052045569 8.5
      vertex 16.883883476483184 0.8838834764831844 8.5
    endloop
  endfacet
  facet normal -0.8032075314806569 -0.5956993044924173 0
    outer loop
      vertex 17.03933701537818 0.6944627912745027 1.1999999999999993
      vertex 17.03933701537818 0.6944627912745027 8.5
      vertex 16.966263066703423 0.7929916052045569 8.5
    endloop
  endfacet
  facet normal -0.9039892931234415 0.4275550934302861 0
    outer loop
      vertex 17.102401580435444 -0.5892459210324971 1.1999999999999993
      vertex 17.102401580435444 -0.5892459210324971 8.5
      vertex 17.15484941563911 -0.47835429045636224 8.5
    endloop
  endfacet
  facet normal -0.9415440651830281 0.3368898533921996 0
    outer loop
      vertex 17.15484941563911 -0.47835429045636224 1.1999999999999993
      vertex 17.15484941563911 -0.47835429045636224 8.5
      vertex 17.19617541966526 -0.3628558465680779 8.5
    endloop
  endfacet
  facet normal -0.9700312531945395 0.24298017990328158 0
    outer loop
      vertex 17.19617541966526 -0.3628558465680779 1.1999999999999993
      vertex 17.19617541966526 -0.3628558465680779 8.5
      vertex 17.22598160050404 -0.2438629025201603 8.5
    endloop
  endfacet
  facet normal -0.9891765099647791 0.14673047445537346 0
    outer loop
      vertex 17.22598160050404 -0.2438629025201603 1.1999999999999993
      vertex 17.22598160050404 -0.2438629025201603 8.5
      vertex 17.243980908340248 -0.12252142541195075 8.5
    endloop
  endfacet
  facet normal -0.9987954562051732 0.04906767432740269 0
    outer loop
      vertex 17.243980908340248 -0.12252142541195075 1.1999999999999993
      vertex 17.243980908340248 -0.12252142541195075 8.5
      vertex 17.25 0 8.5
    endloop
  endfacet
  facet normal -0.9700312531945395 -0.24298017990328158 0
    outer loop
      vertex 17.22598160050404 0.2438629025201603 1.1999999999999993
      vertex 17.22598160050404 0.2438629025201603 8.5
      vertex 17.19617541966526 0.3628558465680779 8.5
    endloop
  endfacet
  facet normal -0.9987954562051732 -0.04906767432740269 0
    outer loop
      vertex 17.25 0 1.1999999999999993
      vertex 17.25 0 8.5
      vertex 17.243980908340248 0.12252142541195075 8.5
    endloop
  endfacet
  facet normal -0.9891765099647791 -0.14673047445537346 0
    outer loop
      vertex 17.243980908340248 0.12252142541195075 1.1999999999999993
      vertex 17.243980908340248 0.12252142541195075 8.5
      vertex 17.22598160050404 0.2438629025201603 8.5
    endloop
  endfacet
  facet normal -0.9039892931234415 -0.4275550934302861 0
    outer loop
      vertex 17.15484941563911 0.47835429045636224 1.1999999999999993
      vertex 17.15484941563911 0.47835429045636224 8.5
      vertex 17.102401580435444 0.5892459210324971 8.5
    endloop
  endfacet
  facet normal -0.9415440651830281 -0.3368898533921996 0
    outer loop
      vertex 17.19617541966526 0.3628558465680779 1.1999999999999993
      vertex 17.19617541966526 0.3628558465680779 8.5
      vertex 17.15484941563911 0.47835429045636224 8.5
    endloop
  endfacet
  facet normal -0.8577286100002661 -0.5141027441932318 0
    outer loop
      vertex 17.102401580435444 0.5892459210324971 1.1999999999999993
      vertex 17.102401580435444 0.5892459210324971 8.5
      vertex 17.03933701537818 0.6944627912745027 8.5
    endloop
  endfacet
  facet normal 0 0 1
    outer loop
      vertex 14.774018399495962 27.75613709747984 1.1999999999999993
      vertex 14.756019091659754 28.12252142541195 1.1999999999999993
      vertex 14.756019091659754 27.87747857458805 1.1999999999999993
    endloop
  endfacet
  facet normal 0 0 1
    outer loop
      vertex 14.756019091659754 27.87747857458805 1.1999999999999993
      vertex 14.756019091659754 28.12252142541195 1.1999999999999993
      vertex 14.75 28 1.1999999999999993
    endloop
  endfacet
  facet normal 0 0 1
    outer loop
      vertex 14.84515058436089 27.521645709543638 1.1999999999999993
      vertex 14.803824580334739 28.362855846568078 1.1999999999999993
      vertex 14.803824580334739 27.637144153431922 1.1999999999999993
    endloop
  endfacet
  facet normal 0 0 1
    outer loop
      vertex 14.960662984621818 27.305537208725497 1.1999999999999993
      vertex 14.897598419564556 28.589245921032497 1.1999999999999993
      vertex 14.897598419564556 27.410754078967503 1.1999999999999993
    endloop
  endfacet
  facet normal 0 0 1
    outer loop
      vertex 14.897598419564556 27.410754078967503 1.1999999999999993
      vertex 14.84515058436089 28.478354290456362 1.1999999999999993
      vertex 14.84515058436089 27.521645709543638 1.1999999999999993
    endloop
  endfacet
  facet normal 0 0 1
    outer loop
      vertex 14.803824580334739 27.637144153431922 1.1999999999999993
      vertex 14.774018399495962 28.24386290252016 1.1999999999999993
      vertex 14.774018399495962 27.75613709747984 1.1999999999999993
    endloop
  endfacet
  facet normal 0 0 1
    outer loop
      vertex 14.774018399495962 27.75613709747984 1.1999999999999993
      vertex 14.774018399495962 28.24386290252016 1.1999999999999993
      vertex 14.756019091659754 28.12252142541195 1.1999999999999993
    endloop
  endfacet
  facet normal 0 0 1
    outer loop
      vertex 15.033736933296579 27.207008394795444 1.1999999999999993
      vertex 14.960662984621818 28.694462791274503 1.1999999999999993
      vertex 14.960662984621818 27.305537208725497 1.1999999999999993
    endloop
  endfacet
  facet normal 0 0 1
    outer loop
      vertex 15.033736933296579 27.207008394795444 1.1999999999999993
      vertex 15.116116523516816 27.116116523516816 1.1999999999999993
      vertex 15.033736933296579 28.792991605204556 1.1999999999999993
    endloop
  endfacet
  facet normal 0 0 1
    outer loop
      vertex 15.305537208725497 26.96066298462182 1.1999999999999993
      vertex 15.207008394795443 28.966263066703423 1.1999999999999993
      vertex 15.207008394795443 27.033736933296577 1.1999999999999993
    endloop
  endfacet
  facet normal 0 0 1
    outer loop
      vertex 15.410754078967503 26.897598419564556 1.1999999999999993
      vertex 15.305537208725497 29.03933701537818 1.1999999999999993
      vertex 15.305537208725497 26.96066298462182 1.1999999999999993
    endloop
  endfacet
  facet normal 0 0 1
    outer loop
      vertex 15.207008394795443 27.033736933296577 1.1999999999999993
      vertex 15.116116523516816 28.883883476483184 1.1999999999999993
      vertex 15.116116523516816 27.116116523516816 1.1999999999999993
    endloop
  endfacet
  facet normal 0 0 1
    outer loop
      vertex 15.521645709543638 26.84515058436089 1.1999999999999993
      vertex 15.410754078967503 29.102401580435444 1.1999999999999993
      vertex 15.410754078967503 26.897598419564556 1.1999999999999993
    endloop
  endfacet
  facet normal 0 0 1
    outer loop
      vertex 15.637144153431922 26.80382458033474 1.1999999999999993
      vertex 15.521645709543638 29.15484941563911 1.1999999999999993
      vertex 15.521645709543638 26.84515058436089 1.1999999999999993
    endloop
  endfacet
  facet normal 0 0 1
    outer loop
      vertex 15.75613709747984 26.77401839949596 1.1999999999999993
      vertex 15.637144153431922 29.19617541966526 1.1999999999999993
      vertex 15.637144153431922 26.80382458033474 1.1999999999999993
    endloop
  endfacet
  facet normal 0 0 1
    outer loop
      vertex 14.803824580334739 27.637144153431922 1.1999999999999993
      vertex 14.803824580334739 28.362855846568078 1.1999999999999993
      vertex 14.774018399495962 28.24386290252016 1.1999999999999993
    endloop
  endfacet
  facet normal 0 0 1
    outer loop
      vertex 14.84515058436089 27.521645709543638 1.1999999999999993
      vertex 14.84515058436089 28.478354290456362 1.1999999999999993
      vertex 14.803824580334739 28.362855846568078 1.1999999999999993
    endloop
  endfacet
  facet normal 0 0 1
    outer loop
      vertex 14.897598419564556 27.410754078967503 1.1999999999999993
      vertex 14.897598419564556 28.589245921032497 1.1999999999999993
      vertex 14.84515058436089 28.478354290456362 1.1999999999999993
    endloop
  endfacet
  facet normal 0 0 1
    outer loop
      vertex 14.960662984621818 27.305537208725497 1.1999999999999993
      vertex 14.960662984621818 28.694462791274503 1.1999999999999993
      vertex 14.897598419564556 28.589245921032497 1.1999999999999993
    endloop
  endfacet
  facet normal 0 0 1
    outer loop
      vertex 15.033736933296579 27.207008394795444 1.1999999999999993
      vertex 15.033736933296579 28.792991605204556 1.1999999999999993
      vertex 14.960662984621818 28.694462791274503 1.1999999999999993
    endloop
  endfacet
  facet normal 0 0 1
    outer loop
      vertex 15.116116523516816 27.116116523516816 1.1999999999999993
      vertex 15.116116523516816 28.883883476483184 1.1999999999999993
      vertex 15.033736933296579 28.792991605204556 1.1999999999999993
    endloop
  endfacet
  facet normal 0 0 1
    outer loop
      vertex 15.207008394795443 27.033736933296577 1.1999999999999993
      vertex 15.207008394795443 28.966263066703423 1.1999999999999993
      vertex 15.116116523516816 28.883883476483184 1.1999999999999993
    endloop
  endfacet
  facet normal 0 0 1
    outer loop
      vertex 15.305537208725497 26.96066298462182 1.1999999999999993
      vertex 15.305537208725497 29.03933701537818 1.1999999999999993
      vertex 15.207008394795443 28.966263066703423 1.1999999999999993
    endloop
  endfacet
  facet normal 0 0 1
    outer loop
      vertex 15.410754078967503 26.897598419564556 1.1999999999999993
      vertex 15.410754078967503 29.102401580435444 1.1999999999999993
      vertex 15.305537208725497 29.03933701537818 1.1999999999999993
    endloop
  endfacet
  facet normal 0 0 1
    outer loop
      vertex 15.521645709543638 26.84515058436089 1.1999999999999993
      vertex 15.521645709543638 29.15484941563911 1.1999999999999993
      vertex 15.410754078967503 29.102401580435444 1.1999999999999993
    endloop
  endfacet
  facet normal 0 0 1
    outer loop
      vertex 15.637144153431922 26.80382458033474 1.1999999999999993
      vertex 15.637144153431922 29.19617541966526 1.1999999999999993
      vertex 15.521645709543638 29.15484941563911 1.1999999999999993
    endloop
  endfacet
  facet normal 0 0 1
    outer loop
      vertex 15.75613709747984 26.77401839949596 1.1999999999999993
      vertex 15.75613709747984 29.22598160050404 1.1999999999999993
      vertex 15.637144153431922 29.19617541966526 1.1999999999999993
    endloop
  endfacet
  facet normal 0 0 1
    outer loop
      vertex 15.87747857458805 26.756019091659752 1.1999999999999993
      vertex 15.75613709747984 29.22598160050404 1.1999999999999993
      vertex 15.75613709747984 26.77401839949596 1.1999999999999993
    endloop
  endfacet
  facet normal 0 0 1
    outer loop
      vertex 15.87747857458805 26.756019091659752 1.1999999999999993
      vertex 16 26.75 1.1999999999999993
      vertex 15.87747857458805 29.243980908340248 1.1999999999999993
    endloop
  endfacet
  facet normal 0 0 1
    outer loop
      vertex 16 26.75 1.1999999999999993
      vertex 16.12252142541195 26.756019091659752 1.1999999999999993
      vertex 16 29.25 1.1999999999999993
    endloop
  endfacet
  facet normal 0 0 1
    outer loop
      vertex 16.12252142541195 26.756019091659752 1.1999999999999993
      vertex 16.24386290252016 26.77401839949596 1.1999999999999993
      vertex 16.12252142541195 29.243980908340248 1.1999999999999993
    endloop
  endfacet
  facet normal 0 0 1
    outer loop
      vertex 16.24386290252016 26.77401839949596 1.1999999999999993
      vertex 16.362855846568078 26.80382458033474 1.1999999999999993
      vertex 16.24386290252016 29.22598160050404 1.1999999999999993
    endloop
  endfacet
  facet normal 0 0 1
    outer loop
      vertex 16.362855846568078 26.80382458033474 1.1999999999999993
      vertex 16.478354290456362 26.84515058436089 1.1999999999999993
      vertex 16.362855846568078 29.19617541966526 1.1999999999999993
    endloop
  endfacet
  facet normal 0 0 1
    outer loop
      vertex 16.478354290456362 26.84515058436089 1.1999999999999993
      vertex 16.589245921032497 26.897598419564556 1.1999999999999993
      vertex 16.478354290456362 29.15484941563911 1.1999999999999993
    endloop
  endfacet
  facet normal 0 0 1
    outer loop
      vertex 16.589245921032497 26.897598419564556 1.1999999999999993
      vertex 16.694462791274503 26.96066298462182 1.1999999999999993
      vertex 16.589245921032497 29.102401580435444 1.1999999999999993
    endloop
  endfacet
  facet normal 0 0 1
    outer loop
      vertex 16.694462791274503 26.96066298462182 1.1999999999999993
      vertex 16.792991605204556 27.033736933296577 1.1999999999999993
      vertex 16.694462791274503 29.03933701537818 1.1999999999999993
    endloop
  endfacet
  facet normal 0 0 1
    outer loop
      vertex 16.792991605204556 27.033736933296577 1.1999999999999993
      vertex 16.883883476483184 27.116116523516816 1.1999999999999993
      vertex 16.792991605204556 28.966263066703423 1.1999999999999993
    endloop
  endfacet
  facet normal 0 0 1
    outer loop
      vertex 16.883883476483184 27.116116523516816 1.1999999999999993
      vertex 16.966263066703423 27.207008394795444 1.1999999999999993
      vertex 16.883883476483184 28.883883476483184 1.1999999999999993
    endloop
  endfacet
  facet normal 0 0 1
    outer loop
      vertex 16.966263066703423 27.207008394795444 1.1999999999999993
      vertex 17.03933701537818 27.305537208725497 1.1999999999999993
      vertex 16.966263066703423 28.792991605204556 1.1999999999999993
    endloop
  endfacet
  facet normal 0 0 1
    outer loop
      vertex 17.03933701537818 27.305537208725497 1.1999999999999993
      vertex 17.102401580435444 27.410754078967503 1.1999999999999993
      vertex 17.03933701537818 28.694462791274503 1.1999999999999993
    endloop
  endfacet
  facet normal 0 0 1
    outer loop
      vertex 15.87747857458805 26.756019091659752 1.1999999999999993
      vertex 15.87747857458805 29.243980908340248 1.1999999999999993
      vertex 15.75613709747984 29.22598160050404 1.1999999999999993
    endloop
  endfacet
  facet normal 0 0 1
    outer loop
      vertex 16 26.75 1.1999999999999993
      vertex 16 29.25 1.1999999999999993
      vertex 15.87747857458805 29.243980908340248 1.1999999999999993
    endloop
  endfacet
  facet normal 0 0 1
    outer loop
      vertex 16.12252142541195 26.756019091659752 1.1999999999999993
      vertex 16.12252142541195 29.243980908340248 1.1999999999999993
      vertex 16 29.25 1.1999999999999993
    endloop
  endfacet
  facet normal 0 0 1
    outer loop
      vertex 16.24386290252016 26.77401839949596 1.1999999999999993
      vertex 16.24386290252016 29.22598160050404 1.1999999999999993
      vertex 16.12252142541195 29.243980908340248 1.1999999999999993
    endloop
  endfacet
  facet normal 0 0 1
    outer loop
      vertex 16.362855846568078 26.80382458033474 1.1999999999999993
      vertex 16.362855846568078 29.19617541966526 1.1999999999999993
      vertex 16.24386290252016 29.22598160050404 1.1999999999999993
    endloop
  endfacet
  facet normal 0 0 1
    outer loop
      vertex 16.478354290456362 26.84515058436089 1.1999999999999993
      vertex 16.478354290456362 29.15484941563911 1.1999999999999993
      vertex 16.362855846568078 29.19617541966526 1.1999999999999993
    endloop
  endfacet
  facet normal 0 0 1
    outer loop
      vertex 16.589245921032497 26.897598419564556 1.1999999999999993
      vertex 16.589245921032497 29.102401580435444 1.1999999999999993
      vertex 16.478354290456362 29.15484941563911 1.1999999999999993
    endloop
  endfacet
  facet normal 0 0 1
    outer loop
      vertex 16.694462791274503 26.96066298462182 1.1999999999999993
      vertex 16.694462791274503 29.03933701537818 1.1999999999999993
      vertex 16.589245921032497 29.102401580435444 1.1999999999999993
    endloop
  endfacet
  facet normal 0 0 1
    outer loop
      vertex 16.792991605204556 27.033736933296577 1.1999999999999993
      vertex 16.792991605204556 28.966263066703423 1.1999999999999993
      vertex 16.694462791274503 29.03933701537818 1.1999999999999993
    endloop
  endfacet
  facet normal 0 0 1
    outer loop
      vertex 16.883883476483184 27.116116523516816 1.1999999999999993
      vertex 16.883883476483184 28.883883476483184 1.1999999999999993
      vertex 16.792991605204556 28.966263066703423 1.1999999999999993
    endloop
  endfacet
  facet normal 0 0 1
    outer loop
      vertex 16.966263066703423 27.207008394795444 1.1999999999999993
      vertex 16.966263066703423 28.792991605204556 1.1999999999999993
      vertex 16.883883476483184 28.883883476483184 1.1999999999999993
    endloop
  endfacet
  facet normal 0 0 1
    outer loop
      vertex 17.03933701537818 27.305537208725497 1.1999999999999993
      vertex 17.03933701537818 28.694462791274503 1.1999999999999993
      vertex 16.966263066703423 28.792991605204556 1.1999999999999993
    endloop
  endfacet
  facet normal 0 0 1
    outer loop
      vertex 17.102401580435444 27.410754078967503 1.1999999999999993
      vertex 17.15484941563911 27.521645709543638 1.1999999999999993
      vertex 17.102401580435444 28.589245921032497 1.1999999999999993
    endloop
  endfacet
  facet normal 0 0 1
    outer loop
      vertex 17.15484941563911 27.521645709543638 1.1999999999999993
      vertex 17.19617541966526 27.637144153431922 1.1999999999999993
      vertex 17.15484941563911 28.478354290456362 1.1999999999999993
    endloop
  endfacet
  facet normal 0 0 1
    outer loop
      vertex 17.19617541966526 27.637144153431922 1.1999999999999993
      vertex 17.22598160050404 27.75613709747984 1.1999999999999993
      vertex 17.19617541966526 28.362855846568078 1.1999999999999993
    endloop
  endfacet
  facet normal 0 0 1
    outer loop
      vertex 17.22598160050404 27.75613709747984 1.1999999999999993
      vertex 17.243980908340248 27.87747857458805 1.1999999999999993
      vertex 17.22598160050404 28.24386290252016 1.1999999999999993
    endloop
  endfacet
  facet normal 0 0 1
    outer loop
      vertex 17.243980908340248 27.87747857458805 1.1999999999999993
      vertex 17.25 28 1.1999999999999993
      vertex 17.243980908340248 28.12252142541195 1.1999999999999993
    endloop
  endfacet
  facet normal 0 0 1
    outer loop
      vertex 17.102401580435444 27.410754078967503 1.1999999999999993
      vertex 17.102401580435444 28.589245921032497 1.1999999999999993
      vertex 17.03933701537818 28.694462791274503 1.1999999999999993
    endloop
  endfacet
  facet normal 0 0 1
    outer loop
      vertex 17.15484941563911 27.521645709543638 1.1999999999999993
      vertex 17.15484941563911 28.478354290456362 1.1999999999999993
      vertex 17.102401580435444 28.589245921032497 1.1999999999999993
    endloop
  endfacet
  facet normal 0 0 1
    outer loop
      vertex 17.19617541966526 27.637144153431922 1.1999999999999993
      vertex 17.19617541966526 28.362855846568078 1.1999999999999993
      vertex 17.15484941563911 28.478354290456362 1.1999999999999993
    endloop
  endfacet
  facet normal 0 0 1
    outer loop
      vertex 17.22598160050404 27.75613709747984 1.1999999999999993
      vertex 17.22598160050404 28.24386290252016 1.1999999999999993
      vertex 17.19617541966526 28.362855846568078 1.1999999999999993
    endloop
  endfacet
  facet normal 0 0 1
    outer loop
      vertex 17.243980908340248 27.87747857458805 1.1999999999999993
      vertex 17.243980908340248 28.12252142541195 1.1999999999999993
      vertex 17.22598160050404 28.24386290252016 1.1999999999999993
    endloop
  endfacet
  facet normal 0.8032075314806372 0.5956993044924437 0
    outer loop
      vertex 15.033736933296579 27.207008394795444 1.1999999999999993
      vertex 14.960662984621818 27.305537208725497 1.1999999999999993
      vertex 15.033736933296579 27.207008394795444 8.5
    endloop
  endfacet
  facet normal 0.7409511253549645 0.6715589548470124 0
    outer loop
      vertex 15.033736933296579 27.207008394795444 1.1999999999999993
      vertex 15.116116523516816 27.116116523516816 8.5
      vertex 15.116116523516816 27.116116523516816 1.1999999999999993
    endloop
  endfacet
  facet normal 0.9987954562051725 0.04906767432741743 0
    outer loop
      vertex 14.756019091659754 27.87747857458805 1.1999999999999993
      vertex 14.75 28 1.1999999999999993
      vertex 14.756019091659754 27.87747857458805 8.5
    endloop
  endfacet
  facet normal 0.9987954562051725 -0.04906767432741743 0
    outer loop
      vertex 14.75 28 1.1999999999999993
      vertex 14.756019091659754 28.12252142541195 1.1999999999999993
      vertex 14.75 28 8.5
    endloop
  endfacet
  facet normal 0.9039892931234402 0.4275550934302885 0
    outer loop
      vertex 14.897598419564556 27.410754078967503 1.1999999999999993
      vertex 14.84515058436089 27.521645709543638 1.1999999999999993
      vertex 14.897598419564556 27.410754078967503 8.5
    endloop
  endfacet
  facet normal 0.9415440651830239 0.33688985339221095 0
    outer loop
      vertex 14.84515058436089 27.521645709543638 1.1999999999999993
      vertex 14.803824580334739 27.637144153431922 1.1999999999999993
      vertex 14.84515058436089 27.521645709543638 8.5
    endloop
  endfacet
  facet normal 0.8577286100002751 0.5141027441932167 0
    outer loop
      vertex 14.960662984621818 27.305537208725497 1.1999999999999993
      vertex 14.897598419564556 27.410754078967503 1.1999999999999993
      vertex 14.960662984621818 27.305537208725497 8.5
    endloop
  endfacet
  facet normal 0.970031253194543 0.24298017990326795 0
    outer loop
      vertex 14.803824580334739 27.637144153431922 1.1999999999999993
      vertex 14.774018399495962 27.75613709747984 1.1999999999999993
      vertex 14.803824580334739 27.637144153431922 8.5
    endloop
  endfacet
  facet normal 0.9891765099647815 0.14673047445535878 0
    outer loop
      vertex 14.774018399495962 27.75613709747984 1.1999999999999993
      vertex 14.756019091659754 27.87747857458805 1.1999999999999993
      vertex 14.774018399495962 27.75613709747984 8.5
    endloop
  endfacet
  facet normal 0.6715589548470277 0.7409511253549508 0
    outer loop
      vertex 15.207008394795443 27.033736933296577 1.1999999999999993
      vertex 15.116116523516816 27.116116523516816 1.1999999999999993
      vertex 15.207008394795443 27.033736933296577 8.5
    endloop
  endfacet
  facet normal 0.5956993044924181 0.8032075314806562 0
    outer loop
      vertex 15.305537208725497 26.96066298462182 1.1999999999999993
      vertex 15.207008394795443 27.033736933296577 1.1999999999999993
      vertex 15.305537208725497 26.96066298462182 8.5
    endloop
  endfacet
  facet normal 0.5141027441932274 0.8577286100002687 0
    outer loop
      vertex 15.410754078967503 26.897598419564556 1.1999999999999993
      vertex 15.305537208725497 26.96066298462182 1.1999999999999993
      vertex 15.410754078967503 26.897598419564556 8.5
    endloop
  endfacet
  facet normal 0.4275550934302885 0.9039892931234402 0
    outer loop
      vertex 15.521645709543638 26.84515058436089 1.1999999999999993
      vertex 15.410754078967503 26.897598419564556 1.1999999999999993
      vertex 15.521645709543638 26.84515058436089 8.5
    endloop
  endfacet
  facet normal 0.3368898533921982 0.9415440651830287 0
    outer loop
      vertex 15.637144153431922 26.80382458033474 1.1999999999999993
      vertex 15.521645709543638 26.84515058436089 1.1999999999999993
      vertex 15.637144153431922 26.80382458033474 8.5
    endloop
  endfacet
  facet normal 0.24298017990328158 0.9700312531945395 0
    outer loop
      vertex 15.75613709747984 26.77401839949596 1.1999999999999993
      vertex 15.637144153431922 26.80382458033474 1.1999999999999993
      vertex 15.75613709747984 26.77401839949596 8.5
    endloop
  endfacet
  facet normal 0.9891765099647815 -0.14673047445535878 0
    outer loop
      vertex 14.756019091659754 28.12252142541195 1.1999999999999993
      vertex 14.774018399495962 28.24386290252016 1.1999999999999993
      vertex 14.756019091659754 28.12252142541195 8.5
    endloop
  endfacet
  facet normal 0.970031253194543 -0.24298017990326795 0
    outer loop
      vertex 14.774018399495962 28.24386290252016 1.1999999999999993
      vertex 14.803824580334739 28.362855846568078 1.1999999999999993
      vertex 14.774018399495962 28.24386290252016 8.5
    endloop
  endfacet
  facet normal 0.9415440651830239 -0.33688985339221095 0
    outer loop
      vertex 14.803824580334739 28.362855846568078 1.1999999999999993
      vertex 14.84515058436089 28.478354290456362 1.1999999999999993
      vertex 14.803824580334739 28.362855846568078 8.5
    endloop
  endfacet
  facet normal 0.9039892931234402 -0.4275550934302885 0
    outer loop
      vertex 14.84515058436089 28.478354290456362 1.1999999999999993
      vertex 14.897598419564556 28.589245921032497 1.1999999999999993
      vertex 14.84515058436089 28.478354290456362 8.5
    endloop
  endfacet
  facet normal 0.8577286100002751 -0.5141027441932167 0
    outer loop
      vertex 14.897598419564556 28.589245921032497 1.1999999999999993
      vertex 14.960662984621818 28.694462791274503 1.1999999999999993
      vertex 14.897598419564556 28.589245921032497 8.5
    endloop
  endfacet
  facet normal 0.8032075314806372 -0.5956993044924437 0
    outer loop
      vertex 14.960662984621818 28.694462791274503 1.1999999999999993
      vertex 15.033736933296579 28.792991605204556 1.1999999999999993
      vertex 14.960662984621818 28.694462791274503 8.5
    endloop
  endfacet
  facet normal 0.7409511253549645 -0.6715589548470124 0
    outer loop
      vertex 15.033736933296579 28.792991605204556 1.1999999999999993
      vertex 15.116116523516816 28.883883476483184 1.1999999999999993
      vertex 15.033736933296579 28.792991605204556 8.5
    endloop
  endfacet
  facet normal 0.6715589548470277 -0.7409511253549508 0
    outer loop
      vertex 15.116116523516816 28.883883476483184 1.1999999999999993
      vertex 15.207008394795443 28.966263066703423 1.1999999999999993
      vertex 15.116116523516816 28.883883476483184 8.5
    endloop
  endfacet
  facet normal 0.5956993044924181 -0.8032075314806562 0
    outer loop
      vertex 15.207008394795443 28.966263066703423 1.1999999999999993
      vertex 15.305537208725497 29.03933701537818 1.1999999999999993
      vertex 15.207008394795443 28.966263066703423 8.5
    endloop
  endfacet
  facet normal 0.5141027441932274 -0.8577286100002687 0
    outer loop
      vertex 15.305537208725497 29.03933701537818 1.1999999999999993
      vertex 15.410754078967503 29.102401580435444 1.1999999999999993
      vertex 15.305537208725497 29.03933701537818 8.5
    endloop
  endfacet
  facet normal 0.4275550934302885 -0.9039892931234402 0
    outer loop
      vertex 15.410754078967503 29.102401580435444 1.1999999999999993
      vertex 15.521645709543638 29.15484941563911 1.1999999999999993
      vertex 15.410754078967503 29.102401580435444 8.5
    endloop
  endfacet
  facet normal 0.3368898533921982 -0.9415440651830287 0
    outer loop
      vertex 15.521645709543638 29.15484941563911 1.1999999999999993
      vertex 15.637144153431922 29.19617541966526 1.1999999999999993
      vertex 15.521645709543638 29.15484941563911 8.5
    endloop
  endfacet
  facet normal 0.24298017990328158 -0.9700312531945395 0
    outer loop
      vertex 15.637144153431922 29.19617541966526 1.1999999999999993
      vertex 15.75613709747984 29.22598160050404 1.1999999999999993
      vertex 15.637144153431922 29.19617541966526 8.5
    endloop
  endfacet
  facet normal 0.14673047445537296 0.9891765099647793 0
    outer loop
      vertex 15.87747857458805 26.756019091659752 1.1999999999999993
      vertex 15.75613709747984 26.77401839949596 1.1999999999999993
      vertex 15.87747857458805 26.756019091659752 8.5
    endloop
  endfacet
  facet normal 0.049067674327402985 0.9987954562051731 0
    outer loop
      vertex 15.87747857458805 26.756019091659752 1.1999999999999993
      vertex 16 26.75 8.5
      vertex 16 26.75 1.1999999999999993
    endloop
  endfacet
  facet normal -0.049067674327402985 0.9987954562051731 0
    outer loop
      vertex 16 26.75 1.1999999999999993
      vertex 16.12252142541195 26.756019091659752 8.5
      vertex 16.12252142541195 26.756019091659752 1.1999999999999993
    endloop
  endfacet
  facet normal -0.14673047445537296 0.9891765099647793 0
    outer loop
      vertex 16.12252142541195 26.756019091659752 1.1999999999999993
      vertex 16.24386290252016 26.77401839949596 8.5
      vertex 16.24386290252016 26.77401839949596 1.1999999999999993
    endloop
  endfacet
  facet normal -0.24298017990328158 0.9700312531945395 0
    outer loop
      vertex 16.24386290252016 26.77401839949596 1.1999999999999993
      vertex 16.362855846568078 26.80382458033474 8.5
      vertex 16.362855846568078 26.80382458033474 1.1999999999999993
    endloop
  endfacet
  facet normal -0.3368898533921982 0.9415440651830287 0
    outer loop
      vertex 16.362855846568078 26.80382458033474 1.1999999999999993
      vertex 16.478354290456362 26.84515058436089 8.5
      vertex 16.478354290456362 26.84515058436089 1.1999999999999993
    endloop
  endfacet
  facet normal -0.4275550934302885 0.9039892931234402 0
    outer loop
      vertex 16.478354290456362 26.84515058436089 1.1999999999999993
      vertex 16.589245921032497 26.897598419564556 8.5
      vertex 16.589245921032497 26.897598419564556 1.1999999999999993
    endloop
  endfacet
  facet normal -0.5141027441932274 0.8577286100002687 0
    outer loop
      vertex 16.589245921032497 26.897598419564556 1.1999999999999993
      vertex 16.694462791274503 26.96066298462182 8.5
      vertex 16.694462791274503 26.96066298462182 1.1999999999999993
    endloop
  endfacet
  facet normal -0.595699304492425 0.8032075314806512 0
    outer loop
      vertex 16.694462791274503 26.96066298462182 1.1999999999999993
      vertex 16.792991605204556 27.033736933296577 8.5
      vertex 16.792991605204556 27.033736933296577 1.1999999999999993
    endloop
  endfacet
  facet normal -0.6715589548470204 0.7409511253549573 0
    outer loop
      vertex 16.792991605204556 27.033736933296577 1.1999999999999993
      vertex 16.883883476483184 27.116116523516816 8.5
      vertex 16.883883476483184 27.116116523516816 1.1999999999999993
    endloop
  endfacet
  facet normal -0.7409511253549573 0.6715589548470204 0
    outer loop
      vertex 16.883883476483184 27.116116523516816 1.1999999999999993
      vertex 16.966263066703423 27.207008394795444 8.5
      vertex 16.966263066703423 27.207008394795444 1.1999999999999993
    endloop
  endfacet
  facet normal -0.8032075314806512 0.595699304492425 0
    outer loop
      vertex 16.966263066703423 27.207008394795444 1.1999999999999993
      vertex 17.03933701537818 27.305537208725497 8.5
      vertex 17.03933701537818 27.305537208725497 1.1999999999999993
    endloop
  endfacet
  facet normal 0.14673047445537296 -0.9891765099647793 0
    outer loop
      vertex 15.75613709747984 29.22598160050404 1.1999999999999993
      vertex 15.87747857458805 29.243980908340248 1.1999999999999993
      vertex 15.75613709747984 29.22598160050404 8.5
    endloop
  endfacet
  facet normal 0.049067674327402985 -0.9987954562051731 0
    outer loop
      vertex 15.87747857458805 29.243980908340248 1.1999999999999993
      vertex 16 29.25 1.1999999999999993
      vertex 15.87747857458805 29.243980908340248 8.5
    endloop
  endfacet
  facet normal -0.049067674327402985 -0.9987954562051731 0
    outer loop
      vertex 16 29.25 1.1999999999999993
      vertex 16.12252142541195 29.243980908340248 1.1999999999999993
      vertex 16 29.25 8.5
    endloop
  endfacet
  facet normal -0.24298017990328158 -0.9700312531945395 0
    outer loop
      vertex 16.362855846568078 29.19617541966526 1.1999999999999993
      vertex 16.24386290252016 29.22598160050404 8.5
      vertex 16.24386290252016 29.22598160050404 1.1999999999999993
    endloop
  endfacet
  facet normal -0.3368898533921982 -0.9415440651830287 0
    outer loop
      vertex 16.478354290456362 29.15484941563911 1.1999999999999993
      vertex 16.362855846568078 29.19617541966526 8.5
      vertex 16.362855846568078 29.19617541966526 1.1999999999999993
    endloop
  endfacet
  facet normal -0.14673047445537296 -0.9891765099647793 0
    outer loop
      vertex 16.12252142541195 29.243980908340248 1.1999999999999993
      vertex 16.24386290252016 29.22598160050404 1.1999999999999993
      vertex 16.12252142541195 29.243980908340248 8.5
    endloop
  endfacet
  facet normal -0.8577286100002687 -0.5141027441932274 0
    outer loop
      vertex 17.102401580435444 28.589245921032497 1.1999999999999993
      vertex 17.03933701537818 28.694462791274503 8.5
      vertex 17.03933701537818 28.694462791274503 1.1999999999999993
    endloop
  endfacet
  facet normal -0.8032075314806512 -0.595699304492425 0
    outer loop
      vertex 17.03933701537818 28.694462791274503 1.1999999999999993
      vertex 16.966263066703423 28.792991605204556 8.5
      vertex 16.966263066703423 28.792991605204556 1.1999999999999993
    endloop
  endfacet
  facet normal -0.4275550934302885 -0.9039892931234402 0
    outer loop
      vertex 16.589245921032497 29.102401580435444 1.1999999999999993
      vertex 16.478354290456362 29.15484941563911 8.5
      vertex 16.478354290456362 29.15484941563911 1.1999999999999993
    endloop
  endfacet
  facet normal -0.595699304492425 -0.8032075314806512 0
    outer loop
      vertex 16.792991605204556 28.966263066703423 1.1999999999999993
      vertex 16.694462791274503 29.03933701537818 8.5
      vertex 16.694462791274503 29.03933701537818 1.1999999999999993
    endloop
  endfacet
  facet normal -0.5141027441932274 -0.8577286100002687 0
    outer loop
      vertex 16.694462791274503 29.03933701537818 1.1999999999999993
      vertex 16.589245921032497 29.102401580435444 8.5
      vertex 16.589245921032497 29.102401580435444 1.1999999999999993
    endloop
  endfacet
  facet normal -0.6715589548470204 -0.7409511253549573 0
    outer loop
      vertex 16.883883476483184 28.883883476483184 1.1999999999999993
      vertex 16.792991605204556 28.966263066703423 8.5
      vertex 16.792991605204556 28.966263066703423 1.1999999999999993
    endloop
  endfacet
  facet normal -0.7409511253549573 -0.6715589548470204 0
    outer loop
      vertex 16.966263066703423 28.792991605204556 1.1999999999999993
      vertex 16.883883476483184 28.883883476483184 8.5
      vertex 16.883883476483184 28.883883476483184 1.1999999999999993
    endloop
  endfacet
  facet normal -0.8577286100002687 0.5141027441932274 0
    outer loop
      vertex 17.03933701537818 27.305537208725497 1.1999999999999993
      vertex 17.102401580435444 27.410754078967503 8.5
      vertex 17.102401580435444 27.410754078967503 1.1999999999999993
    endloop
  endfacet
  facet normal -0.9039892931234402 0.4275550934302885 0
    outer loop
      vertex 17.102401580435444 27.410754078967503 1.1999999999999993
      vertex 17.15484941563911 27.521645709543638 8.5
      vertex 17.15484941563911 27.521645709543638 1.1999999999999993
    endloop
  endfacet
  facet normal -0.9415440651830287 0.3368898533921982 0
    outer loop
      vertex 17.15484941563911 27.521645709543638 1.1999999999999993
      vertex 17.19617541966526 27.637144153431922 8.5
      vertex 17.19617541966526 27.637144153431922 1.1999999999999993
    endloop
  endfacet
  facet normal -0.9700312531945395 0.24298017990328158 0
    outer loop
      vertex 17.19617541966526 27.637144153431922 1.1999999999999993
      vertex 17.22598160050404 27.75613709747984 8.5
      vertex 17.22598160050404 27.75613709747984 1.1999999999999993
    endloop
  endfacet
  facet normal -0.9891765099647793 0.14673047445537296 0
    outer loop
      vertex 17.22598160050404 27.75613709747984 1.1999999999999993
      vertex 17.243980908340248 27.87747857458805 8.5
      vertex 17.243980908340248 27.87747857458805 1.1999999999999993
    endloop
  endfacet
  facet normal -0.9987954562051731 0.049067674327402985 0
    outer loop
      vertex 17.243980908340248 27.87747857458805 1.1999999999999993
      vertex 17.25 28 8.5
      vertex 17.25 28 1.1999999999999993
    endloop
  endfacet
  facet normal -0.9700312531945395 -0.24298017990328158 0
    outer loop
      vertex 17.22598160050404 28.24386290252016 1.1999999999999993
      vertex 17.19617541966526 28.362855846568078 8.5
      vertex 17.19617541966526 28.362855846568078 1.1999999999999993
    endloop
  endfacet
  facet normal -0.9415440651830287 -0.3368898533921982 0
    outer loop
      vertex 17.19617541966526 28.362855846568078 1.1999999999999993
      vertex 17.15484941563911 28.478354290456362 8.5
      vertex 17.15484941563911 28.478354290456362 1.1999999999999993
    endloop
  endfacet
  facet normal -0.9987954562051731 -0.049067674327402985 0
    outer loop
      vertex 17.25 28 1.1999999999999993
      vertex 17.243980908340248 28.12252142541195 8.5
      vertex 17.243980908340248 28.12252142541195 1.1999999999999993
    endloop
  endfacet
  facet normal -0.9891765099647793 -0.14673047445537296 0
    outer loop
      vertex 17.243980908340248 28.12252142541195 1.1999999999999993
      vertex 17.22598160050404 28.24386290252016 8.5
      vertex 17.22598160050404 28.24386290252016 1.1999999999999993
    endloop
  endfacet
  facet normal -0.9039892931234402 -0.4275550934302885 0
    outer loop
      vertex 17.15484941563911 28.478354290456362 1.1999999999999993
      vertex 17.102401580435444 28.589245921032497 8.5
      vertex 17.102401580435444 28.589245921032497 1.1999999999999993
    endloop
  endfacet
  facet normal 0.8032075314806372 0.5956993044924437 0
    outer loop
      vertex 14.960662984621818 27.305537208725497 1.1999999999999993
      vertex 14.960662984621818 27.305537208725497 8.5
      vertex 15.033736933296579 27.207008394795444 8.5
    endloop
  endfacet
  facet normal 0.7409511253549645 0.6715589548470124 0
    outer loop
      vertex 15.033736933296579 27.207008394795444 1.1999999999999993
      vertex 15.033736933296579 27.207008394795444 8.5
      vertex 15.116116523516816 27.116116523516816 8.5
    endloop
  endfacet
  facet normal 0.9891765099647815 0.14673047445535878 0
    outer loop
      vertex 14.756019091659754 27.87747857458805 1.1999999999999993
      vertex 14.756019091659754 27.87747857458805 8.5
      vertex 14.774018399495962 27.75613709747984 8.5
    endloop
  endfacet
  facet normal 0.9987954562051725 0.04906767432741743 0
    outer loop
      vertex 14.75 28 1.1999999999999993
      vertex 14.75 28 8.5
      vertex 14.756019091659754 27.87747857458805 8.5
    endloop
  endfacet
  facet normal 0.8577286100002751 0.5141027441932167 0
    outer loop
      vertex 14.897598419564556 27.410754078967503 1.1999999999999993
      vertex 14.897598419564556 27.410754078967503 8.5
      vertex 14.960662984621818 27.305537208725497 8.5
    endloop
  endfacet
  facet normal 0.9415440651830239 0.33688985339221095 0
    outer loop
      vertex 14.803824580334739 27.637144153431922 1.1999999999999993
      vertex 14.803824580334739 27.637144153431922 8.5
      vertex 14.84515058436089 27.521645709543638 8.5
    endloop
  endfacet
  facet normal 0.9039892931234402 0.4275550934302885 0
    outer loop
      vertex 14.84515058436089 27.521645709543638 1.1999999999999993
      vertex 14.84515058436089 27.521645709543638 8.5
      vertex 14.897598419564556 27.410754078967503 8.5
    endloop
  endfacet
  facet normal 0.970031253194543 0.24298017990326795 0
    outer loop
      vertex 14.774018399495962 27.75613709747984 1.1999999999999993
      vertex 14.774018399495962 27.75613709747984 8.5
      vertex 14.803824580334739 27.637144153431922 8.5
    endloop
  endfacet
  facet normal 0.5956993044924181 0.8032075314806562 0
    outer loop
      vertex 15.207008394795443 27.033736933296577 1.1999999999999993
      vertex 15.207008394795443 27.033736933296577 8.5
      vertex 15.305537208725497 26.96066298462182 8.5
    endloop
  endfacet
  facet normal 0.6715589548470277 0.7409511253549508 0
    outer loop
      vertex 15.116116523516816 27.116116523516816 1.1999999999999993
      vertex 15.116116523516816 27.116116523516816 8.5
      vertex 15.207008394795443 27.033736933296577 8.5
    endloop
  endfacet
  facet normal 0.5141027441932274 0.8577286100002687 0
    outer loop
      vertex 15.305537208725497 26.96066298462182 1.1999999999999993
      vertex 15.305537208725497 26.96066298462182 8.5
      vertex 15.410754078967503 26.897598419564556 8.5
    endloop
  endfacet
  facet normal 0.4275550934302885 0.9039892931234402 0
    outer loop
      vertex 15.410754078967503 26.897598419564556 1.1999999999999993
      vertex 15.410754078967503 26.897598419564556 8.5
      vertex 15.521645709543638 26.84515058436089 8.5
    endloop
  endfacet
  facet normal 0.3368898533921982 0.9415440651830287 0
    outer loop
      vertex 15.521645709543638 26.84515058436089 1.1999999999999993
      vertex 15.521645709543638 26.84515058436089 8.5
      vertex 15.637144153431922 26.80382458033474 8.5
    endloop
  endfacet
  facet normal 0.24298017990328158 0.9700312531945395 0
    outer loop
      vertex 15.637144153431922 26.80382458033474 1.1999999999999993
      vertex 15.637144153431922 26.80382458033474 8.5
      vertex 15.75613709747984 26.77401839949596 8.5
    endloop
  endfacet
  facet normal 0.9987954562051725 -0.04906767432741743 0
    outer loop
      vertex 14.756019091659754 28.12252142541195 1.1999999999999993
      vertex 14.756019091659754 28.12252142541195 8.5
      vertex 14.75 28 8.5
    endloop
  endfacet
  facet normal 0.9891765099647815 -0.14673047445535878 0
    outer loop
      vertex 14.774018399495962 28.24386290252016 1.1999999999999993
      vertex 14.774018399495962 28.24386290252016 8.5
      vertex 14.756019091659754 28.12252142541195 8.5
    endloop
  endfacet
  facet normal 0.970031253194543 -0.24298017990326795 0
    outer loop
      vertex 14.803824580334739 28.362855846568078 1.1999999999999993
      vertex 14.803824580334739 28.362855846568078 8.5
      vertex 14.774018399495962 28.24386290252016 8.5
    endloop
  endfacet
  facet normal 0.9415440651830239 -0.33688985339221095 0
    outer loop
      vertex 14.84515058436089 28.478354290456362 1.1999999999999993
      vertex 14.84515058436089 28.478354290456362 8.5
      vertex 14.803824580334739 28.362855846568078 8.5
    endloop
  endfacet
  facet normal 0.9039892931234402 -0.4275550934302885 0
    outer loop
      vertex 14.897598419564556 28.589245921032497 1.1999999999999993
      vertex 14.897598419564556 28.589245921032497 8.5
      vertex 14.84515058436089 28.478354290456362 8.5
    endloop
  endfacet
  facet normal 0.8577286100002751 -0.5141027441932167 0
    outer loop
      vertex 14.960662984621818 28.694462791274503 1.1999999999999993
      vertex 14.960662984621818 28.694462791274503 8.5
      vertex 14.897598419564556 28.589245921032497 8.5
    endloop
  endfacet
  facet normal 0.8032075314806372 -0.5956993044924437 0
    outer loop
      vertex 15.033736933296579 28.792991605204556 1.1999999999999993
      vertex 15.033736933296579 28.792991605204556 8.5
      vertex 14.960662984621818 28.694462791274503 8.5
    endloop
  endfacet
  facet normal 0.7409511253549645 -0.6715589548470124 0
    outer loop
      vertex 15.116116523516816 28.883883476483184 1.1999999999999993
      vertex 15.116116523516816 28.883883476483184 8.5
      vertex 15.033736933296579 28.792991605204556 8.5
    endloop
  endfacet
  facet normal 0.6715589548470277 -0.7409511253549508 0
    outer loop
      vertex 15.207008394795443 28.966263066703423 1.1999999999999993
      vertex 15.207008394795443 28.966263066703423 8.5
      vertex 15.116116523516816 28.883883476483184 8.5
    endloop
  endfacet
  facet normal 0.5956993044924181 -0.8032075314806562 0
    outer loop
      vertex 15.305537208725497 29.03933701537818 1.1999999999999993
      vertex 15.305537208725497 29.03933701537818 8.5
      vertex 15.207008394795443 28.966263066703423 8.5
    endloop
  endfacet
  facet normal 0.5141027441932274 -0.8577286100002687 0
    outer loop
      vertex 15.410754078967503 29.102401580435444 1.1999999999999993
      vertex 15.410754078967503 29.102401580435444 8.5
      vertex 15.305537208725497 29.03933701537818 8.5
    endloop
  endfacet
  facet normal 0.4275550934302885 -0.9039892931234402 0
    outer loop
      vertex 15.521645709543638 29.15484941563911 1.1999999999999993
      vertex 15.521645709543638 29.15484941563911 8.5
      vertex 15.410754078967503 29.102401580435444 8.5
    endloop
  endfacet
  facet normal 0.3368898533921982 -0.9415440651830287 0
    outer loop
      vertex 15.637144153431922 29.19617541966526 1.1999999999999993
      vertex 15.637144153431922 29.19617541966526 8.5
      vertex 15.521645709543638 29.15484941563911 8.5
    endloop
  endfacet
  facet normal 0.24298017990328158 -0.9700312531945395 0
    outer loop
      vertex 15.75613709747984 29.22598160050404 1.1999999999999993
      vertex 15.75613709747984 29.22598160050404 8.5
      vertex 15.637144153431922 29.19617541966526 8.5
    endloop
  endfacet
  facet normal 0.14673047445537296 0.9891765099647793 0
    outer loop
      vertex 15.75613709747984 26.77401839949596 1.1999999999999993
      vertex 15.75613709747984 26.77401839949596 8.5
      vertex 15.87747857458805 26.756019091659752 8.5
    endloop
  endfacet
  facet normal 0.049067674327402985 0.9987954562051731 0
    outer loop
      vertex 15.87747857458805 26.756019091659752 1.1999999999999993
      vertex 15.87747857458805 26.756019091659752 8.5
      vertex 16 26.75 8.5
    endloop
  endfacet
  facet normal -0.049067674327402985 0.9987954562051731 0
    outer loop
      vertex 16 26.75 1.1999999999999993
      vertex 16 26.75 8.5
      vertex 16.12252142541195 26.756019091659752 8.5
    endloop
  endfacet
  facet normal -0.14673047445537296 0.9891765099647793 0
    outer loop
      vertex 16.12252142541195 26.756019091659752 1.1999999999999993
      vertex 16.12252142541195 26.756019091659752 8.5
      vertex 16.24386290252016 26.77401839949596 8.5
    endloop
  endfacet
  facet normal -0.24298017990328158 0.9700312531945395 0
    outer loop
      vertex 16.24386290252016 26.77401839949596 1.1999999999999993
      vertex 16.24386290252016 26.77401839949596 8.5
      vertex 16.362855846568078 26.80382458033474 8.5
    endloop
  endfacet
  facet normal -0.3368898533921982 0.9415440651830287 0
    outer loop
      vertex 16.362855846568078 26.80382458033474 1.1999999999999993
      vertex 16.362855846568078 26.80382458033474 8.5
      vertex 16.478354290456362 26.84515058436089 8.5
    endloop
  endfacet
  facet normal -0.4275550934302885 0.9039892931234402 0
    outer loop
      vertex 16.478354290456362 26.84515058436089 1.1999999999999993
      vertex 16.478354290456362 26.84515058436089 8.5
      vertex 16.589245921032497 26.897598419564556 8.5
    endloop
  endfacet
  facet normal -0.5141027441932274 0.8577286100002687 0
    outer loop
      vertex 16.589245921032497 26.897598419564556 1.1999999999999993
      vertex 16.589245921032497 26.897598419564556 8.5
      vertex 16.694462791274503 26.96066298462182 8.5
    endloop
  endfacet
  facet normal -0.595699304492425 0.8032075314806512 0
    outer loop
      vertex 16.694462791274503 26.96066298462182 1.1999999999999993
      vertex 16.694462791274503 26.96066298462182 8.5
      vertex 16.792991605204556 27.033736933296577 8.5
    endloop
  endfacet
  facet normal -0.6715589548470204 0.7409511253549573 0
    outer loop
      vertex 16.792991605204556 27.033736933296577 1.1999999999999993
      vertex 16.792991605204556 27.033736933296577 8.5
      vertex 16.883883476483184 27.116116523516816 8.5
    endloop
  endfacet
  facet normal -0.7409511253549573 0.6715589548470204 0
    outer loop
      vertex 16.883883476483184 27.116116523516816 1.1999999999999993
      vertex 16.883883476483184 27.116116523516816 8.5
      vertex 16.966263066703423 27.207008394795444 8.5
    endloop
  endfacet
  facet normal -0.8032075314806512 0.595699304492425 0
    outer loop
      vertex 16.966263066703423 27.207008394795444 1.1999999999999993
      vertex 16.966263066703423 27.207008394795444 8.5
      vertex 17.03933701537818 27.305537208725497 8.5
    endloop
  endfacet
  facet normal -0.8577286100002687 0.5141027441932274 0
    outer loop
      vertex 17.03933701537818 27.305537208725497 1.1999999999999993
      vertex 17.03933701537818 27.305537208725497 8.5
      vertex 17.102401580435444 27.410754078967503 8.5
    endloop
  endfacet
  facet normal 0.14673047445537296 -0.9891765099647793 0
    outer loop
      vertex 15.87747857458805 29.243980908340248 1.1999999999999993
      vertex 15.87747857458805 29.243980908340248 8.5
      vertex 15.75613709747984 29.22598160050404 8.5
    endloop
  endfacet
  facet normal 0.049067674327402985 -0.9987954562051731 0
    outer loop
      vertex 16 29.25 1.1999999999999993
      vertex 16 29.25 8.5
      vertex 15.87747857458805 29.243980908340248 8.5
    endloop
  endfacet
  facet normal -0.14673047445537296 -0.9891765099647793 0
    outer loop
      vertex 16.24386290252016 29.22598160050404 1.1999999999999993
      vertex 16.24386290252016 29.22598160050404 8.5
      vertex 16.12252142541195 29.243980908340248 8.5
    endloop
  endfacet
  facet normal -0.24298017990328158 -0.9700312531945395 0
    outer loop
      vertex 16.362855846568078 29.19617541966526 1.1999999999999993
      vertex 16.362855846568078 29.19617541966526 8.5
      vertex 16.24386290252016 29.22598160050404 8.5
    endloop
  endfacet
  facet normal -0.049067674327402985 -0.9987954562051731 0
    outer loop
      vertex 16.12252142541195 29.243980908340248 1.1999999999999993
      vertex 16.12252142541195 29.243980908340248 8.5
      vertex 16 29.25 8.5
    endloop
  endfacet
  facet normal -0.7409511253549573 -0.6715589548470204 0
    outer loop
      vertex 16.966263066703423 28.792991605204556 1.1999999999999993
      vertex 16.966263066703423 28.792991605204556 8.5
      vertex 16.883883476483184 28.883883476483184 8.5
    endloop
  endfacet
  facet normal -0.8032075314806512 -0.595699304492425 0
    outer loop
      vertex 17.03933701537818 28.694462791274503 1.1999999999999993
      vertex 17.03933701537818 28.694462791274503 8.5
      vertex 16.966263066703423 28.792991605204556 8.5
    endloop
  endfacet
  facet normal -0.3368898533921982 -0.9415440651830287 0
    outer loop
      vertex 16.478354290456362 29.15484941563911 1.1999999999999993
      vertex 16.478354290456362 29.15484941563911 8.5
      vertex 16.362855846568078 29.19617541966526 8.5
    endloop
  endfacet
  facet normal -0.4275550934302885 -0.9039892931234402 0
    outer loop
      vertex 16.589245921032497 29.102401580435444 1.1999999999999993
      vertex 16.589245921032497 29.102401580435444 8.5
      vertex 16.478354290456362 29.15484941563911 8.5
    endloop
  endfacet
  facet normal -0.5141027441932274 -0.8577286100002687 0
    outer loop
      vertex 16.694462791274503 29.03933701537818 1.1999999999999993
      vertex 16.694462791274503 29.03933701537818 8.5
      vertex 16.589245921032497 29.102401580435444 8.5
    endloop
  endfacet
  facet normal -0.595699304492425 -0.8032075314806512 0
    outer loop
      vertex 16.792991605204556 28.966263066703423 1.1999999999999993
      vertex 16.792991605204556 28.966263066703423 8.5
      vertex 16.694462791274503 29.03933701537818 8.5
    endloop
  endfacet
  facet normal -0.6715589548470204 -0.7409511253549573 0
    outer loop
      vertex 16.883883476483184 28.883883476483184 1.1999999999999993
      vertex 16.883883476483184 28.883883476483184 8.5
      vertex 16.792991605204556 28.966263066703423 8.5
    endloop
  endfacet
  facet normal -0.9039892931234402 0.4275550934302885 0
    outer loop
      vertex 17.102401580435444 27.410754078967503 1.1999999999999993
      vertex 17.102401580435444 27.410754078967503 8.5
      vertex 17.15484941563911 27.521645709543638 8.5
    endloop
  endfacet
  facet normal -0.9415440651830287 0.3368898533921982 0
    outer loop
      vertex 17.15484941563911 27.521645709543638 1.1999999999999993
      vertex 17.15484941563911 27.521645709543638 8.5
      vertex 17.19617541966526 27.637144153431922 8.5
    endloop
  endfacet
  facet normal -0.9700312531945395 0.24298017990328158 0
    outer loop
      vertex 17.19617541966526 27.637144153431922 1.1999999999999993
      vertex 17.19617541966526 27.637144153431922 8.5
      vertex 17.22598160050404 27.75613709747984 8.5
    endloop
  endfacet
  facet normal -0.9891765099647793 0.14673047445537296 0
    outer loop
      vertex 17.22598160050404 27.75613709747984 1.1999999999999993
      vertex 17.22598160050404 27.75613709747984 8.5
      vertex 17.243980908340248 27.87747857458805 8.5
    endloop
  endfacet
  facet normal -0.9987954562051731 0.049067674327402985 0
    outer loop
      vertex 17.243980908340248 27.87747857458805 1.1999999999999993
      vertex 17.243980908340248 27.87747857458805 8.5
      vertex 17.25 28 8.5
    endloop
  endfacet
  facet normal -0.9987954562051731 -0.049067674327402985 0
    outer loop
      vertex 17.25 28 1.1999999999999993
      vertex 17.25 28 8.5
      vertex 17.243980908340248 28.12252142541195 8.5
    endloop
  endfacet
  facet normal -0.9700312531945395 -0.24298017990328158 0
    outer loop
      vertex 17.22598160050404 28.24386290252016 1.1999999999999993
      vertex 17.22598160050404 28.24386290252016 8.5
      vertex 17.19617541966526 28.362855846568078 8.5
    endloop
  endfacet
  facet normal -0.9415440651830287 -0.3368898533921982 0
    outer loop
      vertex 17.19617541966526 28.362855846568078 1.1999999999999993
      vertex 17.19617541966526 28.362855846568078 8.5
      vertex 17.15484941563911 28.478354290456362 8.5
    endloop
  endfacet
  facet normal -0.9891765099647793 -0.14673047445537296 0
    outer loop
      vertex 17.243980908340248 28.12252142541195 1.1999999999999993
      vertex 17.243980908340248 28.12252142541195 8.5
      vertex 17.22598160050404 28.24386290252016 8.5
    endloop
  endfacet
  facet normal -0.9039892931234402 -0.4275550934302885 0
    outer loop
      vertex 17.15484941563911 28.478354290456362 1.1999999999999993
      vertex 17.15484941563911 28.478354290456362 8.5
      vertex 17.102401580435444 28.589245921032497 8.5
    endloop
  endfacet
  facet normal -0.8577286100002687 -0.5141027441932274 0
    outer loop
      vertex 17.102401580435444 28.589245921032497 1.1999999999999993
      vertex 17.102401580435444 28.589245921032497 8.5
      vertex 17.03933701537818 28.694462791274503 8.5
    endloop
  endfacet
endsolid OpenSCAD_Model
